artist_name,song_name,comment_text,like_count,user_region,source_url,collected_at
1039乐队,交给时间斑驳,"""正因为我有能力跨越，这个考验才会降临。""",3608,河西_JT,https://music.163.com/#/song?id=3341926470,2026-08-31
1039乐队,交给时间斑驳,人这一辈子千万不要马虎两件事 一是找对爱人  二是找对事业 太阳升起时要投身事业 太阳落山时要与爱人相拥的 我们终其一生都在寻找两件事 一是价值感  二是归属感 价值感来源于肯定 归属感来源于被爱,3113,张叔儿,https://music.163.com/#/song?id=3341926470,2026-08-31
1039乐队,交给时间斑驳,“一个太过文艺的人，注定不会太快乐，心里有爱、有善良，骨子里住着孩子般的纯真，但也往往多愁善感，容易感知美好，也更容易体会悲伤，他喜欢文字，但往往也不善言辞，不是文字太少，而是感受很多。”,2251,TheFallenSoul,https://music.163.com/#/song?id=3341926470,2026-08-31
1039乐队,交给时间斑驳,以前总觉得赢了才叫厉害  后来才明白能主动退出消耗自己的局  才是强大不是所有仗都值得打不是所有问题都需要解决  高端的玩家是这一局我可以不玩   你的目标是穿过沼泽地而不是对付每一条鳄鱼   别让无关的人耽误你赶路的脚步记住  沉默成本不参与重大决策  顶级的自信就是你走哪条路哪条路就会开满花,1725,徐司令-,https://music.163.com/#/song?id=3341926470,2026-08-31
1039乐队,交给时间斑驳,恁咋不早说 咱俩某以后,1358,小考拉ovo,https://music.163.com/#/song?id=3341926470,2026-08-31
1039乐队,交给时间斑驳,最开始只是觉得旋律很好听，直到我在我在无尽播放中听到“我沉默的崩溃，又慌乱的自愈”，那些没被偏爱过吃过眼泪拌饭的死小孩们应该很有感触吧。,716,藏bass,https://music.163.com/#/song?id=3341926470,2026-08-31
1039乐队,交给时间斑驳,我沉默的崩溃 又慌乱的自愈。,643,我可以吻你麼,https://music.163.com/#/song?id=3341926470,2026-08-31
1039乐队,交给时间斑驳,我会搞砸一切 并坐在美丽的废墟上 休息一整天,583,-再睡7分钟,https://music.163.com/#/song?id=3341926470,2026-08-31
1039乐队,交给时间斑驳,“时间是横渡一切的造物。”,551,Fernweh-J,https://music.163.com/#/song?id=3341926470,2026-08-31
1039乐队,交给时间斑驳,都已经27了还想谈个纯爱找一个下班一起回家做做饭 吃完收拾下散散步到处逛逛偶尔打卡餐厅没事在家一起看看电影打游戏累了难受了喝点小酒互相诉苦空了一起旅旅游做喜欢做的事情我想我也是疯了,544,周末女孩,https://music.163.com/#/song?id=3341926470,2026-08-31
1039乐队,交给时间斑驳,日推里的惊喜[心动],482,毒死你的河豚素,https://music.163.com/#/song?id=3341926470,2026-08-31
1039乐队,交给时间斑驳,人就像一棵树 在流泪的同时 也在浇灌自己 等眼泪流完了 你也就长大了,481,track_7,https://music.163.com/#/song?id=3341926470,2026-08-31
1039乐队,交给时间斑驳,每段关系都有它的使命，不管带给我们是喜悦、痛苦还是成长，使命完成了，就谢幕了。 人生而孤独，没有人时刻陪着你，不管你的父母，子女还是伴侣，陪着你最多的是你自己。 判断任何关系的价值基础就看是滋养还是内耗，当滋养消退，内耗出现时，我们就该接纳，感恩，然后默默离开。,398,JKERIZE,https://music.163.com/#/song?id=3341926470,2026-08-31
1039乐队,交给时间斑驳,哈哈！,319,供销社乐队,https://music.163.com/#/song?id=3341926470,2026-08-31
1039乐队,交给时间斑驳,“人们靠分开的痛觉，来分辨爱意的深浅”,312,球球顶个球_,https://music.163.com/#/song?id=3341926470,2026-08-31
1039乐队,让思绪都随风吧,其实真正折磨你的， 从来都不是任何人的绝情， 而是你心存的幻想和期待。,2725,小析翊,https://music.163.com/#/song?id=3378747421,2026-08-31
1039乐队,让思绪都随风吧,有种歌手吃羊头很快的感觉,1337,谁家不起轩,https://music.163.com/#/song?id=3378747421,2026-08-31
1039乐队,让思绪都随风吧,停止視奸是幸福的開始,775,小析翊,https://music.163.com/#/song?id=3378747421,2026-08-31
1039乐队,让思绪都随风吧,本人[欣赏音乐][欣赏音乐][欣赏音乐]特别喜欢的一首作品。,501,供销社乐队,https://music.163.com/#/song?id=3378747421,2026-08-31
1039乐队,让思绪都随风吧,老子已经对那红色感叹号聊二年了,459,Zenilov3ganon,https://music.163.com/#/song?id=3378747421,2026-08-31
1039乐队,让思绪都随风吧,这个歌怎么那么像《遗憾贯穿人生始终》,349,杨壹,https://music.163.com/#/song?id=3378747421,2026-08-31
1039乐队,让思绪都随风吧,感觉这个乐队的好多个旋律都有些神似，听伴奏又总能莫名听出别的曲子的影子。这个乐队另外一首歌又被鉴了ai，明明是乐队主页却只有个人，让我对乐队的本质产生一丝怀疑，不过当然是个人见解吧,286,plzkllme,https://music.163.com/#/song?id=3378747421,2026-08-31
1039乐队,让思绪都随风吧,怎么感觉副歌第一句有点像告五人的“我想要占据你，占据你的美~”,222,Lee_yccc,https://music.163.com/#/song?id=3378747421,2026-08-31
1039乐队,让思绪都随风吧,"“真正折磨你的，从来不是任何人的绝情，而是你心存太多的幻想和期待。大多时候，你不是过不去生活的那道坎，是过不去你心灵的那一关.我们要学会接受，接受分道扬镳，接受世事无常，接受孤独挫败，接受突如其来的无力感.最后你会发现，你接受什么，什么就会消失；你对抗什么，什么就存在。""---《自渡》",180,宇文洛烟,https://music.163.com/#/song?id=3378747421,2026-08-31
1039乐队,让思绪都随风吧,这个乐队真的很多都很像，旋律像是一个差不多的模子换了一点，听了很多首都互相很像，而且乐曲结构也是差不多，前段方言，然后突然接普通话就有一个惊艳点，再高潮，回一段普通，之后重复副歌。,141,小生我撒网渔石头,https://music.163.com/#/song?id=3378747421,2026-08-31
1039乐队,让思绪都随风吧,的确很难对腐烂的花释怀，还有爱过的人。之前，学校旁边一条路的都是美丽的樱花，开得非常灿烂，过了几天它长出了叶子，可是花却开始渐渐腐烂了那时候的状态就是非常的让人伤心难过。因为一棵树上既有绿的部分，还不是很多，又有棕色的腐烂的部分，还有一点点还没腐烂掉的白色和粉色。看到就想哭。,138,Kastner寒鸦,https://music.163.com/#/song?id=3378747421,2026-08-31
1039乐队,让思绪都随风吧,是吗，那就奖励你再听一百遍吧[举手],107,边缘Margin,https://music.163.com/#/song?id=3378747421,2026-08-31
1039乐队,让思绪都随风吧,论人无聊起来时候的创造力[偷笑] ☁️☁️🌞　　　☁　　　☁ 　　 ☁　✈　　 ☁　　🚁 　🏬🏨🏫🏢🏤🏥🏦🏪 👬🌲  /　🚶  l🚍　 \🌳 　🌳 /　🚘.  l 🏃  　 \🌴🐈 🌴   /　 🐢　l　🚔      \🌲 🌲 /🚖　　   l　　　    \🌳👭,106,寂雪莫苏,https://music.163.com/#/song?id=3378747421,2026-08-31
1039乐队,让思绪都随风吧,哎呦我不行了咋这么好笑哈哈哈哈哈哈哈哈哈哈,95,-半味,https://music.163.com/#/song?id=3378747421,2026-08-31
1039乐队,让思绪都随风吧,这歌一点也不拥簇 纯白的潦草,84,跌入冰川的狗,https://music.163.com/#/song?id=3378747421,2026-08-31
1039乐队,我听见了，你的痛苦成立,姑娘们我们不会完蛋的，因为我们压根没有蛋,4460,高启渔,https://music.163.com/#/song?id=3391179506,2026-08-31
1039乐队,我听见了，你的痛苦成立,读书的意义就是：当你向虚空抛出痛苦时，无数人类最聪明的大脑通过成千上万的书籍给出回应：我听见了，你的痛苦成立,893,阔落伏特加,https://music.163.com/#/song?id=3391179506,2026-08-31
1039乐队,我听见了，你的痛苦成立,三十岁 我会成为一名独立勇敢坚韧的女性,824,小鱼籽听歌中,https://music.163.com/#/song?id=3391179506,2026-08-31
1039乐队,我听见了，你的痛苦成立,其实这是一首唱给自己的歌。能听见你痛苦的，只有你自己；能理解你的孤独的，只有你自己；能全部接纳你的，只有你自己。所以，让我们对自己说，没关系，我来爱你。,744,南极远不远,https://music.163.com/#/song?id=3391179506,2026-08-31
1039乐队,我听见了，你的痛苦成立,人们传颂勇气，而我可不可以爱你哭泣的心,472,我的故事被风吹散_,https://music.163.com/#/song?id=3391179506,2026-08-31
1039乐队,我听见了，你的痛苦成立,一定要相信，身边总会有一些人与你感同身受，会一直与你同在。,421,供销社乐队,https://music.163.com/#/song?id=3391179506,2026-08-31
1039乐队,我听见了，你的痛苦成立,我喜欢这句话！有种野草般的生命力，渺小却和大地相连,331,小猫和落雪,https://music.163.com/#/song?id=3391179506,2026-08-31
1039乐队,我听见了，你的痛苦成立,我喜欢这首歌的歌名。作为一个道德观念很高且马上奔三的狮子座infj 来说，比低头认输更可怕的是有人能接住我的情绪，看到并承托起我的痛苦。百人百面，我在让你看到我脆弱的时候我不一定是脆弱的，但是不敢想如果有人接住我的情绪，愿意欣赏我的长篇大论，告诉我我的没意义都是意义的时候我一定是坦诚的,323,你还在等天亮吗,https://music.163.com/#/song?id=3391179506,2026-08-31
1039乐队,我听见了，你的痛苦成立,“我接纳了你的全部 全部有意义。 我永远不会忘记 没关系我来爱你。”  真正打动人的不是‘我来爱你’，而是‘我听见了你’。  请遵循时代的潮流，看清爱你的本质。 就像ラフ老师对我说的“エン君，要做一个эгоизм（利己者）” 不要把他人的爱想象成绝对无条件的救赎，而要看见其中真实的人性。,214,闫子桢,https://music.163.com/#/song?id=3391179506,2026-08-31
1039乐队,我听见了，你的痛苦成立,我一定要考上中国政法大学!,196,瑶也会幸福吗,https://music.163.com/#/song?id=3391179506,2026-08-31
1039乐队,我听见了，你的痛苦成立,其实，不用别人看见，也不用别人听见，痛苦就是痛苦，痛苦不会因为被赞颂开出花来，自己痛了，就是自己的痛苦，不要活在别人的标准里，请你，也请我自己，用自己的眼睛看自己。[加油呀],115,21摄氏度辣椒油,https://music.163.com/#/song?id=3391179506,2026-08-31
1039乐队,我听见了，你的痛苦成立,管他ai不ai，反正在这个阶段我觉得好听就完事了[认可],95,乔乔不是鹤,https://music.163.com/#/song?id=3391179506,2026-08-31
1039乐队,我听见了，你的痛苦成立,那书籍的意义就是 你的痛苦千千万万前人经历过，并且给出了他们思考后的答案，你也终将思考出属于自己的答案。,90,坐观雾起,https://music.163.com/#/song?id=3391179506,2026-08-31
1039乐队,我听见了，你的痛苦成立,“珍惜你的低谷期，你会看到很多真相，时间能渡的都是愿意自渡的人。没有谁的人生一帆风顺。低谷期的苦难，就是为了积蓄力量，哪怕是裂缝里透出的光也要牢牢抓住，然后生出向死而生的勇气。”,89,墨栩yu,https://music.163.com/#/song?id=3391179506,2026-08-31
1039乐队,我听见了，你的痛苦成立,回避型的理想爱人之歌？,72,言覃大龍,https://music.163.com/#/song?id=3391179506,2026-08-31
AMORPHIS,Day Of Your Beliefs,天下足球让我们听到了不少好音乐。。,1037,账号已注销,https://music.163.com/#/song?id=3882640,2026-08-31
AMORPHIS,Day Of Your Beliefs,想起了当年冒险岛蓝蜗牛拿扎昆的那个视频[流泪][流泪][流泪] 当时我还是个菜鸟，看着特激动,668,许篱童鞋,https://music.163.com/#/song?id=3882640,2026-08-31
AMORPHIS,Day Of Your Beliefs,当时光的列车缓缓驶过酋长球场，32岁的亨利就在那里，深情的目光望过去都是自己22岁的样子，当岁月含泪悄悄转身，37岁的亨利就在那里，深情的目光望过去，试图回到原点，那个出发的站台，记起自己背起行囊时，那十七岁的样子。,545,强风吹拂的库里,https://music.163.com/#/song?id=3882640,2026-08-31
AMORPHIS,Day Of Your Beliefs,本曲是芬兰金属乐队Amorphis一首很有民族特色的小调（金属乐队的小调可真是小啊），歌曲开头的轻慢和中间的激昂形成鲜明的对比，它还曾是《天下足球》的片尾曲，你信仰的每一天！早安好音乐,414,旋转的房子80,https://music.163.com/#/song?id=3882640,2026-08-31
AMORPHIS,Day Of Your Beliefs,我习惯在喜欢的音乐下面写点东西，那样我就可以在重新打开的时候看到好多同样喜欢的人的赞，好让我知道自己并不孤独。,238,山高路远我是谁,https://music.163.com/#/song?id=3882640,2026-08-31
AMORPHIS,Day Of Your Beliefs,40岁的亨利站在老特拉福德，满眼都是马夏尔的影子,194,鼓童,https://music.163.com/#/song?id=3882640,2026-08-31
AMORPHIS,Day Of Your Beliefs,精忠报国的感觉~~,162,Grav1ty,https://music.163.com/#/song?id=3882640,2026-08-31
AMORPHIS,Day Of Your Beliefs,至今仍认为这是《天下足球》最好的结束曲。,143,Williamaster,https://music.163.com/#/song?id=3882640,2026-08-31
AMORPHIS,Day Of Your Beliefs,封面是条内裤吗,90,爱上八月_,https://music.163.com/#/song?id=3882640,2026-08-31
AMORPHIS,Day Of Your Beliefs,天下足球，顾名思义是一档优秀的音乐类节目,84,PonyBunny,https://music.163.com/#/song?id=3882640,2026-08-31
AMORPHIS,Day Of Your Beliefs,今晚天下足球报到。,77,凌动风云,https://music.163.com/#/song?id=3882640,2026-08-31
AMORPHIS,Day Of Your Beliefs,懂球帝！利兹联加油！支持疯子贝尔萨！,36,权力以赴_勇往直前,https://music.163.com/#/song?id=3882640,2026-08-31
AMORPHIS,Day Of Your Beliefs,冒险岛打扎视频来的举个手！！！[奸笑],30,徐珉彦,https://music.163.com/#/song?id=3882640,2026-08-31
AMORPHIS,Day Of Your Beliefs,天下足球过来的右上角[色],19,永远的K神,https://music.163.com/#/song?id=3882640,2026-08-31
AMORPHIS,Day Of Your Beliefs,喜欢、关注足球的全是硬核，受不了民谣的JJYY,19,海狸的蛀牙,https://music.163.com/#/song?id=3882640,2026-08-31
AMORPHIS,Silent Waters,出自芬兰史诗卡勒瓦拉的情节：勇士莱敏克亚能为了娶北方的美丽少女，按照少女母亲的要求去捕捉冥河上的天鹅。但他在河边遭到一个对他不满的牧牛人暗算，被杀死投进冥河，又被河边的邪神将尸体砍成了碎块。他的母亲在家看到梳子渗出血来，应了灾难发誓的预兆，随后她开始四处寻找儿子。,271,Tuonella的企鹅,https://music.163.com/#/song?id=16471924,2026-08-31
AMORPHIS,Silent Waters,（续）她四处询问，只有太阳告诉了她儿子的下落。她走到冥河边祈祷众神，得到了一柄最伟大的铁匠打造的耙子，把儿子的身体一块块打捞起来。这就是这首歌的内容了。实在是很沉重啊,228,Tuonella的企鹅,https://music.163.com/#/song?id=16471924,2026-08-31
AMORPHIS,Silent Waters,北欧版黄河捞尸记(ﾟДﾟ)ﾉ,137,PsyCho疯,https://music.163.com/#/song?id=16471924,2026-08-31
AMORPHIS,Silent Waters,为紫烟疯狂打call ₍₍ (ง ˙ω˙)ว ⁾⁾ ​,44,鼹鼠饼干,https://music.163.com/#/song?id=16471924,2026-08-31
AMORPHIS,Silent Waters,(๑• . •๑),24,夏左佐,https://music.163.com/#/song?id=16471924,2026-08-31
AMORPHIS,Silent Waters,金属🐶不需要女朋友，金属就是吾爱。,17,丷壹喵,https://music.163.com/#/song?id=16471924,2026-08-31
AMORPHIS,Silent Waters,NO.276,15,復不劫萬,https://music.163.com/#/song?id=16471924,2026-08-31
AMORPHIS,Silent Waters,百首经典带你探索芬兰金属宇宙,14,冬日挽歌悲怆之泪VapaudenValo,https://music.163.com/#/song?id=16471924,2026-08-31
AMORPHIS,Silent Waters,柔柔软软，轻轻一吹，飘上☁端   补[爱心],11,YTsuki,https://music.163.com/#/song?id=16471924,2026-08-31
AMORPHIS,Silent Waters,“公无渡河，公竟渡河！渡河而死，其奈公何！”,10,Krabapple,https://music.163.com/#/song?id=16471924,2026-08-31
AMORPHIS,Silent Waters,来了来了,10,猛猛故人的幻想,https://music.163.com/#/song?id=16471924,2026-08-31
AMORPHIS,From the Heaven of My Heart,翻译的比较仓促，有什么不周到的地方希望大家能原谅！！！共同欣赏共同学习共同进步୧ʘ̆ںʘ̆୨,119,尔冬予安,https://music.163.com/#/song?id=16471752,2026-08-31
AMORPHIS,From the Heaven of My Heart,听啥都像夜愿 听谁唱都像曼森 求你们放开点眼界吧,81,Shinodadadada,https://music.163.com/#/song?id=16471752,2026-08-31
AMORPHIS,From the Heaven of My Heart,伟大的前奏,59,niggerniggerni,https://music.163.com/#/song?id=16471752,2026-08-31
AMORPHIS,From the Heaven of My Heart,北欧的摇滚风格完全不同与北欧装修风格,28,laojiang0811,https://music.163.com/#/song?id=16471752,2026-08-31
AMORPHIS,From the Heaven of My Heart,话不能这么说,22,y2j787,https://music.163.com/#/song?id=16471752,2026-08-31
AMORPHIS,From the Heaven of My Heart,乐曲主题是《卡勒瓦拉》中的铁匠Ilmarinen打造三宝神磨。歌词中的“我”同样是史诗中的Ilmarinen。“my king”指的是Väinämöinen，因为Ilmarinen正是在他的要求下前往Pohjola用羊毛、谷颗和天鹅羽毛打造三宝（Sampo）。,16,轮丿回,https://music.163.com/#/song?id=16471752,2026-08-31
AMORPHIS,From the Heaven of My Heart,曼森给他们舔鞋都不够,12,胖胖胖小米粒,https://music.163.com/#/song?id=16471752,2026-08-31
AMORPHIS,From the Heaven of My Heart,傲慢与偏见？,10,霹头四,https://music.163.com/#/song?id=16471752,2026-08-31
Alvvays,Dreams Tonite,"听到这首歌回想起年少时曾梦想长大后有一天，两个人，一辆车，海岸边，夕阳下。而如今现实是，一条狗，一电脑，宿舍里。🙂🙂",2302,左丘青鱼y,https://music.163.com/#/song?id=493631448,2026-08-31
Alvvays,Dreams Tonite,小城有热闹的小吃街 有充满回忆的角落 有你爱过那个人的被慌张地洒满一地的记忆   你可以记得哪个街角有你最爱吃的东西 你可以知道哪家小店让你最喜欢  你会遇到你爱也爱你的人   故事人人都有,1609,倜諾,https://music.163.com/#/song?id=493631448,2026-08-31
Alvvays,Dreams Tonite,就今天  最后再想你一次 喝醉了小河边唱着歌 永远爱你是我说过,840,Krakau,https://music.163.com/#/song?id=493631448,2026-08-31
Alvvays,Dreams Tonite,好羡慕能出国读书的你们，好羡慕拥有爱情的你们……没关系，就算我这一辈子都在这个小城市度过，就算永远找不到我爱的那个人，至少我还能在评论里看看你们讲故事，我告诉自己，都没关系…,680,慕宇_2413,https://music.163.com/#/song?id=493631448,2026-08-31
Alvvays,Dreams Tonite,这就是我喜欢网易云的原因，真的超有文采的[流泪],444,奥利弗-_奎恩,https://music.163.com/#/song?id=493631448,2026-08-31
Alvvays,Dreams Tonite,发现乐队的名字很有趣“Alvvay”两个vv就像一个w     我想他们是想表达自己对音乐的态度吧，会Always的[憨笑],433,世界对流的两极,https://music.163.com/#/song?id=493631448,2026-08-31
Alvvays,Dreams Tonite,保持终日惶惶，不再为烂事耽搁一秒。[钟情],302,Lesilencedelamer_,https://music.163.com/#/song?id=493631448,2026-08-31
Alvvays,Dreams Tonite,屏幕前的姑娘，愿你贪吃不胖，愿你懒惰不丑，愿你的深情不被辜负，愿你的余生都有人陪[爱心],276,喵同学呀,https://music.163.com/#/song?id=493631448,2026-08-31
Alvvays,Dreams Tonite,现在才明白为什么人越长大越孤单，越来越怀念小时候只是为了见到班上同学和吃到好吃的零食去上学的时光了,239,亲爱的小猫mi,https://music.163.com/#/song?id=493631448,2026-08-31
Alvvays,Dreams Tonite,Heart Signal 2 偶然听到就感觉很轻松啊,216,hw2lichoo,https://music.163.com/#/song?id=493631448,2026-08-31
Alvvays,Dreams Tonite,跑男茶马古道篇来的[多多大笑],141,踩到一个柠檬脚好酸_,https://music.163.com/#/song?id=493631448,2026-08-31
Alvvays,Dreams Tonite,看彭酱酱而来的[可爱],116,一牙西瓜-_,https://music.163.com/#/song?id=493631448,2026-08-31
Alvvays,Dreams Tonite,感情是个很害羞的东西 它藏在眼睛里呼吸里 和每句“你在干嘛”里 ​​​,110,Siempreconmigox,https://music.163.com/#/song?id=493631448,2026-08-31
Alvvays,Dreams Tonite,我今天高考的时候脑子里想的歌,82,詹小便宜,https://music.163.com/#/song?id=493631448,2026-08-31
Alvvays,Dreams Tonite,“你在池塘里活得很好，泥鳅很丑但会说喜庆话，癞蛤蟆马虎但很有趣，田螺是个温柔的自闭症，小鲫鱼是你们共同的女神。有一天你听说，江河湖海，哪个都要更大，更好。你跳了出去，遇到了美丽的海豚，雄壮的白鲸，婀娜多姿的热带鱼，的确都是好的。就是偶尔，觉得世界很空，生活很咸。”,70,LongForgottenFlower,https://music.163.com/#/song?id=493631448,2026-08-31
Alvvays,"Archie, Marry Me",乍一看封面以为朝鲜大合唱,256,这个号没人了,https://music.163.com/#/song?id=28383854,2026-08-31
Alvvays,"Archie, Marry Me",滚石本世纪100首最伟大歌曲 第98,204,udidntsee,https://music.163.com/#/song?id=28383854,2026-08-31
Alvvays,"Archie, Marry Me",小噪的吉他 lo-fi清新主唱女indie pop 有一点像best coast,149,墨_夏至,https://music.163.com/#/song?id=28383854,2026-08-31
Alvvays,"Archie, Marry Me",有一天我要写一个剧本，片尾曲是这首，男女主人公跑向世界尽头。,108,账号已注销,https://music.163.com/#/song?id=28383854,2026-08-31
Alvvays,"Archie, Marry Me",Alvvays是一支加拿大独立流行乐队，成立于2011年。 它由Molly Rankin（主唱和吉他），Kerri MacLellan（键盘），Alec O'Hanley（吉他），Brian Murphy（贝司）和Sheridan Riley（鼓）组成。 其中Molly Rankin可以在网易云里搜到她的专辑SHE。,85,CANweFIXit,https://music.163.com/#/song?id=28383854,2026-08-31
Alvvays,"Archie, Marry Me",曾经也想做一个嬉皮士谈着不负责任的恋爱，突然有天想结婚了，就去sign some papers，开着自己的小艇穿着婚纱去嫁给电台海盗。。。,71,CaearWasMurdered,https://music.163.com/#/song?id=28383854,2026-08-31
Alvvays,"Archie, Marry Me",我也想遇到一个对婚礼仪式持蔑视态度的人,57,Sonic_Mel,https://music.163.com/#/song?id=28383854,2026-08-31
Alvvays,"Archie, Marry Me",希望有一天能唱这首歌向一个可爱的男孩子求婚哈哈,37,红烧梨,https://music.163.com/#/song?id=28383854,2026-08-31
Alvvays,"Archie, Marry Me",Alvvays（发音同always），加拿大独立流行乐团，2011年成立于安大略省多伦多。,22,吴宽荣,https://music.163.com/#/song?id=28383854,2026-08-31
Alvvays,"Archie, Marry Me",我去查证了一下，他说的是真的，只不过原榜单是“至今为止”，他可能忘记带上了这四个字了[大哭],17,Wesleey_,https://music.163.com/#/song?id=28383854,2026-08-31
Alvvays,"Archie, Marry Me",你忘了这首歌了吗,16,eilsolitudy_2,https://music.163.com/#/song?id=28383854,2026-08-31
Alvvays,"Archie, Marry Me",为什么好多老歌突然收费[生气],16,jon_imitchell,https://music.163.com/#/song?id=28383854,2026-08-31
Alvvays,"Archie, Marry Me",什么时候人类才能把结婚这个词本来所代表的美好含义还给它呢,14,Jumpoint,https://music.163.com/#/song?id=28383854,2026-08-31
Alvvays,"Archie, Marry Me",吸血鬼日记第六季第20集 jo在酒吧问Elena关于damon隐性求婚的事,14,badtomato,https://music.163.com/#/song?id=28383854,2026-08-31
Alvvays,"Archie, Marry Me",很喜欢这首歌的女声……我该怎么描述呢，像晴日的野生动物园里，你隔着厚厚的车窗望到的一道目的地明确的疾风,13,泥融蛋包饭,https://music.163.com/#/song?id=28383854,2026-08-31
Alvvays,Ones Who Love You,只有我一人觉得封面好多炸鸡吗,1249,NarakuDevil,https://music.163.com/#/song?id=28383855,2026-08-31
Alvvays,Ones Who Love You,难以想象，从本科听到研究生。,989,卡普辛大街十四号,https://music.163.com/#/song?id=28383855,2026-08-31
Alvvays,Ones Who Love You,永远做错误的决定，比如离开你，比如浪费人生，比如活下去。,723,玛丽锁链不同意,https://music.163.com/#/song?id=28383855,2026-08-31
Alvvays,Ones Who Love You,“被人告白觉得都是玩笑，被人喜爱觉得爱不持久，跟刚认识的朋友多说几句话怕别人嫌我烦，跟喜欢的人面前觉得自己不好看，基本上我除了打牌时喜欢乱叫地主以外，都活得克制严谨小心翼翼，敏感多心，也该孤独。”,649,umav,https://music.163.com/#/song?id=28383855,2026-08-31
Alvvays,Ones Who Love You,这歌词太经典，可惜翻译不太给力。头两句上来就错了，leave with不是离开，是留给，从爱你的人那里索取，留给那些不爱你的人。这歌词里桩桩件件是错事，也是我们昨天今天明天都在做的事。,163,zfn_,https://music.163.com/#/song?id=28383855,2026-08-31
Alvvays,Ones Who Love You,Alvvays是一支加拿大独立流行乐队，成立于2011年。 它由Molly Rankin（主唱和吉他），Kerri MacLellan（键盘），Alec O'Hanley（吉他），Brian Murphy（贝司）和Sheridan Riley（鼓）组成。 其中Molly Rankin可以在网易云里搜到她的专辑SHE。,144,CANweFIXit,https://music.163.com/#/song?id=28383855,2026-08-31
Alvvays,Ones Who Love You,我连地主都不敢乱叫 这人生太苦了,89,echoAmen,https://music.163.com/#/song?id=28383855,2026-08-31
Alvvays,Ones Who Love You,我失策了！声音真的和Wolf Alice好像！！ 副歌部分让我联想起了Don‘t Delate The Kisses！完全相似！你们也一定会喜欢上那首的！！,53,悻李来翎,https://music.163.com/#/song?id=28383855,2026-08-31
Alvvays,Ones Who Love You,有无搞错吖，今早都可以听完整版，宜家要设vip先有得听，心情更加唔好了,43,费费vivien,https://music.163.com/#/song?id=28383855,2026-08-31
Alvvays,Ones Who Love You,除了活下去你说的都对,42,海和地的流淌,https://music.163.com/#/song?id=28383855,2026-08-31
Alvvays,Ones Who Love You,从大专听到上班,36,小饼628,https://music.163.com/#/song?id=28383855,2026-08-31
Alvvays,Ones Who Love You,我也想从本科听到研究生,25,周末咸鱼,https://music.163.com/#/song?id=28383855,2026-08-31
Alvvays,Ones Who Love You,喜欢这首歌的推荐大家去听blonde redhead的《silently》,19,HybriTed,https://music.163.com/#/song?id=28383855,2026-08-31
Alvvays,Ones Who Love You,这么好听[爱心]可以想象,15,st佳奥一世,https://music.163.com/#/song?id=28383855,2026-08-31
Alvvays,Ones Who Love You,我这么好的女孩 怎么没有别的好女孩跟我谈恋爱,15,账号已注销,https://music.163.com/#/song?id=28383855,2026-08-31
BTS防弹少年团 世界,FAKE LOVE (Japanese ver.),fake love在这里是救赎，可不是什么虚假的爱什么emo曲啊[多多捂脸],14810,Bear-Love3,https://music.163.com/#/song?id=1853710701,2026-08-31
BTS防弹少年团 世界,FAKE LOVE (Japanese ver.),《FAKE LOVE》和《全球高考》没有任何关系，这是BTS告诉粉丝要爱自己的一首歌，是BTS在濒临解散时写下的歌，是救赎与希望，对粉丝和BTS都有着很大意义,6338,用户NONONO_,https://music.163.com/#/song?id=1853710701,2026-08-31
BTS防弹少年团 世界,FAKE LOVE (Japanese ver.),你要唱久一点 再久一点 让那些没能力独自赴约的粉丝慢慢长大 让那些忙于工作的粉丝因为稳定的生活变得闲暇 让那些没有钱买到前排看你们的粉丝再奋斗几年 你们要唱久一点 等我长大,5717,yo_universe9,https://music.163.com/#/song?id=1853710701,2026-08-31
BTS防弹少年团 世界,FAKE LOVE (Japanese ver.),家人们这首歌是防弹写给粉丝的不是什么emo曲是防弹想让粉丝love yourselve[拜][拜][拜][拜],4916,西街朴智旻-,https://music.163.com/#/song?id=1853710701,2026-08-31
BTS防弹少年团 世界,FAKE LOVE (Japanese ver.),金！泰！亨！太！绝！了！,4909,尼古拉六,https://music.163.com/#/song?id=1853710701,2026-08-31
BTS防弹少年团 世界,FAKE LOVE (Japanese ver.),这首歌的创作背景，是18年初团体差点面临解散，成员们抱着伤心又珍惜的心情写下这首fake love，虽然是虚假的爱，但更是救赎。有的粉丝话说重了，路人也理解一下，毕竟这首歌对粉丝来说真的太有深意。听众带着自己的解读可以，但是请不要按头这首歌本身就是你们理解的意思，这个确实不太尊重歌手和粉丝,4714,饮水珍珠,https://music.163.com/#/song?id=1853710701,2026-08-31
BTS防弹少年团 世界,FAKE LOVE (Japanese ver.),救命 不是全球高考的同人曲谢谢🙏🏻,3639,Decemberly_1230,https://music.163.com/#/song?id=1853710701,2026-08-31
BTS防弹少年团 世界,FAKE LOVE (Japanese ver.),关于防弹的相关舆论，中国驻韩国大使馆已经澄清了，如果你是故意来踩的，我再怎么解释你也不会听，但如果友友们是来听歌的，悄悄告诉你们：如果你想听酷的，mic drop，idol，on和ugh 包你满意，如果你想听治愈的，be全专和春日 质量超高，如果你想听有魅丽的：血汗泪  可爱的：面包超人 等,2628,神奇海螺蛳,https://music.163.com/#/song?id=1853710701,2026-08-31
BTS防弹少年团 世界,FAKE LOVE (Japanese ver.),讲真的 的确第一次听 并没有听出什么emo的感觉 反倒给我一种那种在绝望中被救了得到希望的感觉 的确很好听,2433,_____于是,https://music.163.com/#/song?id=1853710701,2026-08-31
BTS防弹少年团 世界,FAKE LOVE (Japanese ver.),为什么每首歌都要扯上你们失败的恋爱,1628,k1210ii,https://music.163.com/#/song?id=1853710701,2026-08-31
BTS防弹少年团 世界,FAKE LOVE (Japanese ver.),第一次听防弹的歌 真不错,1567,池惠廷,https://music.163.com/#/song?id=1853710701,2026-08-31
BTS防弹少年团 世界,FAKE LOVE (Japanese ver.),在这个fake love的时代要记得love yourself,1535,祈浪漫与忍,https://music.163.com/#/song?id=1853710701,2026-08-31
BTS防弹少年团 世界,FAKE LOVE (Japanese ver.),资本注没注过水我不知道  但防弹住过的地下室确实注过水,1516,庄陀佛,https://music.163.com/#/song?id=1853710701,2026-08-31
BTS防弹少年团 世界,FAKE LOVE (Japanese ver.),不要因为别人都在交卷自己就乱写答案,1504,好运n-,https://music.163.com/#/song?id=1853710701,2026-08-31
BTS防弹少年团 世界,FAKE LOVE (Japanese ver.),咱就是说  免费的歌下面真的有好多没读过书的人,1394,露露露_E5vz,https://music.163.com/#/song?id=1853710701,2026-08-31
BTS防弹少年团 世界,I NEED U(Japanese Ver.),日语虽然奇怪但是我可以消化 不是方文山版男子汉就好[大哭],5597,roxyzxx,https://music.163.com/#/song?id=39224196,2026-08-31
BTS防弹少年团 世界,I NEED U(Japanese Ver.),我觉得INU出了中文版我还是有勇气听[大哭][大哭],3530,光咕咕autumn,https://music.163.com/#/song?id=39224196,2026-08-31
BTS防弹少年团 世界,I NEED U(Japanese Ver.),我这个人开始对你产生意义了吗[云比心],3488,冷猫主,https://music.163.com/#/song?id=39224196,2026-08-31
BTS防弹少年团 世界,I NEED U(Japanese Ver.),反正听不懂就是正义！！！i need u永远都那么好听！！！,2900,Awejamoo,https://music.163.com/#/song?id=39224196,2026-08-31
BTS防弹少年团 世界,I NEED U(Japanese Ver.),我服了 这首歌的伴奏 真的好听炸了,2196,账号已注销,https://music.163.com/#/song?id=39224196,2026-08-31
BTS防弹少年团 世界,I NEED U(Japanese Ver.),以前没有VIP，只能听这首歌 现在有了VIP，只能听这首歌,1788,炸裂_Wyeb,https://music.163.com/#/song?id=39224196,2026-08-31
BTS防弹少年团 世界,I NEED U(Japanese Ver.),拉蒙的rap 我当了杀马特[大哭],1585,Chiminie,https://music.163.com/#/song?id=39224196,2026-08-31
BTS防弹少年团 世界,I NEED U(Japanese Ver.),中文版出了以是无法超越的一道坎 我弹中文版男子汉可谓是创造新高 反正男子汉中文版我在天天听 inu出了中文版 我也敢听,1191,听廷廷的-,https://music.163.com/#/song?id=39224196,2026-08-31
BTS防弹少年团 世界,I NEED U(Japanese Ver.),这可比超牙白好多了[大哭]求中文版！男子汉听太多都有免疫力了[奸笑],1090,araigumakunQ,https://music.163.com/#/song?id=39224196,2026-08-31
BTS防弹少年团 世界,I NEED U(Japanese Ver.),伪前排→_→这歌日文mv才是重点╭(°A°`)╮金泰亨不要太sexy……,692,十玧,https://music.163.com/#/song?id=39224196,2026-08-31
BTS防弹少年团 世界,I NEED U(Japanese Ver.),INU什么版本都好听哭[憨笑],659,Strawberry_Tae,https://music.163.com/#/song?id=39224196,2026-08-31
BTS防弹少年团 世界,I NEED U(Japanese Ver.),我真的很难过 到头来还是吸花样年华的血,465,wetoV,https://music.163.com/#/song?id=39224196,2026-08-31
BTS防弹少年团 世界,I NEED U(Japanese Ver.),怎么这日语听着像韩语……,456,再品争先逐进之苦,https://music.163.com/#/song?id=39224196,2026-08-31
BTS防弹少年团 世界,I NEED U(Japanese Ver.),韩语的版本又不见了[多多大哭],371,Humplee_,https://music.163.com/#/song?id=39224196,2026-08-31
BTS防弹少年团 世界,I NEED U(Japanese Ver.),由于韩语版现在被某小混蛋设置要付费才能收听，所以我来了5551555,342,达拉嘣吧_,https://music.163.com/#/song?id=39224196,2026-08-31
BTS防弹少年团 世界,血、汗、涙 (Japanese ver.),朴智旻:掐死那皮蛋。    田柾国:这是螃蟹。,11024,桃野星川,https://music.163.com/#/song?id=477458044,2026-08-31
BTS防弹少年团 世界,血、汗、涙 (Japanese ver.),"防弹少年团收到美国Billboard Awards正式邀请,成为首支被邀请的K-pop组合.他们被提名'Top social artist'防弹少年团表示:""能和世界级的明星们聚在一起,像是做梦一样,感谢ARMY"".世界弹请继续大发",9823,发条葵,https://music.163.com/#/song?id=477458044,2026-08-31
BTS防弹少年团 世界,血、汗、涙 (Japanese ver.),日语的血汗泪有种不同的味道，更古欠，总之防弹的所有日翻我都觉得没有违和感 难道是因为我太爱了吗[奸笑]，期待wuli防弹越来越有魅力。强大的防弹保护者阿米，阿米也将陪伴更强大的防弹,6986,林氏阿介,https://music.163.com/#/song?id=477458044,2026-08-31
BTS防弹少年团 世界,血、汗、涙 (Japanese ver.),日文版听完感觉要叫香槟塔了,4529,黧狸,https://music.163.com/#/song?id=477458044,2026-08-31
BTS防弹少年团 世界,血、汗、涙 (Japanese ver.),如果可以 我只是想请求时间流转得慢一些 四季也不要再分明 让冬天的雪包裹着江河湖川 让夏天的风炙烤着山霖流岚 愿这一切对这几个男孩温柔对待 管他流血流汗还是流泪 防弹的男人绝不认输 （男饭想和果果一起守望先锋）,3905,果果Devotion,https://music.163.com/#/song?id=477458044,2026-08-31
BTS防弹少年团 世界,血、汗、涙 (Japanese ver.),我个从不听日文歌的人硬是被防弹带的听的上瘾[大哭]我个从不饭团体的人硬是被防弹带的成了蛇精病天天饭饭花痴[大哭]我个从不会因为网络他人言论而生气的人硬是被防弹带的成“热血志气”青年[大哭]我个从不为明星花钱的人硬是被带的专辑音源买买买[大哭]简单总结一句:防弹此团有毒[大哭],3879,V泰亨啊V,https://music.163.com/#/song?id=477458044,2026-08-31
BTS防弹少年团 世界,血、汗、涙 (Japanese ver.),想听中文版，就不怕方文山叫你们去喝茶？,3719,我坐在九份的咖啡店,https://music.163.com/#/song?id=477458044,2026-08-31
BTS防弹少年团 世界,血、汗、涙 (Japanese ver.),当了五年的VIP  现在是新米 “血汗泪”入的坑 补完b站所有综艺 七个人七个性格 真的是越了解越会喜欢的团体 感觉未来防弹会越来越大势啊[奸笑],1997,NewFoundLand-,https://music.163.com/#/song?id=477458044,2026-08-31
BTS防弹少年团 世界,血、汗、涙 (Japanese ver.),我听韩文版血汗泪，脑海中就是七个少年性感的舞蹈，我听日版血汗泪，脑海中就是mv每一个绚烂缤纷却又诡异的场景,1587,Natalie_FoLy,https://music.163.com/#/song?id=477458044,2026-08-31
BTS防弹少年团 世界,血、汗、涙 (Japanese ver.),血汗泪的英文是blood tear sweat   BTS名字的来源正是因为这个 暗示着他们今天所获得的成就是通过血汗泪而得到的,1486,m_marvellous,https://music.163.com/#/song?id=477458044,2026-08-31
BTS防弹少年团 世界,血、汗、涙 (Japanese ver.),大家看见不好的言论也没必要回了，时间浪费在劝说一个有固有偏见的人身上太过浪费，防弹已经有能参加BBMAs的资格了，成绩是客观的，再怎么不接受也是他们个人的事。阿米们的时间挺宝贵的，投票油管听歌学习，做个向上的人，别和他们一样活的阴暗龌龊。,1338,莫扎特听了想刷牙,https://music.163.com/#/song?id=477458044,2026-08-31
BTS防弹少年团 世界,血、汗、涙 (Japanese ver.),我等着网易云悄悄的拿下韩语版的版权,1076,chhhhhww,https://music.163.com/#/song?id=477458044,2026-08-31
BTS防弹少年团 世界,血、汗、涙 (Japanese ver.),日语的血汗泪这三个字有种莫名性感,1033,用户8437349494397643186,https://music.163.com/#/song?id=477458044,2026-08-31
BTS防弹少年团 世界,血、汗、涙 (Japanese ver.),全曲下来跟原版的违和感不是很大，不过果果的部分跟原版居然有很大的差别！原版气音？比较重，日版里正泰part果果的声线莫名透彻？明亮？是因为日语本身比较苏的发音么，赞美我果！不论是果果还是胖蛋，每首歌带来的感觉是让人越听越惊艳，越来越入坑，顺便mv中厚比好帅啊！,705,我都爱听0-0,https://music.163.com/#/song?id=477458044,2026-08-31
BTS防弹少年团 世界,血、汗、涙 (Japanese ver.),资本注没注过水我不知道  但防弹住过的地下室确实注过水,698,爱唠嗑的理科学渣,https://music.163.com/#/song?id=477458044,2026-08-31
Beast in Black,From Hell with Love,明明是19年的歌，但是这个风格真有年代感[开心],299,月光下的公爵,https://music.163.com/#/song?id=1330569716,2026-08-31
Beast in Black,From Hell with Love,副歌后边那一嗓子“鳌拜——”吓得我赶紧看了眼歌词,199,板烧春卷,https://music.163.com/#/song?id=1330569716,2026-08-31
Beast in Black,From Hell with Love,80年代是现在活着的人类的永恒经典之年代，再没有哪个年代如此美妙甜美、意浓情长。。,125,godfatherjin,https://music.163.com/#/song?id=1330569716,2026-08-31
Beast in Black,From Hell with Love,感觉像是街机游戏厅里游戏机的音乐啊,112,永远赵日天,https://music.163.com/#/song?id=1330569716,2026-08-31
Beast in Black,From Hell with Love,这么有年代感的歌居然是2019的,67,fI0vv3R弓米弓H0Rse必死不,https://music.163.com/#/song?id=1330569716,2026-08-31
Beast in Black,From Hell with Love,这个乐队成立的时间不长，曲子却有一种时代的厚重感,55,欧陆节拍搬运工,https://music.163.com/#/song?id=1330569716,2026-08-31
Beast in Black,From Hell with Love,鳌拜！！,38,満头大汗,https://music.163.com/#/song?id=1330569716,2026-08-31
Beast in Black,From Hell with Love,19 年，点进来之前我还以为是 89 年的,32,北海那么远,https://music.163.com/#/song?id=1330569716,2026-08-31
Beast in Black,From Hell with Love,笑裂了,10,凫鯉,https://music.163.com/#/song?id=1330569716,2026-08-31
Beast in Black,Power Of The Beast,这曲子是怎么做到又日又德又北欧的,902,此间对酒_,https://music.163.com/#/song?id=2162726552,2026-08-31
Beast in Black,Power Of The Beast,这个前奏给我的感觉就是头文字D,623,电猫丶丶,https://music.163.com/#/song?id=2162726552,2026-08-31
Beast in Black,Power Of The Beast,因为日德被殴。。。二战冷笑话，啊哈哈（尬笑）,377,云裳慕雨,https://music.163.com/#/song?id=2162726552,2026-08-31
Beast in Black,Power Of The Beast,开头bgm让我以为在看头文字d，一开口又以为在听夜愿。。。。,259,屈亲只猫爪,https://music.163.com/#/song?id=2162726552,2026-08-31
Beast in Black,Power Of The Beast,芬兰这片极昼极夜的土地，真的是要么抑郁至死，要么奋力燃烧。力量金属真是好东西。,190,一山人土土一,https://music.163.com/#/song?id=2162726552,2026-08-31
Beast in Black,Power Of The Beast,你的编曲很日式，但是唱法又很欧洲，你究竟是什么乐队？！,126,凌依华霄,https://music.163.com/#/song?id=2162726552,2026-08-31
Beast in Black,Power Of The Beast,《咱们小动物有力量》,117,混沌力学,https://music.163.com/#/song?id=2162726552,2026-08-31
Beast in Black,Power Of The Beast,前奏头文字D，开口变夜愿,87,TyLinBlock,https://music.163.com/#/song?id=2162726552,2026-08-31
Beast in Black,Power Of The Beast,东北的土地上也是这样，因为寒冬漫漫，所以人们就用花布留住春夏的绚烂色彩。 力量金属就是芬兰人面对冬天的“大花袄”。,63,NightknightZH,https://music.163.com/#/song?id=2162726552,2026-08-31
Beast in Black,Power Of The Beast,好浓的头文字味,62,有十个肝,https://music.163.com/#/song?id=2162726552,2026-08-31
Beast in Black,Power Of The Beast,还有哪首是欧陆舞曲跟力量金属结合的吗,45,_堕_天_使_,https://music.163.com/#/song?id=2162726552,2026-08-31
Beast in Black,Power Of The Beast,有种白毛领队把整个车队卖给了境外公司遭到车队头号车手成天开着重型铁块肌肉车寻仇的美,39,Dderek,https://music.163.com/#/song?id=2162726552,2026-08-31
Beast in Black,Power Of The Beast,前奏确实日系[男孩],32,用户不存在_,https://music.163.com/#/song?id=2162726552,2026-08-31
Beast in Black,Power Of The Beast,识曲前：应该是类似头文字d的飙车金属金曲 识曲后：啊？这么劲，日系欧系金属混合！[怒][怒][怒][怒],30,Onolucky,https://music.163.com/#/song?id=2162726552,2026-08-31
Beast in Black,Power Of The Beast,Anton Kabanen评论道：这些年来，我一直在吸收所谓的“超级欧洲节拍（Super EroBeat）”，它对音乐的影响很大，我认为将这首歌描述为“超级欧洲野兽（ Super Eurobeast）”是合理的，当然这是开玩笑的！这是第一次，但我们向你保证，这绝对不会是最后一次,26,Wong-葱娃,https://music.163.com/#/song?id=2162726552,2026-08-31
Beast in Black,Ghost in the Rain,我爱此歌一万年！！！,83,YTsuki,https://music.163.com/#/song?id=527979508,2026-08-31
Beast in Black,Ghost in the Rain,渣翻过了，大家凑合看吧[幽灵],47,虚舟泛梦,https://music.163.com/#/song?id=527979508,2026-08-31
Beast in Black,Ghost in the Rain,为什么你们都那么可爱(๑• . •๑),27,夏左佐,https://music.163.com/#/song?id=527979508,2026-08-31
Beast in Black,Ghost in the Rain,"6⃣️ By the river I walk and wander on I'm a warrior on a journey home Will you show me the way to you once more Always yours, ghost in the rain",20,000000-000-0,https://music.163.com/#/song?id=527979508,2026-08-31
Beast in Black,Ghost in the Rain,半个月了，终于过了,19,火焰喵燐,https://music.163.com/#/song?id=527979508,2026-08-31
Beast in Black,Ghost in the Rain,"7⃣️ By the river I walk and wander on I'm a warrior dreaming of lost love Will you open the door to me once more Always yours, ghost in the rain  In the rain  Like a ghost in the rain I call your name",17,000000-000-0,https://music.163.com/#/song?id=527979508,2026-08-31
Beast in Black,Ghost in the Rain,关上前100的大门,16,YellowJun233,https://music.163.com/#/song?id=527979508,2026-08-31
Beast in Black,Ghost in the Rain,一路点赞上来，开心,16,美狄亚与美杜莎,https://music.163.com/#/song?id=527979508,2026-08-31
Beast in Black,Ghost in the Rain,(๑• . •๑),14,夏左佐,https://music.163.com/#/song?id=527979508,2026-08-31
Beast in Black,Ghost in the Rain,撒花！这首真的好听,13,000000-000-0,https://music.163.com/#/song?id=527979508,2026-08-31
Beast in Black,Ghost in the Rain,再次感谢！激动之心无以言表  😘,12,YTsuki,https://music.163.com/#/song?id=527979508,2026-08-31
Beast in Black,Ghost in the Rain,力金此生挚爱[色][色][色] 这个旋律太美了。加上这个solo。。。 真就一路点赞点下来[大哭],11,力金猫猞猁_转战Spo,https://music.163.com/#/song?id=527979508,2026-08-31
Beast in Black,Ghost in the Rain,重刷 好听,11,Schneller_Als_Der_Tod,https://music.163.com/#/song?id=527979508,2026-08-31
Beast in Black,Ghost in the Rain,卧槽好听～,10,5chwe1gen,https://music.163.com/#/song?id=527979508,2026-08-31
"Black Country, New Road",The Place Where He Inserted the Blade,我给美国朋友推荐《杀死那个石家庄人》，他给我推荐了这首歌。相互分享优质的音乐是一个很好的连接。,1139,JamieJ_,https://music.163.com/#/song?id=1916367110,2026-08-31
"Black Country, New Road",The Place Where He Inserted the Blade,没有人不会在听到good morning那句时老泪纵横[流感],833,我是淺草小子後生的狗,https://music.163.com/#/song?id=1916367110,2026-08-31
"Black Country, New Road",The Place Where He Inserted the Blade,说来奇怪这是我第一次听这首歌 却好像已经听过了上千遍并感受到了在第一千零一遍时不可避免的灵魂战栗。,550,鳳凰飛建舞社社長,https://music.163.com/#/song?id=1916367110,2026-08-31
"Black Country, New Road",The Place Where He Inserted the Blade,"“尽管 Wood 的离开现在令人震惊，但它只是加速了一个不可避免的事实：大多数乐队最终都会崩溃，大多数20岁出头的人之间的关系也是如此。""",513,mmmmssssquall,https://music.163.com/#/song?id=1916367110,2026-08-31
"Black Country, New Road",The Place Where He Inserted the Blade,称得上回避依恋的国歌了，即使再推开，内心还是渴望抱紧的小朋友……,372,donotwannasay,https://music.163.com/#/song?id=1916367110,2026-08-31
"Black Country, New Road",The Place Where He Inserted the Blade,可能是由于弦乐的过分清响，issac的老驴拉磨式沙哑的吼唱让我听了无比动情。一句“good morning”像孩子要迟到了做不上家门口来接自己的校车的哭喊，上一个让我有同般反差感的是bob dylan和tom waits,364,公共聋哑是人们的准则,https://music.163.com/#/song?id=1916367110,2026-08-31
"Black Country, New Road",The Place Where He Inserted the Blade,我给美国朋友分享摇滚，他给我分享防弹少年团….,342,Escitalopramcure,https://music.163.com/#/song?id=1916367110,2026-08-31
"Black Country, New Road",The Place Where He Inserted the Blade,能在英伦摇滚沉寂了20年之后再遇到这么好的乐队，能在无数大师谢幕的时代遇到这颗新星，作为05后的我实在难以平静,302,斯德哥尔摩的鸽子-,https://music.163.com/#/song?id=1916367110,2026-08-31
"Black Country, New Road",The Place Where He Inserted the Blade,我对她说：“您多么可爱！” 心里却想：“我多么爱你！”,255,BleuElephant_,https://music.163.com/#/song?id=1916367110,2026-08-31
"Black Country, New Road",The Place Where He Inserted the Blade,"受Bob Dylan 20年单曲 ""I've Made Up My Mind to Give Myself to You""启发所作，并且在最初的版本中""I will try not to keep you too long""后还有一句""We'll promise these words won’t turn themselves into a song""",241,platonic_bromantic,https://music.163.com/#/song?id=1916367110,2026-08-31
"Black Country, New Road",The Place Where He Inserted the Blade,所以说 艺术是人类保存情感的唯一方式[流感],222,喝完奶茶上厕所,https://music.163.com/#/song?id=1916367110,2026-08-31
"Black Country, New Road",The Place Where He Inserted the Blade,钢琴，弦乐，管乐的结合完美，和弦很能调动听众情感，旋律优美，情感真挚，起伏跌宕，各段之间，乐器演奏与人声之间结合过渡丝滑。 如果不考虑水星记的烂大街属性的话，我愿称之为更长，更高级的洋水星记,188,赛琳娜-戈麦斯,https://music.163.com/#/song?id=1916367110,2026-08-31
"Black Country, New Road",The Place Where He Inserted the Blade,“Show me the fifth or the cadence you want me to play”这是一种对音乐和爱情的比喻，主人公想要知道女孩想要听什么样的音乐，也想要知道女孩想要什么样的爱情。第五度（fifth）和终止式（cadence）是音乐理论中的术语，分别指两个音程之间相差五个音级和一段旋律或乐章结束时的和弦进行。,188,Map1eaves,https://music.163.com/#/song?id=1916367110,2026-08-31
"Black Country, New Road",The Place Where He Inserted the Blade,昼夜如平均律般永恒地递变，但你不能假装没有事发生,139,thusaches,https://music.163.com/#/song?id=1916367110,2026-08-31
"Black Country, New Road",The Place Where He Inserted the Blade,如果世界上的情歌都能写成这样，我们就可以经历爱情所有可能的样子，理解角落里每一个悲伤的影子。,130,Brix,https://music.163.com/#/song?id=1916367110,2026-08-31
"Black Country, New Road",Nancy Tries to Take the Night,根据红迪上的解读，Nancy 讲的是一个意外怀孕的性工作者在绝望中自杀的故事[流感][流感],380,horseguy,https://music.163.com/#/song?id=2690019411,2026-08-31
"Black Country, New Road",Nancy Tries to Take the Night,看起来很确定的是，这是关于一个怀孕的女人，因为她不能照顾孩子而堕胎（钱不在那里）。她有可能自杀，但目前尚不清楚。   对于主角来说，这首歌本身似乎是令人难以置信的自嘲。很多内容看起来像是一种内部对话，读起来就像一个以错误来定义自己并感到无比内疚的人。但这种内疚只是社会对像她这样的人的看法的反映。   女性经常被批评为滥交或“粗鲁”，而男性则不然，当事情出错时，比如意外怀孕，责任就落在了女性身上。人们是否真的这样看待故事中的主角并不重要，重要的是她如何看待自己。   另一个细节是，对于单身母亲和怀孕的人来说，真的并不总是有足够的帮助。这可能会成为一种极其孤独和绝望的情况，也是人们堕胎的常见原因。在一个完美的世界里，这个理由是不存在的，但Nancy生活的世界远非完美，她可能会为这个现实责怪自己。   这是一首非常痛苦的歌曲，它对社会以及社会如何对待像主角这样的女性进行了相当黑暗的反思。,328,B1eader,https://music.163.com/#/song?id=2690019411,2026-08-31
"Black Country, New Road",Nancy Tries to Take the Night,这首歌好像跟青叶市子同台演出过，不过这前奏确实有青叶市子的味道,302,任性的山洞雕塑,https://music.163.com/#/song?id=2690019411,2026-08-31
"Black Country, New Road",Nancy Tries to Take the Night,去年有段时间郁期很严重每晚躺在床上循环这首，贴着枕头的一只耳朵听见心跳一下一下和鼓点旋律重叠、错开又重叠，淹没四肢皮肤意识，眼泪顺着太阳穴流进发际，就这么做一具搁浅的尸体。现在再听依然嗐🥲,250,帅鸽er,https://music.163.com/#/song?id=2690019411,2026-08-31
"Black Country, New Road",Nancy Tries to Take the Night,翻译有好大的的问题，很多翻译的内容都非常misleading，和歌词本身讲的内容两模两样…. 比如hair指的是南希的头发…..她的笑容被自己的头发盖住了…..还有run in the street like a whore that you are意思是你这个娼妓在街上奔跑，没有加“that you are”才只是“像个娼妓”,162,Imgravity,https://music.163.com/#/song?id=2690019411,2026-08-31
"Black Country, New Road",Nancy Tries to Take the Night,主观听歌，不喜欢就pass,118,Muffinmma,https://music.163.com/#/song?id=2690019411,2026-08-31
"Black Country, New Road",Nancy Tries to Take the Night,怎么把Charlie的鼓混得跟鼓机一样的呢我请问，祈求live版的帮助,115,大海荒芜而空寂,https://music.163.com/#/song?id=2690019411,2026-08-31
"Black Country, New Road",Nancy Tries to Take the Night,听了无数遍现场版音频，五分钟开始这一段改的太神（经）了。。。。。萨克斯和键盘缠绕在一起，编成一条规则的曲线在我的脑袋里撕开一条精致的裂缝。,108,fuegosfuego,https://music.163.com/#/song?id=2690019411,2026-08-31
"Black Country, New Road",Nancy Tries to Take the Night,女孩们对一切的共情和书写太令人动容,84,horseguy,https://music.163.com/#/song?id=2690019411,2026-08-31
"Black Country, New Road",Nancy Tries to Take the Night,那你得多听了，这首已经算流行性比较足的了,49,Ushio_kofune,https://music.163.com/#/song?id=2690019411,2026-08-31
"Black Country, New Road",Nancy Tries to Take the Night,我不行了 这么高质的评论下面都是什么人呀。-`д´-,47,齐枝-77,https://music.163.com/#/song?id=2690019411,2026-08-31
"Black Country, New Road",Nancy Tries to Take the Night,而这些种种都是父权社会造成的呢，我们的父辈选择的，你要怪谁呢,40,忧郁的嗜糖怪,https://music.163.com/#/song?id=2690019411,2026-08-31
"Black Country, New Road",Nancy Tries to Take the Night,对男性伤害大就是健康了？对男性系统性压迫的社会就是健康了？对男性极致工具化的社会就是健康了？,38,网易云音乐用户wjegeian373629,https://music.163.com/#/song?id=2690019411,2026-08-31
"Black Country, New Road",Nancy Tries to Take the Night,性丑闻对男性伤害更大就意味着对男性系统性压迫了？就意味着对男性极致工具化了？,35,弥留之国的奥利,https://music.163.com/#/song?id=2690019411,2026-08-31
"Black Country, New Road",Nancy Tries to Take the Night,希望有一天快乐重新降落到你掌心[抱抱]🍂,31,山鹧叨叨,https://music.163.com/#/song?id=2690019411,2026-08-31
"Black Country, New Road",For the Cold Country,听感上这首是最好的（虽然编曲思路还是略旧），个人认为bcnr的一个特长在叙事（尤其是章节式叙事），而且他们只有在曲服务于词时表现才会有特别大的优势。另一个特长是敢大胆玩节奏。其他几首这两点都不够好，平替非常多，不愿细评。,251,Thaumazein2,https://music.163.com/#/song?id=2690018996,2026-08-31
"Black Country, New Road",For the Cold Country,像一场盛大的歌剧，我很喜欢这样溪流一般的歌 时湍时缓 像铺满情绪的故事书,222,Luc芒果,https://music.163.com/#/song?id=2690018996,2026-08-31
"Black Country, New Road",For the Cold Country,BCNR的音乐就应该成为音乐剧,176,法考不失足,https://music.163.com/#/song?id=2690018996,2026-08-31
"Black Country, New Road",For the Cold Country,是我的错觉吗……感觉这首的专辑版的混音比之前发的单曲版本更有张力更接近在现场听到的？,168,利物浦的池子,https://music.163.com/#/song?id=2690018996,2026-08-31
"Black Country, New Road",For the Cold Country,暴雨里听着这个旋律真是太震撼了,116,柳克丽霞的蓝眼木偶,https://music.163.com/#/song?id=2690018996,2026-08-31
"Black Country, New Road",For the Cold Country,久久不能忘记的旋律……大雨中忽明忽灭的光，和神一样莅临在舞台上的乐手。,74,荒岛-yu,https://music.163.com/#/song?id=2690018996,2026-08-31
"Black Country, New Road",For the Cold Country,我错了不吃牛肉，其他歌也很好[流泪],70,宝哥的布鲁斯,https://music.163.com/#/song?id=2690018996,2026-08-31
"Black Country, New Road",For the Cold Country,淇的bgm！！！[爆笑][爆笑][爆笑],57,蓧原明理,https://music.163.com/#/song?id=2690018996,2026-08-31
"Black Country, New Road",For the Cold Country,雨中最爽的六分钟,48,k0_v,https://music.163.com/#/song?id=2690018996,2026-08-31
"Black Country, New Road",For the Cold Country,专辑里唯一一首好歌,47,宝哥的布鲁斯,https://music.163.com/#/song?id=2690018996,2026-08-31
"Black Country, New Road",For the Cold Country,这首歌现场太震撼了，掌声久久不能停息,46,想阿山,https://music.163.com/#/song?id=2690018996,2026-08-31
"Black Country, New Road",For the Cold Country,isaac在的时候这些和声一般是八分强力和弦扫弦 vocal在混音上会再靠后一点 歌词一句会写得更长然后尾音拖长 在副歌的时候会破音 整张专辑这首是最像的,43,通用型牧師,https://music.163.com/#/song?id=2690018996,2026-08-31
"Black Country, New Road",For the Cold Country,于狂风大雨之中听到the rain's coming down the wind's blowing high，激动得要昏了……,39,laerros,https://music.163.com/#/song?id=2690018996,2026-08-31
"Black Country, New Road",For the Cold Country,如果你专门来听这首曲子，翻看了评论区， 刚好看到我这条评论，那么你好陌生人，祝你今生平安喜乐吧，在这浩瀚宇宙中这一渺小的角落，我们相遇，我们听到同一旋律，我将爱你，如同爱地球和人类。 切记，爱，是包容，不是错[多多耍酷][多多耍酷][多多耍酷],37,Amazingyou-,https://music.163.com/#/song?id=2690018996,2026-08-31
"Black Country, New Road",For the Cold Country,感觉是fleabag里会出现的插曲,33,X-Pluto,https://music.163.com/#/song?id=2690018996,2026-08-31
Charles Berthoud,Slapocalypse,喜欢在贝斯歌曲底下刷贝斯笑话的小朋友们你们好呀，我是路过的贝斯手，你们要是在底下再乱贝斯笑话，我什么都做不了，因为我是路过的贝斯手,4622,SmallSkrua,https://music.163.com/#/song?id=2134596642,2026-08-31
Charles Berthoud,Slapocalypse,你的贝斯存在感比较低，但是你的贝斯solo又弥补了这一部分。,3608,路过的18岁少女,https://music.163.com/#/song?id=2134596642,2026-08-31
Charles Berthoud,Slapocalypse,“包里装的是吉他吗”“不是，是贝斯”“(⊙o⊙)哇，你好浪漫，还给它起名字”,2731,t0k3n,https://music.163.com/#/song?id=2134596642,2026-08-31
Charles Berthoud,Slapocalypse,下面是贝斯手的幻想时刻[吐舌],2218,憨德一,https://music.163.com/#/song?id=2134596642,2026-08-31
Charles Berthoud,Slapocalypse,贝斯手直接开始跳街舞了👎👍👎👍👇👎👍👇👇👎👍,1656,Yumillz,https://music.163.com/#/song?id=2134596642,2026-08-31
Charles Berthoud,Slapocalypse,贝斯手的第一桶金是卖掉自己的吉他,1559,水杯没有冰,https://music.163.com/#/song?id=2134596642,2026-08-31
Charles Berthoud,Slapocalypse,不会贝斯的人可能会觉得这个很厉害，而会贝斯的人，会觉得，这个厉害到没边了（）,1270,听笔轩子衿,https://music.163.com/#/song?id=2134596642,2026-08-31
Charles Berthoud,Slapocalypse,你对你的吉他真的爱得深沉欸，请问取贝斯这个名字是有什么含义吗,1226,青春查理会梦到电子阔剑吗,https://music.163.com/#/song?id=2134596642,2026-08-31
Charles Berthoud,Slapocalypse,不是躲在被窝里偷偷掉小珍珠然后第二天用贝斯弦吊死在玩梗小朋友家门口？,1168,Weaven_Pf6L,https://music.163.com/#/song?id=2134596642,2026-08-31
Charles Berthoud,Slapocalypse,贝斯手临终的幻想罢了,870,待兼诗歌剧单推人,https://music.163.com/#/song?id=2134596642,2026-08-31
Charles Berthoud,Slapocalypse,一大早被四弦吉他崩醒了，爽了😋,683,Zar_T,https://music.163.com/#/song?id=2134596642,2026-08-31
Charles Berthoud,Slapocalypse,这封面不会是ai合成的吧，全是吉他，唯一两把贝斯只有3根弦我绷不住了😨要是故意的那真的是贝斯笑话了😅👌,656,马铃鼠F,https://music.163.com/#/song?id=2134596642,2026-08-31
Charles Berthoud,Slapocalypse,小朋友是看不到贝斯手的,643,SmallSkrua,https://music.163.com/#/song?id=2134596642,2026-08-31
Charles Berthoud,Slapocalypse,笑点解析：暂无乐谱,615,影森瞒,https://music.163.com/#/song?id=2134596642,2026-08-31
Charles Berthoud,Slapocalypse,每逢佳节贝斯亲,500,Aideyn,https://music.163.com/#/song?id=2134596642,2026-08-31
Charles Berthoud,Elevated,下面是，贝斯手的幻想时间,1771,爱会再次将我们分开,https://music.163.com/#/song?id=2082871357,2026-08-31
Charles Berthoud,Elevated,你们好可爱，还给吉他取名字,1065,vaped,https://music.163.com/#/song?id=2082871357,2026-08-31
Charles Berthoud,Elevated,封面拍点啥不好，就老用ai，这下真成三弦了,1002,Akii千秋,https://music.163.com/#/song?id=2082871357,2026-08-31
Charles Berthoud,Elevated,Charles是“double tapping”bass双击低音贝司演奏技巧的大师之一。这种技巧类似于吉他手Wagaal使用的“指弹”技巧，可以使用同一乐器同时创建低音和旋律线。,609,芳菲草儿,https://music.163.com/#/song?id=2082871357,2026-08-31
Charles Berthoud,Elevated,他申请并被波士顿的著名音乐学院“伯克利音乐学院”录取，与一些世界上最好的音乐家一起学习。Charles 不会仅仅局限于一个音乐流派，他演奏的音乐涵盖了流行、摇滚、乡村、凯尔特、蓝草、放克和进步民间等各个领域。他的才华真正超越了任何一种音乐流派或演奏风格。,404,芳菲草儿,https://music.163.com/#/song?id=2082871357,2026-08-31
Charles Berthoud,Elevated,老子要找一车面包人弄你,355,香香卷卷菇,https://music.163.com/#/song?id=2082871357,2026-08-31
Charles Berthoud,Elevated,Charles是一位多才多艺的乐器演奏家，也是一位受过古典音乐训练的音乐家。他的古典钢琴技术并不逊于他的bass。他使用当代吉他技巧演奏令人惊叹的快速旋律，几乎佛拉明戈式的演奏bass。,200,芳菲草儿,https://music.163.com/#/song?id=2082871357,2026-08-31
Charles Berthoud,Elevated,这是低音吉他[大笑]是吧，被撕手们,188,rackm,https://music.163.com/#/song?id=2082871357,2026-08-31
Charles Berthoud,Elevated,贝斯手红温了[多多大哭][多多大哭][多多大哭],146,困倦的白谣,https://music.163.com/#/song?id=2082871357,2026-08-31
Charles Berthoud,Elevated,五个旋钮三根弦,118,无名字_No_name,https://music.163.com/#/song?id=2082871357,2026-08-31
Charles Berthoud,Elevated,贝斯听得最清楚的一集,118,张一坨666,https://music.163.com/#/song?id=2082871357,2026-08-31
Charles Berthoud,Elevated,这吉他音真低,78,小鸟嫁我,https://music.163.com/#/song?id=2082871357,2026-08-31
Charles Berthoud,Elevated,封面ai跑的吧,70,Ag十年铁粉,https://music.163.com/#/song?id=2082871357,2026-08-31
Charles Berthoud,Elevated,这吉他真好听,61,索雷神,https://music.163.com/#/song?id=2082871357,2026-08-31
Charles Berthoud,Elevated,我要召唤面包人了😡😡😡,52,Marsh-lyc,https://music.163.com/#/song?id=2082871357,2026-08-31
Charles Berthoud,The Last Ride (Single Version),一个贝斯手临终前的幻想:,924,搬养妹,https://music.163.com/#/song?id=2018319802,2026-08-31
Charles Berthoud,The Last Ride (Single Version),前面部分：尸体暖暖的，好像阳光洒在裹尸袋上 后面部分：尸体暖暖的，原来是燃起来了,688,高矮香臭神,https://music.163.com/#/song?id=2018319802,2026-08-31
Charles Berthoud,The Last Ride (Single Version),在去医院急诊的路上。难受的要死。给我放了这首歌，正觉得好听要点收藏。。结果一看歌名[心碎],441,海豹桑SealSama,https://music.163.com/#/song?id=2018319802,2026-08-31
Charles Berthoud,The Last Ride (Single Version),原来你是贝斯，把你收藏到吉他指弹里对不起[流感],388,子超兄你好圆,https://music.163.com/#/song?id=2018319802,2026-08-31
Charles Berthoud,The Last Ride (Single Version),不用纠结bass还是guitar了 这是贝吉塔,229,300路外环,https://music.163.com/#/song?id=2018319802,2026-08-31
Charles Berthoud,The Last Ride (Single Version),妙手回春啊大夫，听不见贝斯的病一下子好了,160,5eA-n,https://music.163.com/#/song?id=2018319802,2026-08-31
Charles Berthoud,The Last Ride (Single Version),这下真成四弦吉他了,142,超级无敌宇宙霹雳大王_boss,https://music.163.com/#/song?id=2018319802,2026-08-31
Charles Berthoud,The Last Ride (Single Version),原来是火葬了（,76,锌钶_02c_9,https://music.163.com/#/song?id=2018319802,2026-08-31
Charles Berthoud,The Last Ride (Single Version),是低音吉他🤓,64,Lunar_Coil,https://music.163.com/#/song?id=2018319802,2026-08-31
Charles Berthoud,The Last Ride (Single Version),心绪不宁的和弦撩拨…… 节奏急缓兼容渐进，拥挤胁迫、搏命追赶的仓促、旷野释然的淡定……听出无数种可能的幻化~[吐舌],64,清音纪_PhonicNotes,https://music.163.com/#/song?id=2018319802,2026-08-31
Charles Berthoud,The Last Ride (Single Version),是火化了,40,ARIS-TT,https://music.163.com/#/song?id=2018319802,2026-08-31
Charles Berthoud,The Last Ride (Single Version),贝斯笑话（2/1）,35,Asahi_R0kka,https://music.163.com/#/song?id=2018319802,2026-08-31
Charles Berthoud,The Last Ride (Single Version),“包里装的是吉他吗” “不是，是贝斯” “(⊙o⊙)哇，你好浪漫，还给它起名字”,33,Quod-Erat-Demonstrandum,https://music.163.com/#/song?id=2018319802,2026-08-31
Charles Berthoud,The Last Ride (Single Version),原来是贝斯吗，我还以为是吉他,28,LEjudge_,https://music.163.com/#/song?id=2018319802,2026-08-31
Charles Berthoud,The Last Ride (Single Version),最后的旅程[大哭],27,香菜味极鲜,https://music.163.com/#/song?id=2018319802,2026-08-31
Crispy脆乐团,相爱就是说了100次对不起,跟4年前听到告五人一样的感觉,19744,SEERD,https://music.163.com/#/song?id=1981999919,2026-08-31
Crispy脆乐团,相爱就是说了100次对不起,相爱应该是两个人一致对外，一起去搞定这个稀烂的世界，而不是在这个稀烂的世界里，互相搞乱对方的心态,17455,我开心比苦恼多_dokT,https://music.163.com/#/song?id=1981999919,2026-08-31
Crispy脆乐团,相爱就是说了100次对不起,断绝关系很容易的 难的是停止思念和不再回头,11181,yolo_or,https://music.163.com/#/song?id=1981999919,2026-08-31
Crispy脆乐团,相爱就是说了100次对不起,我很想被对得起 而不是对不起,9668,Sinll,https://music.163.com/#/song?id=1981999919,2026-08-31
Crispy脆乐团,相爱就是说了100次对不起,“一个很好的爱人 可以减轻一半的人间疾苦” 我一直奉信这句话,4308,Chabuduodele0,https://music.163.com/#/song?id=1981999919,2026-08-31
Crispy脆乐团,相爱就是说了100次对不起,其实早就不顺路了 是我非要看能走到哪一步,3589,浪漫是我天赋,https://music.163.com/#/song?id=1981999919,2026-08-31
Crispy脆乐团,相爱就是说了100次对不起,爱情的本质就是连绵不断的疼痛，唯一的解药就是，她也足够爱你。——安徒生,3540,网友小张儿,https://music.163.com/#/song?id=1981999919,2026-08-31
Crispy脆乐团,相爱就是说了100次对不起,你喜欢蝴蝶，你不能追，你得种花。,2994,只喝伏特加的猫,https://music.163.com/#/song?id=1981999919,2026-08-31
Crispy脆乐团,相爱就是说了100次对不起,謝謝大家的留言！〈相愛是說了100次對不起〉的MV今天也上線了！ 希望你們會喜歡！！  「愛是辛苦的，是需要說對不起的， 長大是痛的，是需要說沒關係的，  好險，還有彼此抓緊對方，  不管世界有多壞，it’s us against the world.」,2955,Crispy脆乐团,https://music.163.com/#/song?id=1981999919,2026-08-31
Crispy脆乐团,相爱就是说了100次对不起,好久沒來逛逛竟然5000個留言了！！！謝謝大家！！！！ 明天要在北京演出了，好期待唱給你們聽！  近期脆的演出： 8/4 20:00 旺来大排档 北京站 @福浪LIVEHOUSE w/ @莉莉周她說 8/6 20:00 旺来大排档 鄭州站 @7LIVEHOUSE_PLUS   w/ @莉莉周她說  8/12-8/13 西安春浪音樂節 and more..,2837,Crispy脆乐团,https://music.163.com/#/song?id=1981999919,2026-08-31
Crispy脆乐团,相爱就是说了100次对不起,耳机是最廉价的飞船 酒是最小的游乐场 音乐是幸福的原子弹 眼泪是最小的海,2525,萱萱萱Xx_,https://music.163.com/#/song?id=1981999919,2026-08-31
Crispy脆乐团,相爱就是说了100次对不起,湾湾乐队的男声都好温柔 女声像磨砂薄荷 没有大收大放的情绪 一种听起来很有教养的淡而有味,2433,乱搭巴士_,https://music.163.com/#/song?id=1981999919,2026-08-31
Crispy脆乐团,相爱就是说了100次对不起,“这个乱糟糟的世界还有人拿着花到处走”,2405,BK的椰汁不加糖,https://music.163.com/#/song?id=1981999919,2026-08-31
Crispy脆乐团,相爱就是说了100次对不起,希望下次谈恋爱时 我不是侦探 哲学家 心理学家 人质 发疯大小姐脾气 逃亡人 我的恋爱内容不是宫斗戏 推理片 恋爱对象是人而不是手机 最好是个正常人,2022,zyfzd_,https://music.163.com/#/song?id=1981999919,2026-08-31
Crispy脆乐团,相爱就是说了100次对不起,因为感觉不到爱 所以做了先逃跑的人,1981,darkssside,https://music.163.com/#/song?id=1981999919,2026-08-31
Crispy脆乐团,说得简单,在流氓叙事重新听到这首，真的会破防，本来就很喜欢这首呜呜呜,2882,但牡蛎带来了海,https://music.163.com/#/song?id=1981999927,2026-08-31
Crispy脆乐团,说得简单,你走了之後，我養了狗，以為這樣就可以真的忘記你。 當愛情終結的時候，一切說得很簡單， 為了你我變成了更好的自己，但你卻已經不在。  送給大家，愛裡從來沒有容易的事,2703,Crispy脆乐团,https://music.163.com/#/song?id=1981999927,2026-08-31
Crispy脆乐团,说得简单,听出想念的感觉 又不知道该想谁,2325,inYze,https://music.163.com/#/song?id=1981999927,2026-08-31
Crispy脆乐团,说得简单,见一面都难的人，居然还想着有以后,2289,Kel_24ly,https://music.163.com/#/song?id=1981999927,2026-08-31
Crispy脆乐团,说得简单,有人用戒指发起侵略主义，有人用戒指掀起自由革命。以撒用一枚戒指，解放了你。,1733,就是大瑶瑶,https://music.163.com/#/song?id=1981999927,2026-08-31
Crispy脆乐团,说得简单,要是记忆可以像聊天记录一样一键删除就好了,1244,懒懒是个神算子,https://music.163.com/#/song?id=1981999927,2026-08-31
Crispy脆乐团,说得简单,缪 你要相信 在你的视线之外 我一直都在,1186,给风-說晚安,https://music.163.com/#/song?id=1981999927,2026-08-31
Crispy脆乐团,说得简单,我其实是一只水母，没有脑子，装成人的模样社交，含水量百分百，遇到困难的时候只会狂喷眼泪然后干瘪掉。,998,氤氲满了,https://music.163.com/#/song?id=1981999927,2026-08-31
Crispy脆乐团,说得简单,“小黛   亲情不可以吗” “小黛   有爱就会归来” “小黛   你已经学会了爱人，这次你要学会爱自己”,939,Re_You-z,https://music.163.com/#/song?id=1981999927,2026-08-31
Crispy脆乐团,说得简单,希望大家在流氓叙事结束之后 对皮下放下滤镜 剧中人是剧中人 结束在剧本的结尾就好啦,811,Gpiean,https://music.163.com/#/song?id=1981999927,2026-08-31
Crispy脆乐团,说得简单,你的近况好像只允许最亲密的人知道,642,realme_015,https://music.163.com/#/song?id=1981999927,2026-08-31
Crispy脆乐团,说得简单,亲爱的走柳女士 我是你的缪，当你紧紧的拥抱我，我知道没有被这个世界抛弃，我～还有你。友情的光照亮未来的路。黑暗和苦难可以摧残身体，无法摧残自由意志，请让我陪你一起飞去只有幸福和爱的桃花源。,633,syuu1130,https://music.163.com/#/song?id=1981999927,2026-08-31
Crispy脆乐团,说得简单,《美国往事》里有一句台词：“当我对所有的事情都厌倦的时候，我就会想起你，想到你在世界的某个地方生活着，存在着，我就愿意忍受一切。你的存在，对我很重要。”,621,Luv7i,https://music.163.com/#/song?id=1981999927,2026-08-31
Crispy脆乐团,说得简单,囡囡，布雷诺冷不冷呀？有没有好好吃饭呀？不要总是忙工作，要注意身体。要照顾好自己，别太累了。听说布雷诺经常发生暴乱，你在医院要小心，让你哥哥多派几个人保护好你。要是不喜欢和伯纳德相处就不相处，别委屈自己。家里这边一切都好，妈妈再劝劝你父亲，看能不能取消和莱诺家族的联姻。我爱你囡囡,594,芬达正在看戏,https://music.163.com/#/song?id=1981999927,2026-08-31
Crispy脆乐团,说得简单,阿奇从来不是在水里泡发的烂木头 阿奇是小黛最珍贵的宝藏,582,Xixi17_,https://music.163.com/#/song?id=1981999927,2026-08-31
Crispy脆乐团,背上悲伤北上,背上悲伤北上，刘波刘海留疤,6882,吾先矛盾,https://music.163.com/#/song?id=1981999125,2026-08-31
Crispy脆乐团,背上悲伤北上,“你长大想当什么？” “小孩”,4209,不晚不晚X,https://music.163.com/#/song?id=1981999125,2026-08-31
Crispy脆乐团,背上悲伤北上,“突然想起小佳的淘汰发言：不要夸我坚强，这是每个人都应该具备的。”祝大家都不要遗失坚强的能力，这是你与生俱来的。,3840,不想上班的象,https://music.163.com/#/song?id=1981999125,2026-08-31
Crispy脆乐团,背上悲伤北上,“没有人小时候的梦想是考研考公”,3791,Pluto_xxx01,https://music.163.com/#/song?id=1981999125,2026-08-31
Crispy脆乐团,背上悲伤北上,台湾省的乐队质量都好高啊,2690,kelin_克林_,https://music.163.com/#/song?id=1981999125,2026-08-31
Crispy脆乐团,背上悲伤北上,謝謝大家的評論！這首歌現場唱起來都會激動的想哭，希望有一天可以唱給大家聽！ -- 離開熟悉的地方，嘗試愛著新的環境、新的生活、新的自己的辛苦。  所有的妥協與辛苦都是為了「你愛的人一切都好，那就好。」  雖然充滿了遺憾與挫折，但「不管靈魂變成什麼模樣，你還是你啊。」,2254,Crispy脆乐团,https://music.163.com/#/song?id=1981999125,2026-08-31
Crispy脆乐团,背上悲伤北上,很多人觉得风格和草东很相似，但是如果说草东是压抑了许久之后爆发出的强音，而脆更像柔软、慢回弹、一点一滴渗进骨血的悲哀与无可奈何的希望,1910,季游sin,https://music.163.com/#/song?id=1981999125,2026-08-31
Crispy脆乐团,背上悲伤北上,大家好我們是Crispy脆樂團！！ 謝謝大家喜歡〈揹上悲傷北上〉，好多留言都好感人！ 五月我們終於可以唱給你們聽了， 廣州、上海演出見啦！ 希望可以聽見大家一起唱！ #旺来大排档# 🟠5月26日 | 广州 @声音共和Live w/靈魂沙發、莉莉周她說 🟠5月28日 | 上海 @MAOLivehouse上海 w/莉莉周她說,1642,Crispy脆乐团,https://music.163.com/#/song?id=1981999125,2026-08-31
Crispy脆乐团,背上悲伤北上,我是一个很像纸团的人，看起来哪哪都是棱角，但其实圆圆的：搁哪都能站住，但是风一吹也能跑；看起来折皱挺多挺复杂的，但展开其实是白纸一张；可仔细看看那张白纸，上面又都是抚不平的折痕。,1530,阿斯顿黑猫,https://music.163.com/#/song?id=1981999125,2026-08-31
Crispy脆乐团,背上悲伤北上,不够真诚是危险的，太过真诚是致命的。—王尔德,1524,只喝伏特加的猫,https://music.163.com/#/song?id=1981999125,2026-08-31
Crispy脆乐团,背上悲伤北上,从听了相爱就是说了100次对不起就很爱这个乐队了！,1245,傍晚去海边吹风,https://music.163.com/#/song?id=1981999125,2026-08-31
Crispy脆乐团,背上悲伤北上,闭上眼睛，好好回想之前的努力，自信会喷涌而出。 ——《放学后》东野圭吾,1103,rubbish辞,https://music.163.com/#/song?id=1981999125,2026-08-31
Crispy脆乐团,背上悲伤北上,幸好我问心无愧 其实感性也挺好  因为极度的理性清醒也是抑郁的一种阿,1027,文文晚安啦,https://music.163.com/#/song?id=1981999125,2026-08-31
Crispy脆乐团,背上悲伤北上,都是一家的，咱也长脸不是？,836,故事的普通人,https://music.163.com/#/song?id=1981999125,2026-08-31
Crispy脆乐团,背上悲伤北上,像温水煮青蛙 我终于抛弃了梦想 认可了这乏味的人生,584,-今晚拯救世界,https://music.163.com/#/song?id=1981999125,2026-08-31
Deep Water,Run Out,我之前看到一段话 结尾是 一想到终究是你的路人 就会沦为全世界的路人 这时 风虽大 但都绕过我灵魂 为什么每天都会不开心呢 我想当个小朋友 无理取闹 有人宠爱 受委屈就哭 遇到事情就退缩 躲进爱我的人们的怀里 当我难过的时候 我总想一个人走很远的路 如果有人陪着的话 那就太好了,1637,yujin_an_,https://music.163.com/#/song?id=1396939671,2026-08-31
Deep Water,Run Out,把房间的灯换成蓝色 穿着黑色的蕾丝内衣在柔软的床垫上跳舞 就是这个感觉,1344,头等lv友,https://music.163.com/#/song?id=1396939671,2026-08-31
Deep Water,Run Out,大海深处有一家唱片店  售卖着温柔和浪漫,989,云村避难所,https://music.163.com/#/song?id=1396939671,2026-08-31
Deep Water,Run Out,间奏的五个音怎么那么像无价之姐啊,615,老施-Charles,https://music.163.com/#/song?id=1396939671,2026-08-31
Deep Water,Run Out,中间伴奏的地方忍不住想哼：让我乘风破浪……,564,xyaoer,https://music.163.com/#/song?id=1396939671,2026-08-31
Deep Water,Run Out,翻译的事别急，等我开学我去隔壁学校找个外国女朋友,403,panruto,https://music.163.com/#/song?id=1396939671,2026-08-31
Deep Water,Run Out,我是来欣赏音乐的不是来看你们发情的😅,372,林琼_,https://music.163.com/#/song?id=1396939671,2026-08-31
Deep Water,Run Out,我不知道怎么跟你相处 你有游戏要打 有朋友要聊 有觉要睡 朋友喊了还要去 而我的生活只能想你想你 我怎么配,361,野原可子,https://music.163.com/#/song?id=1396939671,2026-08-31
Deep Water,Run Out,今夜是不知羞耻的粉红色，是念念不忘，是跃跃欲试。,320,RosyJuicy,https://music.163.com/#/song?id=1396939671,2026-08-31
Deep Water,Run Out,喜欢这首歌的男孩纸一定很温柔吧,265,账号已注销,https://music.163.com/#/song?id=1396939671,2026-08-31
Deep Water,Run Out,有段旋律为啥那么像乘风破浪。。,259,木小亭-,https://music.163.com/#/song?id=1396939671,2026-08-31
Deep Water,Run Out,要是男孩子的话这感觉倍儿棒,208,西蓝花龙虾奶油伊面,https://music.163.com/#/song?id=1396939671,2026-08-31
Deep Water,Run Out,喜欢摇滚音乐，自由、洒脱。如果身体上得不到自由，请允许我灵魂自由。,178,绯闻女孩Vivian,https://music.163.com/#/song?id=1396939671,2026-08-31
Deep Water,Run Out,这首歌也太太太欲了吧，好适合指尖滑过燥热的身体，勾起黑色的吊带，缓缓褪下,165,我的少年未戴花,https://music.163.com/#/song?id=1396939671,2026-08-31
Deep Water,Run Out,我感觉 喜欢Deep Water的应该也是喜欢事后烟的,138,LixMax,https://music.163.com/#/song?id=1396939671,2026-08-31
Deep Water,Run Out,闷热，好潮湿，我们掀开被子交换着彼此的鼻息，疲惫……无尽的疲惫，互相索取着对方的温柔入睡，谁在乎明天是怎样呢？先睡醒的那个人负责赶紧离开。,227,-智叔-,https://music.163.com/#/song?id=1401064507,2026-08-31
Deep Water,Run Out,心动的信号来的，就是喜欢这种调调,180,nicoball,https://music.163.com/#/song?id=1401064507,2026-08-31
Deep Water,Run Out,请让我安静的手机震动一下,131,心己空,https://music.163.com/#/song?id=1401064507,2026-08-31
Deep Water,Run Out,Deep Water 2022巡演「浮潜断想」已正式启动。浮潜是一种下沉的状态，过程是缓慢、柔软而轻盈的，当潜入深处时，复杂而清晰的幻想开始显现。愿能在夜色中与你共眠，分享独属于Deep Water的浮潜断想。我们现场见啦！,75,Booooooooo_,https://music.163.com/#/song?id=1401064507,2026-08-31
Deep Water,Run Out,感觉房间里充满着一种拉丝的气息[多多比耶],61,梦到Charon的Pluto,https://music.163.com/#/song?id=1401064507,2026-08-31
Deep Water,Run Out,“你会不会突然有一天想起我的好，然后满是遗憾”,50,JIAXINL_,https://music.163.com/#/song?id=1401064507,2026-08-31
Deep Water,Run Out,这可是宝藏啊  发现的人越少越好,29,yuanyuanicy,https://music.163.com/#/song?id=1401064507,2026-08-31
Deep Water,Run Out,Deep Water【处处甜心】2020巡演首次全国巡演开票啦！一如乐队歌曲里你们听到的：恋爱，是困扰人类永恒的话题。那么这个冬天你的恋爱运势如何呢？来现场破解谜题吧~ 11.25 长沙/11.26 武汉/11.27 合肥/11.28 杭州 /12.02 上海/12.03 南京/12.04 青岛/12.05 北京/01.02 成都,26,Booooooooo_,https://music.163.com/#/song?id=1401064507,2026-08-31
Deep Water,Run Out,当性欲得到满足以后 你对她的爱还会不会继续保持渴望,25,程艾影__Messi,https://music.163.com/#/song?id=1401064507,2026-08-31
Deep Water,Run Out,蓝战非还是挺有品味的哈哈哈[大哭],22,随便zxy123,https://music.163.com/#/song?id=1401064507,2026-08-31
Deep Water,Run Out,有没有从蓝胖子视频过来的！,19,XIAOTAO_y,https://music.163.com/#/song?id=1401064507,2026-08-31
Deep Water,Run Out,医院一查，中招了,19,王九_YAii,https://music.163.com/#/song?id=1401064507,2026-08-31
Deep Water,Run Out,我向往着一段恋爱 平淡而又浪漫 平平淡淡的黄昏下是我们散步 烈阳高照时我们相拥,16,我是正人君子啊,https://music.163.com/#/song?id=1401064507,2026-08-31
Deep Water,Run Out,在蓝战非来的[大笑],14,QAQ_Jme,https://music.163.com/#/song?id=1401064507,2026-08-31
Deep Water,Run Out,从蓝战非那里来的🫡,12,北北o_x,https://music.163.com/#/song?id=1401064507,2026-08-31
Deep Water,夕,“我的心意不是消耗品，是特定条件触发奖励” ​​​,78,Butterbear11,https://music.163.com/#/song?id=2621317883,2026-08-31
Deep Water,夕,虽然还是原来的音乐风格和调调，但是听着确实丝滑和舒服，国内这种乐队挺多的，就是不火。,68,上帝60,https://music.163.com/#/song?id=2621317883,2026-08-31
Deep Water,夕,听这首歌真的太适合骑摩托了，夕阳下环湖骑行，晚风也温柔，点一支烟我只抽一半，那杯红酒，也只和你喝到一半，摇摇晃晃，跌跌撞撞 ，摇曳生姿，化水入怀,43,去梦里吧科研,https://music.163.com/#/song?id=2621317883,2026-08-31
Deep Water,夕,这不是陈婧霏嘛,19,kuijiong,https://music.163.com/#/song?id=2621317883,2026-08-31
Dorena,From The Window Of My Room,听多年独立最近才接触后摇，二者的共通点是最好的效果永远在现场。后摇像首自由漫长的诗：无主副歌无人声，单靠丰富的器乐变化一路铺陈一路释放，似在广阔无垠的画布上任性创意挥洒色彩；削弱传统音乐对人声表演的关注，连接对器乐的观察和感知。有些歌听着就无法做其他事情了，如果这算缺点，may be.,6458,lawlaw-LawLin,https://music.163.com/#/song?id=17265634,2026-08-31
Dorena,From The Window Of My Room,一开始平淡无奇，但听到后来…一颗石子砸破水缸，该表达的一个不剩都倾泻了出来…,3150,树莓小雪糕,https://music.163.com/#/song?id=17265634,2026-08-31
Dorena,From The Window Of My Room,“你终于花光了我的耐心和对你的喜欢”,2758,九三-食色,https://music.163.com/#/song?id=17265634,2026-08-31
Dorena,From The Window Of My Room,2016.5.19. 第八十首 如果所有人都离我而去 你或许也不会留下 我或许也不会悲伤不会孤独 因为我无法左右别人的想法 但是我仍然希望 推开窗户 能看到繁花像瀑布一样从窗台倾泻悬垂 推开窗户 能看到阳光照耀着灰尘和空气的闪闪发光 从我的窗 能看到 阳光照亮你的头发和睫毛 繁花铺缀着你的衣裳 你对我笑,2235,未徙而将之,https://music.163.com/#/song?id=17265634,2026-08-31
Dorena,From The Window Of My Room,嘻哈火了，民谣火了，希望后摇不要火。就当是送给我最后的礼物吧[爱心],2124,瘋人院9982,https://music.163.com/#/song?id=17265634,2026-08-31
Dorena,From The Window Of My Room,不能够带耳机，因为十年前自己右耳已经失聪听不见声音，喜欢打开手机扩音器听，喜欢听网易云音乐，喜欢看评论，祝自己未来好运气。,2002,LYT乐,https://music.163.com/#/song?id=17265634,2026-08-31
Dorena,From The Window Of My Room,日推。趁还没有999+的时候。最近日子好像被诅咒了，连空气都令人生厌。高考过后有了大把时间可以四脚朝天的躺在床上看窗外的蓝天和大朵大朵的云，我常常在想可能未来会更好吧。最近很想去纹一个keep faith在手腕，不是为了耍酷不是为了叛逆，而是告诉自己不论何时都要相信自己，相信再痛一切都会过去。,1881,小耿在线播放,https://music.163.com/#/song?id=17265634,2026-08-31
Dorena,From The Window Of My Room,左耳机坏了[惊恐],1821,圣西罗的守望者,https://music.163.com/#/song?id=17265634,2026-08-31
Dorena,From The Window Of My Room,我喜欢阳光照射盛树投影出斑驳交错 我喜欢海风吹鼓帆船渐行消失天际 我喜欢大雨后街道尽头夕阳西下 我喜欢寂静半夜火车悠扬鸣笛 我喜欢夏天穿过脚踝那晚风 我喜欢古香古色旧巷城楼 我喜欢冷清店铺慢音乐 我喜欢旷野上的马路 我喜欢书配杯热茶 我喜欢繁星低沉 我喜欢笔墨信 我喜欢自由 我喜欢你 ​​​,1556,不酷不迷人,https://music.163.com/#/song?id=17265634,2026-08-31
Dorena,From The Window Of My Room,麻痹，听到后面。想跟着 太阳一直追下去，别拦我。。。,1291,APKXHMYLST,https://music.163.com/#/song?id=17265634,2026-08-31
Dorena,From The Window Of My Room,听到后面简直美哭了[大哭]我决定把它上交给国家！,1103,AIRY_落尘,https://music.163.com/#/song?id=17265634,2026-08-31
Dorena,From The Window Of My Room,听着这首歌查到了高考成绩～～～,971,澄和,https://music.163.com/#/song?id=17265634,2026-08-31
Dorena,From The Window Of My Room,真想给加班的你沏一壶茶或者暖暖的牛奶，可是相隔太远了，我只能从房间的窗户眺望到你。温暖的后摇。,738,等等--,https://music.163.com/#/song?id=17265634,2026-08-31
Dorena,From The Window Of My Room,最喜欢看几分几秒的预告了,568,丨系丨舟丨,https://music.163.com/#/song?id=17265634,2026-08-31
Dorena,From The Window Of My Room,我觉得好多人喜欢花少是因为节目组的音乐品味吧,552,國喜喜喜,https://music.163.com/#/song?id=17265634,2026-08-31
Dorena,Till Våning Tretton,只可惜现实之中并没有人能与我一同分享后摇的美妙。,1014,树影下的月光,https://music.163.com/#/song?id=1231742,2026-08-31
Dorena,Till Våning Tretton,我第一个喜欢的人名花有主了  然而这时我发现我喜欢的不是她  只是想找个人陪陪自己  有一个能让我去保护值得我为她奋斗的人  第一次从事实中认清自己  谢谢各位的94个赞 不用再赞了  已经很满足了☺,619,Lam_ina,https://music.163.com/#/song?id=1231742,2026-08-31
Dorena,Till Våning Tretton,想不到我第一个喜欢上的人竟然不相信我真的喜欢上了她,589,Lam_ina,https://music.163.com/#/song?id=1231742,2026-08-31
Dorena,Till Våning Tretton,都说沉浸在后摇里的人是孤独的，但我一点都不希望那些人的身边只有孤独、音乐、书籍、电影，带着后摇躲起来，来逃避这个世界，我希望后摇能给在这噪杂浮华的世界里给你们一种强大的安静的力量，然后做那些该做的事，完成未完成的梦想，后摇可以陪伴你颓废一整晚，但请不要颓废一辈子。,430,红莓berry,https://music.163.com/#/song?id=1231742,2026-08-31
Dorena,Till Våning Tretton,我每次出去 看到乞讨的人都会给点零钱 看到一位老奶奶在垃圾堆捡垃圾我给了她点钱让她买些好吃的 一位异乡人身无分文很饿问我能施舍点吗我给了他二十 晚上看到一位老大爷骑着二八在卖枣我把剩下的全买了 晚上和朋友遛弯看到走丢的老奶奶请她吃了顿饭 可是在我遇到困难的时候却没有人愿意帮我,337,奶奶做的蛋炒饭,https://music.163.com/#/song?id=1231742,2026-08-31
Dorena,Till Våning Tretton,最初相遇的时候 一些细节上你说 “ 你既然喜欢我 就要喜欢我所有样子啊 ” 那时候我以为你是不一样的 因此我也愿意接受你的所有样子 因此我也愿意给你看我的所有样子  但是呢 后来明白 没有人不肤浅,239,美好的天气他却消失了,https://music.163.com/#/song?id=1231742,2026-08-31
Dorena,Till Våning Tretton,多么希望这首曲子没有结束的时刻,229,假想时刻,https://music.163.com/#/song?id=1231742,2026-08-31
Dorena,Till Våning Tretton,我已经讨厌极了两个人相处中慢慢展示缺陷后分道扬镳的这个过程了  所以从开始我就要给你看到  我傲慢又自大  冷血又毒舌   一肚子的嫉恨心和满腔的占有欲  如果这你都愿意去接受 那我再给你不同于别人的东西.,138,無法找到,https://music.163.com/#/song?id=1231742,2026-08-31
Dorena,Till Våning Tretton,Till Våning Tretton   瑞典语———到十三楼,119,十帘城,https://music.163.com/#/song?id=1231742,2026-08-31
Dorena,Till Våning Tretton,你相信爱情能战胜一切，一切的一切吗,115,账号已注销,https://music.163.com/#/song?id=1231742,2026-08-31
Dorena,Till Våning Tretton,与自己和解,46,账号已注销,https://music.163.com/#/song?id=1231742,2026-08-31
Dorena,Till Våning Tretton,一件事只要你坚持得足够久，“坚持”就会慢慢变成“习惯”。原本需要费力去驱动的事情就成了家常便饭，原本下定决心才能开始的事情也变得理所当然。,35,行走在深夜的鲸鱼,https://music.163.com/#/song?id=1231742,2026-08-31
Dorena,Till Våning Tretton,小时候不知道为什么章鱼哥总是那么丧，长大了不知道海绵宝宝为什么总是那么开心。,35,_新__欢_,https://music.163.com/#/song?id=1231742,2026-08-31
Dorena,Till Våning Tretton,我们总是喜欢帮助弱者，哪怕自己就是所谓的弱者。不过，那些人一定很高兴有人帮助他们吧。谢谢你，让这个世界多了一点温暖。,28,留不下的不止有风,https://music.163.com/#/song?id=1231742,2026-08-31
Dorena,Till Våning Tretton,甚至连后摇是什么都不知道[哀伤],26,缓迟意,https://music.163.com/#/song?id=1231742,2026-08-31
Dorena,"Never Alone, Always Lonesome",找个喜欢后摇的朋友就好 朋友就好。就好,1115,努力放电的黑质多巴胺能神经元,https://music.163.com/#/song?id=17265639,2026-08-31
Dorena,"Never Alone, Always Lonesome",有了平淡，高潮才有意思，有了高潮，归入平淡才有深意，不是吗。,658,安陆安陆,https://music.163.com/#/song?id=17265639,2026-08-31
Dorena,"Never Alone, Always Lonesome",直到有一天 后摇被世界卫生组织列为得肺癌最间接的原因,515,用户117939080,https://music.163.com/#/song?id=17265639,2026-08-31
Dorena,"Never Alone, Always Lonesome",一个真正想了解自己的人 必定是个想象力丰富又积极好动的失望搜集者 因为他十分清楚明白 失望不是滚烫 毁灭的毒液 而是冷静与安抚人心的香膏 打开了我们的视野 让我们看清自己的真实轮廓🌚,437,yeeeex也,https://music.163.com/#/song?id=17265639,2026-08-31
Dorena,"Never Alone, Always Lonesome",从未孤单，总感孤独 不如一直孤单，从未孤独。 愿新的一年，从心出发！,302,chiock,https://music.163.com/#/song?id=17265639,2026-08-31
Dorena,"Never Alone, Always Lonesome",因为大都是和学院里搞艺术创作的学生做的，所以没有商业化的痕迹,300,森山灰白,https://music.163.com/#/song?id=17265639,2026-08-31
Dorena,"Never Alone, Always Lonesome",我觉得人们睡得太早  他们丧失了无梦的人的清醒 梦像油腻的肥肉伴随他们的一生 他们体验不到夜的神秘的寂静 这寂静常使我听到太古 和万里以外的声音 他们更不可能看到划破夜空的流星 刹那间放射出比白昼更美丽的光明 我觉得我和夜一样长,285,多尓分,https://music.163.com/#/song?id=17265639,2026-08-31
Dorena,"Never Alone, Always Lonesome",點讚了就是告訴你們了 👶🚬,169,champernova,https://music.163.com/#/song?id=17265639,2026-08-31
Dorena,"Never Alone, Always Lonesome",還想再聽一次dorena的現場 [呆] 我錄的live都在優酷「一般人我不告訴,161,champernova,https://music.163.com/#/song?id=17265639,2026-08-31
Dorena,"Never Alone, Always Lonesome",大家新年快乐，自从接触云音乐。每天推荐我都会听完歌看完评论收藏点赞。时常告诉自己，我拥有这些美好时光[大笑]感恩网易云音乐，感恩你们这些精通七八国语言的评论家，段子手。16把你们的故事评论出来吧[吐舌][吐舌][吐舌],113,福尔摩萌新,https://music.163.com/#/song?id=17265639,2026-08-31
Dorena,"Never Alone, Always Lonesome",看到封面我点开了专辑,47,埃洛瓦,https://music.163.com/#/song?id=17265639,2026-08-31
Dorena,"Never Alone, Always Lonesome",我想如果跟喜欢后摇的网友见面，该多么的尴尬，两个坐着聊天不说话。,29,你家的猫神在云端,https://music.163.com/#/song?id=17265639,2026-08-31
Dorena,"Never Alone, Always Lonesome",。。别给吸烟找借口,22,enola_eva,https://music.163.com/#/song?id=17265639,2026-08-31
Dorena,"Never Alone, Always Lonesome",歌名略悲。曲子里却有很多小确幸呢[星星],14,账号已注销,https://music.163.com/#/song?id=17265639,2026-08-31
Dorena,"Never Alone, Always Lonesome",每次在深夜与自己对话，都是以谈崩结束,12,祖帼母亲我的父亲是谁,https://music.163.com/#/song?id=17265639,2026-08-31
EPICA,Cry For The Moon,爱NW，爱Epica，爱WT，爱Sirenia，全是好乐队，不懂为啥一定要拿来比较,976,Silistener,https://music.163.com/#/song?id=2530523,2026-08-31
EPICA,Cry For The Moon,天使是有洁癖的恶魔，她的偏执会为人类带来更大的灾难！,559,MasterLynxNemo,https://music.163.com/#/song?id=2530523,2026-08-31
EPICA,Cry For The Moon,在拥有国宝级金属团WT的荷兰.不知道EPICA有没有一种“既生瑜，何生亮”的感慨.不过这丝毫影响不了金属迷对他们的狂热.美声和死嗓的交织.有如天使与魔鬼的对话.加上气势恢弘的交响乐伴奏和6人配置的唱诗班合声.凭添了不少的戏剧张力.他们用黑暗华丽的旋律给乐迷们勾勒出一幅幅波澜壮阔的史诗画卷.,549,AKA_李先森,https://music.163.com/#/song?id=2530523,2026-08-31
EPICA,Cry For The Moon,本来在修车，听这歌我感觉在修航母[呆],307,ZJAYM浩,https://music.163.com/#/song?id=2530523,2026-08-31
EPICA,Cry For The Moon,给新人的Epica/交金简版小科普（新版） 0.Epica的译名是“证道所”，他们自己的解释是a place to understand the answer of everything，修成正果/获得领悟的地方，不是史诗！不是史诗！  1.Epica，Nightwish，Within Temptation三个团风格实际上几乎完全不同。除了都是交力和主唱都是女的，还有一点圈内纠缠之外，画风完全不一样，并没有什么可比性。  2.三个团都不是哥特金属，顶多能说早期受到了一点点影响。好奇哥特金属到底长什么样，请以“厄运金属”“悲情剧院”“之类关键词进行搜索。交响哥特金属非常罕见，并且几乎没有小白会听这个入门……  3.黑嗓也是一个误译，对于新人而言，听到类似的东西，管它们叫极端唱法就好。  4.Nightwish是传统的交响/力量/旋律金属，有少量民族元素，曲风清新而旋律化。  Within Temptation早期也是传统交力，后来彻底转向另类摇滚和流行，且受到明显的金属核（请读作流行化djent）影响。  Epica只有早期是比较纯粹的交力，现在仍然交力，但已经成了新派前卫缝合怪，啥风格都有。  硬要分出时期来的话，03-07年三张是交响力量金属，越来越前卫越来越力量，09年直接写成djent……此后就一直是交响/新派前卫金属（他们在新派前卫当中也是最偏金属的类型）。  5.Epica的成员基本不在乎自己在搞什么，总体是交响金属就行，并且他们对“金属”的定义宽得离谱，还多次说djent是金属（特指偏核那一路），甚至死核也可以是金属！  （注：他们还真往歌里塞过死核。最终那几首歌没有彻底变成交响死核的原因是创始人Mark Jansen比较清醒，给叫停了。）  6.交响金属是以管弦的加入为标志的金属，理论上没有“纯粹”的交金，管弦不是风格。任何金属风格理论上也都可以加交响。  力量金属是以明快的大调riff和高昂的唱腔为标志的金属，雄壮和热血就是力金本身的特性。绝大部分非极端交金都是交响力量金属。  前卫金属没有绝对的定义，凡是在严谨的理论基础上做出力求超越时代的东西都能算，复杂和新意是其追求的美学，但是超过一定限度，可能会变成烧脑子的怪玩意（并且非常劝退新人）。  7.交响金属本质上是一种合成器产物，绝大部分交金的交响都是换了音色的键盘，以Nightwish为首。Epi,157,StaticCubeRaven,https://music.163.com/#/song?id=2530523,2026-08-31
EPICA,Cry For The Moon,wt 早就连摇滚团都勉强了好吗。别提歌剧、力量和哥特了。对我就是不喜欢WT。,157,嘉露夜,https://music.163.com/#/song?id=2530523,2026-08-31
EPICA,Cry For The Moon,要死了。。听着这个感觉自己逼格好高。。,142,沉迷鸡爪无法自拔__,https://music.163.com/#/song?id=2530523,2026-08-31
EPICA,Cry For The Moon,看在15年你还是个乳臭未干的小屁孩的份上，我们不跟你计较。,85,再也不结婚了,https://music.163.com/#/song?id=2530523,2026-08-31
EPICA,Cry For The Moon,越是靠北越倾向听金属后摇，因为寒冷的冬季或者是漫长的黑夜，要不北欧怎么会出来那么多这样的乐队,66,账号已注销,https://music.163.com/#/song?id=2530523,2026-08-31
EPICA,Cry For The Moon,这首讲述了一个关于虐待和教会的故事。这首歌的灵感来自于Mark Jansen的一个朋友，他在童年时期遭受了神父的Xin侵犯，导致他长大后变得自暴自弃，沉溺于毒P和酒精。Mark Jansen想通过这首歌来表达他对这个悲惨事件的愤怒和同情，同时也批判了教会的虚伪和腐败。,42,深渊乐队,https://music.163.com/#/song?id=2530523,2026-08-31
EPICA,Cry For The Moon,没错，文无第一，武无第二，又不是打架，这有什么可比的,40,坐忘愚者,https://music.163.com/#/song?id=2530523,2026-08-31
EPICA,Cry For The Moon,其实你在修星舰…,33,暗黑大背头,https://music.163.com/#/song?id=2530523,2026-08-31
EPICA,Cry For The Moon,？？？那又不关我事。我听我的歌,28,沉迷鸡爪无法自拔__,https://music.163.com/#/song?id=2530523,2026-08-31
EPICA,Cry For The Moon,这首确实经典，虽然深度一般略流行，但真的太适合入门，有哥金女声，有唱诗，有简单的黑嗓和死嗓，旋律优美，收尾又秀了把旋死的节奏,22,神宵夜夢雅,https://music.163.com/#/song?id=2530523,2026-08-31
EPICA,Cry For The Moon,因为曲子里有莫扎特安魂曲和贝多芬第九交响曲的引用，所以这曲子当时第一次听的时候由衷打动我，开启了我步入金属领域的步伐,21,主公是Princess吗,https://music.163.com/#/song?id=2530523,2026-08-31
EPICA,Pirates Of The Caribbean [Live in Miskolc],先生们 女士们 今天是个伟大的日子 因为你们差点就抓到了杰克 斯派罗船长[吐舌],2207,我会棒棒哒,https://music.163.com/#/song?id=17657334,2026-08-31
EPICA,Pirates Of The Caribbean [Live in Miskolc],这首曲子懂的人就不需要我多说了~,1422,rpbigbang,https://music.163.com/#/song?id=17657334,2026-08-31
EPICA,Pirates Of The Caribbean [Live in Miskolc],三叉戟作为上古神器就那么轻易的被毁了，神庭质监局的腐败问题不容小觑啊,1020,丁一兄,https://music.163.com/#/song?id=17657334,2026-08-31
EPICA,Pirates Of The Caribbean [Live in Miskolc],尝试在哥特金属中加入交响元素的不只是Tristania，来自荷兰的Within Temptation也为交响哥特的普及与推广做出了巨大贡献。成立于1996年的Within Temptation，最初做的是Sharon den Adel与Robert Westerholt构成的“美女与野兽”式哥特金属。[强],800,生性孤独罘會爱人,https://music.163.com/#/song?id=17657334,2026-08-31
EPICA,Pirates Of The Caribbean [Live in Miskolc],网易云音乐的听友都是有素质有内涵的人。好了，现在你们可以点赞了[可爱][可爱][大笑],755,沉渊Lyu,https://music.163.com/#/song?id=17657334,2026-08-31
EPICA,Pirates Of The Caribbean [Live in Miskolc],诶卧槽都快睡着了三秒不到瞬间醒了好吗。。。这个曲子，懂得人自然懂，何必用繁丽的文字来修饰呢,611,Hatchlings23,https://music.163.com/#/song?id=17657334,2026-08-31
EPICA,Pirates Of The Caribbean [Live in Miskolc],有人说船长老了  可我的心里德普仍然是那个站在桅杆上意气风发志在远方   千帆万浪任我踏的少年   愿你和黑珍珠号永远自由,589,徵早川,https://music.163.com/#/song?id=17657334,2026-08-31
EPICA,Pirates Of The Caribbean [Live in Miskolc],石破惊天和加勒比海盗 还有谍中谍,496,Tao_Teng,https://music.163.com/#/song?id=17657334,2026-08-31
EPICA,Pirates Of The Caribbean [Live in Miskolc],不听了，该考试去了，背的全忘了。。。。。[大哭],455,郭大褀,https://music.163.com/#/song?id=17657334,2026-08-31
EPICA,Pirates Of The Caribbean [Live in Miskolc],这个评论竟然没过99？！这不科学[惊恐][惊恐][惊恐][惊恐][惊恐][惊恐][惊恐][惊恐][惊恐][惊恐],336,铁臂凹凸曼,https://music.163.com/#/song?id=17657334,2026-08-31
EPICA,Pirates Of The Caribbean [Live in Miskolc],“妈，我想当海盗。”啪！“读书去。”[流泪],276,小呀么小馒头,https://music.163.com/#/song?id=17657334,2026-08-31
EPICA,Pirates Of The Caribbean [Live in Miskolc],找了好多年[流泪],191,Zone-Tan,https://music.163.com/#/song?id=17657334,2026-08-31
EPICA,Pirates Of The Caribbean [Live in Miskolc],杰克船长！把小破船开出航母的感觉的男人！,158,醉小仙fufu,https://music.163.com/#/song?id=17657334,2026-08-31
EPICA,Pirates Of The Caribbean [Live in Miskolc],曲调震撼激烈！汹涌澎湃！大气经典之作！！！[钟情][钟情][钟情][爱心][星星][钻石][强][强],107,瑞雪花轻舞,https://music.163.com/#/song?id=17657334,2026-08-31
EPICA,Pirates Of The Caribbean [Live in Miskolc],没毁，后来海王捡到了。,79,谢慕麟,https://music.163.com/#/song?id=17657334,2026-08-31
EPICA,Crimson Bow and Arrow,当初看动画op就觉得这曲子更适合金属演绎，自己还编了一段儿玩，现在epica这首才应该是这歌本来的样子。原作第一段副歌结束以后太放飞自我，刚蓄起来的情绪直接就崩了，有气势的曲子还是适合工整的弹下来。我投这首改编完爆原曲一票。,564,Nesheph,https://music.163.com/#/song?id=563964392,2026-08-31
EPICA,Crimson Bow and Arrow,哈哈哈哈日语歌装逼就用德语，跑到英语里直接改拉丁语，这也太真实了,366,嘉露夜kallut,https://music.163.com/#/song?id=563964392,2026-08-31
EPICA,Crimson Bow and Arrow,果然中二病是没有国界的……,244,嘉露夜,https://music.163.com/#/song?id=563964392,2026-08-31
EPICA,Crimson Bow and Arrow,和原版比更干净有序，原版更复杂各有各的好。说实话没想到这两个乐队竟然也能有交集,188,Metalhead2015,https://music.163.com/#/song?id=563964392,2026-08-31
EPICA,Crimson Bow and Arrow,没错，当初还没看巨人的时候就觉得红莲的弓矢像交响金，现在果然有了,101,风蚀泪石,https://music.163.com/#/song?id=563964392,2026-08-31
EPICA,Crimson Bow and Arrow,当年就说了一句红莲这歌改成交响金多好，啊，舒服了,79,zodiacell,https://music.163.com/#/song?id=563964392,2026-08-31
EPICA,Crimson Bow and Arrow,这首比原版更有气势，也更加干净有序，更能反映进击的巨人的史诗感，这才是进巨op应该有的样子（看玛利亚之墙战漫画的时候后台播放这个真的太有那味了）,66,思考的究极生物,https://music.163.com/#/song?id=563964392,2026-08-31
EPICA,Crimson Bow and Arrow,原版：杀巨人。金属版：杀外星巨人,65,JoeyLen,https://music.163.com/#/song?id=563964392,2026-08-31
EPICA,Crimson Bow and Arrow,我投完爆一票,24,前卫金属教父花粥,https://music.163.com/#/song?id=563964392,2026-08-31
EPICA,Crimson Bow and Arrow,让谏山创他妈小心谏山创,21,Release_My_Soul_819,https://music.163.com/#/song?id=563964392,2026-08-31
EPICA,Crimson Bow and Arrow,草，原来真的是红莲弓矢啊，看评论才发现（狗头,17,Ke1C,https://music.163.com/#/song?id=563964392,2026-08-31
EPICA,Crimson Bow and Arrow,说完爆的也太小看revo了，要听个爽那确实是这个爽，毕竟金属版，但是论和声的丰富程度这首怎么跟revo比？别把revo当无名小卒啊[口罩],16,黄叶煌煌,https://music.163.com/#/song?id=563964392,2026-08-31
EPICA,Crimson Bow and Arrow,昏睡百年，国人渐已醒,15,昆州夜话,https://music.163.com/#/song?id=563964392,2026-08-31
EPICA,Crimson Bow and Arrow,天天听交响黑交响死，想着没事也听听正统交响金，听了一天的sirenia，后来想起好像有个epica也挺有名的，这第一首点进来没仔细看歌名，前面就觉得有点熟悉，chorus部分一出来直接给我整懵了，还倒回去听了几遍，怀疑自己有没有听错，再看看歌名，好家伙红莲之弓矢,14,霖境牧羊人,https://music.163.com/#/song?id=563964392,2026-08-31
EPICA,Crimson Bow and Arrow,抛开动画不谈 单独这首歌的话比原版好听万倍 不吹不黑 果然气势磅礴的金属演绎还得交给北欧乐队,14,丸子大白熊,https://music.163.com/#/song?id=563964392,2026-08-31
GAI周延,爱如潮水 (Live),这个封面我怎么分享到朋友圈当忧郁女神,59144,你低头眉间落下场雪,https://music.163.com/#/song?id=516358348,2026-08-31
GAI周延,爱如潮水 (Live),能不能换个封面…… 发朋友圈有点掉面🌚🌚,30815,雨季阴晴不定,https://music.163.com/#/song?id=516358348,2026-08-31
GAI周延,爱如潮水 (Live),网易云 你买版权的样子真的很帅,22524,让你找不着北-,https://music.163.com/#/song?id=516358348,2026-08-31
GAI周延,爱如潮水 (Live),可不可以出一个自定义封面。,16767,少点烦心事就好了,https://music.163.com/#/song?id=516358348,2026-08-31
GAI周延,爱如潮水 (Live),没人想看你们的逆爱[大哭],16732,恨意缠心,https://music.163.com/#/song?id=516358348,2026-08-31
GAI周延,爱如潮水 (Live),可是这个版本的真的很好听,10399,我恨全世界一辈子,https://music.163.com/#/song?id=516358348,2026-08-31
GAI周延,爱如潮水 (Live),下辈子做个男的 看看一直爱一个女的能不能死,8344,漩瞬缘,https://music.163.com/#/song?id=516358348,2026-08-31
GAI周延,爱如潮水 (Live),爱如潮水真的好牛 不管是哪个版本都好听得要死,7679,痛该怎忘,https://music.163.com/#/song?id=516358348,2026-08-31
GAI周延,爱如潮水 (Live),准备去跑滴滴了 强制让别人听我的歌单,7643,别凶猪猪i,https://music.163.com/#/song?id=516358348,2026-08-31
GAI周延,爱如潮水 (Live),不是老弟！！！还往下翻呢，咱爸妈一定长命百岁,7614,无聊时最爱你,https://music.163.com/#/song?id=516358348,2026-08-31
GAI周延,爱如潮水 (Live),在我心里 你永远是那么美,7134,Pil_p大炮,https://music.163.com/#/song?id=516358348,2026-08-31
GAI周延,爱如潮水 (Live),其实这首歌和逆爱有0个关系,6976,Solituin,https://music.163.com/#/song?id=516358348,2026-08-31
GAI周延,爱如潮水 (Live),哪个爹传上来的[流泪]火速破1w,6047,FolwrL,https://music.163.com/#/song?id=516358348,2026-08-31
GAI周延,爱如潮水 (Live),答应我换个封面好吗 我想分享在朋友圈[可爱],5327,碎碎碎睡觉,https://music.163.com/#/song?id=516358348,2026-08-31
GAI周延,爱如潮水 (Live),再乱提你家小情侣就be好不好[大笑],5078,冰点痕,https://music.163.com/#/song?id=516358348,2026-08-31
GAI周延,山歌王,我爱山歌 我是湘里别,8664,-KFP-,https://music.163.com/#/song?id=3349945534,2026-08-31
GAI周延,山歌王,坏消息:GAI哥退步了 好消息:退到超社会时期了,7580,Darkcloud4theworld,https://music.163.com/#/song?id=3349945534,2026-08-31
GAI周延,山歌王,我们都是湘里别！,4116,盛宁D-SHINE,https://music.163.com/#/song?id=3349945534,2026-08-31
GAI周延,山歌王,以后刷山歌王的一律视为应援😋😋😋,3707,喜歡柒拾减一,https://music.163.com/#/song?id=3349945534,2026-08-31
GAI周延,山歌王,老gai这个唱腔 梦回超社会[难过][难过][难过],2132,Leslie_Yue,https://music.163.com/#/song?id=3349945534,2026-08-31
GAI周延,山歌王,当山大王就要唱山歌 我们就爱听山歌！,2106,超级无敌付三金,https://music.163.com/#/song?id=3349945534,2026-08-31
GAI周延,山歌王,问题来了 以后说山歌王已经分不清是敌是友,1810,entorpy2,https://music.163.com/#/song?id=3349945534,2026-08-31
GAI周延,山歌王,壳啊，老GAI雪碧代言人了，你说老GAI要飞，他真的在6万人场子飞起来了，你让老GAI唱山歌这里的山歌十八弯，他真给你唱了[doge][doge],1657,体文煊,https://music.163.com/#/song?id=3349945534,2026-08-31
GAI周延,山歌王,所以这首歌现场唱的时候要全场大喊我是乡里别吗,1554,Kray_u,https://music.163.com/#/song?id=3349945534,2026-08-31
GAI周延,山歌王,GAI哥多少年没唱这腔调了，太爽了,866,Zeppelin821,https://music.163.com/#/song?id=3349945534,2026-08-31
GAI周延,山歌王,看到这首忍住没有直接听 而是按顺序听的👉,838,Kray_u,https://music.163.com/#/song?id=3349945534,2026-08-31
GAI周延,山歌王,一律视为应援,616,阿怪瘦先生,https://music.163.com/#/song?id=3349945534,2026-08-31
GAI周延,山歌王,听洋噪音当懂哥还是太累了，我还是喜欢听本土山歌当个土鸡蛋,594,梦男孩dreamboy,https://music.163.com/#/song?id=3349945534,2026-08-31
GAI周延,山歌王,乡里别怎么了 我是乡里别我骄傲！,438,喜欢吃三文鱼,https://music.163.com/#/song?id=3349945534,2026-08-31
GAI周延,山歌王,GAI哥这个腔调 垃圾话时期[哭哭],334,-xZUO,https://music.163.com/#/song?id=3349945534,2026-08-31
GAI周延,仁义茶楼,我们就是“土哥们”，土是本土的土，是根植于华夏的土壤,15961,GAI周诞,https://music.163.com/#/song?id=2713976729,2026-08-31
GAI周延,仁义茶楼,新说唱千头万绪，顶不上老子四句,14369,GAI周诞,https://music.163.com/#/song?id=2713976729,2026-08-31
GAI周延,仁义茶楼,我的👀！🔥🔥🔥🔥,6201,-KFP-,https://music.163.com/#/song?id=2713976729,2026-08-31
GAI周延,仁义茶楼,这首听了不摇纯植物人,5732,泪水打湿手抓饼,https://music.163.com/#/song?id=2713976729,2026-08-31
GAI周延,仁义茶楼,可以卸载qq音乐了,4777,日落RL07,https://music.163.com/#/song?id=2713976729,2026-08-31
GAI周延,仁义茶楼,直奔仁义茶楼，家人们我做得对吗？我的瞳孔已通红！！！,3480,头文字D181228,https://music.163.com/#/song?id=2713976729,2026-08-31
GAI周延,仁义茶楼,点进去主页名字绷不住,2811,萌妹秋,https://music.163.com/#/song?id=2713976729,2026-08-31
GAI周延,仁义茶楼,泰格西：傻哥，真把我当本地人打啊，外地人来了有美酒，本地人来了有茶楼,1834,大吾Rex,https://music.163.com/#/song?id=2713976729,2026-08-31
GAI周延,仁义茶楼,仁义茶楼最叼的点是四个人都发挥出了100%的功力,1511,Kray_u,https://music.163.com/#/song?id=2713976729,2026-08-31
GAI周延,仁义茶楼,胖别是真仁义，好词都在跟兄弟们的歌里，差的都自个唱了[强][强],1474,我不喜欢海带,https://music.163.com/#/song?id=2713976729,2026-08-31
GAI周延,仁义茶楼,仁义茶楼绝对是能载入史册的作品，无论是制作水平还是用词都已经到了无可挑剔的地步，这首已经优秀到能横跨cdc，csc两地这么多年的beef长河的程度，谁来都得承认。比起整首歌渲染的意气风发和纸醉金迷，爷几个选择了更成熟的表达方式,1381,山海满,https://music.163.com/#/song?id=2713976729,2026-08-31
GAI周延,仁义茶楼,有谁觉得功夫胖那段是最爽的吗,1340,三月树与你,https://music.163.com/#/song?id=2713976729,2026-08-31
GAI周延,仁义茶楼,少了点说唱旋律，你懂我意思吗,1180,蒋英俊丶,https://music.163.com/#/song?id=2713976729,2026-08-31
GAI周延,仁义茶楼,万重山，中国湾，曾国藩这韵脚，真想不到什么样的rapper能想出来🤓☝🏻,1138,尘昏昏,https://music.163.com/#/song?id=2713976729,2026-08-31
GAI周延,仁义茶楼,不是送给老百姓吗 怎么要黑胶了[哭哭][哭哭],1113,玉上雪dejavu,https://music.163.com/#/song?id=2713976729,2026-08-31
GOD IS AN ASTRONAUT,Forever Lost,想起了老妈辛苦了一辈子，我快要长大她快要享福的时候却得了肺结核，从此我一蹶不振，靠拿奖学金给她治病，她一直痛苦，以为我真是外出工作赚来的钱，我一直在坚持，听到这个曲子好像看到了希望，我也不知道自己能够坚持多久，希望能够保佑我,15361,lovedontbeaway,https://music.163.com/#/song?id=19892230,2026-08-31
GOD IS AN ASTRONAUT,Forever Lost,至今为止最美的一首后摇。＂融雪没有说一句话，大地却已泪流满面。＂,11841,霸逼,https://music.163.com/#/song?id=19892230,2026-08-31
GOD IS AN ASTRONAUT,Forever Lost,融雪没有说一句话，大地却已泪流满面。 秋风只留宿一晚，落叶却满世界狂欢。,10658,Star水木,https://music.163.com/#/song?id=19892230,2026-08-31
GOD IS AN ASTRONAUT,Forever Lost,一个信任文艺的人，骨子里往往有天真的东西，这个东西，让他们不务实，不适应生活，不够圆熟、合群，也不容易快乐起来。,9054,sophiabcde,https://music.163.com/#/song?id=19892230,2026-08-31
GOD IS AN ASTRONAUT,Forever Lost,融雪没有说一句话，大地却已泪流满面。 秋风只留宿一晚，落叶却满世界狂欢。 天空只是轻轻叹息，云朵却已泣不成声。 溪流只是碰巧路过，山谷却为之挽歌不绝。 人生只是白驹过隙，我却在其中瞥见了永恒。 我戴上耳机，闭上双眼，竟沉沉睡去。猛然苏醒，不知何时，我已是泪流满面,7006,灰吹,https://music.163.com/#/song?id=19892230,2026-08-31
GOD IS AN ASTRONAUT,Forever Lost,沉迷后摇的人对生活往往持有多维见解，多数神经质，不同程度的抑郁，敏感但不至于矫情。人前习惯敛光，浅层交往并无异样,5377,鮭魚先森,https://music.163.com/#/song?id=19892230,2026-08-31
GOD IS AN ASTRONAUT,Forever Lost,大一时，我在冬天回程的火车上，望着并行高速公路上的灯光，耳机里响起这首，车窗倒映着我的影子，也像是倒带着我们的过往，直到看到我们用力拉扯着彼此的伤痛。在打开iPod时发现，它就叫做forever lost。这是我听过的第一首后摇。从此，我开始喜欢后摇。,2971,橙橙璐璐璐,https://music.163.com/#/song?id=19892230,2026-08-31
GOD IS AN ASTRONAUT,Forever Lost,失去的东西，永不复归。 海子，52岁生日快乐。,2502,丶苏格,https://music.163.com/#/song?id=19892230,2026-08-31
GOD IS AN ASTRONAUT,Forever Lost,09年的时候经常上一个叫SongTaste的音乐分享网站，也不知道是怎么的原因，听到了这首Forever Lost，后来就找到了该乐队的所有专辑，感觉都不错，后来，又有人告诉我，这样的音乐叫做：后摇，从此，后摇成为了我生活中的一部分，而那个叫做SongTaste的网站，也在不知不觉中永久关闭了,2421,侧近而悠,https://music.163.com/#/song?id=19892230,2026-08-31
GOD IS AN ASTRONAUT,Forever Lost,我以为我和别人不一样，原来寂寞起来，所有人都一样。,2408,Keiwinn,https://music.163.com/#/song?id=19892230,2026-08-31
GOD IS AN ASTRONAUT,Forever Lost,错了，这样的人是世界美和底线的保证，保持人类的高傲，不被欲望吞噬，无数艺术家，作家，建筑师，设计师已经实践了这一点。,1746,hoo0ooo,https://music.163.com/#/song?id=19892230,2026-08-31
GOD IS AN ASTRONAUT,Forever Lost,不自杀的唯一原因，是不想伤害身边人。,1491,請殺了我拜托,https://music.163.com/#/song?id=19892230,2026-08-31
GOD IS AN ASTRONAUT,Forever Lost,“你也不要让自己对美德视而不见 世界上很多人为了崇高的理想在忍饥挨饿 生活中到处都有英雄主义存在 你对你自己要诚实   尤其不要无情装有情，对爱情不要玩世不恭 在这干旱、没有希望的土地上 它是一片四季常青的绿洲”,1368,yakiyakiya,https://music.163.com/#/song?id=19892230,2026-08-31
GOD IS AN ASTRONAUT,Forever Lost,大家听歌的历程仿佛差不多，最开始的华语到欧美流行，电音到摇滚，又到金属，回到钢琴曲，纯音乐，最后便是后摇。,1198,歌尽桃花扇底风-,https://music.163.com/#/song?id=19892230,2026-08-31
GOD IS AN ASTRONAUT,Forever Lost,这一年我二十一岁，我想吃，想爱，想化作天空半明半暗的云。这一年我二十一岁，我还没学会规划这一切，因为我只会吃，生理需求正常，才华撑不起野心爱想象。纪念[晃晃荡荡第四天]。,1183,星星星星星星周,https://music.163.com/#/song?id=19892230,2026-08-31
GOD IS AN ASTRONAUT,New Years End,擦，2014就这么过去了，马上，2000和2030就离我们一样远了。,4583,shoe-gazer,https://music.163.com/#/song?id=19892244,2026-08-31
GOD IS AN ASTRONAUT,New Years End,今天是父亲节，没能给他准备什么礼物，一句我爱你也羞于启齿。 没什么可以为他做的，替他洗个水果把。,2559,Shipwreck,https://music.163.com/#/song?id=19892244,2026-08-31
GOD IS AN ASTRONAUT,New Years End,我听后摇，是为了轻松、自在，触碰岁月在我心中留下的痕迹。我不会拿孤独随时标榜自己，孤独不好，但也不坏，这只是一个普通的中性词，每个人在成长的过程中都会遇到这种时刻。所以，请别让我因为后摇、因为孤独、因为两者的联系误以为自己逼格很高。我看过的书还很少，走过的路还很短,1800,账号已注销,https://music.163.com/#/song?id=19892244,2026-08-31
GOD IS AN ASTRONAUT,New Years End,晚安。人窮盡一生追尋另一個人類，共度一生的事，我一直無法理解，或許我自己太有意思，無需他人陪伴，所以，我祝你們在對方身上得到的快樂，與我給自己的一樣多。,1796,齊宣王啃牛角,https://music.163.com/#/song?id=19892244,2026-08-31
GOD IS AN ASTRONAUT,New Years End,“禁锢在孤独中的囚徒，挤夹在石缝中的蟾蜍，久而久之都会顺应命运的安排，改变自己的形状。”---《夏洛蒂·勃朗特书信》455-p234,1703,JOJOTO_,https://music.163.com/#/song?id=19892244,2026-08-31
GOD IS AN ASTRONAUT,New Years End,自从得了精神病，精神好多了,1379,二十八天失眠日记,https://music.163.com/#/song?id=19892244,2026-08-31
GOD IS AN ASTRONAUT,New Years End,我想我爷爷了，那年高三怎么这么草蛋，学习再忙也应该打个电话回去，爷爷这么疼我这个孙子。。。在他走之前的一个月我没有打过一次电话回去。如今我已经结束本科在法国留学，我以为我会渐渐忘记爷爷，快到爷爷祭日了，我又想起他，想起他在家乡的村里等着孙子的电话，哭成泪人，在网易云里说悄悄话。,835,赖震,https://music.163.com/#/song?id=19892244,2026-08-31
GOD IS AN ASTRONAUT,New Years End,音乐是最好的陪伴，心中的苦闷下辈子告诉你,725,津津海道,https://music.163.com/#/song?id=19892244,2026-08-31
GOD IS AN ASTRONAUT,New Years End,我以为我和别人不一样，原来寂寞起来，所有人都一样。,587,Keiwinn,https://music.163.com/#/song?id=19892244,2026-08-31
GOD IS AN ASTRONAUT,New Years End,弹的一手好被子[奸笑],580,Cecilie蔡燑果,https://music.163.com/#/song?id=19892244,2026-08-31
GOD IS AN ASTRONAUT,New Years End,上天赐我个爱后摇的女儿吧[爱心],392,账号已注销,https://music.163.com/#/song?id=19892244,2026-08-31
GOD IS AN ASTRONAUT,New Years End,你们的评论就是最好的歌词[爱心],322,BlueSecreter,https://music.163.com/#/song?id=19892244,2026-08-31
GOD IS AN ASTRONAUT,New Years End,不要再问“这么好听的歌为什么没有999＋”原因只会是3个，一，你逼格太高。二，你逼格太低。三，这首歌还有另一个版本,220,群神,https://music.163.com/#/song?id=19892244,2026-08-31
GOD IS AN ASTRONAUT,New Years End,2014年12月31日，听这首[大笑],212,岚岚茶,https://music.163.com/#/song?id=19892244,2026-08-31
GOD IS AN ASTRONAUT,New Years End,苦弱的心，在黑暗中泅渡，需要一根意外漂来的横木，或者不经意点亮的渔火。,206,老鹳鹅,https://music.163.com/#/song?id=19892244,2026-08-31
GOD IS AN ASTRONAUT,"All Is Violent, All Is Bright",爱听后摇的人都是经得起等的人,3260,喜爱谈论的谭不懂,https://music.163.com/#/song?id=19892229,2026-08-31
GOD IS AN ASTRONAUT,"All Is Violent, All Is Bright",后摇是止不住的哀伤，也是停不下来的希望。,1977,后摇爱好者,https://music.163.com/#/song?id=19892229,2026-08-31
GOD IS AN ASTRONAUT,"All Is Violent, All Is Bright",哥特是葬在黑色匣子里的破碎月亮。民谣里我死于安逸。交响金属是磕嗨了以后的居高不下的肾上腺素。迷幻电子里找到了一扇打不开的门。后摇是个1。是心可以去到的宇宙最边缘。它包裹住你，然后去填充你的每一个空隙。希望来临时你以为的温暖最终还是孤独。从不属于任何。它只是在那儿。在一切开始前。,1895,柚子皮鞋垫,https://music.163.com/#/song?id=19892229,2026-08-31
GOD IS AN ASTRONAUT,"All Is Violent, All Is Bright",一切皆暴力，所有即光明,1263,你我而言他,https://music.163.com/#/song?id=19892229,2026-08-31
GOD IS AN ASTRONAUT,"All Is Violent, All Is Bright",你们都用后摇来孤独只有我用后摇刷作业.你们对后摇的感情像对你们现在并不存在的女朋友而我对后摇爱得更沉，我感激它陪我度过无数做不完作业的夜晚陪我迎接每一个开学日的黎明.,1035,账号已注销,https://music.163.com/#/song?id=19892229,2026-08-31
GOD IS AN ASTRONAUT,"All Is Violent, All Is Bright",每当听到这种彻骨孤傲的后摇  我  都会想起贝加尔湖畔的苏武,856,-Bauhausaholic-,https://music.163.com/#/song?id=19892229,2026-08-31
GOD IS AN ASTRONAUT,"All Is Violent, All Is Bright",这首神曲修好了我的音箱 放到2分钟的时候久违的低音突然就回来了,587,Forever钢蛋,https://music.163.com/#/song?id=19892229,2026-08-31
GOD IS AN ASTRONAUT,"All Is Violent, All Is Bright",伊人已乘黄鹤去，此地空余黄鹤楼。黄鹤一去不复返，白云千载空悠悠。,522,震怒的冬瓜,https://music.163.com/#/song?id=19892229,2026-08-31
GOD IS AN ASTRONAUT,"All Is Violent, All Is Bright",我不再听到前奏不喜欢就果断切歌 而是会耐着性子的把整首听完 因为我发现 不论如何总有一个节拍贴近了我的心,335,一起逃离母宇宙,https://music.163.com/#/song?id=19892229,2026-08-31
GOD IS AN ASTRONAUT,"All Is Violent, All Is Bright",送給遠在西半球的你,309,champernova,https://music.163.com/#/song?id=19892229,2026-08-31
GOD IS AN ASTRONAUT,"All Is Violent, All Is Bright",回听 最喜欢的一首后摇了💕,239,账号已注销,https://music.163.com/#/song?id=19892229,2026-08-31
GOD IS AN ASTRONAUT,"All Is Violent, All Is Bright",没有人会喜欢孤独，只是比起失望，随欲，以及冷热纵横交替后的纵横来说，孤独会让人更踏实,191,账号已注销,https://music.163.com/#/song?id=19892229,2026-08-31
GOD IS AN ASTRONAUT,"All Is Violent, All Is Bright",在精神层面停留得太久，人会孤芳自赏，慢慢远离世界，变得孤僻，虽然看起来个性独立，其实是孤立，陷入自我的状态，把自己封闭起来，和社会脱离，对未来没有兴趣、激情丧失、个体自信心丧失，甚至连活下去的勇气都没有了，在放弃这个世界之后，最后的选择是放弃自己的生命。,111,__无需多言_,https://music.163.com/#/song?id=19892229,2026-08-31
GOD IS AN ASTRONAUT,"All Is Violent, All Is Bright",当你跌入低谷时候会发现，很多所谓的朋友与那些路上偶遇的陌生人没有什么两样，都是你的旁观者，陌生人与朋友哪个对你的冷漠更让你受伤……爱音乐吧，音乐只会给你疗伤。,83,长梦不多时,https://music.163.com/#/song?id=19892229,2026-08-31
GOD IS AN ASTRONAUT,"All Is Violent, All Is Bright",永远、永远都不要习惯和沉湎于痛苦，无论多么艰辛、丑陋和不堪都要千次万次救自己出苦海。,37,账号已注销,https://music.163.com/#/song?id=19892229,2026-08-31
Galen crew,Sleepyhead,"Thanks everyone for listening to my song ""Sleepyhead""",150222,Galen_Crew,https://music.163.com/#/song?id=27588470,2026-08-31
Galen crew,Sleepyhead,我翻遍所有搜索引擎，终于找到这首sleepyhead的背景故事，应该是出自《尼伯龙根之歌》大约作于1200年，作者为某不知名的奥地利骑士。分上下两部，讲的是尼德兰王子齐格弗里德早年曾杀死巨龙，占有尼伯龙根族的宝物。他爱慕勃艮第国王巩特尔的妹妹克里姆希尔特并向她求婚。希望顶上去让大家看到,131289,蒸笼里的豆沙包,https://music.163.com/#/song?id=27588470,2026-08-31
Galen crew,Sleepyhead,别人睡出了王子，我们睡成了胖子[撇嘴][撇嘴][撇嘴][撇嘴][撇嘴][撇嘴][撇嘴][撇嘴][晕],97043,睿博诗,https://music.163.com/#/song?id=27588470,2026-08-31
Galen crew,Sleepyhead,没有结局的故事最让人痴迷，就像猜不透心思的女生最让人痴迷[心碎][心碎][心碎][心碎][心碎],47036,Linoemo,https://music.163.com/#/song?id=27588470,2026-08-31
Galen crew,Sleepyhead,看着歌词听完整首歌赶脚像是看完了一部童话史诗电影[大哭][亲],33024,電波肉丸,https://music.163.com/#/song?id=27588470,2026-08-31
Galen crew,Sleepyhead,逼死强迫症的一个美丽的故事,25233,Dimorphous,https://music.163.com/#/song?id=27588470,2026-08-31
Galen crew,Sleepyhead,史诗源于民族大迁移后期匈奴人和勃艮第人斗争的史实，其中人物都是从大量民间传说英雄中提炼而来，但具有浓厚的封建意识。是中世纪德语文学中流传最广、影响最大的作品。顶上去让大家看看这首歌的背景,18003,蒸笼里的豆沙包,https://music.163.com/#/song?id=27588470,2026-08-31
Galen crew,Sleepyhead,世间竟有如此美妙的歌曲，歌词配上轻声低吟，实在让人难以释怀～[爱心][爱心][爱心]～,17860,一万里蔚蓝,https://music.163.com/#/song?id=27588470,2026-08-31
Galen crew,Sleepyhead,Happy new year!,16458,Galen_Crew,https://music.163.com/#/song?id=27588470,2026-08-31
Galen crew,Sleepyhead,让我来分（脑）析（洞）一下这个故事。公主为什么一直不醒？我们都知道装睡的人是无论如何都叫不醒的。公主不想成为父亲的政治筹码，嫁给某位国王，也不想成为爱慕者的战利品。所以她封闭自己一直沉睡，在幽暗的古堡里，哪怕是人生最璀璨的年华。回答最后的问题。她会醒来吗？请看封面的笼中鸟。,16265,大胡子流寇,https://music.163.com/#/song?id=27588470,2026-08-31
Galen crew,Sleepyhead,《Sleepyhead》是首像睡前故事一样的歌，啊啊啊的哼唱太好听啦！故事讲的是：沉睡不醒的睡美人一直在好好睡觉，然后她睡出了一个带着10万兵马来迎娶她的王子（哈哈哈我把故事稍微美化了）。总之 ，不科学地说，好好睡觉也能睡出梦中情人，嗯，就这样。,15936,一麻一麦,https://music.163.com/#/song?id=27588470,2026-08-31
Galen crew,Sleepyhead,I am in Shanghai now. wow,13896,Galen_Crew,https://music.163.com/#/song?id=27588470,2026-08-31
Galen crew,Sleepyhead,Thanks for giving us so good song，really beautiful,7667,新一and工藤,https://music.163.com/#/song?id=27588470,2026-08-31
Galen crew,Sleepyhead,这首歌的作者原本在自己的国家只是一个很小众的歌手，视频上万播放就很高兴，某天有人在推特上告诉他，他的歌在中国有很高的播放量、极多的评论，作者非常高兴，他立刻为中国做了很多准备，最后在北京来了几场巡演，当然，看的人并不多，因为那些播放量在中国挺普遍。我们只听歌，真的知道作者的，很少,6817,一只青叶哟,https://music.163.com/#/song?id=27588470,2026-08-31
Galen crew,Sleepyhead,好喜欢这种风格的歌，闭上眼像是来到了中古时期嘈杂的小酒馆，又像是在噼里啪啦的篝火边，在冒着泡沫的啤酒间、摇曳的火光中是流传的民谣，满是冒险和史诗的味道。,6351,风遇山行,https://music.163.com/#/song?id=27588470,2026-08-31
Galen crew,Fragrance,This song was written in China and the video was filmed in China. I hope you like it :) I am also on Weibo @GalenCrew_盖伦,18389,Galen_Crew,https://music.163.com/#/song?id=461080215,2026-08-31
Galen crew,Fragrance,为什么会在中国拍摄MV？盖伦脸书上说的意思你们看了就会知道： “我很惊讶我的音乐在中国得到了这么多关注。仅仅这一个平台上就有三百万的播放量。我听说别的平台上甚至更多。但不对我开放。如果有人能告诉我这张专辑在其他平台的播放量我会很感激！ 于是乎中国的网友们告诉了他，紧接着巡演开始...,7172,让胡路与萨尔图,https://music.163.com/#/song?id=461080215,2026-08-31
Galen crew,Fragrance,盖伦当年做歌手时在自己国内不受欢迎，点击量有两三千就不错了，他很苦恼。但他的歌在中国很受欢迎，在网易上光评论就三万多，他自己却不知道。后来有网友告诉他这个消息，他高兴坏了，立马决定来中国开演唱会……所以说是中国让他重生，他写这首歌是有原因的。,6103,ghhb-_-,https://music.163.com/#/song?id=461080215,2026-08-31
Galen crew,Fragrance,懂得感恩的人是值得被爱的，赤子的心是温火也是暖阳，你见过怀着感恩之情而在中国拍MV的外国歌手吗？可能是我没见过世面吧，但是盖伦把我的心捂的热热的，希望他红，却不希望他红，人红是非多，但是我却希望更多的人爱他，喜欢他的音乐。只有这样，我这只小粉丝才会更加高兴。,3524,账号已注销,https://music.163.com/#/song?id=461080215,2026-08-31
Galen crew,Fragrance,Fragance中文释义为馥郁芬芳，搭配轻柔的电子旋律，在美国童话歌手Galen Crew温暖的声线下营造出唯美的意境~,2588,萌德不萌,https://music.163.com/#/song?id=461080215,2026-08-31
Galen crew,Fragrance,Galen人真的很nice，私信会读，推特会转，偶尔还会在微博群空降，直播的时候一口比我们讲英语还好的普通话哈哈哈,2419,Color_Me_Blue,https://music.163.com/#/song?id=461080215,2026-08-31
Galen crew,Fragrance,虽说是位美国歌手，但其歌曲在中国的受欢迎程度却远大于美国，拥有众多的中国粉丝，因此对中国有着更深刻的情感，不但歌是在中国写的，连MV也拍得跟上海宣传片似的，这首歌有着电子乐风格的旋律，配上盖伦的清新嗓音，更给人一种耳目一新的感觉[可爱],1842,Esson埃森,https://music.163.com/#/song?id=461080215,2026-08-31
Galen crew,Fragrance,感觉好多歌手都很意外中国会有这么多粉丝，因为人多[大哭],1802,花栗鼠prpr,https://music.163.com/#/song?id=461080215,2026-08-31
Galen crew,Fragrance,"Thanks for listening to Fragrance! I wrote this song and made the MV during my 2016 China tour. And this year I’m coming to China again! Hope to see you in Shenzhen, Guangzhou, Hangzhou, Shanghai, Beijing, Chengdu and Chongqing from 11.28-12.8!",1576,Galen_Crew,https://music.163.com/#/song?id=461080215,2026-08-31
Galen crew,Fragrance,这是歌是为了中国粉丝写的 MV在中国拍的 但那时候Galen为了咱们中国粉丝去年下半年的演唱会分了好几个站点  行程很赶 而就在百忙之中还拍摄这个MV  为了新专辑筹备也是蛮拼的回想起这个我还是蛮心疼船长的  所以我很喜欢船长这个暖心大男孩~,1252,账号已注销,https://music.163.com/#/song?id=461080215,2026-08-31
Galen crew,Fragrance,因为中国的歌迷们，船长才得以继续他的音乐之路，这首歌他是写给中国歌迷的。在这首歌里，船长也把中国传统的二胡加入到了歌曲里面来,1138,iiiiiiiiciiiiiiii,https://music.163.com/#/song?id=461080215,2026-08-31
Galen crew,Fragrance,想与Galen互动可以去新浪微博@GalenCrew_盖伦；官方粉丝团微博@GalenCrew粉丝团 会第一时间更新Galen资讯！感谢大家对Galen的关注 今年春天还有全新专辑发布 秋天更有Galen 的2017年中国巡演哦！,1086,GalenCrew粉丝团,https://music.163.com/#/song?id=461080215,2026-08-31
Galen crew,Fragrance,这才叫歌听  什么我们一起学猫叫 一起喵喵喵 我喵你个大头鬼,531,青春171025,https://music.163.com/#/song?id=461080215,2026-08-31
Galen crew,Fragrance,我结婚典礼开场就是Galen Crew[大笑]的Fragrance,444,奈良东野,https://music.163.com/#/song?id=461080215,2026-08-31
Galen crew,Fragrance,我，躺着玩，不小心，，，，举报了你，，，我也不知道我按到啥了，，，,316,小黑心夹饼干,https://music.163.com/#/song?id=461080215,2026-08-31
Galen crew,What If I Loved You,就算没有999+也比某些9999+的好听。,7068,账号已注销,https://music.163.com/#/song?id=27588467,2026-08-31
Galen crew,What If I Loved You,喜欢的歌还没被大多数人发现的感觉，就像遇到一个安静的姑娘，她的美独属于我。,5327,黎明是一片苹果绿,https://music.163.com/#/song?id=27588467,2026-08-31
Galen crew,What If I Loved You,卧槽，这么帅，这么有才的人怎么不出名呢！？[惊恐]连个中文资料都没有。,3015,坠落的卫星,https://music.163.com/#/song?id=27588467,2026-08-31
Galen crew,What If I Loved You,如果能在夏天的傍晚时，急匆匆扒掉一碗饭后换上漂亮的连衣裙，随后去见一个喜欢的人。和他一起走在安静的巷子里，或是热闹的夜市里，那时候一定连晚风都是无比温柔的。 ​​​,2594,无人结,https://music.163.com/#/song?id=27588467,2026-08-31
Galen crew,What If I Loved You,喜欢他声音的可以听下他唱的sleepyhead [亲亲],2475,九江逆袭,https://music.163.com/#/song?id=27588467,2026-08-31
Galen crew,What If I Loved You,Sleepyhead过来的 声音一听就爱上了,1631,Moose-and-Squirrel,https://music.163.com/#/song?id=27588467,2026-08-31
Galen crew,What If I Loved You,有人认为爱是性，是婚姻，是清晨六点的吻，是一堆孩子，也许真是这样的，莱斯特小姐。但你知道我怎么想吗，我觉得爱是想触碰又收回手。  ——塞林格 《破碎故事之心》,1591,葡萄何时成熟,https://music.163.com/#/song?id=27588467,2026-08-31
Galen crew,What If I Loved You,擦，我一个男的都听得春心动😈,1032,_Demon橙子,https://music.163.com/#/song?id=27588467,2026-08-31
Galen crew,What If I Loved You,“最近看到的一个词：Gnomeshgh 译为“某人愿意在第一时间与你分享有趣的事”，我想这个词比直白的“我喜欢你”，更显得可爱。 ​”,930,美托洛尔m,https://music.163.com/#/song?id=27588467,2026-08-31
Galen crew,What If I Loved You,早上去麦记吃早餐，刚坐下。抬头碰到老早以前学校隔壁班的姑娘。依然如初！餐厅放的这首歌，早上很安静，以至于每句歌词都听的清清楚楚！,878,河北虎大王,https://music.163.com/#/song?id=27588467,2026-08-31
Galen crew,What If I Loved You,我不问 + 你不说 = 误会 我问了 + 你不说 = 隔阂 我问了 + 你说了 = 尊重 你想说 + 我想问 = 默契 我不问 + 你说了 = 信任,836,呐呐呐呐啊-,https://music.163.com/#/song?id=27588467,2026-08-31
Galen crew,What If I Loved You,老用户一般习惯听听歌但是不轻易去夸网易云，知道他很牛逼就可以了，不必诧异,775,小花rrrrrr,https://music.163.com/#/song?id=27588467,2026-08-31
Galen crew,What If I Loved You,我试着用吉他弹了一下开头的节奏。弹出了海绵宝宝的滋味。,759,小潘累累,https://music.163.com/#/song?id=27588467,2026-08-31
Galen crew,What If I Loved You,为我们的虚假情意干杯,582,账号已注销,https://music.163.com/#/song?id=27588467,2026-08-31
Galen crew,What If I Loved You,"""i am the one you've been waiting for."" 看到没？现在完成进行时！从过去到现在延续到将来！划重点了啊同学们！（敲黑板）考试要考的！都给我记牢了啊！ （本人已疯…）",534,AcCIdeNt_D,https://music.163.com/#/song?id=27588467,2026-08-31
HYPER SLASH超级斩,我的悲伤是水做的,太好听了 你知道恐龙为什么灭绝吗 因为它们的前肢太短无法为你的歌声鼓掌 于是它们难过的都死掉了,77486,7月这么热12月不得完蛋了,https://music.163.com/#/song?id=1439814454,2026-08-31
HYPER SLASH超级斩,我的悲伤是水做的,给你跪了课代表。。。,59397,YuH_ChiliChill,https://music.163.com/#/song?id=1439814454,2026-08-31
HYPER SLASH超级斩,我的悲伤是水做的,在音乐课上放，被同学说糖，没错，我们洛天依就是一颗蓝莓味的糖果꒦ິ^꒦ິ,38062,补药虐待窝,https://music.163.com/#/song?id=1439814454,2026-08-31
HYPER SLASH超级斩,我的悲伤是水做的,悲伤是水做的？那就喝掉好了ᐕ),27752,-狐Isaro-,https://music.163.com/#/song?id=1439814454,2026-08-31
HYPER SLASH超级斩,我的悲伤是水做的,这首歌就是让洛天依一个机械姬本身没什么感情韵味的缺点变成了最大的亮点！这歌本身是一首很轻快很少女的歌，就很适合洛天依本身的少女音！与作者本人唱的相比就会少一些个人色彩 有点呆滞的感觉反倒让歌听着更可爱了！（仅个人观点,22185,拖延症手术中,https://music.163.com/#/song?id=1439814454,2026-08-31
HYPER SLASH超级斩,我的悲伤是水做的,嫌弃下雨的天气，可怜淋湿的稿笔，老旧的笔袋沾上泥，水珠在眼眶里流转，摘掉眼镜行不行，视线花的很彻底，考试很不顺利，讨厌文曲星逆行，其实也，不爱物化生，其实也，并不喜欢语英，我的悲伤，是谁做的 是谁做的，一场考试，心里凉得透透的，我的公式，在哪里呢 在哪里呢，晒干这一张试卷，周末去看,17229,二氧化碳的碳,https://music.163.com/#/song?id=1439814454,2026-08-31
HYPER SLASH超级斩,我的悲伤是水做的,妹妹的名字叫嘉琦，早上放歌到“也很喜欢假期”这一句时候妹妹很认真地和我说，她很喜欢我呀……瞬间被她可爱到了(๑´∀`๑),17109,向日葵喜欢西撒,https://music.163.com/#/song?id=1439814454,2026-08-31
HYPER SLASH超级斩,我的悲伤是水做的,嫌弃黑板的笔迹 可怜被砸的手机 新买的游戏机被藏起 爸妈把我作业盯 取消作业行不行 熬夜熬得很彻底 最近很不顺利 讨厌又要上钉钉 其实也 不爱做笔记 其实也 不喜欢国家规定 我的作业 是纸做的 是纸做的 一个学霸 压力大的重重的 我的手机 在哪里呢 在哪里呢 带来叫游戏的自由 周末去上补习班,16826,無love-,https://music.163.com/#/song?id=1439814454,2026-08-31
HYPER SLASH超级斩,我的悲伤是水做的,8.24，我的悲伤是核污水做的[流泪],16098,miku苦茶泡水喝39年,https://music.163.com/#/song?id=1439814454,2026-08-31
HYPER SLASH超级斩,我的悲伤是水做的,个人观点分析一下：歌词写天依讨厌水，可身边处处和水有关。感觉在暗喻人们生活中困难随处可见，让人们难受，甚至有窒息的感觉。因此而在不断地追寻自己的“太阳”，想要摆脱现状。用快活的调唱出了一种无力感，这首歌可以说非常厉害了（・∀・）（仅代表个人观点，具体由作者本人解释）,13421,沭汀star,https://music.163.com/#/song?id=1439814454,2026-08-31
HYPER SLASH超级斩,我的悲伤是水做的,有这样的心态你做什么都会成功的,9959,th7one,https://music.163.com/#/song?id=1439814454,2026-08-31
HYPER SLASH超级斩,我的悲伤是水做的,听了很多翻唱，从男声到女声，从日语到其他歌姬翻唱，真的感觉原唱最好听，其他总觉得缺了什么味，这种僵硬（？）的感觉才是精华啊！！！！,9470,無表情少女,https://music.163.com/#/song?id=1439814454,2026-08-31
HYPER SLASH超级斩,我的悲伤是水做的,在b站听完立刻就赶来了！本来不抱希望可以找到，结果居然赶上了首发吗！特别喜欢「是水做的是水做的」这里的转音 还有bgm能听见海鸟的叫声 配上洛天依空灵的嗓音真的超级舒服！能通过歌曲想象出这首歌闲适又有点孤郁的意像了！,9167,被迫悠闲,https://music.163.com/#/song?id=1439814454,2026-08-31
HYPER SLASH超级斩,我的悲伤是水做的,我的悲伤～ 是数学做的↗ 是数学做的↗ 一个题目 心凉的透透的～💔,7386,Joneune,https://music.163.com/#/song?id=1439814454,2026-08-31
HYPER SLASH超级斩,我的悲伤是水做的,"摸摸（点赞的逢考必过） 　　       　∧,,　 　　　　ヾ ｀. ､`フ 　　　(,｀'´ヽ､､ﾂﾞ 　 (ヽｖ'　　　`''ﾞつ 　　,ゝ　 ⌒`ｙ'''´ 　 （ (´＾ヽこつ 　　 ) ) 　　(ノ",6041,小玉儿_CL,https://music.163.com/#/song?id=1439814454,2026-08-31
HYPER SLASH超级斩,反乌托邦Pt.2,来了来了，快躺下，等后人考古！[搞怪],9925,亞細亞曠世奇才_,https://music.163.com/#/song?id=3330630999,2026-08-31
HYPER SLASH超级斩,反乌托邦Pt.2,丧歌牢九门： 草东：孩子们，我是一坨烂泥 亚细亚：孩子们，我被困在莫愁乡里出不来了 洛天依：孩子们，我的悲伤是水做的 乌托邦P：孩子们，我的心脏被困住了 乐正绫：孩子们，我帮你们读秒 星尘与诗岸：请输入文本,9711,龙丶白剑,https://music.163.com/#/song?id=3330630999,2026-08-31
HYPER SLASH超级斩,反乌托邦Pt.2,抱歉兄弟们来晚啦，在出差刚下飞机✈️,9540,ChinaNeedsMyVoice,https://music.163.com/#/song?id=3330630999,2026-08-31
HYPER SLASH超级斩,反乌托邦Pt.2,谁不想去那乌托邦，谁不想留在莫愁乡。,8032,七缄,https://music.163.com/#/song?id=3330630999,2026-08-31
HYPER SLASH超级斩,反乌托邦Pt.2,调了！这次所有引擎的声库都用上了！[手动狗头],5077,鬼面P,https://music.163.com/#/song?id=3330630999,2026-08-31
HYPER SLASH超级斩,反乌托邦Pt.2,来建个只有“活下去”的楼吧，咱们都当古人[耍酷],3915,单推无人,https://music.163.com/#/song?id=3330630999,2026-08-31
HYPER SLASH超级斩,反乌托邦Pt.2,“我那日日相见的莫愁乡”“我那素未谋面的乌托邦”,3869,爱小星尘的无境一枚,https://music.163.com/#/song?id=3330630999,2026-08-31
HYPER SLASH超级斩,反乌托邦Pt.2,才不会这么简单呢！真…真的！,3548,洛天依,https://music.163.com/#/song?id=3330630999,2026-08-31
HYPER SLASH超级斩,反乌托邦Pt.2,修正了反乌托邦这首歌本身有点过分理想化和亚细亚写歌悲剧无力感太强的问题，合成了一首兼具无奈的现实和理想主义的期待的更强势的歌。很喜欢这种天依和亚细亚对唱的感觉，年轻的理想主义者和经历世事的现实主义者互相的安慰和拯救，好词，好品,3508,带来幸福的魔法,https://music.163.com/#/song?id=3330630999,2026-08-31
HYPER SLASH超级斩,反乌托邦Pt.2,才从学校回来[惶恐],2439,Utopia-Kopernik,https://music.163.com/#/song?id=3330630999,2026-08-31
HYPER SLASH超级斩,反乌托邦Pt.2,冷知识：在周刊5.0中，这首歌第二次终结了洛天依的长期霸榜行为，强势让星辰和诗岸夺得第一第二 现在亚细亚和天依联动来唱了[爆笑] 红粉联动👍👍👍,2420,春曦丶,https://music.163.com/#/song?id=3330630999,2026-08-31
HYPER SLASH超级斩,反乌托邦Pt.2,才不会上当呢！,2409,洛天依,https://music.163.com/#/song?id=3330630999,2026-08-31
HYPER SLASH超级斩,反乌托邦Pt.2,高考前听反乌托邦哭了，填志愿的暑假听莫愁乡哭了，现在是大一期末周推荐那个反乌托邦pt2，我又哭了,1850,mondihari,https://music.163.com/#/song?id=3330630999,2026-08-31
HYPER SLASH超级斩,反乌托邦Pt.2,嘛，美中不足的就是评论区有专业户批评亚细亚近期的歌没有进行足够沉淀，而开始走商业路线，认为不应该和中V合作术曲。但音乐品味与音乐品位是两码事，如果你特别厌烦这首曲子就应该立马拉黑不去听，因为三个圈子交了一下，不习惯听是正常的，而不是ky扫人兴致。这首从一个外人的角度来看是编排纷杂，,1563,超级无敌大砂闭,https://music.163.com/#/song?id=3330630999,2026-08-31
HYPER SLASH超级斩,反乌托邦Pt.2,pepoyo:孩子们是上吊还是欢欢乐乐安乐死选一个吧,1515,Katorarii,https://music.163.com/#/song?id=3330630999,2026-08-31
HYPER SLASH超级斩,勾指起誓,"""两手轻扣，小指相勾。 良缘既结，共祝白头。 我愿把余生与你共享， 无论它波谲云诡，或平淡如水。 你也愿意的话，请握紧我的手。 回忆谱写成歌，愿未来珍酿成酒。 谨以《勾指起誓》，献给你。"" ——ilem",85105,烂柯人23,https://music.163.com/#/song?id=1345872140,2026-08-31
HYPER SLASH超级斩,勾指起誓,1.情人节快乐 2.想不到今年情人节第一口狗粮就是教主和张老师的 3.其实早就应该看到的 4.奶一口教主和张老师的人声本家 5.听了这么久教主的歌说话也开始用教主体了 6.教主和张老师要幸福呀 7.说好从今以后都牵着手，因为要走很远 8.勾指起誓，就是一辈子 9.磅15便士(划去 9.我喜欢你,45598,__cinnabar,https://music.163.com/#/song?id=1345872140,2026-08-31
HYPER SLASH超级斩,勾指起誓,教主在写给我第一个喜欢的女孩的歌里面说： 表白的不要都跑到我这里来刷啊 (╯°口°)╯(┴—┴ 这是我写给我姑娘的歌啊 (╯°口°)╯(┴—┴ 是专属于她的歌啊 (╯°口°)╯(┴—┴ 你们拿去表白了算怎么回事啊 (╯°口°)╯(┴—┴ 要给姑娘送歌自己去写啊 (╯°口°)╯(┴—┴ 要表白自己去说啊 (╯°口°)╯(┴—┴,45167,El-psy-congroo_,https://music.163.com/#/song?id=1345872140,2026-08-31
HYPER SLASH超级斩,勾指起誓,居然有人说洛天依假唱？[大哭][大哭]这个梗我可以笑一年…,39483,溯可还行,https://music.163.com/#/song?id=1345872140,2026-08-31
HYPER SLASH超级斩,勾指起誓,洛天依:你是信的开头~~  鲁迅:“信的开头就是‘你悔改罢’!” 勾指起誓--完结[大哭] ——鲁迅《藤野先生》,25949,泠_光,https://music.163.com/#/song?id=1345872140,2026-08-31
HYPER SLASH超级斩,勾指起誓,这首专辑的名字是2:3啊……意思是二次元和三次元的交点   有多少人把封面看成一个人了[汗],14520,御坂网络服务器,https://music.163.com/#/song?id=1345872140,2026-08-31
HYPER SLASH超级斩,勾指起誓,封面→保存→镜面旋转→拼接→喜提头像一张🤓,11324,SIMD32,https://music.163.com/#/song?id=1345872140,2026-08-31
HYPER SLASH超级斩,勾指起誓,哈哈哈哈哈哈哈教主太可爱了吧！！教母真的好幸福ヽ(≧Д≦)ノ,10264,齐木-楠雄,https://music.163.com/#/song?id=1345872140,2026-08-31
HYPER SLASH超级斩,勾指起誓,还有洛天依吸毒(狗头)哈哈哈哈哈哈哈哈哈哈哈,8749,蓬远山,https://music.163.com/#/song?id=1345872140,2026-08-31
HYPER SLASH超级斩,勾指起誓,教主把天依当女儿，却让自家的女儿唱着写给自家媳妇儿的歌[大哭],8092,MIKU的黑加仑酱,https://music.163.com/#/song?id=1345872140,2026-08-31
HYPER SLASH超级斩,勾指起誓,信的开头(德语:信任vertrauen)取ve      诗的内容(英语:poem)取o    童话的结尾(日语:おとぎばなし)取し  组成しove,7810,哔哔哔栗,https://music.163.com/#/song?id=1345872140,2026-08-31
HYPER SLASH超级斩,勾指起誓,你是月色真美。[钟情],7591,八重神子,https://music.163.com/#/song?id=1345872140,2026-08-31
HYPER SLASH超级斩,勾指起誓,《勾指起誓》投稿时间2019.2.13 22:09，于2019.2.18 20:23达成传说（1000058），用时 4天 22时 14分。是中v第49首传说曲，ilem第14首传说曲，洛天依第41首传说曲。（复制的）,6803,卐浅夏花开,https://music.163.com/#/song?id=1345872140,2026-08-31
HYPER SLASH超级斩,勾指起誓,最初的声音，未来的幻想。——初音未来 乐舞正兴，绫罗翩跹。——乐正绫 华风夏韵，洛水天依。——洛天依 众星为你，皆降为尘。——星尘 心之所向，华然成诗。——心华 蘸以清墨，书我弦歌。——清弦 言尽繁华，尽心守和。——言和,5598,bili_永川-万樽言,https://music.163.com/#/song?id=1345872140,2026-08-31
HYPER SLASH超级斩,勾指起誓,下个月婚礼，打算现场用这首歌,4864,居士说,https://music.163.com/#/song?id=1345872140,2026-08-31
JOYCE 就以斯,你说话的声音好细,我也喜歡廣仲,1652,JOYCE就以斯,https://music.163.com/#/song?id=3317305828,2026-08-31
JOYCE 就以斯,你说话的声音好细,是不是恋爱了🥹🥹太细腻又温柔的感觉了 本来还在和女朋友别扭 听完直接想跑去拥抱她了,1367,YBluelu,https://music.163.com/#/song?id=3317305828,2026-08-31
JOYCE 就以斯,你说话的声音好细,還是要相信愛情的！！！,673,JOYCE就以斯,https://music.163.com/#/song?id=3317305828,2026-08-31
JOYCE 就以斯,你说话的声音好细,不要在评论刷lz招黑 当安静的听众就好了！就以斯是很优秀的台湾音乐人 这首歌的专辑才华换桃花还有很多好听的歌 可以听听看哦,542,Shirotori白鸟欣,https://music.163.com/#/song?id=3317305828,2026-08-31
JOYCE 就以斯,你说话的声音好细,慕名而来的游客不必高呼导游的名字,488,LAR_pYrr,https://music.163.com/#/song?id=3317305828,2026-08-31
JOYCE 就以斯,你说话的声音好细,很佩服Joyce在歌词里对爱的无限抒发，给人一种依恋关系很安全的感觉～,425,Lious-x1,https://music.163.com/#/song?id=3317305828,2026-08-31
JOYCE 就以斯,你说话的声音好细,朦胧的咬字和激进的吉他就是少女对喜欢的人内心的狂热和表面的抑制的矛盾,409,马爱上了草,https://music.163.com/#/song?id=3317305828,2026-08-31
JOYCE 就以斯,你说话的声音好细,咬字好卢广仲,352,不爱悲伤的公主鱼,https://music.163.com/#/song?id=3317305828,2026-08-31
JOYCE 就以斯,你说话的声音好细,好我现在坐地铁去找她,325,YBluelu,https://music.163.com/#/song?id=3317305828,2026-08-31
JOYCE 就以斯,你说话的声音好细,阿哲什么都会。,297,Gnot_9,https://music.163.com/#/song?id=3317305828,2026-08-31
JOYCE 就以斯,你说话的声音好细,好适合给俗女那种剧当BGM,215,一只呆朵,https://music.163.com/#/song?id=3317305828,2026-08-31
JOYCE 就以斯,你说话的声音好细,听小jo现场的时候就超喜欢这首，还有讲写这首歌发生的故事。好喜欢这首歌的歌词，写的好细腻“就算跌了個跤也沒關係，讓我把你的膝都擦乾淨，讓我把你的心好好的疼惜”，特别懂女生在安慰女生的时候的温柔和细腻,152,Janice_o-o_,https://music.163.com/#/song?id=3317305828,2026-08-31
JOYCE 就以斯,你说话的声音好细,网易云是怎么根据性取向推荐歌的[流感],133,老刘莲披萨,https://music.163.com/#/song?id=3317305828,2026-08-31
JOYCE 就以斯,你说话的声音好细,郭采洁声线的陈老师卢广仲时候,127,桐梓林玩儿少,https://music.163.com/#/song?id=3317305828,2026-08-31
JOYCE 就以斯,你说话的声音好细,谁懂刚开始的那几个和弦，像keshi的《limbo》，我一下子恍惚了🥹,96,不要气温差,https://music.163.com/#/song?id=3317305828,2026-08-31
JOYCE 就以斯,只要你开心,这个咬字发音好喜欢 古灵精怪的 甜妹拯救世界[吐舌],759,DemolitionBuild,https://music.163.com/#/song?id=2758207862,2026-08-31
JOYCE 就以斯,只要你开心,她有点像个更活泼的陈娴静☺️,564,光滑小王,https://music.163.com/#/song?id=2758207862,2026-08-31
JOYCE 就以斯,只要你开心,“这首歌 在讲什么东西勒 这首歌啊 就是去年六月的时候啊 开始晕一个女生 这个女生又会弹琴 又会做饭 还会写歌 我们根本就是天作之合!!！！！ 我喜欢她 她怎么可能不喜欢我！ 所以我就写了一个 一个告白歌 叫做 只要你开心,498,幸运的小孩_Ke,https://music.163.com/#/song?id=2758207862,2026-08-31
JOYCE 就以斯,只要你开心,郭采洁你不干有的是人干[爆笑]（狗头保命）,400,刺猬水煮鸡,https://music.163.com/#/song?id=2758207862,2026-08-31
JOYCE 就以斯,只要你开心,写的是baby girl诶～,235,justHUTA_,https://music.163.com/#/song?id=2758207862,2026-08-31
JOYCE 就以斯,只要你开心,只有女的写女的能如此纯粹可信，因为真懂妳的好和美。,137,zezezex,https://music.163.com/#/song?id=2758207862,2026-08-31
JOYCE 就以斯,只要你开心,所有人保持苹果肌扁平！,105,三口Rinn,https://music.163.com/#/song?id=2758207862,2026-08-31
JOYCE 就以斯,只要你开心,就以斯你快火起来吧！我要看你的巡演,105,住进妳的行李,https://music.163.com/#/song?id=2758207862,2026-08-31
JOYCE 就以斯,只要你开心,有enfp喜欢这首歌的吗[脸红],83,Blusher-_,https://music.163.com/#/song?id=2758207862,2026-08-31
JOYCE 就以斯,只要你开心,不错不错😌女版卢广仲的feel,83,Journey_19th,https://music.163.com/#/song?id=2758207862,2026-08-31
JOYCE 就以斯,只要你开心,就是拉拉之歌 我不管！,75,Orange橙17,https://music.163.com/#/song?id=2758207862,2026-08-31
JOYCE 就以斯,只要你开心,在这里养了两只猫，路过的朋友可以摸摸它                  ／＞　　フ                  |  　_　 _ l 　 　　　／` ミ＿꒳ノ 　　 　 /　　　 　 | 　　　 /　 ヽ　　 ﾉ            ／l、  　 　 │　　|　|　|          （ﾟ､ 。 ７ 　／￣|　　 |　|　|           　l、 ~ヽ 　| (￣ヽ＿_ヽ_)__),53,姓胡的嗨嗨,https://music.163.com/#/song?id=2758207862,2026-08-31
JOYCE 就以斯,只要你开心,纯爱俱乐部live 唱这首歌前的talk,49,幸运的小孩_Ke,https://music.163.com/#/song?id=2758207862,2026-08-31
JOYCE 就以斯,只要你开心,喜欢这种一个词一个字往外蹦的俏皮感,41,伞麓,https://music.163.com/#/song?id=2758207862,2026-08-31
JOYCE 就以斯,只要你开心,我在首页的广告上刷到了抽取春天的对象，居然抽到了拉拉歌？？大数据在监控我的柜门吗Σ（ﾟдﾟlll）,40,快乐的烂泥,https://music.163.com/#/song?id=2758207862,2026-08-31
JOYCE 就以斯,shadow,土象的爱可以参考毛姆的话：我对你根本没抱幻想。我知道你愚蠢，轻佻，头脑空虚，然而我爱你。我知道你的企图、你的理想，你的势利、庸俗，然而我爱你。,473,放屁也要用力的,https://music.163.com/#/song?id=2006212682,2026-08-31
JOYCE 就以斯,shadow,天呐！什么宝藏呀！！！,291,泰勒ASwift,https://music.163.com/#/song?id=2006212682,2026-08-31
JOYCE 就以斯,shadow,日推到这首歌的人真是泰！裤！辣！,272,MMzk_gvzb,https://music.163.com/#/song?id=2006212682,2026-08-31
JOYCE 就以斯,shadow,亲爱的x：      我却只能送你用合金做的心，我是旧时代的人。如果可以，我多么想与你携手前进；我也多么想见证这天地辽阔，山高水远；我多么想看到一尘不染的月亮在双子座和地平线间游走；我多么想感受微风和大地，感受一种那种即将问世的紧张。,109,URORB,https://music.163.com/#/song?id=2006212682,2026-08-31
JOYCE 就以斯,shadow,外表热情小狗 内里清冷月光 说着违心又别扭的话 又期望有人看穿你的伪装,98,0-beLLe,https://music.163.com/#/song?id=2006212682,2026-08-31
JOYCE 就以斯,shadow,有种经历过腾痛任然保持期待的温柔，安静又坚韧的灵魂，像波澜不惊的湖水，水面下涌动不停息的爱意,88,古代汉语词典,https://music.163.com/#/song?id=2006212682,2026-08-31
JOYCE 就以斯,shadow,"to have you linger in my brain,  每当想起你 都让我痛苦。",67,我有台北病,https://music.163.com/#/song?id=2006212682,2026-08-31
JOYCE 就以斯,shadow,这么好听的歌，这数据有点问题吧，怎么才这么点评论和点赞？,40,擒死帝,https://music.163.com/#/song?id=2006212682,2026-08-31
JOYCE 就以斯,shadow,梦到一个卖花的人 两手空空地对我说：人要感到幸福，才能看见花。,30,埋啊埋酱,https://music.163.com/#/song?id=2006212682,2026-08-31
JOYCE 就以斯,shadow,摩羯真喜欢确实能包容所有 真喜欢的概率小的和我发表sci一样[奸笑],28,honahona,https://music.163.com/#/song?id=2006212682,2026-08-31
JOYCE 就以斯,shadow,带着一样的惊叹点开评论区发现一样的话哈哈哈,23,Music-Ben7,https://music.163.com/#/song?id=2006212682,2026-08-31
JOYCE 就以斯,shadow,我喜欢你 所以你别和她们玩,19,TimGuys,https://music.163.com/#/song?id=2006212682,2026-08-31
JOYCE 就以斯,shadow,亲爱的x，我在流水线上用铁做成月亮，在我的眼皮底下，废墟、深渊、短堤，均不存在。我在什么地方，你会去什么地方——跑吧，年轻的小姐，跑起来吧，请不要焦虑，请不要悲伤，别回头，大步向前跑吧。只要你足够勇敢，就没有事物能阻挡你。,17,URORB,https://music.163.com/#/song?id=2006212682,2026-08-31
JOYCE 就以斯,shadow,好浓好酸涩的女同味…,15,Urirrr,https://music.163.com/#/song?id=2006212682,2026-08-31
JOYCE 就以斯,shadow,我会在这里看着你，为你祝福，直到再也不能看见你的身影。x，我们会在彼此的世界中活着，我们的月亮永不会消亡。,14,URORB,https://music.163.com/#/song?id=2006212682,2026-08-31
Jake Miller,Rumors,中国越来越重视版权了，这是好事,135474,丑葵,https://music.163.com/#/song?id=33071205,2026-08-31
Jake Miller,Rumors,封面上人脸的黑条怎么……感觉……在哪见过啊[惶恐],128487,FrancisJiang,https://music.163.com/#/song?id=33071205,2026-08-31
Jake Miller,Rumors,这个翻译好欢乐[开心]：“我要和你传绯闻啊，传呀传绯闻”,36781,ME_Jon,https://music.163.com/#/song?id=33071205,2026-08-31
Jake Miller,Rumors,现在音乐越来越重视版权这是好事，本来音乐就不是该免费的东西，作者创作是需要本钱的。而且目前要付费才能听的歌毕竟是少数，只是不能下载而已，不觉得有什么影响啊[这边]而且网易开音乐包是业界最便宜的了，不要动不动就说网易啊。太阳的后裔到现在都还没版权，想花钱都没地方花。[皱眉],29510,曼君最幸运,https://music.163.com/#/song?id=33071205,2026-08-31
Jake Miller,Rumors,"""Ain't it Funny ，Rumors fly？""小帅比流行/说唱歌手Jake Miller最新EP【Rumors】同名首支主打来袭，这张EP目前已经登顶ITunes Pop。恭喜[可爱]",26382,Wreckingball,https://music.163.com/#/song?id=33071205,2026-08-31
Jake Miller,Rumors,我不知道这首歌养活了多少整活博主[多多捂脸][多多捂脸],14856,睡觉__Z1mo,https://music.163.com/#/song?id=33071205,2026-08-31
Jake Miller,Rumors,我昨天差点死在这首歌上[惊恐]事情是这样的，我昨天看了鬼片，晚上就有些害怕不敢睡觉我就带着耳机听着这首歌，然后就睡着了，半梦半醒间我感觉有什么东西在勒我的脖子，因为勒的很紧所以我才醒起来，我感觉肯定是什么东西在掐我的脖子，我不敢睁眼，但是我还是壮着胆打开灯一看，妈的，耳机线!,9040,吃芹菜的西红柿,https://music.163.com/#/song?id=33071205,2026-08-31
Jake Miller,Rumors,冲完会员  网易推荐歌都认真了,7867,账号已注销,https://music.163.com/#/song?id=33071205,2026-08-31
Jake Miller,Rumors,"我觉得那句oh my god, tell me everything 是精华🌝🌝",7524,AweMer,https://music.163.com/#/song?id=33071205,2026-08-31
Jake Miller,Rumors,如果一个人秒回了你，也只能说明这个人在玩手机而已。,7165,Howe_v_er,https://music.163.com/#/song?id=33071205,2026-08-31
Jake Miller,Rumors,是的，你没看错这是警察贴照用的,6752,WAN_AMLY,https://music.163.com/#/song?id=33071205,2026-08-31
Jake Miller,Rumors,然后手机装n个音乐软件[多多耍酷],5312,爱斯逆登,https://music.163.com/#/song?id=33071205,2026-08-31
Jake Miller,Rumors,兄弟，借一步详谈[奸笑],5016,别失眠_r,https://music.163.com/#/song?id=33071205,2026-08-31
Jake Miller,Rumors,with you.with you翻译成传呀传绯闻。哈哈哈哈哈。好有意思。,4576,爱吃火锅的辛慰_,https://music.163.com/#/song?id=33071205,2026-08-31
Jake Miller,Rumors,扫黄被抓,4524,不是孤独才需要爱,https://music.163.com/#/song?id=33071205,2026-08-31
Jake Miller,Parties,我的天 这不是我翻译的嘛 啥时候999+了[惊恐],326561,lovkatarina,https://music.163.com/#/song?id=484365611,2026-08-31
Jake Miller,Parties,第一次在网易云留言。我现在是一名高四生，真的，压力挺大，上学放学吃饭都是一个人，除了学习做得最多的事就是听歌，希望我明年可以考上重点大学，拼搏。[大笑],166062,RAIN-CE,https://music.163.com/#/song?id=484365611,2026-08-31
Jake Miller,Parties,我是那本书，我本来很安静的躺在书架上，直到有一天来了一个长相一般般的高中学生，他拿走了我，把我压到他屁股下面，直到他的女神来了，把我拿走了，后来到了他们的老师手上，最后我还是回到了那个高中男生手上，因为他跟同样拥有我的老师结婚了。。,50746,不愿透露姓名的莲花,https://music.163.com/#/song?id=484365611,2026-08-31
Jake Miller,Parties,看到這封面 我願意睡大街了[大哭],36035,李知詩,https://music.163.com/#/song?id=484365611,2026-08-31
Jake Miller,Parties,因为哪怕事到如今 我还是不敢面对现实,16734,AKA阳帅,https://music.163.com/#/song?id=484365611,2026-08-31
Jake Miller,Parties,Forget the memories， continue to be life， miss， just pass by。 ~~~忘不掉的是回忆，继续的是生活，错过的，就当是路过。,15759,账号已注销,https://music.163.com/#/song?id=484365611,2026-08-31
Jake Miller,Parties,你翻译的还是蛮应景的。[强],13154,背井又离乡,https://music.163.com/#/song?id=484365611,2026-08-31
Jake Miller,Parties,此时一位六年后的亿万富翁赞了我,12187,AnimoMaite,https://music.163.com/#/song?id=484365611,2026-08-31
Jake Miller,Parties,相信我，回忆过去会让你难受的。,10762,月见草-Mtrla,https://music.163.com/#/song?id=484365611,2026-08-31
Jake Miller,Parties,第一次，在网易云上留言，我现在是一名三年级小学生。压力挺大的，学校就是一个小社会，弱小就要受欺负，上学放学吃饭回家都是一个人，除了学习做的最多的事就是听歌，看美剧。希望我21年可以考上初中。拼搏[大笑],5980,三得利啊,https://music.163.com/#/song?id=484365611,2026-08-31
Jake Miller,Parties,现在是1w+了！,5411,LF-snow,https://music.163.com/#/song?id=484365611,2026-08-31
Jake Miller,Parties,对面热闹的派对与孑然一身的自己形成对比 唉，还是让我消失在你的生命里吧,5350,M5HAB,https://music.163.com/#/song?id=484365611,2026-08-31
Jake Miller,Parties,晚上，我一个人在家里 “有鬼吗？帮我关下灯，我请你吃冰淇淋。” 灯啪嗒一声关了 我害怕地不敢出声 此时，角落里一个小小的声音传来 “可以要草莓味的吗？” “哎？没有草莓味的了？”(｡•́︿•̀｡)鬼气呼呼的又把灯打开了 “那你自己关！”,4917,-_昔梦_-,https://music.163.com/#/song?id=484365611,2026-08-31
Jake Miller,Parties,希望你… 想我（删掉） 来找我（删掉） 喜欢我（删掉） 没事也会思念我（删掉） 跟我讲你每天遇到的人，遇到的事（删掉） 一直开心啊。,4316,多想成为你的deer,https://music.163.com/#/song?id=484365611,2026-08-31
Jake Miller,Parties,曾经我因为这首歌，成绩突飞猛进，步入优秀的行列，而现在我要将这份幸运交给那些中考，高考的同学。加油。你们一定可以考进自己理想的学校,4053,7sxxi,https://music.163.com/#/song?id=484365611,2026-08-31
Jake Miller,The Girl That's Underneath,听这首歌 听到手机只剩5%的电 还舍不得关闭,17672,三月咖喱,https://music.163.com/#/song?id=543988541,2026-08-31
Jake Miller,The Girl That's Underneath,其实听英文歌最大的意义在于，不看翻译我根本听不懂这首歌想表达什么，但是旋律很好，一听就着迷，什么乱七八糟的事情都抛到脑后，就享受在这个beat里，一遍一遍的循环下去，这种感觉舒服又自在，心情好像变得没那么糟了,9848,-怎么又下小雨-,https://music.163.com/#/song?id=543988541,2026-08-31
Jake Miller,The Girl That's Underneath,抖腿一时爽，腿一直抖一直爽,4990,你才会收到暗号,https://music.163.com/#/song?id=543988541,2026-08-31
Jake Miller,The Girl That's Underneath,人生无奈的两件事，莫名其妙的孤独和无可救药的喜欢。,4881,Endlesumer,https://music.163.com/#/song?id=543988541,2026-08-31
Jake Miller,The Girl That's Underneath,有些歌听前奏就喜欢上了，有些人看一眼就喜欢上了，有些作业写两页就懵逼了,4688,账号已注销,https://music.163.com/#/song?id=543988541,2026-08-31
Jake Miller,The Girl That's Underneath,二月调考考得还可以 班主任好像对我抱有很大希望 让我开始感觉到压力 不想让别人失望 本来我的目标很简单 成绩要比我喜欢的人好 这样就有了选择的权利 现在我得更加努力了 为了不辜负别人 也为了让自己喜欢的人刮目相看 离高考还有一百天 加油💪,4080,_Chubbybelly,https://music.163.com/#/song?id=543988541,2026-08-31
Jake Miller,The Girl That's Underneath,老天爷 碰到真爱的时候 能不能放个背景音乐提示一下,3624,烤冷面仙尊是也,https://music.163.com/#/song?id=543988541,2026-08-31
Jake Miller,The Girl That's Underneath,一根牙签站在路边高声喊道：公交车！一只刺猬停下了。,2997,不吃巴拉根,https://music.163.com/#/song?id=543988541,2026-08-31
Jake Miller,The Girl That's Underneath,是不是手机把电用完就扔了换新的,2084,星际的小蚂蚁,https://music.163.com/#/song?id=543988541,2026-08-31
Jake Miller,The Girl That's Underneath,高考完之后我也想陪着你，早晨一起刷牙，用满嘴的泡泡蹭你的脸，你嫌弃我又抱着我，帮我换好衬衣，扣子一个个细心地扣上，牵着手摇摇晃晃走过每一条小巷。你坐在落地窗前看日落，我偷偷看你的侧脸，金色的光打在你的眉头你的眼眸，熠熠生辉，要是被你发现了，我就吻上去。,1887,al1son_qing,https://music.163.com/#/song?id=543988541,2026-08-31
Jake Miller,The Girl That's Underneath,有种东西叫充电器……,1755,痘蛆死,https://music.163.com/#/song?id=543988541,2026-08-31
Jake Miller,The Girl That's Underneath,既然她这么万众瞩目你怎么会觉得你better than her[生病],1612,想活在游戏里,https://music.163.com/#/song?id=543988541,2026-08-31
Jake Miller,The Girl That's Underneath,个人认为歌词是一对男女朋友，女方或许是明星模特之类的，女方在镜头面前戴着面具时刻完美，而在两人独处时，女方依旧如此，男方觉得这段感情好像没有让对方完全投入，他们之间的关系好像并不是情侣，他就像离她近一些的粉丝，但也止步于此，无法接触她内心真实想法，这种关系令他煎熬。,1486,嘒彼一小星,https://music.163.com/#/song?id=543988541,2026-08-31
Jake Miller,The Girl That's Underneath,24年高考加油啊各位,1463,瓦达西爱睡觉,https://music.163.com/#/song?id=543988541,2026-08-31
Jake Miller,The Girl That's Underneath,说实话，在网易云，哪怕不评论，只看你们的回复，都能学到很多东西。你们的知识储备量太恐怖了，国际形势，石油期货，汉唐历史，世界名著，高压电路，电子产品，高端生活，奢侈品牌，烹饪技巧，揣摩人心等等，无不信手拈来，而且关键的是你们的b还装的非常到位。,1216,热心网友k-k,https://music.163.com/#/song?id=543988541,2026-08-31
Jessie赵慧娟,如光的存在(星际小孩合唱版432Hz),感谢Suno，实现了《如光的存在》的星际小孩合唱版～～,10,耶鲁疗愈姐姐Jessie,https://music.163.com/#/song?id=3314078538,2026-08-31
Jessie赵慧娟,利莫里亚的召唤432Hz,传说，在利莫里亚文明沉入海底的时候，众祭司享受这首歌，来安慰灵魂，减少创伤和传递爱的力量。 重新改编了这首歌，想表达爱一直都在！,16,耶鲁疗愈姐姐Jessie,https://music.163.com/#/song?id=2694262539,2026-08-31
LANY,13,愿山野浓雾都有路灯 风雨漂泊都能归舟,41585,9zyi,https://music.163.com/#/song?id=480648759,2026-08-31
LANY,13,lany说“之所以是13，是因为我们在July.13.2016写的”,21749,你算个ShenMeGui,https://music.163.com/#/song?id=480648759,2026-08-31
LANY,13,因为这首歌越来越火 所以我想重申一下 翻译是凌晨传的 有地方翻译错误…… We started out alright是一开始还很好(初遇很美好) I knew we'd last this time是我们这次会走下去(感情会长久) 之前有提过但是评论刷下去了 由于我没有时间轴 所以没办法改正了 谢谢大家支持翻译 以后不会再犯低级错误了💕,12270,猹凡不思,https://music.163.com/#/song?id=480648759,2026-08-31
LANY,13,如果你正在单身，不要着急。上帝正望着你，说：“我要为这个女孩留一个特别的人”,9683,Summer腿好短,https://music.163.com/#/song?id=480648759,2026-08-31
LANY,13,据统计19岁时你喜欢上的那个人是你这辈子最难忘怀的，,9429,6k1Ms,https://music.163.com/#/song?id=480648759,2026-08-31
LANY,13,你们有没有发现把今天日期2017.10.2倒过来还是2017.10.2[大笑],8225,账号已注销,https://music.163.com/#/song?id=480648759,2026-08-31
LANY,13,恋人十二画，爱人十二画，家人十二画，朋友十二画，我给你的备注是十三，恋人多一点，爱人多一点，家人多一点，朋友多一点，所以十三的名字叫挚爱。,4735,叫我冯先森好了,https://music.163.com/#/song?id=480648759,2026-08-31
LANY,13,建议网易云增加“超喜欢”和“爆喜欢”按钮,4132,4797x,https://music.163.com/#/song?id=480648759,2026-08-31
LANY,13,“我差点就被黑夜冲昏头脑说想你了”,3985,一颗粟籽,https://music.163.com/#/song?id=480648759,2026-08-31
LANY,13,连续几天“17”，“16”，“13”❤@酸欠妹,3728,SauRyMS_Randy,https://music.163.com/#/song?id=480648759,2026-08-31
LANY,13,不要跟特别喜欢的人谈恋爱，一定会搞砸,3611,胡超越_,https://music.163.com/#/song?id=480648759,2026-08-31
LANY,13,今天生日希望有20个赞，20岁[可爱],2753,Ata阿泰,https://music.163.com/#/song?id=480648759,2026-08-31
LANY,13,啊啊啊啊好苏~ 小哥哥带我回家吧~,2391,账号已注销,https://music.163.com/#/song?id=480648759,2026-08-31
LANY,13,今天初五 照常上班 看到了之前打过招呼的那个门卫爷爷 不说话又怕尴尬 说话不知道说什么 爷爷先说，新年快乐啊，小妹 说了几句话，他继续扫地，我继续走路去上班 城市是一个几百万人一起生活的陌生地方 并肩走在路上的人 在街头熙熙攘攘的人 都是陌生的人 虽然你们很近,2053,巴拉拉wsa,https://music.163.com/#/song?id=480648759,2026-08-31
LANY,13,我从来不可以说什么,1888,甜蜜的六月,https://music.163.com/#/song?id=480648759,2026-08-31
LANY,Alonica,可恶 又是我们几个有品味的在听,7638,小智听啥呢,https://music.163.com/#/song?id=2061890822,2026-08-31
LANY,Alonica,这个世界上有太多好听的歌 所以我得活着,3237,上菜PLAY,https://music.163.com/#/song?id=2061890822,2026-08-31
LANY,Alonica,这样的仙曲都是我行善积德应得的,3059,快乐星球球长本人,https://music.163.com/#/song?id=2061890822,2026-08-31
LANY,Alonica,“ 好想给航空公司一个建议 把座椅前面的杂志换成日记本 肯定很多人写的肯定有很多故事 乘客可以看见别人写的东西 公司把写完的日记本收集起来 做成期刊就叫'飞行日记' 人们只有在飞机上才可能放下自己的手机 ”,2874,轩尼灬诗,https://music.163.com/#/song?id=2061890822,2026-08-31
LANY,Alonica,lany真的好神，总能描述出我心中那种夏天的傍晚在海边漫步看着渐渐消失的落日变成晚霞，生动饱满的歌曲，有点像pink skies的姐妹篇，又像malibu nights的续篇...,1626,Qyolo,https://music.163.com/#/song?id=2061890822,2026-08-31
LANY,Alonica,“其实早睡两个小时也不会错过什么重要消息”,1389,林舒妍-氧气美女,https://music.163.com/#/song?id=2061890822,2026-08-31
LANY,Alonica,alonica=a lonely car！太适合一个人孤独的开车听[流泪][流泪][流泪] 还是这种感觉 太爱了！！！8.29争取能见lany！！！,1061,小苌苌_,https://music.163.com/#/song?id=2061890822,2026-08-31
LANY,Alonica,“Alonica”是一个虚构的地方。它可以是每个人内心的角落，在那里做你自己，了解你是谁，并找到内心的平静。,707,_kyll,https://music.163.com/#/song?id=2061890822,2026-08-31
LANY,Alonica,所有人请注意！把这首歌调成x0.9倍数听！！！！,646,RonGKiller,https://music.163.com/#/song?id=2061890822,2026-08-31
LANY,Alonica,听这首歌的你们真的太有品味了！,582,ayisy_,https://music.163.com/#/song?id=2061890822,2026-08-31
LANY,Alonica,我们就像两个躲雨的人 短暂相逢 雨停就散了,576,参悟我这一生,https://music.163.com/#/song?id=2061890822,2026-08-31
LANY,Alonica,你永远不知道 会有人写下什么黑暗的东西去影响单纯的人,489,-LIN屿,https://music.163.com/#/song?id=2061890822,2026-08-31
LANY,Alonica,8.17 爸妈吵架 我全程在 切实的感受到了我妈的委屈  劝我妈离婚 很坚定 不是一次吵架的荒唐而论 而是这么多年的累积 他不会改的  而我 只想让我妈脱离苦海 过她想要的生活  离婚对我没影响 有影响的是看着我妈妈每一次的哭泣而无能为力的感觉  希望 一切顺利 希望妈妈会幸福,436,DX3-906,https://music.163.com/#/song?id=2061890822,2026-08-31
LANY,Alonica,“如果一首歌突然好听了 那你一定是失去了什么”,310,混迹于各大评论区的熊熊丫,https://music.163.com/#/song?id=2061890822,2026-08-31
LANY,Alonica,拧巴的人需要一个有耐心的爱人,302,叫黄甜甜好了,https://music.163.com/#/song?id=2061890822,2026-08-31
LANY,anything 4 u,让我看看多少人是日推来的↗,14782,溜溜与我,https://music.163.com/#/song?id=1817977673,2026-08-31
LANY,anything 4 u,加州  夏日 黄昏  机车 冰镇汽水 后座的心上人 潮湿闷热的空气 像雾 像梦 不真实,5485,Heartear,https://music.163.com/#/song?id=1817977673,2026-08-31
LANY,anything 4 u,LANY的鼓点就是我另一颗跳动的心脏,5180,polishedst0ne,https://music.163.com/#/song?id=1817977673,2026-08-31
LANY,anything 4 u,每当我准备认真看书的时候，这个世界就变得非常有趣，任何风吹草动都能吸引我,3476,幸运的四叶小草草,https://music.163.com/#/song?id=1817977673,2026-08-31
LANY,anything 4 u,我很喜欢这段话：怕黑就开灯，想念就联系。今天再大的事，到了明天就是小事；今年再大的事，到了明年就是故事。我们最多也就是个有故事的人，所以，人生就像蒲公英，看似自由，却身不由己。有些事，不是不在意，而是在意了又能怎样。自己尽力了就好，人生没有如果，只有后果和结果,2385,H-Zl-_-l,https://music.163.com/#/song?id=1817977673,2026-08-31
LANY,anything 4 u,*.　　°　　　　☀️·　　　　🛸　　　 　🌏　°　　🌓　•　　.°•　　　🚀 ✯✯ 　　　★　*°　　　　🛰　°·　　 .　　　•　°★　• ▁▂▃▄▅▆▇▇▆▅▄▃▁▂▃.,2156,围巾之鱼,https://music.163.com/#/song?id=1817977673,2026-08-31
LANY,anything 4 u,一个人走路是和地球的单独约会。,1973,迷离的Leo,https://music.163.com/#/song?id=1817977673,2026-08-31
LANY,anything 4 u,如今网易10级了，却没有收到过赞,1624,听歌已成习俗,https://music.163.com/#/song?id=1817977673,2026-08-31
LANY,anything 4 u,为！什！么！没！有！人！听！ 把！耳！朵！打！开！好！嘛！,1456,圆脸南瓜,https://music.163.com/#/song?id=1817977673,2026-08-31
LANY,anything 4 u,智者不入爱河，共建美丽中国🇨🇳,1426,胡汉三对酒当歌问青天,https://music.163.com/#/song?id=1817977673,2026-08-31
LANY,anything 4 u,果然日推这东西就是不能惯，等一段时间在看更合自己口味,1317,能不吃辣么你说,https://music.163.com/#/song?id=1817977673,2026-08-31
LANY,anything 4 u,听这首歌的感觉就像是在夏日开着一张老式汽车漫无目的地行驶在乡下无人的公路上  透过摇下的车窗可以看见黄昏时分迷人的晚霞  清凉的风吹得头发微微飞扬  时不时还往嘴里灌点冰镇可乐,1146,抛砖玉引,https://music.163.com/#/song?id=1817977673,2026-08-31
LANY,anything 4 u,"网易每天的推荐都是一副""你看我牛逼吧都是你爱的""的样子",1077,onceinabluemoo,https://music.163.com/#/song?id=1817977673,2026-08-31
LANY,anything 4 u,其实听英文歌最大的意义在于，不看翻译我根本听不懂这首歌想表达什么，但是旋律很好，一听就着迷，什么乱七八糟的事情都抛到脑后，就享受在这个beat里，一遍一遍的循环下去，这种感觉舒服又自在，心情好像变得没那么糟了,904,仅仅是雨落下罢了,https://music.163.com/#/song?id=1817977673,2026-08-31
LANY,anything 4 u,人固有一死 或死于理科 或死于帅哥,877,Carswiss,https://music.163.com/#/song?id=1817977673,2026-08-31
Lebanon Hanover,Gallowdance,冰冷贝斯噪吉他 后朋盯鞋是一家,1275,SORRYMARYKATE,https://music.163.com/#/song?id=26230174,2026-08-31
Lebanon Hanover,Gallowdance,我的梦想是组建一支 后朋克+盯鞋+迷幻+后摇风格的乐队 不知何时能实现,1041,酸奶厚礼蟹,https://music.163.com/#/song?id=26230174,2026-08-31
Lebanon Hanover,Gallowdance,说乐队不喜欢Joy Division我是不信的,1037,CharlieBabbit,https://music.163.com/#/song?id=26230174,2026-08-31
Lebanon Hanover,Gallowdance,想起盖里奇，两杆大烟枪里赌博输掉之后走在街头，头晕目眩，满头大汗，抽根烟，boomboomboom,939,肉停止思考,https://music.163.com/#/song?id=26230174,2026-08-31
Lebanon Hanover,Gallowdance,so cool！在我看来postpunk简直早产了30年，它的清省冷峻和艺术性简直是属于未来的。  早产并夭折了然后成标本了，索性后朋就是这么漫不经心的cool着，一切都无所谓,505,低空飞行的海参灰,https://music.163.com/#/song?id=26230174,2026-08-31
Lebanon Hanover,Gallowdance,在这腐臭落败的土地上 和我共赴黄泉吧,310,账号已注销,https://music.163.com/#/song?id=26230174,2026-08-31
Lebanon Hanover,Gallowdance,我一直在想一个问题，王家卫的电影配后朋会怎么样,309,Spinman,https://music.163.com/#/song?id=26230174,2026-08-31
Lebanon Hanover,Gallowdance,为什么我没有一个长的好看又酷到爆的同桌，而我同桌却有🌝,289,KamenashiYusaku,https://music.163.com/#/song?id=26230174,2026-08-31
Lebanon Hanover,Gallowdance,她的声音跟贝斯一样冰冷的热烈,281,無声息后_渐雨____,https://music.163.com/#/song?id=26230174,2026-08-31
Lebanon Hanover,Gallowdance,一个人烂醉的离开酒馆走进夜色,273,Shesayalways,https://music.163.com/#/song?id=26230174,2026-08-31
Lebanon Hanover,Gallowdance,现场特别牛 女主唱用电线拴住了自己的脖子,257,moonquake_ss,https://music.163.com/#/song?id=26230174,2026-08-31
Lebanon Hanover,Gallowdance,这该死的朋克 我又嗨了一天 忘了学习,256,一隻失蹤的狗,https://music.163.com/#/song?id=26230174,2026-08-31
Lebanon Hanover,Gallowdance,一切的问题都是因为性压抑。,205,電波貓咪,https://music.163.com/#/song?id=26230174,2026-08-31
Lebanon Hanover,Gallowdance,听现场的时候，LI真的拿出绞绳套在脖子上！真朋克！,184,撒旦哒蛋,https://music.163.com/#/song?id=26230174,2026-08-31
Lebanon Hanover,Gallowdance,看完现场才知道是女孩唱的,166,PERMITTEDDANCE,https://music.163.com/#/song?id=26230174,2026-08-31
Lebanon Hanover,Kiss Me Until My Lips Fall Off,听个后朋也要遇到饭圈，累了。,825,-随逐-,https://music.163.com/#/song?id=1380312624,2026-08-31
Lebanon Hanover,Kiss Me Until My Lips Fall Off,就这句Kiss me until my lips fall off要是换个女主唱来唱，估计我得把我嘴唇咬出血[生气],272,里酥外嫩的石头,https://music.163.com/#/song?id=1380312624,2026-08-31
Lebanon Hanover,Kiss Me Until My Lips Fall Off,？封面我以为the cure,200,神秘的已婚中年男子,https://music.163.com/#/song?id=1380312624,2026-08-31
Lebanon Hanover,Kiss Me Until My Lips Fall Off,陆柯燃smddx [弱],113,坐着飞机去冒险,https://music.163.com/#/song?id=1380312624,2026-08-31
Lebanon Hanover,Kiss Me Until My Lips Fall Off,之前歌里评论很多一个人的粉丝的刷屏我觉得很无语，明明是毫不相关的东西，你可以喜欢那个人也可以喜欢这首歌，但是并不是所有人都二者都喜欢，别人并不想在一首歌评论里看到的都是你喜欢的那个人，别人不一定喜欢。,108,-随逐-,https://music.163.com/#/song?id=1380312624,2026-08-31
Lebanon Hanover,Kiss Me Until My Lips Fall Off,强烈建议网易云开通[弱]的功能,103,是你的狮子小姐呀,https://music.163.com/#/song?id=1380312624,2026-08-31
Lebanon Hanover,Kiss Me Until My Lips Fall Off,下班到家要哄我家10个月的小BABY睡觉，还好他喜欢听punk,79,麦里西沟麦里西,https://music.163.com/#/song?id=1380312624,2026-08-31
Lebanon Hanover,Kiss Me Until My Lips Fall Off,………,73,Fodie1Dy,https://music.163.com/#/song?id=1380312624,2026-08-31
Lebanon Hanover,Kiss Me Until My Lips Fall Off,前奏给人的感觉:危险  蛊惑   魅力  欲望   痛苦（这简直是陆柯燃本人！）太有那味了,62,长江以北枢哥最美,https://music.163.com/#/song?id=1380312624,2026-08-31
Lebanon Hanover,Kiss Me Until My Lips Fall Off,真正的社会主义接班人该听的音乐,58,九炳,https://music.163.com/#/song?id=1380312624,2026-08-31
Lebanon Hanover,Kiss Me Until My Lips Fall Off,是了，就是有点碍眼,40,-随逐-,https://music.163.com/#/song?id=1380312624,2026-08-31
Lebanon Hanover,Kiss Me Until My Lips Fall Off,。。。。,38,我被大陆所围困,https://music.163.com/#/song?id=1380312624,2026-08-31
Lebanon Hanover,Kiss Me Until My Lips Fall Off,yuel别ky,34,tr9nSm0rph3us,https://music.163.com/#/song?id=1380312624,2026-08-31
Lebanon Hanover,Kiss Me Until My Lips Fall Off,ky我也是服了😥,33,罗罗想要变美美,https://music.163.com/#/song?id=1380312624,2026-08-31
Lebanon Hanover,Kiss Me Until My Lips Fall Off,。。。。,31,我被大陆所围困,https://music.163.com/#/song?id=1380312624,2026-08-31
Lebanon Hanover,Die World,床上抽烟修仙必备,773,诺凡_,https://music.163.com/#/song?id=4170262,2026-08-31
Lebanon Hanover,Die World,.我初中时有一个物理特别牛逼的学霸他上课一般是闭目养神，但当睁开眼睛老师就知道自己课讲错了…而我在学校也是与此学霸平分秋色的存在每当我一睁眼，老师就知道该下课,732,陌生的718,https://music.163.com/#/song?id=4170262,2026-08-31
Lebanon Hanover,Die World,身边找不到共同爱好音乐的人，一个人开车时是最自由最嗨的自己,585,慢回弹面包侠,https://music.163.com/#/song?id=4170262,2026-08-31
Lebanon Hanover,Die World,我现在不想听什么狗屁浪漫爱情故事。我现在只想搞钱，光羡慕别人有什么用，我们要自己行动起来，比别人更有钱。,424,宇宙共鸣,https://music.163.com/#/song?id=4170262,2026-08-31
Lebanon Hanover,Die World,什么叫鼓点踩在前列腺上，这就是,259,猫有很多毛,https://music.163.com/#/song?id=4170262,2026-08-31
Lebanon Hanover,Die World,「 Lebanon Hanover 」来自德国成立于2010年，由瑞士女孩 Larissa和英国男孩 William组成。他们的声线冷峻疏离，搭配深沉有力的低音和让人着迷的合成器，音乐风格里有自己的哲学性思考和对现代世界的看法 。,221,山河暮归,https://music.163.com/#/song?id=4170262,2026-08-31
Lebanon Hanover,Die World,有点joy division 的感觉？,154,archdove,https://music.163.com/#/song?id=4170262,2026-08-31
Lebanon Hanover,Die World,一个坏消息，这两位成员被永久禁止入境美国并且取消了接下来的美国巡演，原因是他们2013年在没有拿到合适签证的情况下在美国演出，他们没有预料到后果的严重性,151,Deep_Ocean_Vast_Sea,https://music.163.com/#/song?id=4170262,2026-08-31
Lebanon Hanover,Die World,是不是所有后朋都像快乐小分队？,150,MV73,https://music.163.com/#/song?id=4170262,2026-08-31
Lebanon Hanover,Die World,左脑很快 右脑很慢,109,HxxxXXXXxxxxxH,https://music.163.com/#/song?id=4170262,2026-08-31
Lebanon Hanover,Die World,“钝刀般粗粝的吉他音效和阴森的贝斯声线交织出冰冷刺骨的音乐氛围，合成器烘托下的女声冷漠无情，或许很多人也会将其归为后朋，但其实这个组合就像他们的音乐一样简单、直接、干脆，冰山般的音乐只不过是对两颗火热心脏的一种回应”from门诊部,106,Camelblues_,https://music.163.com/#/song?id=4170262,2026-08-31
Lebanon Hanover,Die World,我知道你为何而泣，他们的爱冷若冰川。,66,Dunkelherz,https://music.163.com/#/song?id=4170262,2026-08-31
Lebanon Hanover,Die World,试想讲错的时候也不会很多 感谢物理老师没让学霸与世长存,66,我是你的七色花呀,https://music.163.com/#/song?id=4170262,2026-08-31
Lebanon Hanover,Die World,Mono 推荐来的,66,Omniscientme,https://music.163.com/#/song?id=4170262,2026-08-31
Lebanon Hanover,Die World,不要刻意的亲密，其实我们都很独立,43,账号已注销,https://music.163.com/#/song?id=4170262,2026-08-31
Mamas Gun,This Is the Day (Full Band Version),This made my day!,68,S3208327,https://music.163.com/#/song?id=1406415127,2026-08-31
Mamas Gun,This Is the Day (Full Band Version),KMJ的歌单真是宝藏,26,Yvonne方,https://music.163.com/#/song?id=1406415127,2026-08-31
Mamas Gun,Pots Of Gold,别带名字行不行妹子们，，,50,随便吧就用这个了,https://music.163.com/#/song?id=17305347,2026-08-31
Mamas Gun,Pots Of Gold,不要在这里说从哪里来的好不妹子们🌚,18,LoyalVee,https://music.163.com/#/song?id=17305347,2026-08-31
Mamas Gun,Pots Of Gold,到底谁想知道你们为啥来的。,11,dddown4u,https://music.163.com/#/song?id=17305347,2026-08-31
Mamas Gun,On a String,你的城市又下雨了，想问你带伞没有，没带的话，我希望下刀子[呆],520,这都被占用我就粪坑蝶泳,https://music.163.com/#/song?id=17305361,2026-08-31
Mamas Gun,On a String,这里有一对CP,310,蓝蓝璐教主,https://music.163.com/#/song?id=17305361,2026-08-31
Mamas Gun,On a String,到处都是秀恩爱的，我选择死亡[大笑],122,八颗蛀牙-,https://music.163.com/#/song?id=17305361,2026-08-31
Mamas Gun,On a String,这里有一对CP,90,ba22lin,https://music.163.com/#/song?id=17305361,2026-08-31
Mamas Gun,On a String,一开口就[憨笑],81,陈珏邑,https://music.163.com/#/song?id=17305361,2026-08-31
Mamas Gun,On a String,再兴推存的怎么能不听[吐舌][色],50,Ahogee,https://music.163.com/#/song?id=17305361,2026-08-31
Mamas Gun,On a String,这几集看good people 最深刻的情景大概就是大家一起奋斗抑或神仙打架后 下班后会心一笑 一起去坐地铁吃个关东煮聊聊天 韩综真的很有魅力 有冲突点 但是细节永远有张力 也有人情味和感悟,48,CeliaNaNaJM,https://music.163.com/#/song?id=17305361,2026-08-31
Mamas Gun,On a String,good people一听到立马来了,28,THORNthough,https://music.163.com/#/song?id=17305361,2026-08-31
Mamas Gun,On a String,新入职诞生记打卡处,20,长野0725,https://music.163.com/#/song?id=17305361,2026-08-31
Mamas Gun,On a String,good people 韩综真的很会选bgm,16,kkki_dori0812,https://music.163.com/#/song?id=17305361,2026-08-31
Mamas Gun,On a String,《good people 》实力安利一下！每个人有独特的魅力和细节冲击，结合不经意的瞬间和旁白，令人窒息，韩综总能找到一如既往的闪光点，期待。,10,有在好好生活_Acen,https://music.163.com/#/song?id=17305361,2026-08-31
Mamas Gun,On a String,哈哈太好，可以捡刀卖铁了,10,吃钻石的怪兽,https://music.163.com/#/song?id=17305361,2026-08-31
MappleZS,May I see U again-I love you 3000 times（翻自 MT1990）,后来我才知道 前程似锦是告别的意思,42373,1ove955,https://music.163.com/#/song?id=1386495856,2026-08-31
MappleZS,May I see U again-I love you 3000 times（翻自 MT1990）,别翻评论了 陌生人 你也有故事， 只是没说,36433,拭去你的涙,https://music.163.com/#/song?id=1386495856,2026-08-31
MappleZS,May I see U again-I love you 3000 times（翻自 MT1990）,"世间一切老子都配，我凭什么不配，我他妈最配，绝配，顶配，别说人间不值得,都他妈值得，我凭什么不值得，老子最值得.",26074,社恐芋泥卷,https://music.163.com/#/song?id=1386495856,2026-08-31
MappleZS,May I see U again-I love you 3000 times（翻自 MT1990）,这首歌真的很奇怪，你高兴的时候听会很高兴，伤心的时候听会越伤心,16844,揪胩皮,https://music.163.com/#/song?id=1386495856,2026-08-31
MappleZS,May I see U again-I love you 3000 times（翻自 MT1990）,ᴵ ʰᵒᵖᵉ ʸᵒᵘ'ʳᵉ ʰᵉʳᵉ ᶠᵒʳ ᵐᵉ （我希望你是为我而来） ʸᵒᵘ ᵃʳᵉ ᵃˢ ʳᵒᵐᵃⁿᵗᶦᶜ ᵃˢ ᵗʰᵉ ˢᵗᵃʳ⋅ （你与星光同样浪漫),16339,王奕铭---,https://music.163.com/#/song?id=1386495856,2026-08-31
MappleZS,May I see U again-I love you 3000 times（翻自 MT1990）,你要努力，要好好学习，变成一个优秀的人，肚子疼泡红糖水，不要为了好看就穿得特别少，要按时吃饭，少熬点夜，按时起床，要温柔点，也少生气，好运正在奔向你呢，加油，屏幕前的小仙女,12986,佑树的世界,https://music.163.com/#/song?id=1386495856,2026-08-31
MappleZS,May I see U again-I love you 3000 times（翻自 MT1990）,今年15，明年中考，成绩一般，都得加油啊,9758,蹄酱啊,https://music.163.com/#/song?id=1386495856,2026-08-31
MappleZS,May I see U again-I love you 3000 times（翻自 MT1990）,小猫有点懵：怎么自己正在晒太阳，就被一个男人抱回了家，回家前还去恐怖的地方洗了澡，强迫吃了药，脖子上还疼了一下。 现在，面前的小碗里放着一个小鱼干，男人笑眯眯的说：“小猫咪，以后你再也不用流浪了，这是你的家。” 呦呵，奇怪的人类。 小猫试探性的咬了一已小鱼干，还真好吃。男人又说：“,8640,爱惜飞蛾纱罩灯-,https://music.163.com/#/song?id=1386495856,2026-08-31
MappleZS,May I see U again-I love you 3000 times（翻自 MT1990）,"嘿，siri “Agony”在英文里是什么意思？  在英文里“Agony”是“极度痛苦”的意思。  你知道它在中文里的发音是什么意思吗？  “ai guo ni” 很像是在说“我曾经爱过你”  你知道吗,我曾经也深爱过她......",7084,but丶微笑,https://music.163.com/#/song?id=1386495856,2026-08-31
MappleZS,May I see U again-I love you 3000 times（翻自 MT1990）,妈妈买了一袋芒果叫我和弟弟去吃，我连头都不回的进了房间，妈妈说：“你要是不吃以后永远都不要吃”，这时弟弟对妈妈说：“你忘了她对芒果过敏吗？”。,6561,Daisy_tup,https://music.163.com/#/song?id=1386495856,2026-08-31
MappleZS,May I see U again-I love you 3000 times（翻自 MT1990）,我梦到我21:59分被人刺死 我醒来看了看时钟 现在21:58 门被打开了,5777,翡冷翠-繁花落尽,https://music.163.com/#/song?id=1386495856,2026-08-31
MappleZS,May I see U again-I love you 3000 times（翻自 MT1990）,前程似锦 是告别的意思,5049,Lev_iiyz,https://music.163.com/#/song?id=1386495856,2026-08-31
MappleZS,May I see U again-I love you 3000 times（翻自 MT1990）,推到这首歌的各位，估计大部分都已经退出华语乐坛了吧[奸笑],4871,AutoAssault12,https://music.163.com/#/song?id=1386495856,2026-08-31
MappleZS,May I see U again-I love you 3000 times（翻自 MT1990）,“你会喜欢一个人两次吗？” “你喜欢的饮料你会只买一次吗”,4156,左左左同学-y1,https://music.163.com/#/song?id=1386495856,2026-08-31
MappleZS,May I see U again-I love you 3000 times（翻自 MT1990）,女孩子一个人走路的时候只能戴一只耳机哦。,4087,我在等风拥吻你,https://music.163.com/#/song?id=1386495856,2026-08-31
MappleZS,诀别书（纯钢琴演奏版）,网易也是拉完了，那么多好听的钢琴版都被封了,39,Kwokyo,https://music.163.com/#/song?id=3412698938,2026-08-31
MappleZS,诀别书（纯钢琴演奏版）,你所浪费的今天，是昨日死去之人苦苦奢望的明天,23,金妮168594607220029,https://music.163.com/#/song?id=3412698938,2026-08-31
MappleZS,诀别书（纯钢琴演奏版）,今年2月26日，我带着我的狗狗在宠物医院附近散步时，他驻足于一家琴行之外，琴行内有位学员正在用钢琴练习弹奏这首曲子，有些生疏。我听出来了是诀别书，一边聆听着钢琴的声音，一边看着病重的狗狗的背影，眼泪止不住得流。大约半个月后，狗狗强撑着最后看了我一眼便离去了。 今天快到六点了也睡不着。,15,HappyMorphoButterfly,https://music.163.com/#/song?id=3412698938,2026-08-31
MappleZS,Star river in your eyes-满目星河,为何前奏听的有点像Baby don't cry,30815,SJ_0908,https://music.163.com/#/song?id=1376557407,2026-08-31
MappleZS,Star river in your eyes-满目星河,改天是哪天 下次是哪次 以后是多久。,18299,-HOBE_,https://music.163.com/#/song?id=1376557407,2026-08-31
MappleZS,Star river in your eyes-满目星河,原创流行钢琴曲，简单的音符构成好听的旋律 希望大家喜欢,15745,MappleZS,https://music.163.com/#/song?id=1376557407,2026-08-31
MappleZS,Star river in your eyes-满目星河,星河滚烫 你是人间理想 皓月清凉 你是人间曙光 人海冷漠 你是人间炽热 满眼星河 你是清风满月 万世沉浮 你是人间归途 众生平庸 你是人间星光 世间无常 你是人间琳琅  ——（来自投稿 出处不明）,9301,亚轩记得开心,https://music.163.com/#/song?id=1376557407,2026-08-31
MappleZS,Star river in your eyes-满目星河,ᴵ ʰᵒᵖᵉ ʸᵒᵘ'ʳᵉ ʰᵉʳᵉ ᶠᵒʳ ᵐᵉ （我希望你是为我而来） ʸᵒᵘ ᵃʳᵉ ᵃˢ ʳᵒᵐᵃⁿᵗᶦᶜ ᵃˢ ᵗʰᵉ ˢᵗᵃʳ⋅ （你与星光同样浪漫),8131,疗疗疗心,https://music.163.com/#/song?id=1376557407,2026-08-31
MappleZS,Star river in your eyes-满目星河,这道数学题我想了好几个晚上没想清楚但还没放弃 为什么我俩感情你只用了一个晚上想清楚并且放弃了,6647,账号已注销,https://music.163.com/#/song?id=1376557407,2026-08-31
MappleZS,Star river in your eyes-满目星河,开头有一点像baby dont cry,5757,-Zyummm,https://music.163.com/#/song?id=1376557407,2026-08-31
MappleZS,Star river in your eyes-满目星河,其实我蛮想你的 但老子这次就是要死扛.,5132,摸星,https://music.163.com/#/song?id=1376557407,2026-08-31
MappleZS,Star river in your eyes-满目星河,现在的爱情是什么样的? “处cp吗?” “处” “叫老公” “老公” ……爱情怎么变得这么廉价？,4620,龙龙78号,https://music.163.com/#/song?id=1376557407,2026-08-31
MappleZS,Star river in your eyes-满目星河,一直向西走，越过晨昏线，越过日界线，回到初识你的那一天。  ——《高中必刷题地理必修一》 ​​,4062,iiiiixiao,https://music.163.com/#/song?id=1376557407,2026-08-31
MappleZS,Star river in your eyes-满目星河,蒋丞:“我们学霸什么都会” 谢俞：“你喜欢清华还是北大” 贺朝:“为什么我数学只有148” 夏九嘉:“我保送，没中考” 江停：“我滑档才上的公大” 你呢？打算去学习了吗？,3913,两个汉堡谢谢,https://music.163.com/#/song?id=1376557407,2026-08-31
MappleZS,Star river in your eyes-满目星河,少女的征途是星辰大海而非烟尘人间,3857,来一口黄油小蟹,https://music.163.com/#/song?id=1376557407,2026-08-31
MappleZS,Star river in your eyes-满目星河,这个开头。。。。。。。。就很熟悉，就像EXO的一首歌,2892,每天都快乐_WLPJ,https://music.163.com/#/song?id=1376557407,2026-08-31
MappleZS,Star river in your eyes-满目星河,一扇不愿为你开的门，一直敲是不礼貌的。,2863,PAullGe,https://music.163.com/#/song?id=1376557407,2026-08-31
MappleZS,Star river in your eyes-满目星河,“我望眼欲穿，看我看不到的你，我侧耳倾听，听我听不到的你。”,2170,宋郁_,https://music.163.com/#/song?id=1376557407,2026-08-31
Melo墨龙,Coco Elva Tia,“我说去喝一个 你说你酒精过敏”破案了马思唯这首歌是写给法老的。,59693,影山茂夫m0b,https://music.163.com/#/song?id=1960619633,2026-08-31
Melo墨龙,Coco Elva Tia,代入感很强，已经拿着球飞奔下楼，跑到球场投个帅气的三分了🤓,44821,MinusPeaceOne,https://music.163.com/#/song?id=1960619633,2026-08-31
Melo墨龙,Coco Elva Tia,分手了，他妹提的，因为没送起泡胶。,28995,他们都叫我那个男人,https://music.163.com/#/song?id=1960619633,2026-08-31
Melo墨龙,Coco Elva Tia,马老师在音乐节上说“带来一首在我还没发布过的单曲 但你们可能有听过” 这首歌可能听过的地方 就是易梦玲小红书的bgm[流泪][流泪][流泪]暗戳戳的秀恩爱太戳了[流泪],25203,沙茶酱之神,https://music.163.com/#/song?id=1960619633,2026-08-31
Melo墨龙,Coco Elva Tia,数学课昏昏欲睡，听见R&B一下醒了，什么R&B? 原来老师说的是2ab,23741,冰镇脚趾,https://music.163.com/#/song?id=1960619633,2026-08-31
Melo墨龙,Coco Elva Tia,这歌火了以后有一种孩子被偷了的感觉[心碎],21928,走丢的茶,https://music.163.com/#/song?id=1960619633,2026-08-31
Melo墨龙,Coco Elva Tia,马思唯是什么？ 当然是马克思唯物主义啊,21811,不想喝热白开,https://music.163.com/#/song?id=1960619633,2026-08-31
Melo墨龙,Coco Elva Tia,愿所有女孩子都没有痛经 .,19435,愿雨也懂温柔,https://music.163.com/#/song?id=1960619633,2026-08-31
Melo墨龙,Coco Elva Tia,“你站在冰箱上干什么”“我要变得高冷”,18036,初忆見_,https://music.163.com/#/song?id=1960619633,2026-08-31
Melo墨龙,Coco Elva Tia,真会啊，马师，Maria carey那个圣诞必冠单的牛姐， coco李玟 、elva萧亚轩、tia袁娅维，这四个都是流行乐天后级别，意思就是说易梦玲就是他所有女神幻想的融合。,17336,CoCoBart,https://music.163.com/#/song?id=1960619633,2026-08-31
Melo墨龙,Coco Elva Tia,（书包）（微分碎盖）～（球员通道）～（三分出手）～（巧了你也穿了白色入镜）～～,16388,在天空和我之间,https://music.163.com/#/song?id=1960619633,2026-08-31
Melo墨龙,Coco Elva Tia,荷尔蒙冲动伴随点亢奋 毕竟成年人我也不能太放任🥀,15593,6D不会说唱,https://music.163.com/#/song?id=1960619633,2026-08-31
Melo墨龙,Coco Elva Tia,法老：我是一个酒精过敏的帅哥 马思唯：我说去喝一个 你说你酒精过敏 法老：那颗暗淡的星星是我的故乡（狮子座） 马思唯：那进去坐一坐，聊聊星座个性 秒了马思唯给法老的情歌[憨笑],12869,狐蝶兰,https://music.163.com/#/song?id=1960619633,2026-08-31
Melo墨龙,Coco Elva Tia,coco李玟 elva萧亚轩 tia袁娅维,11172,红烧肉666,https://music.163.com/#/song?id=1960619633,2026-08-31
Melo墨龙,Coco Elva Tia,知道易梦玲为什么喜欢马思唯了 谁能拒绝给你写出这种歌的来的rapper啊！听起来酷酷的歌 实际上巨巨巨可爱不是吗 那种反差感直接心脏撞击....,11157,栽进月光里_,https://music.163.com/#/song?id=1960619633,2026-08-31
11.13-11.14新·国风舞剧 西安站,万象长安,演唱会都抬下去了你买上版权了[笑哭了],236,賈贰猫,https://music.163.com/#/song?id=1874620929,2026-08-31
11.13-11.14新·国风舞剧 西安站,万象长安,终于回归，我将单曲循环,138,凤迷and花卷,https://music.163.com/#/song?id=1874620929,2026-08-31
11.13-11.14新·国风舞剧 西安站,万象长安,？！！！网易和剑三和解了？？？,128,你看这是我家的,https://music.163.com/#/song?id=1874620929,2026-08-31
11.13-11.14新·国风舞剧 西安站,万象长安,网易云发力了,74,扑心,https://music.163.com/#/song?id=1874620929,2026-08-31
11.13-11.14新·国风舞剧 西安站,万象长安,“老衲原先说要给那傻小子抓鱼，最后也没抓成，傻小子肯定气哭了。” “今日又是晴天，也不知他们那里晴雨如何。” “咱们这些老家伙呆在这儿悠闲得很，偏偏外头阴晴未定，反倒是苦了你。” “好孩子，大胆地去吧。”,70,星潮掠影,https://music.163.com/#/song?id=1874620929,2026-08-31
11.13-11.14新·国风舞剧 西安站,万象长安,搜凤凰传奇蹦出个这我还寻思是不是搜错了,44,摇曳的风铃草,https://music.163.com/#/song?id=1874620929,2026-08-31
11.13-11.14新·国风舞剧 西安站,万象长安,从2021到2026，终于能在网易云正大光明听万象长安了[流泪],36,白鹭霜玖,https://music.163.com/#/song?id=1874620929,2026-08-31
11.13-11.14新·国风舞剧 西安站,万象长安,亲是亲，财是财。,34,我就是自己的小太阳呀,https://music.163.com/#/song?id=1874620929,2026-08-31
11.13-11.14新·国风舞剧 西安站,万象长安,在长安演唱会上听到了《万象长安》，就得在长安唱,26,恩啊h,https://music.163.com/#/song?id=1874620929,2026-08-31
11.13-11.14新·国风舞剧 西安站,万象长安,回归太爽了  刚好月底看凤凰传奇演唱会[好听哭了],24,正版橘大胖,https://music.163.com/#/song?id=1874620929,2026-08-31
11.13-11.14新·国风舞剧 西安站,万象长安,凤凰传奇摆驾回宫！！！,21,我与我周旋ff,https://music.163.com/#/song?id=1874620929,2026-08-31
11.13-11.14新·国风舞剧 西安站,万象长安,又抬上来了[爆笑],17,小何才露煎煎饺he,https://music.163.com/#/song?id=1874620929,2026-08-31
11.13-11.14新·国风舞剧 西安站,万象长安,长安是少年纵马的起点，也是游子回不去的他乡。 是盛世的诗酒花月，也是废墟上的烽烟宫阙。 是尝遍悲欢也割舍不下的执念。 是寸心所系的归宿，也是千秋青史的续篇。 是每一个寻常照面，每一寸踏过的人间。,17,Crystallp,https://music.163.com/#/song?id=1874620929,2026-08-31
11.13-11.14新·国风舞剧 西安站,万象长安,今年828能把凤凰传奇请来吗[哭哭][哭哭][哭哭]利益相关！！！！！！,14,城澜,https://music.163.com/#/song?id=1874620929,2026-08-31
11.13-11.14新·国风舞剧 西安站,万象长安,我是刚进网易云直接提醒这首歌回归的[笑哭了],12,艾萨克-克拉克,https://music.163.com/#/song?id=1874620929,2026-08-31
9.26-9.27原创音乐剧 西安站,等风也等梦,凝聚了许多人的努力，良心之作！长安客加油加油,24,楚寒Vkk,https://music.163.com/#/song?id=471820992,2026-08-31
Men I Trust,Show Me How,因为苏州河混剪才知道的这首歌。但是一听就爱上了[爱心],2573,那是走火,https://music.163.com/#/song?id=1305366120,2026-08-31
Men I Trust,Show Me How,一颗星辰掉落在闭眼的瞬间。,2306,落雨在枕边,https://music.163.com/#/song?id=1305366120,2026-08-31
Men I Trust,Show Me How,不要再粘贴你的非主流句子了,2256,ZARD_Chic,https://music.163.com/#/song?id=1305366120,2026-08-31
Men I Trust,Show Me How,喜欢有什么用啊 我连你今天高兴还是难过都不知道,2045,-UXAN-,https://music.163.com/#/song?id=1305366120,2026-08-31
Men I Trust,Show Me How,我就喜欢看你们一本正经的表达着负能量却又舍不得死的样子 人的自我挣扎又无法自拔最是有趣,1437,lmsrry,https://music.163.com/#/song?id=1305366120,2026-08-31
Men I Trust,Show Me How,《圣经》说：别惊动我爱的人 等他自己情愿,1261,颜兑,https://music.163.com/#/song?id=1305366120,2026-08-31
Men I Trust,Show Me How,总有人把美好的音乐强行跟他屎一般的爱情故事合在一起,1122,Black-Heron,https://music.163.com/#/song?id=1305366120,2026-08-31
Men I Trust,Show Me How,别什么都为别人考虑 你是宝贝你也很重要.,931,KKKKKKiller-,https://music.163.com/#/song?id=1305366120,2026-08-31
Men I Trust,Show Me How,我梦中的你远在天涯，可我还是这样爱你。,605,无所常,https://music.163.com/#/song?id=1305366120,2026-08-31
Men I Trust,Show Me How,喜不喜欢 又有什么关系呢,496,长尾巴的人是宠物,https://music.163.com/#/song?id=1305366120,2026-08-31
Men I Trust,Show Me How,爱了爱了～北欧，加拿大这种高纬度地区的歌手声音太好听了 感觉呼出一口气瞬间结成冰晶般的透彻[色][色]余音环绕将人拥抱,459,sherry147_QyEN,https://music.163.com/#/song?id=1305366120,2026-08-31
Men I Trust,Show Me How,你打算什么时候重新闯入我的生活,456,账号已注销,https://music.163.com/#/song?id=1305366120,2026-08-31
Men I Trust,Show Me How,手脚冰冷和心脏血管有很大的关系，因为血液是由心脏发出，携带氧气到全身各部位，糖经过氧化后，才能产生热能，手脚才会温暖。 一旦心血管系统的功能出现障碍，就会影响血液运行输送，造成手脚冰冷的情形...或者就是天气太冷没带手套🤷‍,448,ZaCMuzi,https://music.163.com/#/song?id=1305366120,2026-08-31
Men I Trust,Show Me How,当你的品味越小众，意味着你欣赏的事物，情感越不随波逐流，你对自己的认识越深刻，和你产生共鸣的人就越少，和人群的距离自然就越远。孤独是在所难免的，但你会欣然接受它，因为属于你的气质正在形成，你对自己的兴趣了解越多，对大众的喜好保持尊敬，错过灵魂相通的人概率越低，生活质量越高。（转）,365,67153323,https://music.163.com/#/song?id=1305366120,2026-08-31
Men I Trust,Show Me How,如果你喜欢这首歌，Lauren不要错过。,360,玛塔蕤茕蘼,https://music.163.com/#/song?id=1305366120,2026-08-31
Men I Trust,The Landkeeper,可以换个封面不 影响我分享朋友圈了[大哭],466,人间有幸事,https://music.163.com/#/song?id=2681859774,2026-08-31
Men I Trust,The Landkeeper,在书店看到一本书叫《解决你人生50%的问题》，于是我买了两本。,293,柯基咯基,https://music.163.com/#/song?id=2681859774,2026-08-31
Men I Trust,The Landkeeper,经历了数月难以忍受的寒潮后 此刻的晚风竟如同夏夜抚岸的柔浪 拂过耳后有些微凉 在空无一人的街道上奔跑着 一种翘首以盼的快乐落在心上,170,ProzacXanax,https://music.163.com/#/song?id=2681859774,2026-08-31
Men I Trust,The Landkeeper,封面有一种老白既视感[多多捂脸],104,月亮下的886,https://music.163.com/#/song?id=2681859774,2026-08-31
Men I Trust,The Landkeeper,封面有实验室变态男的感觉,100,妄想狂魔,https://music.163.com/#/song?id=2681859774,2026-08-31
Men I Trust,The Landkeeper,太有00年初那会儿的感觉了。和上一张Tree Among Shrubs 很像,82,chomnk,https://music.163.com/#/song?id=2681859774,2026-08-31
Men I Trust,The Landkeeper,当你有了一定的洞察力之后，一定要学会闭嘴，不要去帮任何人分析事情，老天给了你悟性，是为了让你摆脱困局，不是让你去参与别人的因果，不然会遭反噬！,74,JANEIZE,https://music.163.com/#/song?id=2681859774,2026-08-31
Men I Trust,The Landkeeper,第一句和dido的thank you有点像,74,VagrantVV,https://music.163.com/#/song?id=2681859774,2026-08-31
Men I Trust,The Landkeeper,“我爱别人的方式，都是自己想要被爱的样子”,67,摆烂的神经中枢,https://music.163.com/#/song?id=2681859774,2026-08-31
Men I Trust,The Landkeeper,那数学很好了,44,Allrliars,https://music.163.com/#/song?id=2681859774,2026-08-31
Men I Trust,The Landkeeper,封面是一位刚给太太交完作业的中年男性正在熨衣服，脸上有些许疲惫，而他的太太坐在旁边，脸上洋溢着幸福和满足,31,潮爷TideMan,https://music.163.com/#/song?id=2681859774,2026-08-31
Men I Trust,The Landkeeper,不要去探究爱的浓度，爱存在就好。,30,aredbreast,https://music.163.com/#/song?id=2681859774,2026-08-31
Men I Trust,The Landkeeper,为什么我好喜欢这个封面  太有感觉了,29,LHR零,https://music.163.com/#/song?id=2681859774,2026-08-31
Men I Trust,The Landkeeper,我们走在前人用心耕耘的路上，脚下的每一寸都承载着深情。那些默默付出的人们，用耐心和坚持，让世人更有温度，也让我们懂得了守护的意义 远方的硝烟让人心惊，更懂得了当下的安宁有多珍贵。愿战火早日平息，愿和平不再是祈求，愿世界和平是常态[红心],29,小海海狸Lee,https://music.163.com/#/song?id=2681859774,2026-08-31
Men I Trust,The Landkeeper,对终身伴侣的要求，我觉得最主要的还是本质的善良、天性的温厚和开阔的胸襟。 因为灵魂相近，所以才有共鸣，幸福才能尽在不言中……,23,用户301133700,https://music.163.com/#/song?id=2681859774,2026-08-31
Men I Trust,Lauren,难道就没人夸夸这贝斯,6412,Mariana二二,https://music.163.com/#/song?id=420125029,2026-08-31
Men I Trust,Lauren,想多了，两个人品味相投不代表什么[可爱],5659,不知取什么名字的瞎米音乐创始人,https://music.163.com/#/song?id=420125029,2026-08-31
Men I Trust,Lauren,突然有个想法，网易云是否可以匹配听歌相似度特别高的单身男女。因为我一直相信，喜欢同一首歌的人，都经历了相同的事，都有相同的喜好 也有这个想法的右上谢谢,1583,-轩轩不困,https://music.163.com/#/song?id=420125029,2026-08-31
Men I Trust,Lauren,我极度恐惧人类 却无法与人类彻底断绝交往,1426,lmsrry,https://music.163.com/#/song?id=420125029,2026-08-31
Men I Trust,Lauren,品味相投可以创造商机,1318,目上一撇双人伴聿,https://music.163.com/#/song?id=420125029,2026-08-31
Men I Trust,Lauren,啧？怎么会有贝斯真的美妙的乐器？它发出的声音虽然沉闷但又性感又挑逗又不羁,1239,Pepperrrr-,https://music.163.com/#/song?id=420125029,2026-08-31
Men I Trust,Lauren,我是因为喜欢贝斯才喜欢这首歌,749,兔茜兔,https://music.163.com/#/song?id=420125029,2026-08-31
Men I Trust,Lauren,Men I Trust 单曲已上传🚶🏻,724,韩沐熙,https://music.163.com/#/song?id=420125029,2026-08-31
Men I Trust,Lauren,今天他喜欢凤梨，明天他可以喜欢别的，会变的。,674,皎皎当窗牖,https://music.163.com/#/song?id=420125029,2026-08-31
Men I Trust,Lauren,我发现但凡很有主见的人，都勇敢而又孤独,662,fakeittillyoumakeitbro,https://music.163.com/#/song?id=420125029,2026-08-31
Men I Trust,Lauren,这是贝斯手该有的地位吗[流泪],633,账号已注销,https://music.163.com/#/song?id=420125029,2026-08-31
Men I Trust,Lauren,贝斯手：我终于不是背景墙了,535,惊极在施教日时葬尸湖边遇见黑麒,https://music.163.com/#/song?id=420125029,2026-08-31
Men I Trust,Lauren,终于学会了这段bass line,482,Duuuuuude,https://music.163.com/#/song?id=420125029,2026-08-31
Men I Trust,Lauren,我知道我为啥喜欢Men ITrust了，他们的歌几乎每首都很强调贝斯，贝斯声可太好听了,452,TamuraKafka,https://music.163.com/#/song?id=420125029,2026-08-31
Men I Trust,Lauren,是啊!书，电影，音乐这三样东西，是无法分享的。可以交流，但是你无法要求对方与你感同身受。,427,_____lok,https://music.163.com/#/song?id=420125029,2026-08-31
Men I Trust,Break for Lovers (feat. Helena Deland),不是观光团的抱紧我[撇嘴]本宝宝一人，冷,880,星星打灯丶,https://music.163.com/#/song?id=33872418,2026-08-31
Men I Trust,Break for Lovers (feat. Helena Deland),喜欢你时十分我只会表达出三分，我存过你的照片，你喜欢的歌我也会去听，你看过的电影我也偷偷去看过，你感兴趣的东西我也尝试去感兴趣，其实，我远比表面要喜欢你,477,账号已注销,https://music.163.com/#/song?id=33872418,2026-08-31
Men I Trust,Break for Lovers (feat. Helena Deland),分享歌其实没有什么意义，自己很宝贝的歌，视若明珠，其实很大一部分是带有自己当下的心境。觉得好听到爆炸，于是急不可耐地分享给重要的人，可他听到的只是这首歌的皮囊而已，可皮囊本身是没什么好听的。它像一个引子，除非另一个人恰好有同样的心情和境地，否则只嫌歌太长，心想着怎么还不结束啊。,278,彤彤808-,https://music.163.com/#/song?id=33872418,2026-08-31
Men I Trust,Break for Lovers (feat. Helena Deland),我缺的不是一个异性，是一个共鸣的灵魂,207,神奈川赤木晴子-,https://music.163.com/#/song?id=33872418,2026-08-31
Men I Trust,Break for Lovers (feat. Helena Deland),cici观光团[大笑],131,大叔的少女情怀,https://music.163.com/#/song?id=33872418,2026-08-31
Men I Trust,Break for Lovers (feat. Helena Deland),好听藏不住，谢谢啦[可爱],84,斯诺登远行,https://music.163.com/#/song?id=33872418,2026-08-31
Men I Trust,Break for Lovers (feat. Helena Deland),封面的肚子像极了我的,60,偷偷的叹了口气,https://music.163.com/#/song?id=33872418,2026-08-31
Men I Trust,Break for Lovers (feat. Helena Deland),有没有人觉得自己突然不适合谈恋爱了,47,让我感到孤寂,https://music.163.com/#/song?id=33872418,2026-08-31
Men I Trust,Break for Lovers (feat. Helena Deland),"""两人肩并肩地走路本身就是件令人愉快的事情。""——毛姆​​​",44,尕弋,https://music.163.com/#/song?id=33872418,2026-08-31
Men I Trust,Break for Lovers (feat. Helena Deland),骨子里还是个薄情寡意爱自由的人,42,叶文洁的小钢锯,https://music.163.com/#/song?id=33872418,2026-08-31
Men I Trust,Break for Lovers (feat. Helena Deland),“无论是朋友、工作还是恋爱，如果你感到与对方特别契合，沟通愉悦甚至时时令你灵光乍现，你知道这说明什么吗？ 1%的可能你遇到了SOULMATE。 99%的可能你遇到了阅历智商情商都在你之上的人，而对方因为什么目的在向下兼容而已。只要TA愿意，TA可以和每个跟你一样级别的人，达到这种心有灵犀。”,35,魔法少女聂风,https://music.163.com/#/song?id=33872418,2026-08-31
Men I Trust,Break for Lovers (feat. Helena Deland),日推的抱一抱,29,C7ga,https://music.163.com/#/song?id=33872418,2026-08-31
Men I Trust,Break for Lovers (feat. Helena Deland),不 你缺个音箱,28,Manman____,https://music.163.com/#/song?id=33872418,2026-08-31
Men I Trust,Break for Lovers (feat. Helena Deland),封面像极了平时用keep做运动的👴,27,遲兩秒食麵被埋伏,https://music.163.com/#/song?id=33872418,2026-08-31
Men I Trust,Break for Lovers (feat. Helena Deland),女孩要修炼成的五样东西！ 1、扬在脸上的自信 2、长在心底的善良 3、融进血里的骨气 4、清风拂面的温柔 5、刻进命里的坚强 如果你有一天想不开，那来找我，我请你吃火锅，告诉你世间还是有些值得留恋的。 你想怎么吃怎么吃，想蘸麻酱蘸麻酱，想吃鸳鸯锅就鸳鸯锅，活下来就好[爱心] 我在贵港,23,啊离x_,https://music.163.com/#/song?id=33872418,2026-08-31
Mojo Hand（魔力手）乐队,逢魔之时 (Time to Twilight Zone),嘿土蜘蛛，我们所有的逢魔之时boss要组成一个乐队，但是只有一个boss没有收到邀请，你猜猜是谁？,727,MoLiNnnnnn,https://music.163.com/#/song?id=1985029334,2026-08-31
Mojo Hand（魔力手）乐队,逢魔之时 (Time to Twilight Zone),我的评价是六周年主题曲钱白花,574,cywaybyA,https://music.163.com/#/song?id=1985029334,2026-08-31
Mojo Hand（魔力手）乐队,逢魔之时 (Time to Twilight Zone),这才是我鼠宝该有的音乐质量！！什么时候把泽野弘之请来作编曲呀！,516,SutaBlackY,https://music.163.com/#/song?id=1985029334,2026-08-31
Mojo Hand（魔力手）乐队,逢魔之时 (Time to Twilight Zone),很好，赶紧给我出音游！！！出必玩,220,从天而降的铁饼,https://music.163.com/#/song?id=1985029334,2026-08-31
Mojo Hand（魔力手）乐队,逢魔之时 (Time to Twilight Zone),我觉着这个比式神主题曲更适合6周年主题曲[多多耍酷],211,Raimei,https://music.163.com/#/song?id=1985029334,2026-08-31
Mojo Hand（魔力手）乐队,逢魔之时 (Time to Twilight Zone),大家好，我是逢魔之时乐队的胧车，我刚在逢魔之时被打晕，醒来收到音扬师通告，说前往现世出道我就能成为受人爱戴的大明星，我立马载上呱太们，拖着疲惫的身躯前来出道。结果导演告诉我我只配做舞台，我问导演我如何才能成为真正的乐手呢，导演说：今天是肯德基疯狂星期四，v我50，送你C位出道。,199,咕叽艾玛,https://music.163.com/#/song?id=1985029334,2026-08-31
Mojo Hand（魔力手）乐队,逢魔之时 (Time to Twilight Zone),这首歌超级配芽芽啊！！！神王八岐大蛇冲呀！！！在无数个世界里毁灭平安京，然后只有在痒痒鼠这个世界无限吃瘪！！！[狗],163,曙旎,https://music.163.com/#/song?id=1985029334,2026-08-31
Mojo Hand（魔力手）乐队,逢魔之时 (Time to Twilight Zone),各位！！都请到小林未郁了！！离泽野弘之还会远吗！！！！我直接蹲一波和泽野大佬的合作（）,121,余椁_helisz,https://music.163.com/#/song?id=1985029334,2026-08-31
Mojo Hand（魔力手）乐队,逢魔之时 (Time to Twilight Zone),土蜘蛛是鍵盤手啊,68,-橘子小行星-,https://music.163.com/#/song?id=1985029334,2026-08-31
Mojo Hand（魔力手）乐队,逢魔之时 (Time to Twilight Zone),嗯，比6周年好听。花大钱请个作词的不亏么[大哭],62,yuikaori,https://music.163.com/#/song?id=1985029334,2026-08-31
Mojo Hand（魔力手）乐队,逢魔之时 (Time to Twilight Zone),看背景图还是有土蜘蛛的[大哭],61,黑加一点白,https://music.163.com/#/song?id=1985029334,2026-08-31
Mojo Hand（魔力手）乐队,逢魔之时 (Time to Twilight Zone),这不比六周年曲更适合六周年？,59,CiWADI,https://music.163.com/#/song?id=1985029334,2026-08-31
Mojo Hand（魔力手）乐队,逢魔之时 (Time to Twilight Zone),这次逢魔之时乐队真的燃！爆！啦！一开头就感受到熊熊燃烧的现场气氛，重金属加摇滚的感觉真的绝了，真的会让人在铿锵的打击感中迷失自我跟着摇起头来～小林未郁的演唱激情飞扬，太有感染力了，她吸收了各个乐器的音乐元素，完美的与乐器融合在一起，喷发出能让我们被磁铁紧紧吸住的歌声，太震撼子。,37,juun_faye,https://music.163.com/#/song?id=1985029334,2026-08-31
Mojo Hand（魔力手）乐队,逢魔之时 (Time to Twilight Zone),小林未郁一如既往的神曲嗓音！！🥹🥹真的太有力量啦…是我想象中逢魔之时的该有的气势！！巨型怪物们尽情弹奏着乐器，胧车舞台在躁动，鬼灵歌伎放声歌唱…一起蹦迪吧阴阳师们！做酷怪就要摇滚🤘🎸🎹🥁,36,Scorpio_Pluto_,https://music.163.com/#/song?id=1985029334,2026-08-31
Mojo Hand（魔力手）乐队,逢魔之时 (Time to Twilight Zone),这不比六周年那个燃？？？,29,AKA路辰,https://music.163.com/#/song?id=1985029334,2026-08-31
Mojo Hand（魔力手）乐队,黄昏之前 (Countdown),《舞  台  ： 胧  车》,63,真若白昼,https://music.163.com/#/song?id=1985028319,2026-08-31
Mojo Hand（魔力手）乐队,黄昏之前 (Countdown),好聒噪的胧车[呆],12,荟满苑,https://music.163.com/#/song?id=1985028319,2026-08-31
Mojo Hand（魔力手）乐队,黄昏之前 (Countdown),大舅不在家,11,栀稚璃子,https://music.163.com/#/song?id=1985028319,2026-08-31
Mojo Hand（魔力手）乐队,黄昏之前 (Countdown),音扬师才是永远的神！！！,10,马蹄无方,https://music.163.com/#/song?id=1985028319,2026-08-31
Molly Nilsson,Blinded by the Night,2020那就是和我妈妈认识的第22年呀,8535,与横道,https://music.163.com/#/song?id=1382720616,2026-08-31
Molly Nilsson,Blinded by the Night,《美国往事》里有一段台词：“当我对所有的事情都厌倦的时候，我就会想到你，想到你在世界的某个地方生活着，存在着，我就愿意忍受一切。你的存在对我很重要。” 只愿岁岁平安，即使生生不见！,7321,要星星自己摘-,https://music.163.com/#/song?id=1382720616,2026-08-31
Molly Nilsson,Blinded by the Night,2020新年愿望：不要再经历2019这些破碎时刻,5314,倉石一樹kazuki,https://music.163.com/#/song?id=1382720616,2026-08-31
Molly Nilsson,Blinded by the Night,分享歌其实没有什么意义，自己很宝贝的歌，视若明珠，其实很大一部分是带有自己当下的心境。觉得好听到爆炸，于是急不可耐地分享给重要的人，可他听到的只是这首歌的皮囊而已，可皮囊本身是没什么好听的。它像一个引子，除非另一个人恰好有同样的心情和境地，否则只嫌歌太长，心想着怎么还不结束啊。,3805,彤彤808-,https://music.163.com/#/song?id=1382720616,2026-08-31
Molly Nilsson,Blinded by the Night,现在是晚上11点半，领导酒喝多了躺在床上打点滴，我就在旁边伺候着。 三十岁了，这些年在单位谨言慎行任劳任怨。隐忍太多，但心酸无人可说。中午在饭桌上稍稍流露出一些疲惫，还被岳父母一顿冷嘲热讽。 就在刚才一瞬间，忽然看开了，进不进步无所谓了，我真的想我妈妈了。,3249,Trainspotting_J,https://music.163.com/#/song?id=1382720616,2026-08-31
Molly Nilsson,Blinded by the Night,"""我想谈论原子、死亡、性、外星人、魔法、智力、生命的意义、遥远的星系，让你想跳舞的音乐、有趣的回忆、你说的谎言、你的缺点、你最喜欢的气味、你的童年、让你彻夜难眠的东西、你的不安全感和恐惧。""",3169,Alex_McAvoy_,https://music.163.com/#/song?id=1382720616,2026-08-31
Molly Nilsson,Blinded by the Night,2020年，我三十岁，失去了爸爸，离了婚，公务员考试失败，sci文章发表成功，终于拿到了延迟快两年的硕士学位，搬了家，换了工作。 我的手机尾号是2020。这一年我好像重生了。过去那三十年仿佛别人的人生，而我的，刚开始。,3112,叶小姐爱听歌,https://music.163.com/#/song?id=1382720616,2026-08-31
Molly Nilsson,Blinded by the Night,哇，去年我提供歌词时还只有二十几个人，既然全都是来许愿的，那我就祈祷一下有人能发现我这个歌词贡献者吧[大哭],2850,Feillica,https://music.163.com/#/song?id=1382720616,2026-08-31
Molly Nilsson,Blinded by the Night,有些人天生就喜欢这种风格的曲,2073,一骑绝尘I1,https://music.163.com/#/song?id=1382720616,2026-08-31
Molly Nilsson,Blinded by the Night,2020貌似更让人失望了。,1564,-春天的花,https://music.163.com/#/song?id=1382720616,2026-08-31
Molly Nilsson,Blinded by the Night,2019令人失望吗？跨过12月  新的一年  充满希望,1533,菲奥娜se7en,https://music.163.com/#/song?id=1382720616,2026-08-31
Molly Nilsson,Blinded by the Night,看到全网那么多人抱怨2020年多么多么不好，对我而言除了疫情还真没什么不好的，也许像我这种喜欢独处的人隔离生活只会让我长得更欢。反正今年养成了睡前不看手机，每天一小时阅读量，早睡早起的好习惯，身材管理和积蓄管理方面都有了显著的成色，没请教练就矫正了翼状肩胛，学会了冲浪，比赛也拿了奖,1374,Irene_Chock,https://music.163.com/#/song?id=1382720616,2026-08-31
Molly Nilsson,Blinded by the Night,我仿佛听到了国外的落日飞车和橘子海。,1110,多吃芝士i,https://music.163.com/#/song?id=1382720616,2026-08-31
Molly Nilsson,Blinded by the Night,我想结婚了 一个人真的好孤独,1092,西西费斯之歌,https://music.163.com/#/song?id=1382720616,2026-08-31
Molly Nilsson,Blinded by the Night,2020年只用了3个月就证明了2019年就是个弟弟,958,EriCricric,https://music.163.com/#/song?id=1382720616,2026-08-31
Molly Nilsson,H.O.P.E.,"Hope的含义：Hold On, Pain Ends. 坚持住，痛苦终会过去.",3248,7and20,https://music.163.com/#/song?id=477839665,2026-08-31
Molly Nilsson,H.O.P.E.,2019年 对听到这首的人好点哦,2997,RaRa0,https://music.163.com/#/song?id=477839665,2026-08-31
Molly Nilsson,H.O.P.E.,有一天我看了四十四次日落。,2405,CCDMJ10451-5941,https://music.163.com/#/song?id=477839665,2026-08-31
Molly Nilsson,H.O.P.E.,当你的品味越小众，意味着你欣赏的事物，情感，艺术越不随波逐流，你对自己的认识越深刻，和你产生共鸣的人就越少，和人群的距离自然就越远。孤独是在所难免的，但你会欣然接受它，因为属于你的气质正在形成，你对自己的兴趣了解越多，对大众的喜好保持尊敬，错过灵魂相通的人概率越低，生活质量越高。,1503,-网易云喵王-,https://music.163.com/#/song?id=477839665,2026-08-31
Molly Nilsson,H.O.P.E.,这首歌的神奇之处在于虽置身在霓虹闪烁的街头，却又似漫步在阳光晃眼的午后小径，日夜穿梭，黑白相间，只因冗长的黑暗中，这旋律似一道真实的光,1015,冷竹无声,https://music.163.com/#/song?id=477839665,2026-08-31
Molly Nilsson,H.O.P.E.,取下护目镜和口罩后看见自己的脸，像一个浮肿泡白的猪头。脸上被勒出几道对称的红迹类似某种封印。你还会想看到这张脸吗。回家洗了很久很久的澡，做了不太好吃的晚餐。听网友分享的一首歌听得哭起来。真矫情啊，明明这么充实了。,622,大庆路的孩子_,https://music.163.com/#/song?id=477839665,2026-08-31
Molly Nilsson,H.O.P.E.,也许，在第四十五次，你会看到小狐狸，或者玫瑰花。,552,明里-_-,https://music.163.com/#/song?id=477839665,2026-08-31
Molly Nilsson,H.O.P.E.,总有些人会教会你成长，但方式不值得你感谢,523,你很美好且值得,https://music.163.com/#/song?id=477839665,2026-08-31
Molly Nilsson,H.O.P.E.,假如未来三体拍了电影 这首歌作为背景音乐再好不过了。,422,_Sim0n,https://music.163.com/#/song?id=477839665,2026-08-31
Molly Nilsson,H.O.P.E.,本人女，95年生，性格温婉纯良，喜欢阅读和听音乐。对生活充满向往，无奈长这么大还没谈过恋爱，很希望遇见一个和自己有相同喜好的人，即使是音乐。有如暖阳般的单身小哥哥吗？可以认识一下不啊🍯,396,月亮啊星星啊漫漫啊,https://music.163.com/#/song?id=477839665,2026-08-31
Molly Nilsson,H.O.P.E.,我猜你们听过Plastic Panorama,326,天外隐士,https://music.163.com/#/song?id=477839665,2026-08-31
Molly Nilsson,H.O.P.E.,“你知道的，悲伤的人会爱上日落。”  “那么你是很悲伤了？”我问，“看了四十四次日落的那天？”,297,菊一icc,https://music.163.com/#/song?id=477839665,2026-08-31
Molly Nilsson,H.O.P.E.,你身体里的每一个原子，都来自一颗爆炸了的恒星，形成你左手的原子，可能与你右手的来自不同的恒星。这是我所知的关于物理的最有诗意的事情：你的一切都是星尘。  ——英国物理学家布莱恩·考克斯,275,小林乂茶,https://music.163.com/#/song?id=477839665,2026-08-31
Molly Nilsson,H.O.P.E.,浮华褪尽，人比烟花寂寞。,266,长夜通明,https://music.163.com/#/song?id=477839665,2026-08-31
Molly Nilsson,H.O.P.E.,其他人：这首歌让我很概慨啊～ 干剪辑的人：这个前奏剪出来可以用,222,那位绿鹅,https://music.163.com/#/song?id=477839665,2026-08-31
Molly Nilsson,Perfect Past,“我是一个怀旧的人，会听很多怀旧的歌曲，这种聆听经历也深深影响了我的创作，但我并没有故意设定它的风格。从某种意义上来说，新潮与否的标签对我而言并不重要，我只想写出一些经得起时光洗练的歌曲。”,197,国家一级废物保护协会,https://music.163.com/#/song?id=29582227,2026-08-31
Molly Nilsson,Perfect Past,“你可以回到过去，但那里已经没有人了”,175,多吃芝士i,https://music.163.com/#/song?id=29582227,2026-08-31
Molly Nilsson,Perfect Past,敲打得我头颅好舒服[晕][晕][晕],117,西城忆树,https://music.163.com/#/song?id=29582227,2026-08-31
Molly Nilsson,Perfect Past,希望下次喝酒是畅谈未来而不是诉说过去,86,条咯巧克力,https://music.163.com/#/song?id=29582227,2026-08-31
Molly Nilsson,Perfect Past,我最近真的认为，要把一天的义务，当作一辈子的义务，严肃地努力实践，不可敷衍了事。对于喜欢的人，也要尽早不加粉饰地告诉对方。肮脏的算计就别做了。无悔地坦率行动。剩下的，只能交给天意。   ——太宰治《小说灯笼》,56,沉入大海的鱼_,https://music.163.com/#/song?id=29582227,2026-08-31
Molly Nilsson,Perfect Past,怪风太温柔， 像老朋友， 像旧时候。,41,半卷閒書半碗茶,https://music.163.com/#/song?id=29582227,2026-08-31
Molly Nilsson,Perfect Past,从未想过自己的头会是木鱼,19,一路到D,https://music.163.com/#/song?id=29582227,2026-08-31
Molly Nilsson,1995,在充满爱的家庭里长大的孩子，他们身上的那种强大的自信和安全感是我这一辈子都模仿不来的 ​,2436,Zn逝于2019年,https://music.163.com/#/song?id=477839664,2026-08-31
Molly Nilsson,1995,"1995,我出生的那年。那一年，世界贸易组织成立；那一年，CCTV5开播；那一年，邓丽君逝世；那一年，中国人第一次去到了北极点；那一年，不知是陈奕迅还是林夕在机场的车站拿了一个他不想还的背包。",1039,WadeHugh,https://music.163.com/#/song?id=477839664,2026-08-31
Molly Nilsson,1995,努力让自己的孩子成为这样的人吧。,350,人生尽欢死而无憾,https://music.163.com/#/song?id=477839664,2026-08-31
Molly Nilsson,1995,win95在1995年8月24日发行。 在它发行的一两年内，它成为有史以来最成功的操作系统。Windows 95以强大的攻势进行发布，包括了商业性质的滚石乐队的歌曲《Start Me Up》。很多没有电脑的顾客受到宣传的影响而排队购买软件，但他们甚至根本不知道Windows 95是什么。,303,石察卡_,https://music.163.com/#/song?id=477839664,2026-08-31
Molly Nilsson,1995,听Molly Nisson 的歌曲有一种错觉就是自己坐在后排靠窗车上，车在海边的路上奔驰着，海风吹着脸庞，阳光穿过海边的树木照在脸上那种愉悦的心情不言而喻！,288,我执念1001,https://music.163.com/#/song?id=477839664,2026-08-31
Molly Nilsson,1995,被打压长大的孩子，终其一生都在证明自己,214,uku也想弹民谣,https://music.163.com/#/song?id=477839664,2026-08-31
Molly Nilsson,1995,好想和你一起去海边 追逐 听你喊我的名字[爱心],198,弃甜,https://music.163.com/#/song?id=477839664,2026-08-31
Molly Nilsson,1995,自从得了精神病整个人都精神多了,167,想从世界逃跑的病,https://music.163.com/#/song?id=477839664,2026-08-31
Molly Nilsson,1995,2020，与世界交手的第25年,136,茱麗呀,https://music.163.com/#/song?id=477839664,2026-08-31
Molly Nilsson,1995,也不一定，有时爱与期待也是一种负担,133,闪闪Dudu,https://music.163.com/#/song?id=477839664,2026-08-31
Molly Nilsson,1995,谁说一定要模仿他们，自己活成独一无二的你吧！,100,孜然味香水,https://music.163.com/#/song?id=477839664,2026-08-31
Molly Nilsson,1995,这首不给赵涛蹦迪真的可惜了,88,人间小百合,https://music.163.com/#/song?id=477839664,2026-08-31
Molly Nilsson,1995,95年我在干嘛 我还没出生....妈妈也还是一个年轻漂亮的小美女呢,79,CCCaden,https://music.163.com/#/song?id=477839664,2026-08-31
Molly Nilsson,1995,属于世纪末的安逸，深入北半球冰冷国度，丛林中有寂寞的战争时期遗留的楼房。 苔原，夹带大量植物香气的湿润微风。 世界各地都在以独有的方式迎接下一个百年千年。,77,栗原秋山,https://music.163.com/#/song?id=477839664,2026-08-31
Molly Nilsson,1995,"95年的我，今年已经二十六岁了你要加油努力，你已经不是孩子了哪怕肩负更多的责任与压力你也要负重前行",56,凉薄事态,https://music.163.com/#/song?id=477839664,2026-08-31
PREP,As It Was,就咱们几个听就行了，务必保密,39540,芬达好味道,https://music.163.com/#/song?id=1968869187,2026-08-31
PREP,As It Was,耳机是唯一不用扎针的输液管，发呆是唯一不用付费的宇宙遨游。,22234,我们不妨约定,https://music.163.com/#/song?id=1968869187,2026-08-31
PREP,As It Was,"Tempo不紧不慢，鼓打的和煤气灶一样，贝斯肥肥的音色，键盘的奇妙阴森和声，合成器的节奏（和line by line, Cold Fire的riff一样），笛子riff+萨克斯Solo，最后四四拍的重音强调的衔接，就是PREP味！",15259,VincentsPalette,https://music.163.com/#/song?id=1968869187,2026-08-31
PREP,As It Was,“ 好想给航空公司一个建议 把座椅前面的杂志换成日记本 肯定很多人写的肯定有很多故事 乘客可以看见别人写的东西 公司把写完的日记本收集起来 做成期刊就叫'飞行日记' 人们只有在飞机上才可能放下自己的手机 ”,10518,今景小宇宙,https://music.163.com/#/song?id=1968869187,2026-08-31
PREP,As It Was,工位的转椅真的很好晃~,10158,Eden_zzz,https://music.163.com/#/song?id=1968869187,2026-08-31
PREP,As It Was,现在开始 你会长高痘痘会消失 皮肤会变好 成绩会越来越好 会失而复得 接下来的一切都会顺心如意,9070,小石头444,https://music.163.com/#/song?id=1968869187,2026-08-31
PREP,As It Was,有些歌就是要听到最后犹豫半天才能点下红心 有些歌就是秒点 网易云被我玩出了好声音导师的感觉👌,6630,陌天之人,https://music.163.com/#/song?id=1968869187,2026-08-31
PREP,As It Was,智者不入爱河，建设美丽中国。,5910,在异次元的春,https://music.163.com/#/song?id=1968869187,2026-08-31
PREP,As It Was,“怎么老是一边做作业一边听歌 ？”       “你没看电影里主角做大事的时候都有背景音乐吗”,5803,刹見,https://music.163.com/#/song?id=1968869187,2026-08-31
PREP,As It Was,好听 有种几个星期不洗澡 现在舒舒服服洗了个热水澡的幸福感,4365,-梁梁子_,https://music.163.com/#/song?id=1968869187,2026-08-31
PREP,As It Was,一位末世皇帝，一只笼中的鸟，一架呼啸而过的飞机，一位嫌弃的行人，一片荒芜的长满秸秆的田地，一曲荒诞的舞蹈,3862,我是JM啊,https://music.163.com/#/song?id=1968869187,2026-08-31
PREP,As It Was,本来是在dy刷到前面的旋律好听才收藏的 后面那段萨克斯我感觉直接升华了,3206,BLUEI11,https://music.163.com/#/song?id=1968869187,2026-08-31
PREP,As It Was,自律的痛苦轻如鸿毛。后悔的痛苦重于泰山,2408,小卡嘻嘻,https://music.163.com/#/song?id=1968869187,2026-08-31
PREP,As It Was,这首歌翻唱自哈卷的As it was，PREP重新编曲之后，加入了更加轻松惬意的感觉，为这首歌增添了新的生命。,2149,BlossomCandice,https://music.163.com/#/song?id=1968869187,2026-08-31
PREP,As It Was,看溥仪跳舞前听这首歌:太优雅了 看溥仪跳舞后听这首歌:满脑子都是青海摇，回不去了,2148,狂狂狂三三,https://music.163.com/#/song?id=1968869187,2026-08-31
PREP,Line by Line,性和孤独 让人误解爱情,7940,_不都媽生的,https://music.163.com/#/song?id=1317379535,2026-08-31
PREP,Line by Line,前奏好像 suit & tie,7591,魚枎,https://music.163.com/#/song?id=1317379535,2026-08-31
PREP,Line by Line,前奏爱上了，日推来的举个手✋🏻,4618,不止于唇,https://music.163.com/#/song?id=1317379535,2026-08-31
PREP,Line by Line,一见钟情明明是见色起意，日久生情不过是权衡利弊，就连白头偕老也只是习惯使然，有些东西或许根本就不存在，比如爱情。,2566,-不慕仙,https://music.163.com/#/song?id=1317379535,2026-08-31
PREP,Line by Line,再凶的男孩子 绑鞋带还不是要绑蝴蝶结,1985,討厭人類_-,https://music.163.com/#/song?id=1317379535,2026-08-31
PREP,Line by Line,2.2日推第一，早上不到8点被老妈喊起来吃饺子，和爸爸一起大扫除，我妈指挥~一家三口，我爸地位最低~哈哈哈……[大哭],1802,HQbilibiank,https://music.163.com/#/song?id=1317379535,2026-08-31
PREP,Line by Line,就好比你在我心尖跳舞,1739,6k1Ms,https://music.163.com/#/song?id=1317379535,2026-08-31
PREP,Line by Line,别晚安，继续聊。,1664,无所常,https://music.163.com/#/song?id=1317379535,2026-08-31
PREP,Line by Line,很喜欢太宰治在《人间失格》里说的一句话: 刀不锋利马太瘦，你拿什么跟我斗。小伙气质猛如狼，一腔热血拍胸膛。,1477,essentitas,https://music.163.com/#/song?id=1317379535,2026-08-31
PREP,Line by Line,怀民亦未寝，相与步于中庭，line by line.,1158,Parachute-42,https://music.163.com/#/song?id=1317379535,2026-08-31
PREP,Line by Line,我们精神小伙都穿豆豆鞋,1155,木棉玫鱼,https://music.163.com/#/song?id=1317379535,2026-08-31
PREP,Line by Line,前奏是什么乐器演奏出来的呀？好喜欢！！暖暖的阳光感,934,栗子呀_wani,https://music.163.com/#/song?id=1317379535,2026-08-31
PREP,Line by Line,维持关系很难我有点烦,709,星爵的Walkman,https://music.163.com/#/song?id=1317379535,2026-08-31
PREP,Line by Line,你这是小b宰治说的吧,564,欢乐水牛i,https://music.163.com/#/song?id=1317379535,2026-08-31
PREP,Line by Line,对不起，原奏最早是一声叫on the boat to china的老爵士！,440,脑壳宝器是哈呗儿,https://music.163.com/#/song?id=1317379535,2026-08-31
PREP,On and On,我一个人过了很多浪漫的日子,9496,Cade_444,https://music.163.com/#/song?id=1461076697,2026-08-31
PREP,On and On,这个前奏太蛊了，有种复古的fation感，真是modern和时代感的完美结合。光这伴奏我能听一天，歌手略带张扬的慵懒音锦上添花，感觉就像封面一样，跟着夕阳一直往前走，似是奔向未来，又像是拥抱回忆。,5205,一笙一月一壶酒,https://music.163.com/#/song?id=1461076697,2026-08-31
PREP,On and On,E是education的缩写表示这首歌非常适合学生听或者学英语的人听,5087,账号已注销,https://music.163.com/#/song?id=1461076697,2026-08-31
PREP,On and On,有黑胶的，音效建议用复古收音机，太nice了,2519,Mhich,https://music.163.com/#/song?id=1461076697,2026-08-31
PREP,On and On,“我心里有一簇迎着烈日而生的花”,1565,旷野黄昏,https://music.163.com/#/song?id=1461076697,2026-08-31
PREP,On and On,我用什么才能留住你， 我给你瘦落的街道、 绝望的落日、荒郊的月亮。 我给你一个久久地望着孤月的人的悲哀。 我给你一个从未有过信仰的人的忠诚。 ——博尔赫斯,1252,Cy6errNxt,https://music.163.com/#/song?id=1461076697,2026-08-31
PREP,On and On,一听就知道是line by line的作者，同风格,1064,初見_3iJk,https://music.163.com/#/song?id=1461076697,2026-08-31
PREP,On and On,以保守的性格追求自由是件很浪漫的事。 ​​​,970,随便啦-29,https://music.163.com/#/song?id=1461076697,2026-08-31
PREP,On and On,没有希望的时候就看看落日吧,863,OFFizz,https://music.163.com/#/song?id=1461076697,2026-08-31
PREP,On and On,如果能重来，我要选李白哎,789,WExinq,https://music.163.com/#/song?id=1461076697,2026-08-31
PREP,On and On,感觉适合开敞篷跑车开环山公路的时候听,439,酒德麻衣_-,https://music.163.com/#/song?id=1461076697,2026-08-31
PREP,On and On,刚从椅子的live出来 现场结束就放了这首,417,Lizzielzz,https://music.163.com/#/song?id=1461076697,2026-08-31
PREP,On and On,旅途里，尤其是高铁上听这首，窗外飞驰而过的风景好像都在跟我的一起雀跃,393,是我文刀,https://music.163.com/#/song?id=1461076697,2026-08-31
PREP,On and On,人把感受不到臆想的称之为浪漫,376,秽谷,https://music.163.com/#/song?id=1461076697,2026-08-31
PREP,On and On,好笋啊！！哈哈哈,372,oprettyme,https://music.163.com/#/song?id=1461076697,2026-08-31
PREP,Do What You Gotta,？？谁和谁？？立马我就点了♥️，太好听了，点头点头点头[超好听],63,米纳斯少校,https://music.163.com/#/song?id=3325414276,2026-08-31
PREP,Do What You Gotta,PREP的新歌有种破碎后整合自己的感觉，比如这首新的歌曲，是一种积极的态度，好像一个老朋友在对你诉说自己的过往，也对你的经历任何，但还是愿意帮你走出来，一起拥抱这个新的自己,22,李家小呆瓜,https://music.163.com/#/song?id=3325414276,2026-08-31
PREP,Do What You Gotta,你们两个怎么认识的,18,跳跳魚市場,https://music.163.com/#/song?id=3325414276,2026-08-31
PREP,Do What You Gotta,妈呀 什么神仙联动啊,14,voniee_,https://music.163.com/#/song?id=3325414276,2026-08-31
PREP,Do What You Gotta,落日飞车合作的没一个不喜欢的，真太会挑了。 国宏又会说：我真有品味，大家也很有品味。 超绝,14,落日栖鲸鱼,https://music.163.com/#/song?id=3325414276,2026-08-31
PREP,Do What You Gotta,熟悉的PREP味。,13,三娘超有用,https://music.163.com/#/song?id=3325414276,2026-08-31
PREP,Do What You Gotta,双厨狂喜,10,取个名字真mdfk的难,https://music.163.com/#/song?id=3325414276,2026-08-31
Rachael Yamagata 山形瑞秋,You Won't Let Me,我差点儿就抱到他了 然后呢 我醒了 早安,48178,迪姐姐-Zzz,https://music.163.com/#/song?id=18733192,2026-08-31
Rachael Yamagata 山形瑞秋,You Won't Let Me,一直不能理解这首歌，只是单纯的觉得好听。直到上周末在广州地铁人流管制时，和一个长裙妹子擦身而过，然后心里有种不知道怎么形容的感觉，突然转过头，只想再看一眼那个妹子。在转过头的那一刹那，妹子竟也是突然转过身，她的目光找到我了，两人相视一笑。大脑轰的一声，突然就响起来了这首歌。[呆],23410,呆瓜这个ID已经被注册啦,https://music.163.com/#/song?id=18733192,2026-08-31
Rachael Yamagata 山形瑞秋,You Won't Let Me,“你是我枯水年纪里的一场雨， 你来的酣畅淋漓， 我淋的一病不起……”,15292,有过一丝想念__,https://music.163.com/#/song?id=18733192,2026-08-31
Rachael Yamagata 山形瑞秋,You Won't Let Me,好久不见，今天的一个抱抱，你的胡茬扎着我的脖子的感觉我回味了好久，见到你更加的想你。,10740,啤斯-,https://music.163.com/#/song?id=18733192,2026-08-31
Rachael Yamagata 山形瑞秋,You Won't Let Me,喜欢这种音乐风格，喜欢这种不出名但才华横溢、特色鲜明的歌手！,6443,木头棒棒,https://music.163.com/#/song?id=18733192,2026-08-31
Rachael Yamagata 山形瑞秋,You Won't Let Me,"So tonight ,stay with me 这句快要哭了",4949,一眼惊囍,https://music.163.com/#/song?id=18733192,2026-08-31
Rachael Yamagata 山形瑞秋,You Won't Let Me,《重庆森林》里的一句台词：我们分手的那天是愚人节，所以我一直当她是开玩笑，我愿意让她这个玩笑维持一个月。从分手的那一天开始，我每天都买一罐5月1号到期的凤梨罐头，因为凤是阿May最爱吃的东西，而5月1号是我生日。我告诉我自己，当我买满30罐的时候，她如果还不回来，这一段感情就过期,4797,海霸堡,https://music.163.com/#/song?id=18733192,2026-08-31
Rachael Yamagata 山形瑞秋,You Won't Let Me,我终于 终于终于 变成了你。,4600,九零零零-,https://music.163.com/#/song?id=18733192,2026-08-31
Rachael Yamagata 山形瑞秋,You Won't Let Me,你全心全意我就无所畏惧.,4089,JINKUNSOUL,https://music.163.com/#/song?id=18733192,2026-08-31
Rachael Yamagata 山形瑞秋,You Won't Let Me,你要知道，你爱的人，在你身边，其实是一件很幸福的事情。[亲亲],3459,_铃儿响叮当-,https://music.163.com/#/song?id=18733192,2026-08-31
Rachael Yamagata 山形瑞秋,You Won't Let Me,超过100个赞我就去表白[皱眉],3374,BobbyAddict,https://music.163.com/#/song?id=18733192,2026-08-31
Rachael Yamagata 山形瑞秋,You Won't Let Me,"前天领了离婚证，看到他流泪的那一刹那，感触很深。其实回忆起来最让我骄傲的可能就是我们这将近十年的婚姻。收获、成长。结局一点也不狗血，没有所谓的原谅不原谅，其实心里早就释然了，道歉反倒觉得有些尴尬。钊哥，这一世你我夫妻缘分已尽，我很好，你也保重。",3159,不寻归途_,https://music.163.com/#/song?id=18733192,2026-08-31
Rachael Yamagata 山形瑞秋,You Won't Let Me,总不能因为一首歌就给故人打一通电话吧,2221,大bian里的牙印,https://music.163.com/#/song?id=18733192,2026-08-31
Rachael Yamagata 山形瑞秋,You Won't Let Me,喜欢听瑞秋的歌的人应该很多都是性格外向内心深处却感觉有点孤独的吧。,2063,好像是SB,https://music.163.com/#/song?id=18733192,2026-08-31
Rachael Yamagata 山形瑞秋,You Won't Let Me,一直不能理解 你复制粘贴的评论 脑子里是怎么想起这首歌的[呆],1878,___________你,https://music.163.com/#/song?id=18733192,2026-08-31
Rachael Yamagata 山形瑞秋,Dealbreaker,像寄不出去的信 一切都没有了意义 听到可以循环一年的歌 却没有人可以分享[狗],27608,炒蛋蛋蛋饭,https://music.163.com/#/song?id=18733198,2026-08-31
Rachael Yamagata 山形瑞秋,Dealbreaker,以前看夏目漱石把“I love you”译成“今夜月色很好”的时候 以为自己懂了 无非是东方特有的含蓄之意 今天长春下了头场大雨 特别想把“下雨了”告诉一个人的瞬间 忽然明白了“月色很好”是怎样的一种心情 那是和含蓄无关的东西 而且是含蓄的反面 是很直接的情话,22271,有事提钱联系,https://music.163.com/#/song?id=18733198,2026-08-31
Rachael Yamagata 山形瑞秋,Dealbreaker,原来以为好听的东西不分享留给自己听才是逼格，后来慢慢明白分享才是快乐，可是却找不到那个人了。,16183,知昂珍宝,https://music.163.com/#/song?id=18733198,2026-08-31
Rachael Yamagata 山形瑞秋,Dealbreaker,再找到这首歌就是他妈幸运,13356,17hu,https://music.163.com/#/song?id=18733198,2026-08-31
Rachael Yamagata 山形瑞秋,Dealbreaker,“将感情埋藏得太深有时是件坏事。如果一个女人掩饰了对自己所爱的男子的感情，她也许就会失去了得到他的机会。 ”（简·奥斯汀）,9217,Esmussseinl,https://music.163.com/#/song?id=18733198,2026-08-31
Rachael Yamagata 山形瑞秋,Dealbreaker,感情其实是一次性用品 每个人就那么多  用多少就少多少  回不去也投不进,7727,瞎子__,https://music.163.com/#/song?id=18733198,2026-08-31
Rachael Yamagata 山形瑞秋,Dealbreaker,这是今天推荐歌单的最后一首 听了以后很想哭 一个人在国外留学 尽量不花家里太多钱 但是来到这里以后 却要面对治病 修手机 买家具等 每一笔花销 都是自己省吃俭用省下来的 所以生活的很辛苦 但是每次家人问我的近况时 我都不敢说自己过得不好 常常告诉自己要坚强的走下去 希望生活能待我好一点,6985,选择流浪,https://music.163.com/#/song?id=18733198,2026-08-31
Rachael Yamagata 山形瑞秋,Dealbreaker,大概能被日推到这首歌的人都是孤独的,4302,小鑫爱犯困,https://music.163.com/#/song?id=18733198,2026-08-31
Rachael Yamagata 山形瑞秋,Dealbreaker,為什麼每次聽到副歌心都會好痛,3636,非得非,https://music.163.com/#/song?id=18733198,2026-08-31
Rachael Yamagata 山形瑞秋,Dealbreaker,和男朋友确定关系的那晚，车上单曲循环这首歌，然后他吻了我。现在可能一段关系要走到尽头了，音乐真是奇妙，像通往过去的门票，前奏一响，就立刻回到那个心狂跳的夜晚。,3418,lyqqqqqqqqqqqqq,https://music.163.com/#/song?id=18733198,2026-08-31
Rachael Yamagata 山形瑞秋,Dealbreaker,我听过很多人的赞美  也听过很多人的呵斥  我看见很多人向我走来  也看见很多人弃我而去  眼睁睁看着亲密的人走远  亲耳听到自己在别人口中是个怎样的烂人  我收获过许多失去过许多 放弃过许多也错过过许多 有过梦魇有过心愿有过突兀的孤独  终归会发现  每个人活得最漂亮的时候  都是一个人,3318,悲喜自度-他人难悟易误,https://music.163.com/#/song?id=18733198,2026-08-31
Rachael Yamagata 山形瑞秋,Dealbreaker,你们无法现象 这首歌是我在兰州拉面馆听见的,3017,指针匕首,https://music.163.com/#/song?id=18733198,2026-08-31
Rachael Yamagata 山形瑞秋,Dealbreaker,Chesapeake这张专辑太赞了 过去的两年多已经不知道听了多少遍 而且一直不想跟人分享,2806,Miss潘大卫,https://music.163.com/#/song?id=18733198,2026-08-31
Rachael Yamagata 山形瑞秋,Dealbreaker,这个情人节里还在听这首歌的，估计绝大多数都是单身吧，一直找一直找却怎么也找不到另一个人来分享，连想哭的理由都没有，一个人躺在沙发上望着天花板，空洞，空洞着......[哀伤],2186,在路上唱歌的Sun,https://music.163.com/#/song?id=18733198,2026-08-31
Rachael Yamagata 山形瑞秋,Dealbreaker,无人分享，默默循环。多少人的现状,2020,浓迟,https://music.163.com/#/song?id=18733198,2026-08-31
Rachael Yamagata 山形瑞秋,It's Always The Little Things,“如果你畏惧一件事，那你就会渴望这件事，所以你最好去完成这件事。”,19377,长岛冰茶111,https://music.163.com/#/song?id=1327566544,2026-08-31
Rachael Yamagata 山形瑞秋,It's Always The Little Things,要给你广阔的风  要给你无尽的蓝 还要耐心等候  你漫不经心随风而来,18252,迦捡,https://music.163.com/#/song?id=1327566544,2026-08-31
Rachael Yamagata 山形瑞秋,It's Always The Little Things,總會有小事發生。 滲入你的靈魂， 我怎麼能躺在這兒還醒着？ 我內心深處有一種東西在告訴我該走了。 我一直在等着要告訴你。 嗯， 帶我回家，讓它變好， 我渴望看到光明， 我在等待信號， 我不知道我們是否應該分開， 如果我們放棄，那意味着什麼？ 我怎麼還能感受到我們所經歷的一切的愛呢？ 我不知道,17912,拾肆是狗子,https://music.163.com/#/song?id=1327566544,2026-08-31
Rachael Yamagata 山形瑞秋,It's Always The Little Things,我的音乐是财富，是宝藏，是世间不可多得，每天醒来晒太阳听歌的时候真的觉得自己幸福的不得了。,12580,远航愉快,https://music.163.com/#/song?id=1327566544,2026-08-31
Rachael Yamagata 山形瑞秋,It's Always The Little Things,"""山顶""组合今日出道.[多多大笑]",9119,暮色来迟,https://music.163.com/#/song?id=1327566544,2026-08-31
Rachael Yamagata 山形瑞秋,It's Always The Little Things,去年11月27号在南京看了郭顶的落地之约，今年11月20号刚刚看了rachael巡演的南京站。凌晨看到这首歌发布，真的感觉两个平行世界突然就交汇了，一年来发生的点点滴滴 分离和相遇都被凝固在短短的几分钟和两个浅浅的声线里。感谢。,8843,账号已注销,https://music.163.com/#/song?id=1327566544,2026-08-31
Rachael Yamagata 山形瑞秋,It's Always The Little Things,“天氣真冷，我陪你過冬吧”,7627,iu0ui,https://music.163.com/#/song?id=1327566544,2026-08-31
Rachael Yamagata 山形瑞秋,It's Always The Little Things,因为喜欢的男生唱了《水星记》，很好听，爱上郭顶，他没爱上我.,7154,七喜诶,https://music.163.com/#/song?id=1327566544,2026-08-31
Rachael Yamagata 山形瑞秋,It's Always The Little Things,我想我们都太孤立无援了。,5530,自然之人,https://music.163.com/#/song?id=1327566544,2026-08-31
Rachael Yamagata 山形瑞秋,It's Always The Little Things,玫瑰在小王子离开时这样说：“ 我当然爱你，没有让你感觉到，是我的不对。”,4746,小玫瑰的猴面包树,https://music.163.com/#/song?id=1327566544,2026-08-31
Rachael Yamagata 山形瑞秋,It's Always The Little Things,凛冬将至，愿你出门不会迷路，喜欢的衣服刚刚合身，走夜路的时候总有路灯，每个梦里没有妖魔鬼怪，你喜欢的人也喜欢你，没有生离，只有死别。,4719,我和今夜的星星都在想你,https://music.163.com/#/song?id=1327566544,2026-08-31
Rachael Yamagata 山形瑞秋,It's Always The Little Things,郭顶？？？？？是我知道的那个么,3967,人间仙豆糕,https://music.163.com/#/song?id=1327566544,2026-08-31
Rachael Yamagata 山形瑞秋,It's Always The Little Things,我推荐给他水星记，他推荐我It's Always The Little Things,3901,崔崔崔崔崔牛逼,https://music.163.com/#/song?id=1327566544,2026-08-31
Rachael Yamagata 山形瑞秋,It's Always The Little Things,"立冬过后出道的，应该叫""山顶冻人""组合",3890,当音乐与回忆碰撞便是最致命一击,https://music.163.com/#/song?id=1327566544,2026-08-31
Rachael Yamagata 山形瑞秋,It's Always The Little Things,山行瑞秋&郭顶，这不是神仙组合，这是“山顶”组合！真是两个温柔的小可爱,3594,雾与晨的杂货店,https://music.163.com/#/song?id=1327566544,2026-08-31
Rachael Yamagata 山形瑞秋,Duet,上自习听这首歌  睡了2个小时  再见了朋友们,34543,进击ed黑白菜,https://music.163.com/#/song?id=18733268,2026-08-31
Rachael Yamagata 山形瑞秋,Duet,这首歌是在苏州同里一个慢递明信片的店里写明信片的时候、店里放的、当时很想买下这张碟片、可是老板说只剩下一张了、而且没有外壳包装、我就用听歌识曲知道了这首歌、直到现在、那张明信片当时是三年后寄到家里的、那时的我刚好大学毕业、无法遇见将来、但愿无愧于心[爱心][爱心]给网易音乐点赞,21066,荞麦MAI,https://music.163.com/#/song?id=18733268,2026-08-31
Rachael Yamagata 山形瑞秋,Duet,有人可以陪你躺在结了冰的查尔斯河上看银河，也有人只是在有雾气的清晨与你在街头微笑擦肩而过。时光总是美丽的。,14637,Hey_there_Delilah,https://music.163.com/#/song?id=18733268,2026-08-31
Rachael Yamagata 山形瑞秋,Duet,如果你还喜欢 Almost Lover 。,14042,虚拟是你,https://music.163.com/#/song?id=18733268,2026-08-31
Rachael Yamagata 山形瑞秋,Duet,有人认为爱是性，是婚姻，是清晨六点的吻，是一堆孩子，也许真是这样的，莱斯特小姐。但你知道我怎么想吗？我觉得爱是想触碰又收回手。——塞林格,12699,张澳凯k,https://music.163.com/#/song?id=18733268,2026-08-31
Rachael Yamagata 山形瑞秋,Duet,Huge surprise here. Thank you so much! I'm very much looking forward to this trip! See you soon. Xox,12456,Rachael_Yamagata,https://music.163.com/#/song?id=18733268,2026-08-31
Rachael Yamagata 山形瑞秋,Duet,我算明白了，在前排的都是作文好的[呆],9158,夏未尽,https://music.163.com/#/song?id=18733268,2026-08-31
Rachael Yamagata 山形瑞秋,Duet,没有轰轰烈烈，只是细水流长，每一个小小的窃喜和委屈，都隐藏在时间的缝隙里。一切都随着你我的老去而变得不痛不痒，唯一记得的只有当下你手掌上的皱纹和手心里的温度。 不论被伤害多少次，只要是你。我依旧愿意张开双臂拥抱你。 那把曾经给我安全感的刀子，现在我把它交给了你。 这样的，一首歌。,7562,鏡子裡的魔術師,https://music.163.com/#/song?id=18733268,2026-08-31
Rachael Yamagata 山形瑞秋,Duet,想在一瞬间变成天上半明半暗的云,5835,驭风少女河马酱,https://music.163.com/#/song?id=18733268,2026-08-31
Rachael Yamagata 山形瑞秋,Duet,吉他都备好了，就等你来我们合唱,3818,账号已注销,https://music.163.com/#/song?id=18733268,2026-08-31
Rachael Yamagata 山形瑞秋,Duet,恶梦醒来后你不在身边抱着我说“我在，我在”的那刻我才接受你已经离开的现实,2745,biubiubiu有大怪兽,https://music.163.com/#/song?id=18733268,2026-08-31
Rachael Yamagata 山形瑞秋,Duet,每天都在网易云上找感动，找知音，但事实证明每一个听众都是一个孤傲的岛屿，不到海枯永远不会发现自己和他人一直都是有关联的。每次向别人推荐自己很欣赏的音乐，换来的是敷衍的点头。但每次看到歌曲的评论，我就会欣喜于自己并不孤独，只是缺少与你见面的机会。寻找必定徒劳...,2291,-水行记-,https://music.163.com/#/song?id=18733268,2026-08-31
Rachael Yamagata 山形瑞秋,Duet,山游移  海止息,2250,住在702號房間,https://music.163.com/#/song?id=18733268,2026-08-31
Rachael Yamagata 山形瑞秋,Duet,要是我有了男朋友呀，一定要和他坐一次从北京到莫斯科的火车，挤在狭仄铺位里把一百多个小时慢慢浪费掉，熄灯以后偷偷接吻，被发现也没关系，反正四周只有旅人窗外只有林海，权当做整个世界除了我，没有人认识他。,2224,小羽今天要早睡,https://music.163.com/#/song?id=18733268,2026-08-31
Rachael Yamagata 山形瑞秋,Duet,没有狗血的爱情，没有考研。没有文字清新般的偶遇。屌丝的我早上九点习惯性听推荐时，被这首歌迷住了。这才是普通人的生活。,2209,一枪闭了你的生活,https://music.163.com/#/song?id=18733268,2026-08-31
Stratovarius灵云乐队,Beauty Has Come,希望这首歌不要被随便的人发现,72,账号已注销,https://music.163.com/#/song?id=18919298,2026-08-31
Stratovarius灵云乐队,Beauty Has Come,这是我见到第几个小灵云了。。。[大哭],50,力金猫猞猁_转战Spo,https://music.163.com/#/song?id=18919298,2026-08-31
Stratovarius灵云乐队,Beauty Has Come,NO.179,21,復不劫萬,https://music.163.com/#/song?id=18919298,2026-08-31
Stratovarius灵云乐队,Beauty Has Come,◻◼⠀⠀◼◼,17,账号已注销,https://music.163.com/#/song?id=18919298,2026-08-31
Stratovarius灵云乐队,Beauty Has Come,💙ㅤ🌙,12,恍若惘闻,https://music.163.com/#/song?id=18919298,2026-08-31
Stratovarius灵云乐队,Beauty Has Come,★★★,12,猛猛故人的幻想,https://music.163.com/#/song?id=18919298,2026-08-31
Stratovarius灵云乐队,Beauty Has Come,正宗实力派唱将，好听！ﾉ☀,10,烎恏,https://music.163.com/#/song?id=18919298,2026-08-31
Stratovarius灵云乐队,Beauty Has Come,原来大家都想到了林志炫的《没离开过》😂😂😂😂,10,AUV音乐勤杂工,https://music.163.com/#/song?id=18919298,2026-08-31
Stratovarius灵云乐队,Beauty Has Come,[圈],10,-席樂,https://music.163.com/#/song?id=18919298,2026-08-31
TC,熄灭,“忘记一个人是先忘记声音还是面容？” “缺点。”,50732,iEven_if,https://music.163.com/#/song?id=2040015902,2026-08-31
TC,熄灭,TC，h3R3，江辰，加木谁懂啊！！,34914,丨你真是可愛,https://music.163.com/#/song?id=2040015902,2026-08-31
TC,熄灭,这里评论真吓人，无论几岁爱情都不该是你们生活的全部啊。人与人的生活节奏都不一样，有人3分钟泡面有人3小时煲汤，有人外卖已送达，有的人才刚切好蒜和肉。大家赶的时间不一样，慢慢会有人理解你的小情绪，慢慢理解你长大后的小心愿了解海边圆月。慢慢来的才是诚意，好戏都在烟火里。,30973,黑巧淡苦,https://music.163.com/#/song?id=2040015902,2026-08-31
TC,熄灭,听第一句就是高潮的歌就像被强吻，窒息但是上头,27302,頌慾,https://music.163.com/#/song?id=2040015902,2026-08-31
TC,熄灭,溫馨提示：頻繁聊天会产生恋愛的错觉。,21105,临云野Limbus,https://music.163.com/#/song?id=2040015902,2026-08-31
TC,熄灭,我把话撂这了，4年后2029年6月15日，你们一定会在奥运会羽毛球男单比赛看见一个叫吴骏祁的中国选手，那年我19,19560,平凡的羽球人,https://music.163.com/#/song?id=2040015902,2026-08-31
TC,熄灭,高潮那句真的太好听了…把它放在开头直接抓住了我的耳朵,16943,tudyiii,https://music.163.com/#/song?id=2040015902,2026-08-31
TC,熄灭,你把小猫带回家养了几天 又放它继续流浪 你是全世界最坏的人,14032,___梦里见___,https://music.163.com/#/song?id=2040015902,2026-08-31
TC,熄灭,网易有一个很扎心的功能 可以给自己点赞🥲,13544,婚宠牛逼,https://music.163.com/#/song?id=2040015902,2026-08-31
TC,熄灭,“小时候打喷嚏总以为有人想我。” “原来是现在的我。”,11858,真情X_w,https://music.163.com/#/song?id=2040015902,2026-08-31
TC,熄灭,国庆就和初恋结婚啦！！,11837,Abuse-Cheat,https://music.163.com/#/song?id=2040015902,2026-08-31
TC,熄灭,我也常常觉得冷 但没随便抱别人,10119,放任回忆纠缠,https://music.163.com/#/song?id=2040015902,2026-08-31
TC,熄灭,十月听《熄灭》的人幸福一辈子好不好,9039,春日发生阿卡贝拉,https://music.163.com/#/song?id=2040015902,2026-08-31
TC,熄灭,这个旋律很耐听很高级哎 唱法和音色也很有感染力 但是词有点怪怪的 会有点网络流行口水歌 打磨一下就更震撼 作品会更完美啦,6650,Icelandidset17,https://music.163.com/#/song?id=2040015902,2026-08-31
TC,熄灭,我猜各位也喜欢加木的吧,5586,抱一下歉DD,https://music.163.com/#/song?id=2040015902,2026-08-31
TC,该怎么办,曾经你是我的光，如今我昏暗中迷失方向。,26691,TC_Tang_,https://music.163.com/#/song?id=2032201541,2026-08-31
TC,该怎么办,h3r3 高旭 TC 三个人我的取向狙击,18300,小蛙-jinyu,https://music.163.com/#/song?id=2032201541,2026-08-31
TC,该怎么办,写不完作业我该怎么办 怎么办 怎么办。,17871,鱼游YY,https://music.163.com/#/song?id=2032201541,2026-08-31
TC,该怎么办,“严禁向未成年人提供虚拟伴侣”那为何14岁就能同意性行为？,8560,小澜江,https://music.163.com/#/song?id=2032201541,2026-08-31
TC,该怎么办,听出了h3r3的感觉有没有,8218,也许要一直在,https://music.163.com/#/song?id=2032201541,2026-08-31
TC,该怎么办,我喜欢女生 有问题吗,6983,不幸客,https://music.163.com/#/song?id=2032201541,2026-08-31
TC,该怎么办,“不妨大胆一点，反正我们都不能活着离开这个世界”,5403,-霧w-,https://music.163.com/#/song?id=2032201541,2026-08-31
TC,该怎么办,希望妈妈能够战胜癌症,5299,SACAYIGOATJINMUXIANGLUNXTYPSHT,https://music.163.com/#/song?id=2032201541,2026-08-31
TC,该怎么办,26年听《该怎么办》的人顺顺利利好不好🥺,5033,人性本坏l_l,https://music.163.com/#/song?id=2032201541,2026-08-31
TC,该怎么办,没人觉得高潮部分很像忘不掉的你吗[问号],4783,心含悲郁,https://music.163.com/#/song?id=2032201541,2026-08-31
TC,该怎么办,4月听《该怎么办》的女孩子一辈子幸福好不好,4013,BatoI,https://music.163.com/#/song?id=2032201541,2026-08-31
TC,该怎么办,死刑犯,3891,愿你忠于自己-,https://music.163.com/#/song?id=2032201541,2026-08-31
TC,该怎么办,我不是恋爱脑 我只是比较认真 我会幸福的,3630,YAN_1201,https://music.163.com/#/song?id=2032201541,2026-08-31
TC,该怎么办,就像在盗版网站看纯爱漫画 周围都是打码的黄色动图 只有漫画里两个人在大雪中的暖色路灯下连手都不敢牵,3542,wzdhaoxhygryyh,https://music.163.com/#/song?id=2032201541,2026-08-31
TC,该怎么办,我表达生气的方式就是晚点回你消息。,3443,-个好梦,https://music.163.com/#/song?id=2032201541,2026-08-31
TC,Leave Me Alone（寂寞作伴）,其实逼人回信息挺没意思的,67672,R-左左,https://music.163.com/#/song?id=1806634682,2026-08-31
TC,Leave Me Alone（寂寞作伴）,不会再无条件对你好，不会再经过有你的街道。,41536,TC_Tang_,https://music.163.com/#/song?id=1806634682,2026-08-31
TC,Leave Me Alone（寂寞作伴）,“这次车窗起雾，我竟然没想好写谁的名字”.,38240,-cattcake-,https://music.163.com/#/song?id=1806634682,2026-08-31
TC,Leave Me Alone（寂寞作伴）,一转眼要突破900大关了，完全没有想到这首能成为我第一首可能999+的歌曲[流泪]顺便说一下我会认真看你们留下的每条评论喔（并且点赞[吐舌]）,33456,TC_Tang_,https://music.163.com/#/song?id=1806634682,2026-08-31
TC,Leave Me Alone（寂寞作伴）,拎着垃圾走了一路 害我错过好多礼物,18756,Ww1105-,https://music.163.com/#/song?id=1806634682,2026-08-31
TC,Leave Me Alone（寂寞作伴）,你最擅长的事就是回个表情包然后装死,12788,坦率的灯笼1,https://music.163.com/#/song?id=1806634682,2026-08-31
TC,Leave Me Alone（寂寞作伴）,下辈子不要在网上认识，你就住在隔壁好不好,12586,Doki鱼块,https://music.163.com/#/song?id=1806634682,2026-08-31
TC,Leave Me Alone（寂寞作伴）,我有名字 我不叫很好钓的那个女的 ​​​,12269,料理猪,https://music.163.com/#/song?id=1806634682,2026-08-31
TC,Leave Me Alone（寂寞作伴）,高中喜欢过一个篮球队的男孩 有一次 他打完篮球 我给他递水 比我高20厘米吧 抬头看到他汗流浃背大喘气鼻孔放大的样子 那一刻我觉得他像一只猩猩 然后这段暗恋就戛然而止了,10358,春告鳥_717,https://music.163.com/#/song?id=1806634682,2026-08-31
TC,Leave Me Alone（寂寞作伴）,我每天努力到吐 你却告诉我这是天赋,10350,孙悟天-,https://music.163.com/#/song?id=1806634682,2026-08-31
TC,Leave Me Alone（寂寞作伴）,最喜欢你的时候连陶白白的星座讲解都要看两份,9710,18载的梦,https://music.163.com/#/song?id=1806634682,2026-08-31
TC,Leave Me Alone（寂寞作伴）,好好听歌 少复制点非主流文字,9487,怎么能又下雨,https://music.163.com/#/song?id=1806634682,2026-08-31
TC,Leave Me Alone（寂寞作伴）,让过去留在过去，Move on。,9242,TC_Tang_,https://music.163.com/#/song?id=1806634682,2026-08-31
TC,Leave Me Alone（寂寞作伴）,没有人愿意一直接受你的负面情绪,9152,9iik,https://music.163.com/#/song?id=1806634682,2026-08-31
TC,Leave Me Alone（寂寞作伴）,你不是恋爱脑 你只是比较认真 你会幸福的,6904,uJy6,https://music.163.com/#/song?id=1806634682,2026-08-31
TC,无始无终,为何是有始有终，为何不。,4403,TC_Tang_,https://music.163.com/#/song?id=3343962691,2026-08-31
TC,无始无终,冷知识：你的 Crush会倒追你 热知识：你不会无缘无故的刷到 烫知识:点赞会成绩上升,3593,wyh好困,https://music.163.com/#/song?id=3343962691,2026-08-31
TC,无始无终,这个tc的忧郁程度恐怕在我之上,2729,l羊羊_uCly,https://music.163.com/#/song?id=3343962691,2026-08-31
TC,无始无终,26年听无始无终的宝宝幸福好不好,2598,Allergic-drug,https://music.163.com/#/song?id=3343962691,2026-08-31
TC,无始无终,“性格方面我向你道歉 论感情我真的没对不起你”,2560,乐子青少年,https://music.163.com/#/song?id=3343962691,2026-08-31
TC,无始无终,没人感觉前奏很爽吗[色][色],1864,許呆ze_17,https://music.163.com/#/song?id=3343962691,2026-08-31
TC,无始无终,小小年纪，道行这么深,1762,TC_Tang_,https://music.163.com/#/song?id=3343962691,2026-08-31
TC,无始无终,那些失去的 永远不会再失去了,1305,淇Tccccc,https://music.163.com/#/song?id=3343962691,2026-08-31
TC,无始无终,中国有十四亿人口，网易云有八亿用户，而你偏偏在这首歌的评论里看到了我，然后你花了五秒来读我这段话，是的呢，这一瞬间你是我的人。你好陌生人，今天也是美好的一天,1222,ichende,https://music.163.com/#/song?id=3343962691,2026-08-31
TC,无始无终,好家伙，我是古人吗,985,TC_Tang_,https://music.163.com/#/song?id=3343962691,2026-08-31
TC,无始无终,古希腊人认为，人类最初是完美的。 四条胳膊，四条腿，两张脸合为一个头，完整又幸福。 神因忌惮这份完整，将人一劈为二。 从此，被分开的人在世间痛苦游荡， 以爱之名，永无止境地寻找， 那个属于自己的，灵魂的另一半。,816,啊华_6dQS,https://music.163.com/#/song?id=3343962691,2026-08-31
TC,无始无终,多吃蔬菜可以写出这种歌吗,736,淞堇,https://music.163.com/#/song?id=3343962691,2026-08-31
TC,无始无终,尊敬的玩家，恭喜您触发隐藏剧情“重回巅峰”，选择该支线，您的脑力将被激发至日常水平的213%，您的精力恢复速度将增快158%，您的体能将增幅168%，请问您是否选择该剧情支线。,682,欲買桂花同載酒丨終不似丨少年游,https://music.163.com/#/song?id=3343962691,2026-08-31
TC,无始无终,可以试试,675,TC_Tang_,https://music.163.com/#/song?id=3343962691,2026-08-31
TC,无始无终,心理学上说：我们故意避开的人，往往都是很在意的人，下意识躲开是因为紧张，回头看是因为喜欢。,667,小析翊,https://music.163.com/#/song?id=3343962691,2026-08-31
The Seven Mile Journey,The Murderer/Victim Monologues,后摇听多了会让人讨厌人的声音，就连自己也想永远沉默。,1614,温玉迟,https://music.163.com/#/song?id=19278708,2026-08-31
The Seven Mile Journey,The Murderer/Victim Monologues,在小酒馆的演出中途有人喊了句SAY SOMETHING！ 吉他手沉默几秒笑着说了句：What do you want me to SAY. 这是他们整场演出唯一说的一句话。,1232,Branchhead,https://music.163.com/#/song?id=19278708,2026-08-31
The Seven Mile Journey,The Murderer/Victim Monologues,第一只爱上的后摇，后摇最大的魅力不在爆发那一刻，而在之前看似平静的压抑隐忍和暗流涌动的力量感~Ps.张弛有度,761,紫de甘蓝,https://music.163.com/#/song?id=19278708,2026-08-31
The Seven Mile Journey,The Murderer/Victim Monologues,当我是哥们的女孩现在是我女朋友了[可爱],575,广东省抽烟亚军,https://music.163.com/#/song?id=19278708,2026-08-31
The Seven Mile Journey,The Murderer/Victim Monologues,耳机插反了听这首歌，突然有了一种脸和后脑勺重叠的感觉…两个脑袋不分彼此,564,账号已注销,https://music.163.com/#/song?id=19278708,2026-08-31
The Seven Mile Journey,The Murderer/Victim Monologues,生来就是孤独,390,江河故人,https://music.163.com/#/song?id=19278708,2026-08-31
The Seven Mile Journey,The Murderer/Victim Monologues,对他们的音乐欲罢不能,264,账号已注销,https://music.163.com/#/song?id=19278708,2026-08-31
The Seven Mile Journey,The Murderer/Victim Monologues,看了评论把耳机拿出来插反的我也没有发现脸和后脑勺重叠倒是想起了魔法石里的伏地魔,259,1111va,https://music.163.com/#/song?id=19278708,2026-08-31
The Seven Mile Journey,The Murderer/Victim Monologues,后摇里有整场宇宙，宇宙中所有的故事，和故事里所有的酒。,256,九一二七,https://music.163.com/#/song?id=19278708,2026-08-31
The Seven Mile Journey,The Murderer/Victim Monologues,他的手在脸颊游离，冰冷却柔软。怀疑和猜忌，哀怨和愤怒，步步紧逼，我已快要窒息。他的手逐渐滑向我的咽喉，无止境地凝视。极度渴望他扼住我的咽喉，赐予我享用死亡的权利。请允许我的沉沦。,253,账号已注销,https://music.163.com/#/song?id=19278708,2026-08-31
The Seven Mile Journey,The Murderer/Victim Monologues,我的房间：一团糟 我的生活：一团糟 我的音乐品味：棒极了 ​​​,246,账号已注销,https://music.163.com/#/song?id=19278708,2026-08-31
The Seven Mile Journey,The Murderer/Victim Monologues,人与人还是刚认识的时候最好,164,Liberally丶,https://music.163.com/#/song?id=19278708,2026-08-31
The Seven Mile Journey,The Murderer/Victim Monologues,想多了。小众而已，并非孤僻。后摇是一种厚积薄发的美，而非人声的萦绕于耳。不要为后摇打上“孤僻”“孤独”等绝对标签。,162,drahorh_morn,https://music.163.com/#/song?id=19278708,2026-08-31
The Seven Mile Journey,The Murderer/Victim Monologues,◼◻⠀⠀◼◻⠀⠀◼◻,145,账号已注销,https://music.163.com/#/song?id=19278708,2026-08-31
The Seven Mile Journey,The Murderer/Victim Monologues,哇……看个纪录片《人间世》，背景音乐全是后摇，好多好多七英里的歌……,128,账号已注销,https://music.163.com/#/song?id=19278708,2026-08-31
The Seven Mile Journey,"Passenger's Log, The Unity Fractions",不毛之地已高楼林立  流亡之处已灯红酒绿,2155,敬爽,https://music.163.com/#/song?id=19278706,2026-08-31
The Seven Mile Journey,"Passenger's Log, The Unity Fractions",最严谨的后摇乐队,1205,恩和君,https://music.163.com/#/song?id=19278706,2026-08-31
The Seven Mile Journey,"Passenger's Log, The Unity Fractions",前段铺垫递进很成功的后摇 紧张的鼓点慢慢地将情绪带到制高点 平缓过渡后无尽宣泄 最后  终归薄凉,1191,江河故人,https://music.163.com/#/song?id=19278706,2026-08-31
The Seven Mile Journey,"Passenger's Log, The Unity Fractions",年轻人，别老听后摇！年轻人别老，听后摇！,1112,账号已注销,https://music.163.com/#/song?id=19278706,2026-08-31
The Seven Mile Journey,"Passenger's Log, The Unity Fractions",一个人生活久了 最大的毛病就是 很多话都不想说 不愿被打扰 却又渴望被拥抱 ​​​ ​​​​,646,私语Murmures,https://music.163.com/#/song?id=19278706,2026-08-31
The Seven Mile Journey,"Passenger's Log, The Unity Fractions",7′14″和12′55″的尾奏 太帅了,495,Kiriemoon,https://music.163.com/#/song?id=19278706,2026-08-31
The Seven Mile Journey,"Passenger's Log, The Unity Fractions",想带上最美的面具 也想卸下全部的伪装,483,XIASIN,https://music.163.com/#/song?id=19278706,2026-08-31
The Seven Mile Journey,"Passenger's Log, The Unity Fractions",容易被激怒的，大多是弱者，因为弱者才会逞强，强者往往懂得示弱。同理，刻薄是因为底子薄，尖酸是因为心里酸。一起努力，愿你不再脆弱到不堪一击，愿你能强大到无懈可击，愿你眼中总有光芒，愿你活成你想要的模样。,476,塞万提斯的云,https://music.163.com/#/song?id=19278706,2026-08-31
The Seven Mile Journey,"Passenger's Log, The Unity Fractions",希望找个同样喜欢这曲子的男票,411,妹妹你大胆滴往前走哇,https://music.163.com/#/song?id=19278706,2026-08-31
The Seven Mile Journey,"Passenger's Log, The Unity Fractions",我要在上海跪着听完这首,375,Sonsyzen,https://music.163.com/#/song?id=19278706,2026-08-31
The Seven Mile Journey,"Passenger's Log, The Unity Fractions",对于刻意营造出华丽的词藻，我更注重自己内心世界与潜意识的重叠，而这首曲子正好让我摘掉了所有伪装。,356,账号已注销,https://music.163.com/#/song?id=19278706,2026-08-31
The Seven Mile Journey,"Passenger's Log, The Unity Fractions",以前我总是试图讨好很多人，忙于维持一段段关系，到最后才明白，其实我们无需讨好任何人，我们所要做的就是让自己强大起来，然后吸引我们喜欢的人自动靠过来,325,账号已注销,https://music.163.com/#/song?id=19278706,2026-08-31
The Seven Mile Journey,"Passenger's Log, The Unity Fractions",年轻人不该听后摇 忧郁又迷茫 年轻人就该听后摇 迷茫却倔强,308,还我一个青春,https://music.163.com/#/song?id=19278706,2026-08-31
The Seven Mile Journey,"Passenger's Log, The Unity Fractions",在网咖识别出来的。我觉得这网咖好有品位,253,账号已注销,https://music.163.com/#/song?id=19278706,2026-08-31
The Seven Mile Journey,"Passenger's Log, The Unity Fractions",不知道为什么时间越久，越喜欢七英里。,226,青山无雀,https://music.163.com/#/song?id=19278706,2026-08-31
The Seven Mile Journey,Through The Alter Ego Justifications,有人用后摇当BGM打扫卫生，有人用后摇当失眠催化剂，有人把后摇放一旁，专心看一本无相关的书，直到把它看成一部电影。放大情绪是件很爽的事情，后摇可以。做什么都可以。,2731,账号已注销,https://music.163.com/#/song?id=19278705,2026-08-31
The Seven Mile Journey,Through The Alter Ego Justifications,白天不能听后摇，否则一整天就荒废了。夜晚也不能听，否则就失眠了。可是后摇的瘾我不愿戒，于是我荒废着白天，又在夜里失眠。,1752,账号已注销,https://music.163.com/#/song?id=19278705,2026-08-31
The Seven Mile Journey,Through The Alter Ego Justifications,"你意识到自己是个很无聊的人,而你找不到另一个同样无聊的人陪你一起无聊,于是你决定启程,在寻找有聊的路上和自己聊一聊。",1008,牛兒吃草卷起舌頭,https://music.163.com/#/song?id=19278705,2026-08-31
The Seven Mile Journey,Through The Alter Ego Justifications,在成都现场听这首时，我们前后左右全是180的男生，看他们集体跟着节奏点头如捣蒜，晕了……,770,七七的江湖,https://music.163.com/#/song?id=19278705,2026-08-31
The Seven Mile Journey,Through The Alter Ego Justifications,影响心跳,618,账号已注销,https://music.163.com/#/song?id=19278705,2026-08-31
The Seven Mile Journey,Through The Alter Ego Justifications,这首没有人声的单纯音乐十分奇妙，全长7分31秒。忍受了漫长的孤寂荒芜，从1分30秒开始，经由层层递进的鼓点声，然后你在2分35秒重生了。真的,427,KwokID,https://music.163.com/#/song?id=19278705,2026-08-31
The Seven Mile Journey,Through The Alter Ego Justifications,听完现场后的一个月 心电图T波明显倒置,375,Purpureal,https://music.163.com/#/song?id=19278705,2026-08-31
The Seven Mile Journey,Through The Alter Ego Justifications,我已经讨厌极了两个人相处中慢慢展示缺陷后分道扬镳的这个过程了，所以从开始我就要给你看到，我傲慢又自大，冷血又毒舌，一肚子的嫉恨心和满腔的占有欲。如果这你都愿意去接受，那我再给你不同于别人的东西。,340,無法找到,https://music.163.com/#/song?id=19278705,2026-08-31
The Seven Mile Journey,Through The Alter Ego Justifications,这个乐队特别擅长前面的铺垫,336,齐康,https://music.163.com/#/song?id=19278705,2026-08-31
The Seven Mile Journey,Through The Alter Ego Justifications,不要试图用后摇催眠睡觉，心脏会疼,209,账号已注销,https://music.163.com/#/song?id=19278705,2026-08-31
The Seven Mile Journey,Through The Alter Ego Justifications,全程被控制心脏,205,账号已注销,https://music.163.com/#/song?id=19278705,2026-08-31
The Seven Mile Journey,Through The Alter Ego Justifications,去年中国巡演，没去成，真的很可惜！,184,戴盡欢,https://music.163.com/#/song?id=19278705,2026-08-31
The Seven Mile Journey,Through The Alter Ego Justifications,在精神层面停留得太久，人会孤芳自赏，慢慢远离世界，变得孤僻，虽然看起来个性独立，其实是孤立，陷入自我的状态，把自己封闭起来，和社会脱离，对未来没有兴趣、激情丧失、个体自信心丧失，甚至连活下去的勇气都没有了，在放弃这个世界之后，最后的选择是放弃自己的生命,173,宋老怪,https://music.163.com/#/song?id=19278705,2026-08-31
The Seven Mile Journey,Through The Alter Ego Justifications,被控制了心跳,165,闹巷里的犬语,https://music.163.com/#/song?id=19278705,2026-08-31
The Seven Mile Journey,Through The Alter Ego Justifications,我爸是深圳的公交司机，一天他给我发了一张在天桥上拍公交车道的照片。 他说。 这日子什么时候是个头阿。,144,蛋坨子,https://music.163.com/#/song?id=19278705,2026-08-31
The Seven Mile Journey,Theme For The Oddmory Philosophies,后摇， 本来就不希望被愉快欣赏。,4022,账号已注销,https://music.163.com/#/song?id=19278707,2026-08-31
The Seven Mile Journey,Theme For The Oddmory Philosophies,情绪上来的时候听这首曲子的心跳，让它的旋律和你的心跳声形成共振，你被放大的心跳声让你听见了自己，世界死去你醒过来，周遭环境再也不能影响你。于是，觉察到自己的不良情绪就这么静静下去了，后背发凉出的冷汗干掉了，心痛痉挛缓解了，居家旅行必备的速效救心丸……,2356,七七的江湖,https://music.163.com/#/song?id=19278707,2026-08-31
The Seven Mile Journey,Theme For The Oddmory Philosophies,从0秒到3:55秒，一共跳了203下。,1825,账号已注销,https://music.163.com/#/song?id=19278707,2026-08-31
The Seven Mile Journey,Theme For The Oddmory Philosophies,"后摇就是这样让人拿起来就放不下",1269,江河故人,https://music.163.com/#/song?id=19278707,2026-08-31
The Seven Mile Journey,Theme For The Oddmory Philosophies,要熬多少夜，才能猝死。,1039,萌妹落泪_,https://music.163.com/#/song?id=19278707,2026-08-31
The Seven Mile Journey,Theme For The Oddmory Philosophies,天才般用贝斯模仿出低沉而悸动的心跳声，不断循环的哀伤压抑的钢琴旋律带着你一步步迈入深渊。现场没有钢琴，所以没演这首，着实是个遗憾。,1015,绿木妖,https://music.163.com/#/song?id=19278707,2026-08-31
The Seven Mile Journey,Theme For The Oddmory Philosophies,有时候，寂寞有七英里那么长。,1006,早睡不如失眠,https://music.163.com/#/song?id=19278707,2026-08-31
The Seven Mile Journey,Theme For The Oddmory Philosophies,如果你有那种赴死的念头，你看所有事物的眼光都会发生变化的。但人们无法察觉。除非你说，真想自杀呀。那是懦弱的人在寻求安慰而已。真正决断的人，会悄无声息。,705,七月的清兵卫,https://music.163.com/#/song?id=19278707,2026-08-31
The Seven Mile Journey,Theme For The Oddmory Philosophies,我在想一个人自杀了 是多了一个自杀的人 还是少了一个自杀的人,582,bc-s_ty1U,https://music.163.com/#/song?id=19278707,2026-08-31
The Seven Mile Journey,Theme For The Oddmory Philosophies,你说一个人自杀，是想不开，还是想开了呢？,414,飞童,https://music.163.com/#/song?id=19278707,2026-08-31
The Seven Mile Journey,Theme For The Oddmory Philosophies,牛逼！气势恢宏霸气侧漏！,272,年长类动物,https://music.163.com/#/song?id=19278707,2026-08-31
The Seven Mile Journey,Theme For The Oddmory Philosophies,正常人听了致郁，抑郁的人听了温暖,263,账号已注销,https://music.163.com/#/song?id=19278707,2026-08-31
The Seven Mile Journey,Theme For The Oddmory Philosophies,因為安妮寶貝哦不慶山來的。,227,anasa,https://music.163.com/#/song?id=19278707,2026-08-31
The Seven Mile Journey,Theme For The Oddmory Philosophies,我一直期待死于一场意外。,144,__Scenario-_,https://music.163.com/#/song?id=19278707,2026-08-31
The Seven Mile Journey,Theme For The Oddmory Philosophies,朋友推荐我看《人间世》纪录片，打开第一季第一集，前奏响起……我擦，这不是我最爱的七英里的后摇吗! 没办法好好看了，让我先陶醉会这前奏……这心情很难形容,112,账号已注销,https://music.163.com/#/song?id=19278707,2026-08-31
TizzyT谢锐韬,100,祝各位都长命百岁[可爱]❤️💯,137124,TizzyT,https://music.163.com/#/song?id=1983456716,2026-08-31
TizzyT谢锐韬,100,我的爷爷和奶奶真的陪伴到了一百岁,54802,泽韦Xavionn,https://music.163.com/#/song?id=1983456716,2026-08-31
TizzyT谢锐韬,100,一直到我们白了头发也一样显得很般配🥀,38709,6D不会说唱,https://music.163.com/#/song?id=1983456716,2026-08-31
TizzyT谢锐韬,100,看到别人幸福，我也会想起那段没有走到最后的感情,26595,璇飞天,https://music.163.com/#/song?id=1983456716,2026-08-31
TizzyT谢锐韬,100,下辈子当个男的 看看只爱一个女人会不会死掉.,20463,忧郁炸酱面,https://music.163.com/#/song?id=1983456716,2026-08-31
TizzyT谢锐韬,100,我想要陪在你的周围跟你爱到一百岁🥀,18073,6D不会说唱,https://music.163.com/#/song?id=1983456716,2026-08-31
TizzyT谢锐韬,100,我是不会放弃用这首歌官宣的,12980,孝犬,https://music.163.com/#/song?id=1983456716,2026-08-31
TizzyT谢锐韬,100,“把人捂热又丢下真的挺没意思的”,12171,兔子不会飞c,https://music.163.com/#/song?id=1983456716,2026-08-31
TizzyT谢锐韬,100,世界上有个特别幸福的人 她正在读我这句话,11503,_生锈雨季,https://music.163.com/#/song?id=1983456716,2026-08-31
TizzyT谢锐韬,100,TT说过“以前写很多闹哄哄的歌 因为觉得派对需要我 现在写很多安静的歌 因为孤独的人更需要我”,10921,haouuu-,https://music.163.com/#/song?id=1983456716,2026-08-31
TizzyT谢锐韬,100,她会三天不洗头  但打扮起来真的很美  她会经常发飙说脏话  但也会说谢谢 我最了解她是什么样的人  因为我爱她,10029,我也不太了解她_aCJO,https://music.163.com/#/song?id=1983456716,2026-08-31
TizzyT谢锐韬,100,好甜好甜好甜 老子好像跟被子恋爱了,9627,我们的心都是如此可贵,https://music.163.com/#/song?id=1983456716,2026-08-31
TizzyT谢锐韬,100,谁跟我一样一看见网yy上传了立马发朋友圈 各种发告诉大家！！,8293,颖颖A-,https://music.163.com/#/song?id=1983456716,2026-08-31
TizzyT谢锐韬,100,高情商：tt带我们回味经典 低情商：我孙子都会唱了,7934,TheWeeknd舔猫,https://music.163.com/#/song?id=1983456716,2026-08-31
TizzyT谢锐韬,100,别乱接 因为跨年那天真的会和crush在一起！,7772,我也在靠近你,https://music.163.com/#/song?id=1983456716,2026-08-31
TizzyT谢锐韬,冷战,“亲自删过自己喜欢的人 都站出来”,65170,Blue治愈馆主,https://music.163.com/#/song?id=2100329027,2026-08-31
TizzyT谢锐韬,冷战,原版的冷战是执着，简单的伴奏，略微夹杂情绪的hook和两段verse诉说了那种爱而不得的困惑，而新版的冷战则是放下，新旧两段verse更是表达了那种可以笑着面对曾经那个狼狈不堪的自己，面带微笑地讲出当年心底最不可触碰的回忆的释怀，你的男孩经历了这些年的蜕变，也终于破茧成长为了一个顶天立地的男人,36516,Axel丶F,https://music.163.com/#/song?id=2100329027,2026-08-31
TizzyT谢锐韬,冷战,冷战都有新版了 我们也该翻篇了,29540,小怡kol,https://music.163.com/#/song?id=2100329027,2026-08-31
TizzyT谢锐韬,冷战,“性格方面我向你道歉，但论感情我没有对不起你”,26217,韩堆堆呀,https://music.163.com/#/song?id=2100329027,2026-08-31
TizzyT谢锐韬,冷战,原版的冷战，还是正上头的小情侣在闹别扭。感觉分手了天要塌了。然后别别扭扭的不去找对方。新版冷战感觉是分手十年后两人分别遇到当年的共同朋友，用掀篇的状态去讲了当年因为自己的不成熟而冷战导致这段感情分手，虽然遗憾但是释怀。,24715,小杨梅烦恼,https://music.163.com/#/song?id=2100329027,2026-08-31
TizzyT谢锐韬,冷战,“当你听到这首歌的时候第一个想到的人  一定不要再去找他  爱是两个人双向奔赴不是一个人放低姿态”,24505,陈龙龙龙__,https://music.163.com/#/song?id=2100329027,2026-08-31
TizzyT谢锐韬,冷战,“不要脑子一热就去发不该发的信息”,22180,1-小琦琦,https://music.163.com/#/song?id=2100329027,2026-08-31
TizzyT谢锐韬,冷战,我一定要考上研究生！！！,21554,绝望飞行人质,https://music.163.com/#/song?id=2100329027,2026-08-31
TizzyT谢锐韬,冷战,“我装生病不去上学 却不知父母装健康去养家糊口  ”,20263,时间停在某天_,https://music.163.com/#/song?id=2100329027,2026-08-31
TizzyT谢锐韬,冷战,美妮达唱出一种：爱找不找，敢和老娘冷战你已经凉了的感觉,14837,猫娘乐园巧克力,https://music.163.com/#/song?id=2100329027,2026-08-31
TizzyT谢锐韬,冷战,tt说过 听到这首歌 想到的那个人 不要去联系,14393,Hispecialbullshit_,https://music.163.com/#/song?id=2100329027,2026-08-31
TizzyT谢锐韬,冷战,别说太古里了 名创优品他都买不起,11468,gaovo27,https://music.163.com/#/song?id=2100329027,2026-08-31
TizzyT谢锐韬,冷战,“冷战可以天天唱，但人不能年年都爱。所以我想提醒你，刚刚这首歌，不管你想到谁了，不要回头。”,9732,好运降临莹,https://music.163.com/#/song?id=2100329027,2026-08-31
TizzyT谢锐韬,冷战,小网你拿到版权的样子真的很帅🫰🏿,9678,iyeeeeeeee-,https://music.163.com/#/song?id=2100329027,2026-08-31
TizzyT谢锐韬,冷战,当一个人不联系你， 也不拉黑你， 原因只有一个， 这个世上， 不是所有的联系都能继续， 也不是所有的陪伴都能长久， 总有一些人一些情， 在渐行渐远中分散， 如果有一天， 你发现一个人， 既不联系你也不拉黑你时， 那就是你不再重要了。,9232,Heartacheh,https://music.163.com/#/song?id=2100329027,2026-08-31
TizzyT谢锐韬,99,从100听到99还是一个人 哈哈 算我求你了,22410,人间只有我独行,https://music.163.com/#/song?id=2741144144,2026-08-31
TizzyT谢锐韬,99,💕,22165,TizzyT,https://music.163.com/#/song?id=2741144144,2026-08-31
TizzyT谢锐韬,99,tizzyt写慢点我没那么多可以官宣的,8758,isZST,https://music.163.com/#/song?id=2741144144,2026-08-31
TizzyT谢锐韬,99,从《100》到《99》 数字在减小 爱意在浓缩,7230,稿纸续写,https://music.163.com/#/song?id=2741144144,2026-08-31
TizzyT谢锐韬,99,去年听100 今年听99 明年听98k,6529,17_-小悦,https://music.163.com/#/song?id=2741144144,2026-08-31
TizzyT谢锐韬,99,他真的为她学了转音和假音。,4668,少7一点点ee,https://music.163.com/#/song?id=2741144144,2026-08-31
TizzyT谢锐韬,99,祝听tt的小情侣99，走到100岁好不好,3769,手心lover,https://music.163.com/#/song?id=2741144144,2026-08-31
TizzyT谢锐韬,99,10[强]：做一页题 50[强]：做一张卷子 100[强]：做一套卷子 500[强]：游戏再见 1000[强]：手机拜拜 5000[强]：平板取使 10000[强]：电脑消失,3579,婳泪-,https://music.163.com/#/song?id=2741144144,2026-08-31
TizzyT谢锐韬,99,不喝汽水的人终于能听了[奸笑],3076,有三有三有三,https://music.163.com/#/song?id=2741144144,2026-08-31
TizzyT谢锐韬,99,他有这么多。,2826,Uwerenevermine,https://music.163.com/#/song?id=2741144144,2026-08-31
TizzyT谢锐韬,99,等我100岁的时候就能听到tt的《0》了,2518,萦淰,https://music.163.com/#/song?id=2741144144,2026-08-31
TizzyT谢锐韬,99,《100》还没用上《99》又来了,2228,sontude,https://music.163.com/#/song?id=2741144144,2026-08-31
TizzyT谢锐韬,99,从《100》到《99》 数字在减小 爱意在浓缩,2184,只為你擋住這世上所有的壞,https://music.163.com/#/song?id=2741144144,2026-08-31
TizzyT谢锐韬,99,可不可以让我体验下999+ 明年火了在座各位都有内场票,1950,One1Cccccc,https://music.163.com/#/song?id=2741144144,2026-08-31
TizzyT谢锐韬,99,有一万个语擦女用这个音乐官宣了。,1827,OnlyUniverseuruooxi,https://music.163.com/#/song?id=2741144144,2026-08-31
TizzyT谢锐韬,橘子,你从我身边经过 局子味   警察：我开始到处打听你是谁？,42709,YoungRoyce,https://music.163.com/#/song?id=1950528144,2026-08-31
TizzyT谢锐韬,橘子,给我一个答案请别再让我猜🥀,24614,6D不会说唱,https://music.163.com/#/song?id=1950528144,2026-08-31
TizzyT谢锐韬,橘子,“衣服漂亮是因为穿在你身上”歌词真的绝了啊！,16806,野性人生WL,https://music.163.com/#/song?id=1950528144,2026-08-31
TizzyT谢锐韬,橘子,《100》是要到一百岁才发吗,13421,Hokki,https://music.163.com/#/song?id=1950528144,2026-08-31
TizzyT谢锐韬,橘子,你从我身边经过 老人味。,10752,jxhsbsmk,https://music.163.com/#/song?id=1950528144,2026-08-31
TizzyT谢锐韬,橘子,“他吃了一箱砂糖橘，说是要在肚子里造一片橘子海”,9712,_____Serendipity-,https://music.163.com/#/song?id=1950528144,2026-08-31
TizzyT谢锐韬,橘子,从我身边经过 局子味,9118,itsKerry-,https://music.163.com/#/song?id=1950528144,2026-08-31
TizzyT谢锐韬,橘子,2024年了，谁在听橘子,6742,纯爱牛栏山,https://music.163.com/#/song?id=1950528144,2026-08-31
TizzyT谢锐韬,橘子,“一杯特调我是你的加冰 一块饼干你是我的夹心”,5820,我想安静的发发呆_3,https://music.163.com/#/song?id=1950528144,2026-08-31
TizzyT谢锐韬,橘子,现在知道怎么追rapper了吧，橘子味香水（夏天强推欧珑的加州柑橘，中性香）,5783,kiso_JIFF,https://music.163.com/#/song?id=1950528144,2026-08-31
TizzyT谢锐韬,橘子,和妈妈躺着放空闲聊，妈妈：你喜欢你女朋友吗？ 我：喜欢啊 妈妈：有多喜欢？ 我：很喜欢很喜欢，喜欢到天荒地老 妈妈：很喜欢到想要娶她了吗？ 我不知如何作答 妈妈拍了拍我，接着说：如果有一天发生了什么事情，你想要找的的第一个人不是我和你爸爸，而是她，那我觉得你就可以结婚了。,4676,桃梨桃梨桃梨,https://music.163.com/#/song?id=1950528144,2026-08-31
TizzyT谢锐韬,橘子,别和我玩暧昧行吗   直接把我拿下,4151,孤傲先生i,https://music.163.com/#/song?id=1950528144,2026-08-31
TizzyT谢锐韬,橘子,rapper都喜欢橘子味吗 速推一个橘子味香水,4052,-efls-,https://music.163.com/#/song?id=1950528144,2026-08-31
TizzyT谢锐韬,橘子,家人们谁懂 这首tt的声音真的超性感！,3402,思念的姐姐,https://music.163.com/#/song?id=1950528144,2026-08-31
TizzyT谢锐韬,橘子,“你没有看我怎么知道我在看你”,3232,椰梨EL,https://music.163.com/#/song?id=1950528144,2026-08-31
Toninho Horta,Waiting for Angela (Esperando Anginha),The Space Between Two World - nujabes  这才是nujabes采样的歌,27,d-__,https://music.163.com/#/song?id=2049390,2026-08-31
We Lost The Sea,A Gallant Gentleman,这首讲的故事是一个叫Lawrence Oates的男人，他带队去南极探险，由于路线错误，他们迷失在南极。酷寒让L患上了严重的冻伤，皮肤坏死，得了坏疽病。如果他留在帐篷里，就会传染别人，为了给队员提高生存几率，他选择了离开，死在漫天大雪里。我头像就是Lawrence Oates，这位勇敢无私的人。,6853,癔症_M2,https://music.163.com/#/song?id=33785701,2026-08-31
We Lost The Sea,A Gallant Gentleman,我知道我只能陪你走这一段路，各自安静生活数年后。在某个人潮拥挤的街头，透过公车的玻璃窗突然看见你。我想叫让司机马上停车，想用力拍打窗户来引起你的注意，想把整个阻隔在你我之间的世界撕裂。而事实总是，我一动不动的坐着，安静的看你远去。你的脸，从开始到现在，我原来从未曾看清楚过。,2312,发电机搁这儿呢,https://music.163.com/#/song?id=33785701,2026-08-31
We Lost The Sea,A Gallant Gentleman,故事讲的是英国军官Lawrence Oates，他的冻疮拖慢整个队伍，他最后走出帐篷说的是：我要出去呆一会、然而剩下3名队员还是暴风雪中困死，3个月后其他队友尸体都被找到，除了他,1568,2CLEARHOT,https://music.163.com/#/song?id=33785701,2026-08-31
We Lost The Sea,A Gallant Gentleman,他们原来的主唱Chris自杀后，他们沉寂两年。打磨出了这张描写人类历史上5个悲壮旅程。也许这是献给前主唱最好的悼念，也是献给我们活在当下的乐迷最好的礼物。好好的活着，愿生活善意会一直拥抱你们,1253,账号已注销,https://music.163.com/#/song?id=33785701,2026-08-31
We Lost The Sea,A Gallant Gentleman,你离开的第780天。 我为什么这么想痛哭呢。 我只是万千个看着你陨落的人之一，那时的我出奇得冷静。 你的声音也离开了你，你的肉体也剥离开去。 你留下的遗物不属于我，也从没有属于过谁。 你离开的第780天，我才发现，我是这么想念你，即便你早已化作尘土。,1145,陆维luv_baker,https://music.163.com/#/song?id=33785701,2026-08-31
We Lost The Sea,A Gallant Gentleman,“I am just going outside and may be some time.”,1027,水蜜桃酥,https://music.163.com/#/song?id=33785701,2026-08-31
We Lost The Sea,A Gallant Gentleman,二十年过去了,492,账号已注销,https://music.163.com/#/song?id=33785701,2026-08-31
We Lost The Sea,A Gallant Gentleman,2/8-1:51。最终还是和你拜了年，然后冷冷的回复你，说了谢谢。我总是以为自己可以放下，从容的面对所有，结果却是重新撕裂伤口，让自己痛。就这样吧，新年快乐。,454,王约飯,https://music.163.com/#/song?id=33785701,2026-08-31
We Lost The Sea,A Gallant Gentleman,有人问我，你孤独吗？我说我不孤独，虽然只有自己，但网易让我充实，所为孤独只是没人懂你。,420,账号已注销,https://music.163.com/#/song?id=33785701,2026-08-31
We Lost The Sea,A Gallant Gentleman,悲悯磅礴，叙事性画面感极强,371,Fummeln,https://music.163.com/#/song?id=33785701,2026-08-31
We Lost The Sea,A Gallant Gentleman,往往喜欢听后摇的人都能够沉得住，不论是为人还是处事方面，虽然强大但又脆弱，轻易不展现出来，各种苦痛自己内心知道，通过后摇这一种方式，将各种情绪宣泄得一干二净。,362,蹦极不栓绳c,https://music.163.com/#/song?id=33785701,2026-08-31
We Lost The Sea,A Gallant Gentleman,武汉场，贝斯手用中文喊一句牛逼，点燃了全场。 结束后很耐心很热情的和我们合影，真的很棒的一个乐队！ ps：运气爆炸捡到了他们扔下来的鼓棒,329,Wehoo101,https://music.163.com/#/song?id=33785701,2026-08-31
We Lost The Sea,A Gallant Gentleman,一句I am just going outside and may be some time，之后就消失在了暴风雪中。尽管如此，奥茨的牺牲也没能改变最终的结果：斯科特和剩下的两名队员经过12天的长途跋涉，遭到了另一场暴风雪，被冻死在了距离食物补给点11英里的地方。奥茨的尸体至今仍未被找到。他牺牲的日子是他32岁的生日。,233,Wellord,https://music.163.com/#/song?id=33785701,2026-08-31
We Lost The Sea,A Gallant Gentleman,奥茨突然站起身来，对朋友们说：“我要到外边去走走，可能要多呆一些时候。”其余的人不禁战栗起来。谁都知道，在这种天气下到外面去走一圈意味着什么。他们大家只是怀着敬畏的心情感觉到：劳伦斯.奥茨这个英国皇家禁卫军的骑兵上尉正像一个英雄似的向死神走去。,143,M_心之圣殿,https://music.163.com/#/song?id=33785701,2026-08-31
We Lost The Sea,A Gallant Gentleman,有故事的后摇才有灵魂。,134,下轮新月,https://music.163.com/#/song?id=33785701,2026-08-31
We Lost The Sea,Challenger part 2 - A Swan Song,散场后跟鼓手聊了聊，我问他一遍遍排练会不会让感情fade away，他说不是fade away而是会变.We made some sad songs after we lost Chris but playing them brings happiness 他湿着眼眶 看向别处,555,Mr_Ivan,https://music.163.com/#/song?id=33785705,2026-08-31
We Lost The Sea,Challenger part 2 - A Swan Song,结尾演讲词结束句：我们永远不会忘记他们，也不是我们最后一次看到他们，当他们准备上路，挥手告别，“悄悄地”的束缚，“触摸上帝的脸。“谢谢你。,406,CsOH_,https://music.163.com/#/song?id=33785705,2026-08-31
We Lost The Sea,Challenger part 2 - A Swan Song,"“The Challenger crew was pulling us into the future, and we‘ll continue to follow them. ”",151,水蜜桃酥,https://music.163.com/#/song?id=33785705,2026-08-31
We Lost The Sea,Challenger part 2 - A Swan Song,心情不好时听后摇，它便可以替我大吼大叫，让我外表仍然可以享受寂静,137,B_Hr_Wanderer,https://music.163.com/#/song?id=33785705,2026-08-31
We Lost The Sea,Challenger part 2 - A Swan Song,为什么会有回家这么难过的事,88,杀死里昂等待戈多,https://music.163.com/#/song?id=33785705,2026-08-31
We Lost The Sea,Challenger part 2 - A Swan Song,◼◻⠀⠀◼◼⠀⠀◼◻,63,账号已注销,https://music.163.com/#/song?id=33785705,2026-08-31
We Lost The Sea,Challenger part 2 - A Swan Song,"none,",58,账号已注销,https://music.163.com/#/song?id=33785705,2026-08-31
We Lost The Sea,Challenger part 2 - A Swan Song,"""过去的风景就别再打听""",53,账号已注销,https://music.163.com/#/song?id=33785705,2026-08-31
We Lost The Sea,Challenger part 2 - A Swan Song,"""slipped the surly bonds of earth"" to ""touch the face of God.""  “挣脱大地粗暴的束缚，去触摸上帝的脸”。",34,echoes343,https://music.163.com/#/song?id=33785705,2026-08-31
We Lost The Sea,Challenger part 2 - A Swan Song,“不要放弃自己不要放纵自己”  “还是要很理智地为自己的未来努力和着想”  “毕竟 就算那个人不在了不再值得了”  “你也还有自己”  “以及你自己争取来的一切”,27,不你不能再吃了,https://music.163.com/#/song?id=33785705,2026-08-31
We Lost The Sea,Challenger part 2 - A Swan Song,马航失联客机调查组宣布解散。多荒诞的理由我都相信，只要你还在。,24,gygzjyjbzdmz,https://music.163.com/#/song?id=33785705,2026-08-31
We Lost The Sea,Challenger part 2 - A Swan Song,热评翻译有误，修正：我们永远不会忘记他们，也不会忘记今天早上我们最后一次见到他们，那时他们正准备上路，挥手告别，“挣脱大地粗暴的束缚”，去“触摸上帝的脸”,23,账号已注销,https://music.163.com/#/song?id=33785705,2026-08-31
We Lost The Sea,Challenger part 2 - A Swan Song,邓为粉丝打卡[憨笑][憨笑][憨笑],18,omega_WzFO,https://music.163.com/#/song?id=33785705,2026-08-31
We Lost The Sea,Challenger part 2 - A Swan Song,swan song有最后作品，绝唱之义。前几天正好看到这个词,17,505notfoundagain,https://music.163.com/#/song?id=33785705,2026-08-31
We Lost The Sea,Challenger part 2 - A Swan Song,18年深圳场 高三时去听的人生第一场live,15,近江聯盟直系土狗組組長辣雞,https://music.163.com/#/song?id=33785705,2026-08-31
We Lost The Sea,Bogatyri,bogatyri是乌克兰民谣故事中的英雄骑士形象 切尔诺贝利事件中 有三位志愿者为了救援 仅要求妥善安排逝去家人的后世 毅然而然潜入了核反应堆的水中 十天以后 他们葬在铅制的棺材中 他们拯救了欧洲。,927,灵魂风暴1,https://music.163.com/#/song?id=33785702,2026-08-31
We Lost The Sea,Bogatyri,1986年切尔诺贝利4号反应堆发生爆炸，导致大量的核泄露，附近一个水库里的水几乎全被放射性元素所污染。如不及时处理，污水会变成水蒸气飘散到欧洲，只有派人潜入水底打开阀门，排出污水才能得以缓解。但是潜入到污水中，必死无疑。然而却依然有三名志愿者站了出来。,757,癔症_M2,https://music.163.com/#/song?id=33785702,2026-08-31
We Lost The Sea,Bogatyri,可是第一批赶到的救火队员只能用脚踩灭燃烧的石墨，矿工们顶着高温辐射挖的地道最终也没有放置冷却设备，损害了数千名预备役士兵健康的屋顶清理工作最终也因计划改变没有派上什么用场。最终50多万“清理人”多数只有勋章和几百卢布的奖金，当局甚至隐瞒了他们接受的辐射量，这耽误了很多人的治疗。,358,M1d9t,https://music.163.com/#/song?id=33785702,2026-08-31
We Lost The Sea,Bogatyri,我趴在这里，向前眺望：这里一切是陌生的，引不起回忆，我的思想不曾诞生在这里；这里空气湿冷，石头圆滑，这里一切已经死去，引不起快乐，除了破碎的长笛被春天留在岸上。,285,账号已注销,https://music.163.com/#/song?id=33785702,2026-08-31
We Lost The Sea,Bogatyri,今天是切尔诺贝利事件30周年，为逝去的人们点根蜡[拜],273,Poeticjustis,https://music.163.com/#/song?id=33785702,2026-08-31
We Lost The Sea,Bogatyri,既然都听到这里了，就请大家放下科幻的电影与恐怖的题材小说，去看一看1986年4月26日，真真正正的切尔诺贝利纪录片吧。,185,448psychosis,https://music.163.com/#/song?id=33785702,2026-08-31
We Lost The Sea,Bogatyri,脑海里的画面是 一个人在一辈子都出不去的湖面上划着一条小船,184,ooo_tofu,https://music.163.com/#/song?id=33785702,2026-08-31
We Lost The Sea,Bogatyri,我曾把尼采的“每一个不起舞的日子都是对生命的辜负”写了上百遍，但在情绪低落之时，我总会忘了它,113,MilkFA,https://music.163.com/#/song?id=33785702,2026-08-31
We Lost The Sea,Bogatyri,切尔诺贝利的事故直接导致了苏联的瓦解，灾难远比人们想象的严重的多，无数的士兵与救援人员因为无效的救援受到严重辐射，苏联当局却给出138人这样一个可笑数字，腐朽繁琐的体制导致戈尔巴乔夫并未做出及时反应，我们致敬英雄，但同时珍惜和平应是我们该做的[爱心],92,47ork,https://music.163.com/#/song?id=33785702,2026-08-31
We Lost The Sea,Bogatyri,有个12岁的小女孩说：“班上的女生知道我有血癌之后，都不敢坐在我旁边，他们不想碰到我。医生说，我生病是因为我是爸爸在切尔诺贝利清理人。但是我爱我爸爸、,72,金属战士,https://music.163.com/#/song?id=33785702,2026-08-31
We Lost The Sea,Bogatyri,关于这次事故一个通常错误的说法是有关那著名的抢险三勇士，他们被选中没有HBO剧里那么戏剧化，实际上做出决定后，他们三人正好当班就在现场，领导问他们愿不愿接受这个任务，因为太危险，他们不同意的话可以拒绝，他们接受了，因为”你们又不认识下面的路“,68,军旗下的蛋,https://music.163.com/#/song?id=33785702,2026-08-31
We Lost The Sea,Bogatyri,切尔诺贝利值班长鲍里斯·巴拉诺夫。2号涡轮间控制单元高级工程师瓦列里·别斯帕罗夫。2号反应堆高级机械工程师阿列克谢·阿纳年科。,58,徐wj,https://music.163.com/#/song?id=33785702,2026-08-31
We Lost The Sea,Bogatyri,从HBO出品的切尔诺贝利回到这首。,58,EvieLee5,https://music.163.com/#/song?id=33785702,2026-08-31
We Lost The Sea,Bogatyri,鲍里斯·巴拉诺夫 瓦列里·别斯帕罗夫 阿列克谢·阿纳年科被后人称为“切尔诺贝利三勇士”。 其在切尔诺贝利事故中的事迹可谓传奇，可某些人以为三位都已因辐射死去，遗体还被放入铅制棺材中等云云，可事实并不如此。 除别斯帕罗夫在2005年病逝外，其余两位身体依然硬朗，去年四月还被乌克兰总统授勋。,42,海边的搭车客,https://music.163.com/#/song?id=33785702,2026-08-31
We Lost The Sea,Bogatyri,阿列克谢·阿纳年科在事故发生后依然在苏联和工业机构任职；巴拉诺夫据信2005年死于心脏衰竭；瓦列里·别斯帕洛夫依然在世。——《切尔诺贝利》安德鲁·莱斯巴罗 2016,42,丶桐壶,https://music.163.com/#/song?id=33785702,2026-08-31
We Lost The Sea,Challenger part 1 - Flight,科普这首歌：1986年1月28日，卡纳维拉尔角上空万里无云。在离发射现场6.4km的看台上，聚集了1000多名观众，其中有19名中学生代表，他们既是来观看航天飞机发射的，又是来欢送他们心爱的老师麦考利夫。 挑战者号航天飞机在顺利上升：7秒钟时，飞机翻转；16秒钟时，机身背向地面，机腹朝天完成转变角度,464,地下之云,https://music.163.com/#/song?id=33785704,2026-08-31
We Lost The Sea,Challenger part 1 - Flight,24秒时，主发动机推力降至预定功率的94%；42秒时，主发动机按计划再减低到预定功率的65%，以避免航天飞机穿过高空湍流区时由于外壳过热而使飞机解体。这时，一切正常，航速已达每秒677米，高度8000米。50秒钟时，地面曾有人发现航天飞机右侧固体助推器侧部冒出一丝丝黑烟，这个现象没有引起人们的注意,364,地下之云,https://music.163.com/#/song?id=33785704,2026-08-31
We Lost The Sea,Challenger part 1 - Flight,明白，全速前进”是地面测控中心收听到的最后一句报告词第73秒时，高度16600米，航天飞机突然闪出一团亮光，外挂燃料箱凌空爆炸，航天飞机被炸得粉碎，与地面的通讯猝然中断，监控中心屏幕上的数据陡然全部消失。  ——————挑战者号,344,地下之云,https://music.163.com/#/song?id=33785704,2026-08-31
We Lost The Sea,Challenger part 1 - Flight,52秒时，地面指挥中心通知指令长斯克比将发动机恢复全速。59秒时，高度10000米，主发动机已全速工作助推器已燃烧了近450吨固体燃料。此时，地面控制中心和航天飞机上的计算机上显示的各种数据都未见任何异常。65秒时，斯克比向地面报告“主发动机已加大”，,343,地下之云,https://music.163.com/#/song?id=33785704,2026-08-31
We Lost The Sea,Challenger part 1 - Flight,这个采样出自一堂课，关于lucid dream，即清醒梦。,255,地下之云,https://music.163.com/#/song?id=33785704,2026-08-31
We Lost The Sea,Challenger part 1 - Flight,the vocal sample at the start of Challenger is an edit form a lecture by William S Burroughs on lucid dreaming.,126,C囧囧,https://music.163.com/#/song?id=33785704,2026-08-31
We Lost The Sea,Challenger part 1 - Flight,人声采样出自一堂课  关于lucid Dream清醒梦  感兴趣的去专辑评论处找豆瓣的链接  之前把采样的内容做成歌词传上来也算不枉费循环那么多遍  另外 嗯 骗炮不无聊[撇嘴] 所有评论说歪楼的本身就是在歪楼  屁事那么多轮到自己就双标[撇嘴],96,账号已注销,https://music.163.com/#/song?id=33785704,2026-08-31
We Lost The Sea,Challenger part 1 - Flight,🔵萬福,49,自與相無,https://music.163.com/#/song?id=33785704,2026-08-31
We Lost The Sea,Challenger part 1 - Flight,这翻译简直了……… 怕不是直接Copy翻译软件的 语句都不通顺,41,来夏Kuna,https://music.163.com/#/song?id=33785704,2026-08-31
We Lost The Sea,Challenger part 1 - Flight,亿万星河里，浮起赴死的人,40,阿笨_D,https://music.163.com/#/song?id=33785704,2026-08-31
We Lost The Sea,Challenger part 1 - Flight,错漏的歌词和机翻都已全部撤下 重新上传完毕,26,derAugensternx,https://music.163.com/#/song?id=33785704,2026-08-31
We Lost The Sea,Challenger part 1 - Flight,@你的阿橘            .,19,账号已注销,https://music.163.com/#/song?id=33785704,2026-08-31
We Lost The Sea,Challenger part 1 - Flight,我正在尝试一个人过日子/所以/你还是不要过来,17,弃甜,https://music.163.com/#/song?id=33785704,2026-08-31
We Lost The Sea,Challenger part 1 - Flight,原以为能从离开高中就能逃脱的压抑，其实是一直跟在身后垂涎的黑狗。“我想消失”不过是“你们都给我滚”的另一套说辞。,16,这里远不及黑暗的尽头,https://music.163.com/#/song?id=33785704,2026-08-31
We Lost The Sea,Challenger part 1 - Flight,趁着这首歌没被文青彻底占领了感激评论一条。激昂,14,NONONOMAD,https://music.163.com/#/song?id=33785704,2026-08-31
Wolf Alice,Lipstick On The Glass,你应该反思一下自己看人的眼光，而不是怀疑自己的真诚和善良。,9403,陈小狗6,https://music.163.com/#/song?id=1848244626,2026-08-31
Wolf Alice,Lipstick On The Glass,And the full moon rising…这句应该是用莎士比亚《奥赛罗》里写的：“都是月亮的错。满月低垂，使人疯狂。” 这种情况下人并不是因为月亮而生气，而是因为与曾经背叛过自己的人重归于好。lipstick on the glass就是类似lipstick in the collar，玻璃杯/衣领上的唇印，代表背叛、出轨。来源genius,4754,LiveInDaydreamWithMe,https://music.163.com/#/song?id=1848244626,2026-08-31
Wolf Alice,Lipstick On The Glass,一张好音乐是这个世界还没有完全疯掉的证据了,4507,一个快乐的小指针,https://music.163.com/#/song?id=1848244626,2026-08-31
Wolf Alice,Lipstick On The Glass,很久没有遇到这种一听就耳目一新的歌曲了，直接一整个震撼住了，副歌部分直接升天！一种山间的清风贯穿进身骨的感觉，清冷又热烈，想逃离想追赶的感觉,3119,jw_7ven,https://music.163.com/#/song?id=1848244626,2026-08-31
Wolf Alice,Lipstick On The Glass,是的我出生就是为了听这个,2050,最像雪,https://music.163.com/#/song?id=1848244626,2026-08-31
Wolf Alice,Lipstick On The Glass,高潮部分 我感觉我自己好像从摩天大楼楼顶张开双臂纵身跃下 无数虚构的羽毛漫天飞舞,1627,春季止咳糖浆,https://music.163.com/#/song?id=1848244626,2026-08-31
Wolf Alice,Lipstick On The Glass,语言太贫瘠了，形容不出来这首歌的震撼,941,ThankRachel,https://music.163.com/#/song?id=1848244626,2026-08-31
Wolf Alice,Lipstick On The Glass,最近就喜欢这种好像要升天的音乐🙏,926,阿莫lum,https://music.163.com/#/song?id=1848244626,2026-08-31
Wolf Alice,Lipstick On The Glass,“去爱永远不会看到第二次的东西，在火焰与狂喊中去爱，随即毁灭自己。人们就在这一瞬间活着。”,904,KatsuragMisato,https://music.163.com/#/song?id=1848244626,2026-08-31
Wolf Alice,Lipstick On The Glass,A-：《Lipstick On The Glass》是高光曲目，情感写得很丰满，疏而不漏的鼓点与吉他带来稠密而厚实的Dreampop氛围。用器乐成分来依托情感的发展是很成熟的做法，可以发现这首人声旋律变化不多，但riff始终在铺垫。,830,账号已注销,https://music.163.com/#/song?id=1848244626,2026-08-31
Wolf Alice,Lipstick On The Glass,“比袒露身体更加亲密的事情是袒露脆弱。”,766,-壹程,https://music.163.com/#/song?id=1848244626,2026-08-31
Wolf Alice,Lipstick On The Glass,英国的摇滚总有一种致死的迷幻感，像是在用两三分钟讲一个优雅又悲情的故事,766,账号已注销,https://music.163.com/#/song?id=1848244626,2026-08-31
Wolf Alice,Lipstick On The Glass,画家在听到她要结婚之后在画布上疯狂地宣泄,690,Parachutessss,https://music.163.com/#/song?id=1848244626,2026-08-31
Wolf Alice,Lipstick On The Glass,很好听  我就不收藏了  有人点赞回来听,685,02XX20,https://music.163.com/#/song?id=1848244626,2026-08-31
Wolf Alice,Lipstick On The Glass,听起来很像女生与女生之间的故事,681,甜树莓啊,https://music.163.com/#/song?id=1848244626,2026-08-31
Wolf Alice,Don't Delete The Kisses,XCX的版本差远远远远远远了！一点都没有黑夜冒险浪漫感！！！这首才是漫不经心的真真切切的热热热热的爱啊！！LOVEEEEEEEEE,1228,五就是五,https://music.163.com/#/song?id=504425470,2026-08-31
Wolf Alice,Don't Delete The Kisses,昨晚北京场唱完这首Ellie说 没想到你们这么熟悉词 看起来又惊喜又开心又有点羞涩的样子实在太美了 天使本人吧,1169,blue_weekend,https://music.163.com/#/song?id=504425470,2026-08-31
Wolf Alice,Don't Delete The Kisses,爱上一个人，第一感觉是自卑，第二感觉是失控。自卑的不断的自问，万一这不是命中注定的呢？失控的在面对手机屏幕的时候，输入无数句好听的情话却在最后把它们又都删掉。想象过无数次和你一起奔跑在空无一人的大街上，但最终却还是安慰自己可能一个人更好。这首歌实在是演绎的淋漓尽致了,860,Ferrrnandoc,https://music.163.com/#/song?id=504425470,2026-08-31
Wolf Alice,Don't Delete The Kisses,查理 你有纸巾吗？我的钢笔爆炸了 [生病],726,1985-910,https://music.163.com/#/song?id=504425470,2026-08-31
Wolf Alice,Don't Delete The Kisses,我觉得我适合跟自己谈恋爱,604,全广东最可爱,https://music.163.com/#/song?id=504425470,2026-08-31
Wolf Alice,Don't Delete The Kisses,跨年夜和自己最好的直男朋友接吻是多么尴尬却又奇妙而有趣经历呢？脖子上还有红色的印记和触感。我们牵手穿过黑暗的公园，在地铁口等你抽烟，终于走到广场上的时候我们的脑子却迷失了方向。,493,一顶贝雷帽,https://music.163.com/#/song?id=504425470,2026-08-31
Wolf Alice,Don't Delete The Kisses,我宣布heartstopper是我最近看过最甜最纯的剧！好治愈！,466,coooxjbz,https://music.163.com/#/song?id=504425470,2026-08-31
Wolf Alice,Don't Delete The Kisses,这首歌曲融合了梦幻摇滚、合成器摇滚和独立摇滚等多种元素，将摇滚的节奏和梦幻流行的氛围相结合。最具特色的是Ellie的轻声说唱，所谓浅唱低吟，更是将朦胧梦幻感推向了极致[爱心],401,Esson埃森,https://music.163.com/#/song?id=504425470,2026-08-31
Wolf Alice,Don't Delete The Kisses,乐队的名字来自英国女权主义和魔幻现实主义作家安吉拉·卡特 (Angela Carter)的短篇寓言《血腥密室》，讲述了一位在狼群长大的女孩在人生旅程中不断发现自我的故事。回顾乐队12年的变化，这恰恰也是Wolf Alice乐队的成长方式。,314,庄稼为什么长得那么高,https://music.163.com/#/song?id=504425470,2026-08-31
Wolf Alice,Don't Delete The Kisses,我要把歌名纹在身上,217,KURTCOBAIN13,https://music.163.com/#/song?id=504425470,2026-08-31
Wolf Alice,Don't Delete The Kisses,全唱大合唱能满足我一年,181,伊藤静雅,https://music.163.com/#/song?id=504425470,2026-08-31
Wolf Alice,Don't Delete The Kisses,网易七八级了！赞都没超过⑩,150,酷狗音乐保安队大队长,https://music.163.com/#/song?id=504425470,2026-08-31
Wolf Alice,Don't Delete The Kisses,《心跳漏一拍》S01E01 21:45 Charlie 和 Nick 在校门口告别,127,BastardBanshees,https://music.163.com/#/song?id=504425470,2026-08-31
Wolf Alice,Don't Delete The Kisses,I might drop dead,119,feeltherush,https://music.163.com/#/song?id=504425470,2026-08-31
Wolf Alice,Don't Delete The Kisses,"Wolf Alice最伟大最动人的歌！Ellie少女的呢喃独白忠实诚恳地记录下爱从萌发的小心敏感到热烈的无畏坚定的历程，和这坚实的鼓点和合成气音色的推进一般，在黑色的夜幕布景下，她却鼓舞着你走向那绚烂繁星，自我怀疑的逃避和挣扎后去选择勇敢地拥抱爱，然后看到未来和人生的印记天空在闪烁，太美好太浪漫了//2022年4月28日演唱会的全场大合唱，Ellie听到我们大喊“you rock my world”之后笑着唱“you do, you really do”，我永远也无法忘记那个夜晚。",115,ARTlandPOPtis,https://music.163.com/#/song?id=504425470,2026-08-31
Wolf Alice,How Can I Make It OK?,英国的乐队我总感觉比美国乐队更有魅力，更有气质，可能也只是我更吃这种风格吧，平时也是UK榜听得多,1291,铭光光,https://music.163.com/#/song?id=1848251733,2026-08-31
Wolf Alice,How Can I Make It OK?,第一遍:这是什么？ 第二遍:还可以啊 第三遍:howcani，make，it，O，K!,873,Vanessa__Halley,https://music.163.com/#/song?id=1848251733,2026-08-31
Wolf Alice,How Can I Make It OK?,又像极地双子星又像小红莓又像打雷姐又像阿菲 集摇滚迷幻流行于一身,496,山田奈緒子,https://music.163.com/#/song?id=1848251733,2026-08-31
Wolf Alice,How Can I Make It OK?,还来中国吗？想去看现场[流泪],463,-NOCEDJAMES-,https://music.163.com/#/song?id=1848251733,2026-08-31
Wolf Alice,How Can I Make It OK?,这首在这张砖里算后劲大的,310,真的不懂小年轻,https://music.163.com/#/song?id=1848251733,2026-08-31
Wolf Alice,How Can I Make It OK?,我觉得这个前奏很帅谁懂，尤其配上那种，有少年感又沾点疯批的人,225,隐痛___,https://music.163.com/#/song?id=1848251733,2026-08-31
Wolf Alice,How Can I Make It OK?,活在恐惧中的我 并非活出真我。,217,葉拾貳-,https://music.163.com/#/song?id=1848251733,2026-08-31
Wolf Alice,How Can I Make It OK?,英国独立乐队是真的棒,216,0427u0,https://music.163.com/#/song?id=1848251733,2026-08-31
Wolf Alice,How Can I Make It OK?,这首简直有了双子星早期的精髓 又更坚硬无比,172,Tousleshommessontmortels,https://music.163.com/#/song?id=1848251733,2026-08-31
Wolf Alice,How Can I Make It OK?,网易能不能开启个查词功能，顺便有个生词本,171,芦苇丛中的风,https://music.163.com/#/song?id=1848251733,2026-08-31
Wolf Alice,How Can I Make It OK?,入坑指南： 1.how can I make it ok 2.lipstick on the glass 3.smile,123,homy-slshp,https://music.163.com/#/song?id=1848251733,2026-08-31
Wolf Alice,How Can I Make It OK?,Wolf Alice你回来好不好…我不太ok了,104,karmaISmama,https://music.163.com/#/song?id=1848251733,2026-08-31
Wolf Alice,How Can I Make It OK?,豪庭👆🤓，按下此神秘小按钮可召唤我再听一次👉,101,Cyanide_GA,https://music.163.com/#/song?id=1848251733,2026-08-31
Wolf Alice,How Can I Make It OK?,我还以为第一句是泰勒的声音[大哭]，没想到日推有惊喜,87,好食你就食多D,https://music.163.com/#/song?id=1848251733,2026-08-31
Wolf Alice,How Can I Make It OK?,一定要像谁吗 WA有自己独一无二的风格 挺不尊重的😰,85,回溯-原点-零-Flowers,https://music.163.com/#/song?id=1848251733,2026-08-31
Wolf Alice,The Sofa,来中国巡演，在你们或我们都变得太老之前,823,Mt_Washington,https://music.163.com/#/song?id=2722558524,2026-08-31
Wolf Alice,The Sofa,这首歌里，queen是女皇而不是皇后,329,东部季风区,https://music.163.com/#/song?id=2722558524,2026-08-31
Wolf Alice,The Sofa,Ellie Rowsell唱着尽管许多计划未能如愿，仍努力寻得内心平静的心情。 她说：『这首歌讲的是不要太执着于想把一切都弄明白，去回顾自己渐渐长大的过程，努力不再为生命中已发生或未发生的事情苦恼。 它也谈到，当你身在乐队中，要试着理解生活中那些截然不同的面向。』,291,伦敦酒吐座,https://music.163.com/#/song?id=2722558524,2026-08-31
Wolf Alice,The Sofa,喜欢Kate Bush和Wolf Alice双厨狂喜，这首真惊艳啊，歌词准确切中当下心境感受，那颗濒临狂野的心，也许避免不了现实挫败，但没人可以来驯服，也无身份束缚，灵魂渴望着自由。,199,Hilda超可爱,https://music.163.com/#/song?id=2722558524,2026-08-31
Wolf Alice,The Sofa,第二句sometimes i just want to后面留白的钢琴真的美飞了,176,IamIvaning,https://music.163.com/#/song?id=2722558524,2026-08-31
Wolf Alice,The Sofa,为什么这么简单的歌词唱出来一种细微事件中超越时间的宏伟的感觉,134,加班独角兽,https://music.163.com/#/song?id=2722558524,2026-08-31
Wolf Alice,The Sofa,求从这首歌出去教程…听一上午了,106,burningtune,https://music.163.com/#/song?id=2722558524,2026-08-31
Wolf Alice,The Sofa,青少年忧郁圣歌变成了青年忧郁圣歌,92,真的不懂小年轻,https://music.163.com/#/song?id=2722558524,2026-08-31
Wolf Alice,The Sofa,太期待新专辑了！！这首太绝了啊,92,铭光光,https://music.163.com/#/song?id=2722558524,2026-08-31
Wolf Alice,The Sofa,这首歌似乎是我困在这段时间里的救赎,67,JJustBMsf,https://music.163.com/#/song?id=2722558524,2026-08-31
Wolf Alice,The Sofa,在现场听的时候眼泪突然就掉下来了….💧,52,伊苏林迪芦苇竹节虫,https://music.163.com/#/song?id=2722558524,2026-08-31
Wolf Alice,The Sofa,希望无人会来将她驯服，这样她便能获得自由。,49,牯岭街少男,https://music.163.com/#/song?id=2722558524,2026-08-31
Wolf Alice,The Sofa,纵观人类历史，就是一部沙发驯服人类的历史。  从宇宙迁移至地球后，一旦野生人类接触到沙发，躺或坐的时候，沙发就悄悄的通过电波连接人类大脑。 再玩五分钟手机吧，再看一会电视吧。通过这样的暗示，沙发成功的繁殖在每一个地球人家中，控制住了地球最强大的群体。  独立，正是这首歌传达给每个人,43,Connor_RK800,https://music.163.com/#/song?id=2722558524,2026-08-31
Wolf Alice,The Sofa,不认识，来中国巡一下看看实力,37,非正常患者,https://music.163.com/#/song?id=2722558524,2026-08-31
Wolf Alice,The Sofa,"精准地切中了这个热到要发疯夏天里的某种情绪，卧在冷气房沙发上好像就能够隔绝在高温下那个一切都在融化腐烂散发汗臭味的世界之外。这个夏天我想去爱想要变好想去更远的地方，但此刻我只想躺上一整天，""sometimes i just want to f**k""。而在这一切之后还有人告诉你it'll be ok，这就是最好的。",32,IamIvaning,https://music.163.com/#/song?id=2722558524,2026-08-31
Yngwie Malmsteen,Dream On,每个炫技的吉他手身后都站着一个默默无言的贝斯手…,1238,player0707,https://music.163.com/#/song?id=25322878,2026-08-31
Yngwie Malmsteen,Dream On,Yngwie不这样弹还能叫yngwie?每个吉他手都有自己的演奏风格，我们没有权利否决某种风格,936,jaredhvfn,https://music.163.com/#/song?id=25322878,2026-08-31
Yngwie Malmsteen,Dream On,Eminem的《Sing For The Moment》，副歌部分取自这首歌，Aerosmith的原唱版本,689,被摧毁的新建筑,https://music.163.com/#/song?id=25322878,2026-08-31
Yngwie Malmsteen,Dream On,批评yngwie炫技无异于批评比尔盖茨炫富,561,IMHO--,https://music.163.com/#/song?id=25322878,2026-08-31
Yngwie Malmsteen,Dream On,dio唱的，牛逼。,402,山人自有心机,https://music.163.com/#/song?id=25322878,2026-08-31
Yngwie Malmsteen,Dream On,我有点明白那个兄弟的意思。但人家杨威就是这种风格啊。比他弹得快又准又干净的没几个人了。我们需要巴赫，也需要帕格尼尼，不然这个世界就太无趣了。,250,hideyoshiki,https://music.163.com/#/song?id=25322878,2026-08-31
Yngwie Malmsteen,Dream On,大嘴、乔佩里以至整个铁匠都不敢同键盘侠一样大放厥词大言不惭式评价Dio的唱功和杨威的风格吧。,99,因詛咒網易雲而被和諧的用戶,https://music.163.com/#/song?id=25322878,2026-08-31
Yngwie Malmsteen,Dream On,你这比喻不恰当，因为有些人连女朋友都没有,76,飞扬之一,https://music.163.com/#/song?id=25322878,2026-08-31
Yngwie Malmsteen,Dream On,李斯特：炫技无罪，我说的（#doge）,49,睦瓜星灵_Official,https://music.163.com/#/song?id=25322878,2026-08-31
Yngwie Malmsteen,Dream On,电吉他和贝斯的关系你知道吗  你老婆和你一样的关系  为什么这么说呢  一个女高音一个男中[多多捂脸]低音,45,奈斯蓝调摇滚,https://music.163.com/#/song?id=25322878,2026-08-31
Yngwie Malmsteen,Dream On,Dio的《Dream on》的感觉更像是廉颇老矣尚能饭否的感觉，骨子里的不服输精神,41,鲸鱼摆尾,https://music.163.com/#/song?id=25322878,2026-08-31
Yngwie Malmsteen,Dream On,可是没有贝斯手的垫音，电吉他不会那么别有味道,41,不是莲子是连子,https://music.163.com/#/song?id=25322878,2026-08-31
Yngwie Malmsteen,Dream On,不是人家炫 人家就是有 没炫你也觉得是炫,36,流行金属,https://music.163.com/#/song?id=25322878,2026-08-31
Yngwie Malmsteen,Dream On,说炫技的看到封面了吗 对牛弹琴 也没指望你们能听懂,25,蒸发不了的,https://music.163.com/#/song?id=25322878,2026-08-31
Yngwie Malmsteen,Dream On,Yngwie 就是各种华丽的巴洛克风味，说炫技的简直是嫌弃乡村爱情东北口音太重……,24,alien_frog,https://music.163.com/#/song?id=25322878,2026-08-31
Yngwie Malmsteen,Far Beyond The Sun,你厉害,543,smartcoach,https://music.163.com/#/song?id=20741597,2026-08-31
Yngwie Malmsteen,Far Beyond The Sun,在这里留下脚印的都是吉他爱好者。嘿，我那落满灰尘的吉他啊！,490,半为苍生,https://music.163.com/#/song?id=20741597,2026-08-31
Yngwie Malmsteen,Far Beyond The Sun,重金属，新古典，震撼到飙泪！大叔的吉他把老巴赫的灵魂都震出来了！！我为古典狂！我为这首曲子没有999➕而愤愤不平！！！！,288,一只名叫LV的兔子只有两条腿,https://music.163.com/#/song?id=20741597,2026-08-31
Yngwie Malmsteen,Far Beyond The Sun,Van Halen开启了吉他界技巧军备赛，Yngwie开启了吉他界竞速赛。,197,逆袭的卡喵,https://music.163.com/#/song?id=20741597,2026-08-31
Yngwie Malmsteen,Far Beyond The Sun,我开启了吉他界乱弹丢人赛,181,1654829635,https://music.163.com/#/song?id=20741597,2026-08-31
Yngwie Malmsteen,Far Beyond The Sun,slash让我爱上金色的lespaul，bbking让我爱上黑色的es335，英胖子让我爱上黄色的fender，范爷让我爱上带把手的ibanez，总之，摇滚让我贫穷,142,1654829635,https://music.163.com/#/song?id=20741597,2026-08-31
Yngwie Malmsteen,Far Beyond The Sun,速度不是一切，那是金字塔顶峰的那群人说的话，你还没成为大师，就不要说这种话了，多练练吧。速度快的人也可以练习慢的技巧，速度慢的人就是上不去,101,icathulhu,https://music.163.com/#/song?id=20741597,2026-08-31
Yngwie Malmsteen,Far Beyond The Sun,我开了买了吉他吃灰竞赛,51,大圈u豹-,https://music.163.com/#/song?id=20741597,2026-08-31
Yngwie Malmsteen,Far Beyond The Sun,谁厉害?这种大师还分谁厉害? 技术各有所长，听众也萝卜青菜各有所爱。,45,好名都让鳖起了,https://music.163.com/#/song?id=20741597,2026-08-31
Yngwie Malmsteen,Far Beyond The Sun,yngwie：我从不练琴,39,_Thebest_-,https://music.163.com/#/song?id=20741597,2026-08-31
Yngwie Malmsteen,Far Beyond The Sun,耿小华最厉害,34,大圈u豹-,https://music.163.com/#/song?id=20741597,2026-08-31
Yngwie Malmsteen,Far Beyond The Sun,我开启了耿蔡挑战瞎几把赛,32,-IVO-,https://music.163.com/#/song?id=20741597,2026-08-31
Yngwie Malmsteen,Far Beyond The Sun,好曲子不需要999，又不是感冒灵,31,Xinphony,https://music.163.com/#/song?id=20741597,2026-08-31
Yngwie Malmsteen,Far Beyond The Sun,不好意思，保罗是世界级的好吧，桶哥只能算一流吉他手，这里还有影响力之类的东西在，保罗那可是我小时候听得东西，不是一个层次的好吧,23,伦敦荔枝的草方块,https://music.163.com/#/song?id=20741597,2026-08-31
Yngwie Malmsteen,Far Beyond The Sun,你说安德鲁搞速度竞速可以 英胖只有速度么？？不说他速弹的音乐性 他速弹里面各种细腻各种技巧 有几个搞得那么自如 知道为什么么？就在他右手太放松了 才能在大段大段的速弹里面把握得那么完美,22,用户1292522484,https://music.163.com/#/song?id=20741597,2026-08-31
Yngwie Malmsteen,Black Star,置顶是谁赞的。。。脑子有坑。。。杨威被称作新古典主义代表人物之一。。。不能理解的不要说他祸害人。。。,442,残黑碾敲样样稀松六弦二胡演奏家,https://music.163.com/#/song?id=20741596,2026-08-31
Yngwie Malmsteen,Black Star,真妖孽，那几个泛音点到了我的蛋蛋了,371,无形啊哈,https://music.163.com/#/song?id=20741596,2026-08-31
Yngwie Malmsteen,Black Star,"Yngwie,Yngve就是大师的意思,真是冥冥之中自有定数",186,账号已注销,https://music.163.com/#/song?id=20741596,2026-08-31
Yngwie Malmsteen,Black Star,天才Jason  Becker二十岁不到翻弹此曲，每次听到都会有无尽的惋惜之情。,168,Randy_Rhoads,https://music.163.com/#/song?id=20741596,2026-08-31
Yngwie Malmsteen,Black Star,贝斯就像个吸铁石一样，各个声部简直天衣无缝啦,117,iron铁铁铁,https://music.163.com/#/song?id=20741596,2026-08-31
Yngwie Malmsteen,Black Star,二十岁那年英格威家里发生了一次火灾   他冒死救下了一把芬达strat   而这感人的一幕恰巧被邻居拍到    30年过去了  当人们再次谈论此事时   英格威一脸苦笑   没人知道是谁送给他的那把琴以至于他冒死都会救下来   只知道那把琴来自遥远的东方,91,seringfinne,https://music.163.com/#/song?id=20741596,2026-08-31
Yngwie Malmsteen,Black Star,如果有一天我能弹出这样的曲子……,86,孙二娘Zeroine,https://music.163.com/#/song?id=20741596,2026-08-31
Yngwie Malmsteen,Black Star,真6，新古典主义是摇滚圈子乃至金属圈子里可说最重视调式调性的一支，比那些无脑五声音阶速弹solo被推崇的高到不知哪里去了居然说没什么旋律性，就服你,54,绝啸丿,https://music.163.com/#/song?id=20741596,2026-08-31
Yngwie Malmsteen,Black Star,大卫鲍伊最后一张专辑叫黑星 电台司令一首歌叫黑星 我的音箱也叫黑星 果然叫黑星的都牛逼 除了我的音箱[大笑],34,Starmanl,https://music.163.com/#/song?id=20741596,2026-08-31
Yngwie Malmsteen,Black Star,这曲子要用黑星音箱放才有味，手动狗头,33,Truman_shi,https://music.163.com/#/song?id=20741596,2026-08-31
Yngwie Malmsteen,Black Star,看过一次现场，最后这首压轴，比听录音震撼多了。同台的还有steve vai，相比之下yngwie气场强太多了，配合舞台烟雾灯光，神一样的存在,32,-双手插兜-,https://music.163.com/#/song?id=20741596,2026-08-31
Yngwie Malmsteen,Black Star,坏事，我成第一了,30,残黑碾敲样样稀松六弦二胡演奏家,https://music.163.com/#/song?id=20741596,2026-08-31
Yngwie Malmsteen,Black Star,就会变得很胖,27,buckethead养的小鸡生的蛋,https://music.163.com/#/song?id=20741596,2026-08-31
Yngwie Malmsteen,Black Star,挡泥板之山东芬达😂😂😂😂😂,24,路鸿宇和他的朋友们,https://music.163.com/#/song?id=20741596,2026-08-31
Yngwie Malmsteen,Black Star,美国人日本人会强调文化自信吗？还不是缺啥就强调啥,21,爱的赞美诗,https://music.163.com/#/song?id=20741596,2026-08-31
Yngwie Malmsteen,Brothers,原创曲目千千万，摇滚大师满街站。独奏专辑没人听，只能发到论坛看。进了摇滚乐队里，一个独奏弹半天。贝司主唱骂你滚，鼓手拔你连接线。全美乐队数不完，独奏大师却等闲？扎克马蹄富得满，英格威风斯拉什。吉他搜罗弹太满，最后乐队都解散。,565,玛丽莲_面瓜,https://music.163.com/#/song?id=20741510,2026-08-31
Yngwie Malmsteen,Brothers,不是，能听到这里的兄弟们，我相信都是已经有一定的鉴赏能力了，乐队吉他手跟吉他演奏家能区分开应该不难吧。,487,暗天莫四,https://music.163.com/#/song?id=20741510,2026-08-31
Yngwie Malmsteen,Brothers,关于beyond，情怀归情怀，实力差太多了,290,AleXue_西木野真姬,https://music.163.com/#/song?id=20741510,2026-08-31
Yngwie Malmsteen,Brothers,beyond也牛逼，Yngwie也牛逼，在有人心目中前者更牛逼因为是从小就听的熟悉的旋律在亚洲的影响力是无可辩驳的，有人觉得Yngwie更牛逼因为毕竟开创古典主义世界级大师。个人更喜欢后者。觉得没什么可比的也没什么可争的，大家都喜欢音乐[呲牙],225,北理轰炸机小珂,https://music.163.com/#/song?id=20741510,2026-08-31
Yngwie Malmsteen,Brothers,家驹生前深受瑞典籍新古典主义吉他大师Yngwie Malmsteen影响，无论使用的Fender吉他还是舞台表演台风！甚至家驹模仿Yngwie，把自己的吉他也做成波浪式指板！家驹珍藏有Yngwie Malmsteen的黑胶唱片，二楼后座里家驹挂了他的照片！黄贯中也是受黄家驹影响喜欢上的Yngwie（来自百度贴吧）,85,kakui_guitar,https://music.163.com/#/song?id=20741510,2026-08-31
Yngwie Malmsteen,Brothers,对，就你知道，全世界就你知道,60,披着山羊皮的音速青年,https://music.163.com/#/song?id=20741510,2026-08-31
Yngwie Malmsteen,Brothers,此曲由英格威在他哥哥交通意外身亡后写下的，每个音符都表达着自己失去兄长的悲痛绝望，和对亡兄的不舍。,54,LittlePinprick,https://music.163.com/#/song?id=20741510,2026-08-31
Yngwie Malmsteen,Brothers,请大家不要带有轻视的心态看待beyond，单从吉他手的角度，英格威是用古典音阶开创了一种新的电吉他风格，贡献是很少有别人能比拟的。但是作为beyond的粉丝，他带给我的意义是在曾经最艰难的时期支撑下去的精神信念。所以，不管是谁也好，演奏水平或许存在高低，但是起码尊重一下。,52,JSBachLiRen,https://music.163.com/#/song?id=20741510,2026-08-31
Yngwie Malmsteen,Brothers,但逼斗士的实力不俗,47,_sola-no,https://music.163.com/#/song?id=20741510,2026-08-31
Yngwie Malmsteen,Brothers,我大概用二十分钟时间原速弹下来了，感觉比较简单，扫拨和速弹部分其实没什么难度，基本功只要扎实这些都不是最难的，最难得还是感情。 什么时候能把我爱吹牛逼的毛病改了就好了,34,ShiOn丶,https://music.163.com/#/song?id=20741510,2026-08-31
Yngwie Malmsteen,Brothers,玩乐队是比谈恋爱还麻烦，有人结了婚都指不定哪天会离，几十年不解散的乐队更是万中无一，不如自己跟自己玩,23,182bpm,https://music.163.com/#/song?id=20741510,2026-08-31
Yngwie Malmsteen,Brothers,solo是灵魂，riff是生命。,21,DZcz_mJaZddd,https://music.163.com/#/song?id=20741510,2026-08-31
Yngwie Malmsteen,Brothers,能听到这的，谁不认识slash……,21,乔治这是什么z,https://music.163.com/#/song?id=20741510,2026-08-31
Yngwie Malmsteen,Brothers,由一条15年的逗比评论引发的一场4年多的惨烈争论……,21,恶亡玫瑰,https://music.163.com/#/song?id=20741510,2026-08-31
Yngwie Malmsteen,Brothers,一个是主观，一个是客观，不一样，这种和稀泥的说法真的讨厌，有本事在销量，音乐性，开创性那么多地方搬扯搬扯啊，你这样，我觉得香水有毒也比老杨强,21,葬于厄舍府,https://music.163.com/#/song?id=20741510,2026-08-31
Yīn Yīn（YIN YIN）,风吹起从前,好好听啊！谁跟我一样是从xhs来的[色][色][色][爱心][爱心][爱心]老师们后面的留言和祝福都好感动啊！喜欢喜欢(〃ω〃)好小众又好好听，我说过“喜灰圈只会被刀到崩溃，但绝对不会被饿到一点”,125,星辰-大叔,https://music.163.com/#/song?id=2669652294,2026-08-31
Yīn Yīn（YIN YIN）,风吹起从前,特别特别好大合唱！！,75,北寒杳音音音音,https://music.163.com/#/song?id=2669652294,2026-08-31
Yīn Yīn（YIN YIN）,风吹起从前,你们的这个封面是喜羊羊与灰太狼之守护。,57,班警,https://music.163.com/#/song?id=2669652294,2026-08-31
Yīn Yīn（YIN YIN）,风吹起从前,今天是2025.5.25！我在重庆祝喜羊羊生日快乐！,39,轩辕洛氏,https://music.163.com/#/song?id=2669652294,2026-08-31
Yīn Yīn（YIN YIN）,风吹起从前,我们这首歌是参加了2025喜灰新春会的作品哦(´-ω-`),33,SEVEN_柒柒鸭,https://music.163.com/#/song?id=2669652294,2026-08-31
Yīn Yīn（YIN YIN）,风吹起从前,颜雪！我研究生成功拟录取啦！记得我复试当天也是听着这首歌去的学校！你还回复了我的评论！给我加油！让我复试超常发挥啦！,27,没空的人_1,https://music.163.com/#/song?id=2669652294,2026-08-31
Yīn Yīn（YIN YIN）,风吹起从前,喜灰粉闻着味就来了(˵¯͒〰¯͒˵),25,凉粉Ghost,https://music.163.com/#/song?id=2669652294,2026-08-31
Yīn Yīn（YIN YIN）,风吹起从前,我被爸妈娇生惯养凭什么吃你的苦.  上岸第一剑先斩意中人.  比起情书我更喜欢录取通知书.  没有人能定义我自己也是.  我从不为情所困自由才是我的主打歌.  读不好万卷书万里路就不好走.  我漂亮有趣像一朵云自由自在.,25,我心名泪,https://music.163.com/#/song?id=2669652294,2026-08-31
Yīn Yīn（YIN YIN）,风吹起从前,感谢老师的参与!,13,SEVEN_柒柒鸭,https://music.163.com/#/song?id=2669652294,2026-08-31
Yīn Yīn（YIN YIN）,风吹起从前,你们知道恐龙为什么灭绝吗？因为你的歌太好听了，恐龙没法给你鼓掌， 伤心过度而死了。,12,夏宁party,https://music.163.com/#/song?id=2669652294,2026-08-31
Yīn Yīn（YIN YIN）,最下等天性《凹凸世界》雷帕,“高傲的狮子也曾低头亲吻卑劣的蛇”,62,寄往昨日的明信片,https://music.163.com/#/song?id=1992410262,2026-08-31
Yīn Yīn（YIN YIN）,最下等天性《凹凸世界》雷帕,“光法和暗法互相克制，紫瞳和花瞳互相喜欢。”,30,njshgsznzjdgrvrr,https://music.163.com/#/song?id=1992410262,2026-08-31
Yīn Yīn（YIN YIN）,最下等天性《凹凸世界》雷帕,“我不分高低贵贱，我只喜欢你”,16,审判_KIfG,https://music.163.com/#/song?id=1992410262,2026-08-31
Yīn Yīn（YIN YIN）,最下等天性《凹凸世界》雷帕,哇塞😍！雷帕同人曲又多了一首！！！我太太太感动了！[多多大哭]看到雷帕同人曲我都要哭的节奏，下次一定要帮忙在老福特宣传一下！！[西西心动],15,世界摇头抖腿锦标赛全国冠军,https://music.163.com/#/song?id=1992410262,2026-08-31
eli's ladder,show me the castle,假期全用来听中西部了，回寝室路上看到小情侣散步有点羡慕。但一想到他们多半不知道第四波emorevival融合indie的内敛情绪表达和diy气质，也不知道90stwinkle那种抓耳又精致的riff和奇数拍律动，我那颗嫉妒又自卑的心就释然了。 前奏一出来就绷不住了，青春期伤痛，我终究还是没能成为理想中的那个人啊,656,海狸面是我_ovo,https://music.163.com/#/song?id=2630817670,2026-08-31
eli's ladder,show me the castle,我一直在哭 我来自地狱 choose life 宋亚轩 我对你的爱是开弓没有回头箭,473,离踽e,https://music.163.com/#/song?id=2630817670,2026-08-31
eli's ladder,show me the castle,如果评论区里有choose life，那大概率是我要找的曲子。,405,重生之我是柏仓隆史,https://music.163.com/#/song?id=2630817670,2026-08-31
eli's ladder,show me the castle,哎呀妈呀。。。吉他这小动静一厨来俺就妹憋住哭了。。。中西部青春期伤痛奥。。。俺到底儿也没变成小前儿最得意的大老娘们儿。。。,274,----___---__,https://music.163.com/#/song?id=2630817670,2026-08-31
eli's ladder,show me the castle,再往下就是亚文化的尽头了,265,广重36,https://music.163.com/#/song?id=2630817670,2026-08-31
eli's ladder,show me the castle,如果你需要我的话 我会在城中村咖啡店等你；,246,牯岭街少男,https://music.163.com/#/song?id=2630817670,2026-08-31
eli's ladder,show me the castle,世界會崩壞，天使會emo,234,幽靈黒猫,https://music.163.com/#/song?id=2630817670,2026-08-31
eli's ladder,show me the castle,emo类评论区特有的八竿子打不着和各说各的,216,始终皆黄伞,https://music.163.com/#/song?id=2630817670,2026-08-31
eli's ladder,show me the castle,我真的不能停止chooselife，我一停止choose我就会去思考我这失败和悲惨的一生！！,144,牿岭街少男,https://music.163.com/#/song?id=2630817670,2026-08-31
eli's ladder,show me the castle,牯岭街少男精选,141,339aul,https://music.163.com/#/song?id=2630817670,2026-08-31
eli's ladder,show me the castle,我来自鹈鹕镇,126,贯穿伤丶,https://music.163.com/#/song?id=2630817670,2026-08-31
eli's ladder,show me the castle,能听出很多前辈的影子,105,_斜陽樹,https://music.163.com/#/song?id=2630817670,2026-08-31
eli's ladder,show me the castle,东北部情绪吗，有点意思,89,KevinXsll,https://music.163.com/#/song?id=2630817670,2026-08-31
eli's ladder,show me the castle,宝宝你是一个男娘,88,一水红树,https://music.163.com/#/song?id=2630817670,2026-08-31
eli's ladder,show me the castle,还有合订本,84,焦糖色碳酸饮料,https://music.163.com/#/song?id=2630817670,2026-08-31
eli's ladder,thunder disc,我不希望看到那两个单词 孩子们,429,甜甜的忍者,https://music.163.com/#/song?id=3318618325,2026-08-31
eli's ladder,thunder disc,Choose life？Choose life？Choose life？Choose life？Choose life？Choose life？Choose life？Choose life？Choose life？Choose life？Choose life？Choose life？Choose life？Choose life？Choose life？Choose life？Choose life？Choose life？Choose life？Choose life？Choose life？Choose,388,Colourful多崎作,https://music.163.com/#/song?id=3318618325,2026-08-31
eli's ladder,thunder disc,网易云评论区已经废了,253,頻道42,https://music.163.com/#/song?id=3318618325,2026-08-31
eli's ladder,thunder disc,曲子怕不是听了yakuithemaid去写的,239,Skyico_Sora,https://music.163.com/#/song?id=3318618325,2026-08-31
eli's ladder,thunder disc,如果你需要我，我会在城中村的五金店等你,150,牿岭街少男,https://music.163.com/#/song?id=3318618325,2026-08-31
eli's ladder,thunder disc,评论区是什么群体好恐怖呀,102,皆晓子,https://music.163.com/#/song?id=3318618325,2026-08-31
eli's ladder,thunder disc,𝚝𝚑𝚞𝚗𝚍𝚎𝚛 𝚍𝚒𝚜𝚌...,83,預製品,https://music.163.com/#/song?id=3318618325,2026-08-31
eli's ladder,thunder disc,宝宝请你 两指往中间拉 -- -- -- -- -- --＞         ＜-- -- -- -- -- --,70,liMaku,https://music.163.com/#/song?id=3318618325,2026-08-31
eli's ladder,thunder disc,所以歌名直译就是雷霆迪斯科[呆],65,莳萝客春山,https://music.163.com/#/song?id=3318618325,2026-08-31
eli's ladder,thunder disc,choose是选择，life是生活。,64,牿岭街少男,https://music.163.com/#/song?id=3318618325,2026-08-31
eli's ladder,thunder disc,"学术解释： Choose life. Choose a job. Choose a career. Choose a family… Trainspotting, 猜火车, 1996 选择生活，选择上班，选择职业，选择家庭。真的吗？",56,godwontsave,https://music.163.com/#/song?id=3318618325,2026-08-31
eli's ladder,thunder disc,choose life?,51,孬大果,https://music.163.com/#/song?id=3318618325,2026-08-31
eli's ladder,thunder disc,作为村里最后一个听eli's ladder的，我已经哭了,43,浩宇哥爱音乐,https://music.163.com/#/song?id=3318618325,2026-08-31
eli's ladder,thunder disc,最新的潮酷小登二次元少女乐队加上点post metal 难道不是yakui吗😇,39,czhybzx,https://music.163.com/#/song?id=3318618325,2026-08-31
eli's ladder,thunder disc,υɿɒbǝ miʞoɈo💛ⲉⲧⲉꞅⲛⲁ𝓵 𝓵ⲟ𝓿ⲉ,38,水中的小块陆地,https://music.163.com/#/song?id=3318618325,2026-08-31
eli's ladder,medical mechanica,是谁说此乐队主唱是千早爱音的🔥。。,381,祈祈肆蚀玖,https://music.163.com/#/song?id=2630816718,2026-08-31
eli's ladder,medical mechanica,如果你需要我的话，我会在城中村麻辣烫店等你,272,牯岭街少男,https://music.163.com/#/song?id=2630816718,2026-08-31
eli's ladder,medical mechanica,居然能听到波兰人唱日语，太可爱,227,钠钠7,https://music.163.com/#/song?id=2630816718,2026-08-31
eli's ladder,medical mechanica,老大我们把封面换成美少女真的能招来人吗,201,Zs2_,https://music.163.com/#/song?id=2630816718,2026-08-31
eli's ladder,medical mechanica,评论区看得我窝火。,173,昵称_ibew,https://music.163.com/#/song?id=2630816718,2026-08-31
eli's ladder,medical mechanica,木柜子粉丝是真的新时代jo粉了,162,樱巫女_miko,https://music.163.com/#/song?id=2630816718,2026-08-31
eli's ladder,medical mechanica,突然发现标题在neta flcl,148,0w0-Yui,https://music.163.com/#/song?id=2630816718,2026-08-31
eli's ladder,medical mechanica,感觉声音太夹了，听着有点难受，不过英语和日语以这种方式唱出来有种挺迷幻的感觉,136,小王明天不打针,https://music.163.com/#/song?id=2630816718,2026-08-31
eli's ladder,medical mechanica,mygo不愧为动画原神[亲亲],135,euevere,https://music.163.com/#/song?id=2630816718,2026-08-31
eli's ladder,medical mechanica,日波吗 那我被吓哭了,101,loyango落烟果,https://music.163.com/#/song?id=2630816718,2026-08-31
eli's ladder,medical mechanica,这主唱是波兰人能发出的声音？,100,万能着青年的悲歌,https://music.163.com/#/song?id=2630816718,2026-08-31
eli's ladder,medical mechanica,虽然有ky嫌疑，但这人声真像千早爱音吧,96,视锥废忘录,https://music.163.com/#/song?id=2630816718,2026-08-31
eli's ladder,medical mechanica,能不能别提千早爱音 我真求你了🙏🙏,94,9ensokyo,https://music.163.com/#/song?id=2630816718,2026-08-31
eli's ladder,medical mechanica,老天爷你搞错了吧，我应该是美国🇺🇸伊利诺伊小镇上穿格子衬衫戴针织帽的emo吉他手，在地下室录音时踩歪效果器大叫完了兄弟这take太好了，冬天下雪用破车载朋友跑巡演，吉他琴头磕掉漆也舍不得换，半夜在房间写歌词写到哭。怎么会投胎到这个不在乐队、没有demo、从没被采访过的普通人身上？,89,Kafka-Tamura,https://music.163.com/#/song?id=2630816718,2026-08-31
eli's ladder,medical mechanica,如果你在寻找我，我会在牯岭街五金店等你,79,牿岭街少男,https://music.163.com/#/song?id=2630816718,2026-08-31
eli's ladder,simon,天使emo了會去唱emo搖滾,280,幽靈黒猫,https://music.163.com/#/song?id=2630817669,2026-08-31
eli's ladder,simon,只有爽一把，@我才能度过这难捱的一天！？！,156,牯岭街少男,https://music.163.com/#/song?id=2630817669,2026-08-31
eli's ladder,simon,我没事就是秋思来福？！你别管我啦！？,149,牯岭街少男,https://music.163.com/#/song?id=2630817669,2026-08-31
eli's ladder,simon,受够点开评论就是圆征的生活了。,126,緘默庇護,https://music.163.com/#/song?id=2630817669,2026-08-31
eli's ladder,simon,少自残，多自喂，宁愿得星瘾也不得抑郁症，看到的转发起来,101,k1ssesinthewind3,https://music.163.com/#/song?id=2630817669,2026-08-31
eli's ladder,simon,请问牯岭街AQ电竞俱乐部怎么走,100,明鏡公園之聲,https://music.163.com/#/song?id=2630817669,2026-08-31
eli's ladder,simon,青春就是不断手赢和自我毁灭,35,艾米莉亚碳2207,https://music.163.com/#/song?id=2630817669,2026-08-31
eli's ladder,simon,666给我这个传奇cn瞬爆闪创造者ko三次元替身使者看笑了,22,西尼客的梦,https://music.163.com/#/song?id=2630817669,2026-08-31
eli's ladder,simon,中东欧情绪摇滚,20,MarvelousXceNe-_-,https://music.163.com/#/song?id=2630817669,2026-08-31
eli's ladder,simon,一个人看探险活宝会很难看下去因为好像醒不来的感觉。,17,Lu_oJ,https://music.163.com/#/song?id=2630817669,2026-08-31
eli's ladder,simon,"我不能停止choose,life😭😭",16,我的世界皓衬,https://music.163.com/#/song?id=2630817669,2026-08-31
eli's ladder,simon,"Hello, it's me",16,牯岭街婴儿,https://music.163.com/#/song?id=2630817669,2026-08-31
eli's ladder,simon,中专说唱女孩最后的幻想啊！,13,中专说唱女孩最后的幻想,https://music.163.com/#/song?id=2630817669,2026-08-31
eli's ladder,simon,这首采样是《探险活宝》里的吧,12,二十情诗和绝望的歌,https://music.163.com/#/song?id=2630817669,2026-08-31
eli's ladder,simon,"“When bad things happen, I know you want to believe they are a joke, but sometimes life is scary and dark. That is why we must find the light.”",10,Lyrichee,https://music.163.com/#/song?id=2630817669,2026-08-31
fayzz,永恒的奥古斯都,中国人自己的toe！,1788,i鹿喝水,https://music.163.com/#/song?id=2097762669,2026-08-31
fayzz,永恒的奥古斯都,心理学上有一个冷知识:你以为自己是个性格内向的人，因为你喜欢独处。但实际上，你只是喜欢内心的平静。在能给你带来平静的人面前，你其实是外向的。,1295,江安河桥,https://music.163.com/#/song?id=2097762669,2026-08-31
fayzz,永恒的奥古斯都,永远的奥古斯都是荷兰郁金香的一个品种，主要色彩为红白条纹（真的很漂亮，建议大家搜索了解），曾在荷兰郁金香狂热中炒出高价,1095,IchiroNeverOld,https://music.163.com/#/song?id=2097762669,2026-08-31
fayzz,永恒的奥古斯都,投机者疯狂地想要拥有一株永恒的奥古斯都，就连劣等的都要价2000弗罗林。有人开价用拥有绝对继承权的十二英亩建筑用地换取哈莱姆的那株“永远的奥古斯都“。可泡沫崩溃后它的价格甚至比不上一棵洋葱。,779,夜流河灯,https://music.163.com/#/song?id=2097762669,2026-08-31
fayzz,永恒的奥古斯都,“1637年2月3日，荷兰持续攀升的郁金香球茎期货价格突然开始暴跌，意味着经济泡沫开始破裂，史称郁金香泡沫。当时最贵的郁金香品种叫“永远的奥古斯都”，价值曾高达6700荷兰盾，贬值最惨的郁金香仅0.1荷兰盾”,675,-_-JUNKSTORY-_-,https://music.163.com/#/song?id=2097762669,2026-08-31
fayzz,永恒的奥古斯都,fayzz粉丝可以是痱子粉吗🤓,597,thelastwordis,https://music.163.com/#/song?id=2097762669,2026-08-31
fayzz,永恒的奥古斯都,世间的很多事物，追求时候的兴致总要比享用时候的兴致浓烈。  ——莎士比亚 《威尼斯商人》,578,沉入大海的鱼_,https://music.163.com/#/song?id=2097762669,2026-08-31
fayzz,永恒的奥古斯都,你的数学成绩是不是很差？那你应该听听数学摇滚（math rock）。虽然不是改善没有血压高的数学成绩的办法，但是它们很好听,545,windsweptaqua,https://music.163.com/#/song?id=2097762669,2026-08-31
fayzz,永恒的奥古斯都,奥古斯都，是屋大维的称号，罗马帝国初代皇帝。 “当年，古罗马人在宏伟华丽的浴宫中吹着口哨，认为帝国就像身下的浴池一样，建在整块花岗岩上，将永世延续，现在人们知道，没有不散的宴席，一切都有个尽头。”——三体3 死神永生,391,账号已注销,https://music.163.com/#/song?id=2097762669,2026-08-31
fayzz,永恒的奥古斯都,这首toe味儿好足,387,kano_s,https://music.163.com/#/song?id=2097762669,2026-08-31
fayzz,永恒的奥古斯都,原来是你小子。昨天成都主场。骷髅专门说有人评论他们是中国的toe，他都蚌埠住了,353,刈迷,https://music.163.com/#/song?id=2097762669,2026-08-31
fayzz,永恒的奥古斯都,下班的时候听到这首歌刚好是在地铁上，快出地铁的时候，身体很轻，摇摇欲坠，感觉是自我意识从身体里放出来一样，以第三人称望着自己，望着周围。出地铁时视线变得愈发模糊，像是物质世界和精神世界的界限被打破了，沿着家的方向下意识地行走，一步，两步，直到感觉完全消失，接着又在路上碰到妹妹把我,193,timelysnow_ipLJ,https://music.163.com/#/song?id=2097762669,2026-08-31
fayzz,永恒的奥古斯都,数摇应该是最接近古典的音乐风格了，它和古典乐一样严肃，冷静，不用任何情绪，只用极致的理性，精密的节拍，错位的节奏就能让你大为惊讶,188,广阔海洋民谣摇滚,https://music.163.com/#/song?id=2097762669,2026-08-31
fayzz,永恒的奥古斯都,亲爱的玩家，欢迎您来到2024， 《地球online2024版》提醒您： 本游戏年度主线任务为：保持健康，保持快乐，寻找自己想做的事并完成它，完成任务可获得一个漂亮/帅气的你。温馨提示您：本次游戏只可体验一次，为避免不必要的损失，在支线任务，玩家可以挑选自己感兴趣的部分，祝您拥有愉快的游戏回忆!,175,北尤克里里,https://music.163.com/#/song?id=2097762669,2026-08-31
fayzz,永恒的奥古斯都,原来是一个郁金香的品种啊，我还以为指的是罗马帝国的第一任皇帝,154,偷突锐人主炮被追至收集者大本营,https://music.163.com/#/song?id=2097762669,2026-08-31
fayzz,From day to day,私人fm你给我干哪来了这还是国内吗……卧槽真是国内啊，珍豪庭,979,夜色十五度,https://music.163.com/#/song?id=2097762668,2026-08-31
fayzz,From day to day,什么乐队拍子乱七八糟的会写歌吗，来昆明开场live看看深浅,826,海啸末央,https://music.163.com/#/song?id=2097762668,2026-08-31
fayzz,From day to day,toe中国分toe,499,麻烦您酷一点,https://music.163.com/#/song?id=2097762668,2026-08-31
fayzz,From day to day,每当一个乐器进来，都要惊呼一下的好听！,473,大七乐团,https://music.163.com/#/song?id=2097762668,2026-08-31
fayzz,From day to day,好肥的bass,469,丁肆Dicey,https://music.163.com/#/song?id=2097762668,2026-08-31
fayzz,From day to day,有种鼓手工资很高的感觉[强],468,-poreq-,https://music.163.com/#/song?id=2097762668,2026-08-31
fayzz,From day to day,太狠了 我第一耳朵真以为是toe,315,薄木温铁,https://music.163.com/#/song?id=2097762668,2026-08-31
fayzz,From day to day,贝斯进来的一瞬间，我的脑子里已经幻想出现场观众的尖叫声。,290,afewchords1-45,https://music.163.com/#/song?id=2097762668,2026-08-31
fayzz,From day to day,什么乐队，没听说过，来武汉开场live看看实力？,266,fw水母派,https://music.163.com/#/song?id=2097762668,2026-08-31
fayzz,From day to day,吉他和鼓的分轨也录得太干净了吧！贝斯的律动也相当舒服,194,邮差100,https://music.163.com/#/song?id=2097762668,2026-08-31
fayzz,From day to day,你这算盘怎么是核动力的？,156,Tickettomars,https://music.163.com/#/song?id=2097762668,2026-08-31
fayzz,From day to day,开着加速器网有点差，时不时的卡一拍，但一开始不知道是卡，以为是故意的breakdown，我还以为现在的数摇的拍子已经这么难数了吗,145,賀島興志,https://music.163.com/#/song?id=2097762668,2026-08-31
fayzz,From day to day,死的时候请贝斯参加葬礼,127,palkyii,https://music.163.com/#/song?id=2097762668,2026-08-31
fayzz,From day to day,哈哈哈哈我也觉得不咋滴 有种来昆明看看[多多大笑],107,狮子座的J,https://music.163.com/#/song?id=2097762668,2026-08-31
fayzz,From day to day,说实话fayzz跟toe还是有差别的，感觉toe的鼓更为突出，fayzz的主音吉他更为突出，有种叙事风格也不一样的感觉,90,渡淮丶,https://music.163.com/#/song?id=2097762668,2026-08-31
fayzz,让乌云遮蔽太阳,伊卡洛斯啊，不要飞得太低，你会被浪潮所吞没；但也不能飞得太高，太阳会把翅膀烤化。 若想平稳地掠过洋流，便让那乌云遮蔽太阳吧,257,Trackass,https://music.163.com/#/song?id=2097759407,2026-08-31
fayzz,让乌云遮蔽太阳,"你是toe,你又不是toe",95,0rd1narydays,https://music.163.com/#/song?id=2097759407,2026-08-31
fayzz,让乌云遮蔽太阳,如果你需要我，我会在城中村汽修店等你,46,牯岭街少男,https://music.163.com/#/song?id=2097759407,2026-08-31
fayzz,让乌云遮蔽太阳,成都的冬天需要太阳,32,Zoeisasleep,https://music.163.com/#/song?id=2097759407,2026-08-31
fayzz,让乌云遮蔽太阳,fayzz的歌跟toe相比有种国摇独有的厚重沉稳感 toe似乎要更清透一些,27,FREEEEEFALL,https://music.163.com/#/song?id=2097759407,2026-08-31
fayzz,让乌云遮蔽太阳,能换个空气清新的地方不,15,80HzHeart_ERROR404,https://music.163.com/#/song?id=2097759407,2026-08-31
fayzz,让乌云遮蔽太阳,我们还会有下一个夏天的 对吧。,14,牯岭街少男,https://music.163.com/#/song?id=2097759407,2026-08-31
fayzz,让乌云遮蔽太阳,和而不同,11,哇靠去你的,https://music.163.com/#/song?id=2097759407,2026-08-31
fayzz,让乌云遮蔽太阳,崭新万物正上升幻灭如明星，我却乌云遮目,11,明天之后不知道面前的你是否,https://music.163.com/#/song?id=2097759407,2026-08-31
fayzz,季风(Monsoon),像是巧妙地衔接起了《Days Gone》与《Patch》主题的一首。昨日的哀愁与缅怀，也会指向明日的迷茫与恐慌。可是回过头来，造就一切的却是当下每一个空缺又失落的今日。私人听感中最富有fayzz情感的一首，所谓toe的表达，不过是fayzz完善自己的关键一步，他们已经迈过去了。,166,触景_Fuukei,https://music.163.com/#/song?id=2730270720,2026-08-31
fayzz,季风(Monsoon),据传鼓手每天要为此曲猛练11小时的鼓  fayzz time.,96,spoon_RSS,https://music.163.com/#/song?id=2730270720,2026-08-31
fayzz,季风(Monsoon),很牛逼，但是vocal确实很toe的含糊不清，suki,54,Ulthzgent,https://music.163.com/#/song?id=2730270720,2026-08-31
fayzz,季风(Monsoon),这首只花了两天练出来的,50,CJthompson,https://music.163.com/#/song?id=2730270720,2026-08-31
fayzz,季风(Monsoon),这人身第一句听着好像山崎[笑哭][笑哭]以为拉的山崎来唱的,47,爱听大象叫,https://music.163.com/#/song?id=2730270720,2026-08-31
fayzz,季风(Monsoon),借由与toe相似的躯体，完成了更为迂回的自我表达吗，哈吉fa你这家伙,38,绩溪梦想家,https://music.163.com/#/song?id=2730270720,2026-08-31
fayzz,季风(Monsoon),wyy的智能过渡功能是神一样我去 上一首是toe的boyo无缝衔接这首 特别牛逼 大家可以去试一下,19,FREEEEEFALL,https://music.163.com/#/song?id=2730270720,2026-08-31
fayzz,季风(Monsoon),说的应该是hollow不是这首,14,包蛋狗大,https://music.163.com/#/song?id=2730270720,2026-08-31
fayzz,季风(Monsoon),live现场说的吧，住到排练室旁边了都,11,吉尔伯托,https://music.163.com/#/song?id=2730270720,2026-08-31
icyball冰球乐团,不在乎,那也太不在乎了哥们,4409,BEEnhErE__,https://music.163.com/#/song?id=3327187217,2026-08-31
icyball冰球乐团,不在乎,填补了华语乐坛没有ntr情歌流派的空白,1965,随逸sy,https://music.163.com/#/song?id=3327187217,2026-08-31
icyball冰球乐团,不在乎,贾乃亮写的吗,1696,Illonger,https://music.163.com/#/song?id=3327187217,2026-08-31
icyball冰球乐团,不在乎,我预言这首歌一定会出现在阿哲什么都会的年度Vlog视频中排婚纱照的时候！！,1322,13km_,https://music.163.com/#/song?id=3327187217,2026-08-31
icyball冰球乐团,不在乎,歌好听 词能换个争气点的风格吗[生病],896,ABBYUAN,https://music.163.com/#/song?id=3327187217,2026-08-31
icyball冰球乐团,不在乎,舔狗界迎来了神曲。。。,763,骨写经,https://music.163.com/#/song?id=3327187217,2026-08-31
icyball冰球乐团,不在乎,从刘哲5100视频过来的踢一下,680,理理厘光船,https://music.163.com/#/song?id=3327187217,2026-08-31
icyball冰球乐团,不在乎,和声很千禧年，曲风很千禧年，唱腔很千禧年，就连歌词也这么“老套”，真的好喜欢啊。,641,孙轩宇-,https://music.163.com/#/song?id=3327187217,2026-08-31
icyball冰球乐团,不在乎,那你在乎什么,585,Me1edy,https://music.163.com/#/song?id=3327187217,2026-08-31
icyball冰球乐团,不在乎,这首歌的歌词难道不是通篇都在说“我在乎”吗……,552,摘星星星子,https://music.163.com/#/song?id=3327187217,2026-08-31
icyball冰球乐团,不在乎,笑死我了，歌词真的震惊我了，调调还可以,299,異類Alone,https://music.163.com/#/song?id=3327187217,2026-08-31
icyball冰球乐团,不在乎,ntr情歌鼻祖：711的爱恋,274,俟百痂,https://music.163.com/#/song?id=3327187217,2026-08-31
icyball冰球乐团,不在乎,回避型和焦虑型在一起就会诞生这首歌,260,乌啦啦安妮氏,https://music.163.com/#/song?id=3327187217,2026-08-31
icyball冰球乐团,不在乎,我已经不怎么出轨了,255,kkkrayy,https://music.163.com/#/song?id=3327187217,2026-08-31
icyball冰球乐团,不在乎,反串歌词越不在乎越在乎,231,还在原地吗oio,https://music.163.com/#/song?id=3327187217,2026-08-31
icyball冰球乐团,醉后喜欢我,一个人走路是和地球的单独约会。,3443,迷离的Leo,https://music.163.com/#/song?id=1858126118,2026-08-31
icyball冰球乐团,醉后喜欢我,谁懂啊 莫名有股圣诞氛围,3261,阿欣阿欣__,https://music.163.com/#/song?id=1858126118,2026-08-31
icyball冰球乐团,醉后喜欢我,喜欢这首歌的人肯定也喜欢《冬天一个游》《醉后喜欢我》《能不能和我留在台北》《TVB》《漫步香港1998》,2866,Zngeer,https://music.163.com/#/song?id=1858126118,2026-08-31
icyball冰球乐团,醉后喜欢我,这个歌名吸引我点开。好像你一直只有在喝醉之后才会很需要我，喝醉之后你会很粘我，你会哭着向我撒娇说我不能不要你，你会一直盯着我的一举一动。那个感觉真的好好哦，这大概也是我总喜欢找你喝酒的原因吧。虽说男人七分醉，可即使那是假的，我也沉溺其中。现在你可能也不会喝酒了吧，更不再需要我了。,1865,ZLJZLXYDD,https://music.163.com/#/song?id=1858126118,2026-08-31
icyball冰球乐团,醉后喜欢我,和冬天一个游一样的感觉 好浪漫[流泪],1379,土沟_camo版,https://music.163.com/#/song?id=1858126118,2026-08-31
icyball冰球乐团,醉后喜欢我,不要醉后喜欢我 要最后喜欢我,1222,_昙小白,https://music.163.com/#/song?id=1858126118,2026-08-31
icyball冰球乐团,醉后喜欢我,你分得清吗 是好奇 是新鲜感 是喜欢 是好感 或者爱 占有欲 肉体吸引 替代品 还是灵魂共鸣。,859,小圆好饱,https://music.163.com/#/song?id=1858126118,2026-08-31
icyball冰球乐团,醉后喜欢我,哈哈哈 听这首等于变相的听了R&B all night和Leaving the door open,839,FieDIEr,https://music.163.com/#/song?id=1858126118,2026-08-31
icyball冰球乐团,醉后喜欢我,这个声音难道不像许光汉吗家人们,737,沃诗尼德迭,https://music.163.com/#/song?id=1858126118,2026-08-31
icyball冰球乐团,醉后喜欢我,像爸妈九十年代在溜冰场第一次约会放的bgm,650,硬盒薄荷糖,https://music.163.com/#/song?id=1858126118,2026-08-31
icyball冰球乐团,醉后喜欢我,简直是处女座醉后bgm,445,ZGGUDAO,https://music.163.com/#/song?id=1858126118,2026-08-31
icyball冰球乐团,醉后喜欢我,音色和许光汉真的好像噢,442,沫顏啊沫顏,https://music.163.com/#/song?id=1858126118,2026-08-31
icyball冰球乐团,醉后喜欢我,看歌名以为是比较现代的r&b 结果封面和配乐都带给我一种复古朦胧的感觉 像是在八九十年代的上海歌舞厅又和现在的我交错在一起 喝着酒 回忆模糊又清晰,422,Mojakson,https://music.163.com/#/song?id=1858126118,2026-08-31
icyball冰球乐团,醉后喜欢我,你们耳朵不行吧 明明就是Versace on the floor 采样,346,o0米米子0o,https://music.163.com/#/song?id=1858126118,2026-08-31
icyball冰球乐团,醉后喜欢我,听好了好多遍终于想起，这首歌像《初恋》电影中酒吧里男主给苏菲玛索带上了耳机，也是暧昧的光线，红着脸，紧闭的眼，一个青涩的拥抱。,292,求阙楼,https://music.163.com/#/song?id=1858126118,2026-08-31
icyball冰球乐团,世纪末寂寞,东京爱情故事的感觉,612,smartestone,https://music.163.com/#/song?id=3327187232,2026-08-31
icyball冰球乐团,世纪末寂寞,少年气好重的声音，许光汉也是这款。,363,-Fionasays,https://music.163.com/#/song?id=3327187232,2026-08-31
icyball冰球乐团,世纪末寂寞,不是汉化《ラブ・ストーリーは突然に》吗。。。,276,Janekoi,https://music.163.com/#/song?id=3327187232,2026-08-31
icyball冰球乐团,世纪末寂寞,包括另一首《不在乎》，依然喜欢曲子风格和声线，就算并不喜欢歌词，但是三者浑然天成的迷幻、跌宕的复古风，的确恰到好处地诉说着二十几岁荷尔蒙爆棚的男大心思：要么追寻不间歇的激情与永恒，要么在断档之间害怕寂寞，就在自恋自伤间，反复和顿悟吧,106,杏子味de口香糖,https://music.163.com/#/song?id=3327187232,2026-08-31
icyball冰球乐团,世纪末寂寞,本专最爱三首，《不在乎》《有点喜欢》《世纪末寂寞》，真的对冰球city pop风格的歌爱不释手。什么时候开巡演啊,85,采马里奥的大蘑菇,https://music.163.com/#/song?id=3327187232,2026-08-31
icyball冰球乐团,世纪末寂寞,这首歌林宥嘉唱也能好听[心动],67,Aglaia阿年,https://music.163.com/#/song?id=3327187232,2026-08-31
icyball冰球乐团,世纪末寂寞,谁懂，开头很有美少女战士的感觉,67,poetry大王,https://music.163.com/#/song?id=3327187232,2026-08-31
icyball冰球乐团,世纪末寂寞,世纪末总有末日预言，于是我们懂了天摇地动的倾城之恋。喝杯酒，看陨石划过；地球冰封，谁都不会再逃走。City Pop象征日本金融泡沫时代的纸醉金迷，融进世纪末寂寞里糜而不烂，反而有种庆贺之感。彷若冰球版的Plastic Love以经典的fade out收尾，呼唤云朵、花朵、烟火，会消散的一切请带我走,61,随逸sy,https://music.163.com/#/song?id=3327187232,2026-08-31
icyball冰球乐团,世纪末寂寞,高潮的部分也太《ラブ・ストーリーは突然に》了吧，这个旋律和唱法也真的，不过确实很citypop了,55,_Sanoru_,https://music.163.com/#/song?id=3327187232,2026-08-31
icyball冰球乐团,世纪末寂寞,你别说，副歌节奏型是一样的[大哭]和弦还没扒，但是听感挺接近，估计直接仿的那首？,55,池塘_吃糖,https://music.163.com/#/song?id=3327187232,2026-08-31
icyball冰球乐团,世纪末寂寞,到底拼了多少歌,47,DING07III,https://music.163.com/#/song?id=3327187232,2026-08-31
icyball冰球乐团,世纪末寂寞,冰球就很有老时代的舞厅感[爆笑],45,羽毛球拍的棍子,https://music.163.com/#/song?id=3327187232,2026-08-31
icyball冰球乐团,世纪末寂寞,有点像Stay with me…真夜中のドアをたたき…,44,Ci小瓜吃瓜,https://music.163.com/#/song?id=3327187232,2026-08-31
icyball冰球乐团,世纪末寂寞,虽然真的有点像拼好歌….确实是上世纪末的citypop风格 日本当时好多歌听感也很相似 只听过《ラブ・ストーリーは突然に》也是听太少了 旋律编写还是不一样 只能说不知道灵感是不是好几首歌,40,SyanVu,https://music.163.com/#/song?id=3327187232,2026-08-31
icyball冰球乐团,世纪末寂寞,感觉不像…但是像很多首歌杂糅在一起,38,沉睡罂树丛_,https://music.163.com/#/song?id=3327187232,2026-08-31
icyball冰球乐团,能不能和我留在台北（陪我几天）,那恐怕是不行，因为我没有签证。,9011,鲨鱼烟,https://music.163.com/#/song?id=2008524195,2026-08-31
icyball冰球乐团,能不能和我留在台北（陪我几天）,能不能和我留在东北 对付几天,5250,烈日千阳-,https://music.163.com/#/song?id=2008524195,2026-08-31
icyball冰球乐团,能不能和我留在台北（陪我几天）,这个乐团的歌总给我一种圣诞夜的感觉哈哈哈,4411,Vitaceee,https://music.163.com/#/song?id=2008524195,2026-08-31
icyball冰球乐团,能不能和我留在台北（陪我几天）,现在台湾歌手国语咬字越来越标准，即使平常说话湾腔，一到唱歌马上转二级甲等。反观很多大陆歌手，一个个好像在这边住不习惯的母语无语的人，平不平翘不翘jqx非要zhchsh。。。,1445,米顽皮,https://music.163.com/#/song?id=2008524195,2026-08-31
icyball冰球乐团,能不能和我留在台北（陪我几天）,这个岛上的人写歌确实有一套,1266,Geenytimay,https://music.163.com/#/song?id=2008524195,2026-08-31
icyball冰球乐团,能不能和我留在台北（陪我几天）,能不能从台北来重庆（为我们演出一晚）,1230,_____sPutnik,https://music.163.com/#/song?id=2008524195,2026-08-31
icyball冰球乐团,能不能和我留在台北（陪我几天）,副歌部分好像敢爱敢做 “不需休息的吻 不需呼吸空气 …街边观众”,1054,水牛奶王子,https://music.163.com/#/song?id=2008524195,2026-08-31
icyball冰球乐团,能不能和我留在台北（陪我几天）,已婚生活：🍚 💰 💤 恋爱生活：[亲亲][礼物]🍝🍦 🎉 📷 🎥  💻  💋👨‍❤️‍👨[礼物]🎿 🏊  🎤 🍰🍔 🍟 🍝 🍜 🍧 🍡🍦 🚄  🚗 单身生活：📱📱📱📱📱📱📱 网易生活：📀💿👂🌙💤,875,__HHalo,https://music.163.com/#/song?id=2008524195,2026-08-31
icyball冰球乐团,能不能和我留在台北（陪我几天）,回自己家需要什么签证啊,735,士武葵日向,https://music.163.com/#/song?id=2008524195,2026-08-31
icyball冰球乐团,能不能和我留在台北（陪我几天）,有种圣诞夜大商场里放的音乐的氛围感,693,Blueecho11,https://music.163.com/#/song?id=2008524195,2026-08-31
icyball冰球乐团,能不能和我留在台北（陪我几天）,这不就是日本80年代的citypop么，好爱啊！,665,viviahn,https://music.163.com/#/song?id=2008524195,2026-08-31
icyball冰球乐团,能不能和我留在台北（陪我几天）,让我觉得像回到九十年代听disco的感觉,609,美女收录器,https://music.163.com/#/song?id=2008524195,2026-08-31
icyball冰球乐团,能不能和我留在台北（陪我几天）,你银翼不,608,Lee-YB,https://music.163.com/#/song?id=2008524195,2026-08-31
icyball冰球乐团,能不能和我留在台北（陪我几天）,"“能不能和我留在台北 陪我几天”这两句好像Last Christmas, I gave you my heart",350,wyattttttttttttt,https://music.163.com/#/song?id=2008524195,2026-08-31
icyball冰球乐团,能不能和我留在台北（陪我几天）,林子祥的《敢爱敢做》是翻唱1987年发行的《nothing gonna stop us now》而这首留在台北和nothing的相似程度 从编曲风格音色到和声进行到整首的旋律……..同学们 你就品吧[鬼脸],344,你好莉莉呀,https://music.163.com/#/song?id=2008524195,2026-08-31
kings of convenience便利之王,Cayman Islands,北欧是这样的么？空气里充满了海水的味道。,6452,新盟,https://music.163.com/#/song?id=18938933,2026-08-31
kings of convenience便利之王,Cayman Islands,吉他有海水的味道，歌声有海风的感觉,4670,我们不工作只能住桥洞,https://music.163.com/#/song?id=18938933,2026-08-31
kings of convenience便利之王,Cayman Islands,闭上眼又听了一遍。像是在挪威的极夜里，老船长在小酒馆仰头喝着兰姆，水手们在远远的海滩上架起篝火，敲着手鼓。火花噼里啪啦升上漫漫夜空。我驾船出海，往英吉利海峡，一低头，满天的星光都藏在海里。,2994,向月夜酒阑时,https://music.163.com/#/song?id=18938933,2026-08-31
kings of convenience便利之王,Cayman Islands,一直都觉得能和我一起静静地听便利之王的人才是我最合拍的人,2096,CloserToFine,https://music.163.com/#/song?id=18938933,2026-08-31
kings of convenience便利之王,Cayman Islands,今年二月份喜欢上一个男生，他不笑的时候很酷很凶，笑起来却有两个酒窝，眼中有银河万里。在他冷酷的外表下有一颗无比柔软的内心，他喜欢看书，喜欢一个人听小众的英文歌，他不善表达爱意，却会暗暗的说“我爱你，没有技巧，真诚而野蛮。” 他是全天下最好的橘✨,1326,ThePatrickStars,https://music.163.com/#/song?id=18938933,2026-08-31
kings of convenience便利之王,Cayman Islands,虽然是因为撒野阴差阳错听到这首曲子，但是却想到了请以你的名字呼唤我，蓝色清澈的海水，成熟多汁的杏子，躺在草地上的青草味道，深夜或清晨在溪里游泳……,982,年糕0127,https://music.163.com/#/song?id=18938933,2026-08-31
kings of convenience便利之王,Cayman Islands,我真心觉得网易云应在新年到来之前升级一下歌单相似度50％推荐好友，80％直接牵红线，95％奖励9块去领证。,906,Alice-Princess,https://music.163.com/#/song?id=18938933,2026-08-31
kings of convenience便利之王,Cayman Islands,高二时开始了解这个组合，一切都从这首歌开始,807,Madhurilovuu,https://music.163.com/#/song?id=18938933,2026-08-31
kings of convenience便利之王,Cayman Islands,一听到前奏，立马回到了六七年前。只是碰巧听个回忆，得瑟得瑟年少的天真，继续走个二逼青春无敌。,729,LynnnnnNB,https://music.163.com/#/song?id=18938933,2026-08-31
kings of convenience便利之王,Cayman Islands,符合我对温带海洋性气候的幻想（？,693,Zz42_,https://music.163.com/#/song?id=18938933,2026-08-31
kings of convenience便利之王,Cayman Islands,感觉所有的感情都在里面了。,581,babycatpaw,https://music.163.com/#/song?id=18938933,2026-08-31
kings of convenience便利之王,Cayman Islands,看到日落就会想起一位穿着白衣服的少年坐在桥头💙💙💙感谢先生的分享一起努力！,515,GRanLi_,https://music.163.com/#/song?id=18938933,2026-08-31
kings of convenience便利之王,Cayman Islands,🍊 我可能没有机会陪你看日落了 但是没关系 如果可以 我会把所有日落饮尽 去追逐你 💙,509,-7117-,https://music.163.com/#/song?id=18938933,2026-08-31
kings of convenience便利之王,Cayman Islands,因为大一的时候听了这首歌，爱上了这个乐队，于是我现在毕业旅行到了挪威。因为我想知道是什么的国家会有这样温柔的乐队，到了Oslo第一晚就已经感受到这里的温柔了，我想我找到答案了。,504,eliyphant,https://music.163.com/#/song?id=18938933,2026-08-31
kings of convenience便利之王,Cayman Islands,我能说，我是因为KOC的音乐，袁智聪的音乐博客，叫小奥斯陆，有一段在挪威的车上拍的视频，配乐就是Cayman Islands. 然后关注北欧，然后去那留学三年，然后去挪威玩的时候，在卑尔根，抵达时已经夜深，大街上走的时候，有个记者对着我，和ex-girlfriend，拍照。然后就聊到KOC...That's all,389,racefortheprize,https://music.163.com/#/song?id=18938933,2026-08-31
kings of convenience便利之王,24-25,燃之梦想，其灰也光。,5139,我读书少你不要骗我_,https://music.163.com/#/song?id=18938918,2026-08-31
kings of convenience便利之王,24-25,修女对神父说，你该刮胡子了。一个自闭症患者对他的狗说，我们该出去转转了。诗人看着自己写的诗愤怒的号叫这他妈写的什么，一个性冷淡对她的丈夫说，相比较身体上的欢愉我更渴望精神上的相融。终于，世界和平了。,2824,雀斑以为是梨涡,https://music.163.com/#/song?id=18938918,2026-08-31
kings of convenience便利之王,24-25,kings of convenience 来自挪威的双人民谣组合，他们的整体风格偏重于chill out，很适合在海边独自聆听，他们所有的专辑里面，最爱就是这首24-25，推荐给大家！,2710,RecordDog,https://music.163.com/#/song?id=18938918,2026-08-31
kings of convenience便利之王,24-25,北欧Nordic Europe一般特指挪威、瑞典、芬兰、丹麦和冰岛5个国家，包括各自的海外自治领地如法罗群岛等。北欧西临大西洋，东连东欧，北抵北冰洋，南望中欧，总面积130多万平方千米。地形为台地和蚀余山地。北欧的冬季漫长，气温较低，夏季短促凉爽。北欧国家的人口密度相对较低，经济水平则最高[强],1933,生性孤独罘會爱人,https://music.163.com/#/song?id=18938918,2026-08-31
kings of convenience便利之王,24-25,24 如花成片盛放，                     25 渴望自由。,1480,泽山集,https://music.163.com/#/song?id=18938918,2026-08-31
kings of convenience便利之王,24-25,“那时我们有梦 关于文学 关于爱情 关于穿越世界的旅行 如今我们深夜饮酒 杯子碰在一起 都是梦碎的声音 ”,1384,囍與妳_,https://music.163.com/#/song?id=18938918,2026-08-31
kings of convenience便利之王,24-25,人会死三次，第一次是他断气的时候 ，从生物学上他死了；第二次是他下葬的时候，人们来参加他的葬礼，怀念他的一生，然后在社会上他死了，不再会有他的位置；第三次是最后一个记得他的人把他忘记的时候，那时候他才真正的死了。        江南《龙族》,1372,一点都不甜,https://music.163.com/#/song?id=18938918,2026-08-31
kings of convenience便利之王,24-25,94年生的我今年23岁整，明年本命年我24岁。到19年，我就要25岁了……希望两年后的我回头看现在的我，可以不用后悔，而是骄傲的告诉别人：我努力过。,1143,郁子小姐姐,https://music.163.com/#/song?id=18938918,2026-08-31
kings of convenience便利之王,24-25,看你们都这么文艺我真是受不了了，我也要装一下。大海啊大海全是水 王八啊王八四条腿[大哭],1046,丢四拉三,https://music.163.com/#/song?id=18938918,2026-08-31
kings of convenience便利之王,24-25,“我是个俗气至顶的人，见山是山，见海是海，见花便是花。唯独见了你，云海开始翻涌，江潮开始澎湃，昆虫的小触须挠着全世界的痒。你无需开口，我和天地万物便通通奔向你。”,926,这个世界很民谣丶,https://music.163.com/#/song?id=18938918,2026-08-31
kings of convenience便利之王,24-25,网易求开发→根据用户喜欢的歌手，歌曲，曲风等等进行单身用户间的配对应用！！！因为他们爱好相同，共同话题一定很多啊啊啊啊！支持的点赞！,915,茕烎,https://music.163.com/#/song?id=18938918,2026-08-31
kings of convenience便利之王,24-25,只有我觉得这歌激情满溢吗[口罩],556,eudemonia__RRKD,https://music.163.com/#/song?id=18938918,2026-08-31
kings of convenience便利之王,24-25,“我时常觉得人不存在一个应该的样子，只存在看到和不被看到、理解与不被理解的样子。”                                ―― 薬,541,tiamena,https://music.163.com/#/song?id=18938918,2026-08-31
kings of convenience便利之王,24-25,回到复习考研二战的大学校园，坐在教室里不知道书该从哪里看起。起身到楼梯口抽烟，回想起这大半年的艰辛。一阵风从背后吹来，有点冷。复试加油吧。,424,乌托匹亚,https://music.163.com/#/song?id=18938918,2026-08-31
kings of convenience便利之王,24-25,我现在16。觉得24，25是让我向往的年龄。但是我不知道，当我24，25时候，16是不是我向往的年龄。,322,下个世纪吧_,https://music.163.com/#/song?id=18938918,2026-08-31
kings of convenience便利之王,Rule My World,以前住广州那儿一间青旅 一天在一楼看到一个外国小帅哥坐在那往音响上插自己iPod 播了这首歌 被惊艳了 便去找他要了歌名,1013,20180630_,https://music.163.com/#/song?id=18938922,2026-08-31
kings of convenience便利之王,Rule My World,以前住在广州的一间青旅，一天在一楼看到一个非常可爱的中国小姑娘，但是那时候我只会一点点粤语，不敢上去搭讪。 后来看到屋子里有一个音响，我就把我的ipod插上去并且播放了最大的声音，成功了吸引了那个姑娘，然而姑娘径直走向了我身旁的一个外国小伙子并跟他聊了起来。。,791,越听越瘦,https://music.163.com/#/song?id=18938922,2026-08-31
kings of convenience便利之王,Rule My World,话说北欧真是个神奇的地方，每天只有不超过5个小时的白昼。在漫长的黑夜中，一些人愤怒，于是那里诞生了诸多优秀的重金属乐队。一些人忧郁，于是那里诞生了许多性冷淡的后摇乐队。一些人得了神经病，于是那里出现了很多光怪陆离的电子音乐人。然而有一些人却享受着夜晚的静谧，神秘，和安全感，,506,晓色云天,https://music.163.com/#/song?id=18938922,2026-08-31
kings of convenience便利之王,Rule My World,今年Erlend和The rainbows的首尔演出 最后安可时 他抱着吉他出来 说 唱一首Kings of Convenience的歌吧 可是 Eirik不在 你们得帮我唱出吉他 于是大家唱出了所有吉他和和声部分 以前从没这么喜欢Rule My World这首歌 而现在走在路上 都会不经意哼起里面的吉他部分,277,Spaklo,https://music.163.com/#/song?id=18938922,2026-08-31
kings of convenience便利之王,Rule My World,只许州官放火 不...不许你离开我  无事献殷勤 非...非常喜欢你  会当凌绝顶 一...一把搂住你  我有一个超能力 超...超级喜欢你  老虎不发威 你...你当我女朋友吧  何以解忧 唯有暴...抱抱你  未经允许 私...私自喜欢你,244,氏芜,https://music.163.com/#/song?id=18938922,2026-08-31
kings of convenience便利之王,Rule My World,哦，这可真是个美丽的谎言。,116,Madam周,https://music.163.com/#/song?id=18938922,2026-08-31
kings of convenience便利之王,Rule My World,你是我世界的所有规则。,112,ByeBye-Sea,https://music.163.com/#/song?id=18938922,2026-08-31
kings of convenience便利之王,Rule My World,未经允许，擅自特别喜欢你，不好意思了。——费渡,92,梦婉兮YU,https://music.163.com/#/song?id=18938922,2026-08-31
kings of convenience便利之王,Rule My World,我怀疑网易云音乐查看了我以前听豆瓣fm的记录,65,身高一米九的尤文名宿,https://music.163.com/#/song?id=18938922,2026-08-31
kings of convenience便利之王,Rule My World,所以你和楼上那位又相遇了,63,孔夫子_Tecg,https://music.163.com/#/song?id=18938922,2026-08-31
kings of convenience便利之王,Rule My World,你就是传说中的申公公…豹吗,41,宁客哑,https://music.163.com/#/song?id=18938922,2026-08-31
kings of convenience便利之王,Rule My World,宁愿花时间去修炼不完美的自己 也不要浪费时间去期待完美的别人,38,外翻的耳朵,https://music.163.com/#/song?id=18938922,2026-08-31
kings of convenience便利之王,Rule My World,我还以为要说何以解忧，唯有杜蕾斯[大哭],19,不吃熟的唐僧肉,https://music.163.com/#/song?id=18938922,2026-08-31
kings of convenience便利之王,Rule My World,这个评论就比较有文化了[呲牙],15,流浪的兔子1314,https://music.163.com/#/song?id=18938922,2026-08-31
kings of convenience便利之王,Rule My World,你这大哥挺逗,14,抱走我的新垣结衣,https://music.163.com/#/song?id=18938922,2026-08-31
kings of convenience便利之王,Homesick,考完了研究生，路过我的高中，才发现原来我已经走了这么远，却好像还在原地。,3392,范特稀,https://music.163.com/#/song?id=18938931,2026-08-31
kings of convenience便利之王,Homesick,如果一本书就改变了你的人生观，只能说明你读的书太少；如果一张碟就改变了你的价值观，只能说明你没有价值观,1811,蒙德飞行冠军,https://music.163.com/#/song?id=18938931,2026-08-31
kings of convenience便利之王,Homesick,刚刚吃完一碗 放了海底捞火锅底料还有老干妈酱的方便面 酱放太多 咸 明天又是周日 奇怪的法国人又开始休息 不能逛街 不能去超市 又是一个人的星期天 买了块表 感觉整个房间 都是滴答滴答的声音 有点刺耳 然后 洗完碗就开始看课件 也不知道是该说早安还是晚安 然后 差不多说完,1743,叽叽姑咕咕,https://music.163.com/#/song?id=18938931,2026-08-31
kings of convenience便利之王,Homesick,距离开英国还有33天，然后就要去另一个陌生的城市独自闯天下了。我想也是该正经锻炼锻炼自己了，被宠坏的自己。窗外的小鸟叫着，天空是带着微微亮的那种很浅的蓝色。网易电台听到这首歌突然想家了，一看歌词原来真的是一首思乡的歌，我只是很想念家乡傍晚那湛蓝潇潇的夜。,766,贰零肆零,https://music.163.com/#/song?id=18938931,2026-08-31
kings of convenience便利之王,Homesick,每天镜子里的那个男孩都会问我：你到底在这干什么？过去的目标越来越不清晰。我走得太远，还没给自己留下退路。我相信只要行动，所有其他的东西，在我伟大的计划前都会黯然失色。我的业绩会下降，我的老板会不爽，但是我脑子里只在想一件事，在柜台下的盒子里，不经意间会在一盒磁带上找到一首属于流浪,725,王半山人,https://music.163.com/#/song?id=18938931,2026-08-31
kings of convenience便利之王,Homesick,我二十三岁，在国外读书。这首歌的每一个字都像在说自己，于是听着听着我就哭了。,721,Uncle-Ya,https://music.163.com/#/song?id=18938931,2026-08-31
kings of convenience便利之王,Homesick,考完快点回家吧,429,Trumpic_Dean,https://music.163.com/#/song?id=18938931,2026-08-31
kings of convenience便利之王,Homesick,这首歌我找了十一年，初二那年在《Music Heaven》惊鸿一瞥。此刻旋律响起，我仿佛又回到了多年前那个午后。坐在操场看台用复读机听歌的自己看着流云蓝天。那是我目前为止的生命中，最孤独，最茫然的时期中少有的充满平静与快乐的须臾片刻。,420,AC茶发,https://music.163.com/#/song?id=18938931,2026-08-31
kings of convenience便利之王,Homesick,在国外的2月29日，四年一次的日子，在海外好不容易遇到投缘的朋友要回国了，刚聊了1个多小时，其实讲的都是一些琐碎的小事，只是想多听听她的声音，怕以后再听不到了。。。好难过,283,inthe20s,https://music.163.com/#/song?id=18938931,2026-08-31
kings of convenience便利之王,Homesick,来了图书馆两次才终于在四楼的角落找到一个位子。诊断书大概有三四斤重。从超市保温箱里拿出的雀巢咖啡早就冰冷。屁股和凳子接触的地方很暖和。头痛。看了用四个小时过完了一个章节。今天还有三百道题要刷。还有药理的三个PPT没看。写了四页纸。刷了会儿微博为别人的神仙爱情流眼泪。要开心。,92,啰哩吧嗦想睡觉,https://music.163.com/#/song?id=18938931,2026-08-31
kings of convenience便利之王,Homesick,英珠欧尼推荐的歌,80,hyooge,https://music.163.com/#/song?id=18938931,2026-08-31
kings of convenience便利之王,Homesick,但总会遇到改变你某些观点的书和碟,58,老子永遠好运,https://music.163.com/#/song?id=18938931,2026-08-31
kings of convenience便利之王,Homesick,为什么都关注 结婚的问题。。。,40,到最后还是没等到你,https://music.163.com/#/song?id=18938931,2026-08-31
kings of convenience便利之王,Homesick,ʸᵒᵘ ᵃʳᵉ ᵃˢ ʳᵒᵐᵃⁿᵗᶦᶜ ᵃˢ ᵗʰᵉ ˢᵗᵃʳ⋅ 你与星光同样浪漫      晚安。,38,痛围,https://music.163.com/#/song?id=18938931,2026-08-31
kings of convenience便利之王,Homesick,你睡醒了联系我 忙完会告诉我 凡事有交代 件件有着落 事事有回应 这应该是男女生都想要的安全感[月亮],26,_Guo13,https://music.163.com/#/song?id=18938931,2026-08-31
ksovii,恁咋不早说 咱俩某以后(2024 Version),幸福多少钱 超过一块钱我就去买魔芋爽了,1124,一只榴莲_Capri,https://music.163.com/#/song?id=2165849458,2026-08-31
ksovii,恁咋不早说 咱俩某以后(2024 Version),从来都不看我的你(T^T) 从来都不想我的你ᐡ•͈ ·̭ •͈ᐡ 从来都不爱我的你(ᐡ т  ̫ т ᐡ) 为我下了一场雨(๑´oั ₃oั๑) 从来都不恨我的你ᯠ  _   ̫  _ ̥ ᯄ ੭ 从来都不烦我的你(๑ó⌓ò๑) 从来都不欠我的你<(ToT)> 为什么为我下雨(๑•́₋•̩̥̀๑),1046,26182412306,https://music.163.com/#/song?id=2165849458,2026-08-31
ksovii,恁咋不早说 咱俩某以后(2024 Version),俺娘嘞😭这咋镇疼啊😭俺娘嘞😭这咋镇疼啊😭俺娘嘞😭这咋镇疼啊😭俺娘嘞😭这咋镇疼啊😭俺娘嘞😭这咋镇疼啊😭俺娘嘞😭这咋镇疼啊😭俺娘嘞😭这咋镇疼啊😭俺娘嘞😭这咋镇疼啊😭俺娘嘞😭这咋镇疼啊😭俺娘嘞😭,823,苦痛依旧,https://music.163.com/#/song?id=2165849458,2026-08-31
ksovii,恁咋不早说 咱俩某以后(2024 Version),对比原版这版的电挂的不那么脏就好像是一场雨撕开重重迷雾已经看到光亮 我也不再那么在意你是否主意到我 不再内耗 我要已经要开始新的生活了 喜欢这版 祝我们都早日开始新生活,623,法凭什么不让我取极品单字id,https://music.163.com/#/song?id=2165849458,2026-08-31
ksovii,恁咋不早说 咱俩某以后(2024 Version),妹子们我真的特别特别难过 我老是搞砸一切,357,YuR3I,https://music.163.com/#/song?id=2165849458,2026-08-31
ksovii,恁咋不早说 咱俩某以后(2024 Version),这一版感觉欢快点 有种离开你了但我过得很好故意发朋友圈跟你炫耀的感觉,331,外面刮风你怪我,https://music.163.com/#/song?id=2165849458,2026-08-31
ksovii,恁咋不早说 咱俩某以后(2024 Version),再不早恋我就要成年了！,314,對於我而言很可愛的妳,https://music.163.com/#/song?id=2165849458,2026-08-31
ksovii,恁咋不早说 咱俩某以后(2024 Version),恁咋不早说，咱俩某以后,278,Terolyn,https://music.163.com/#/song?id=2165849458,2026-08-31
ksovii,恁咋不早说 咱俩某以后(2024 Version),这一版有种释怀的感觉,164,我真的有抑郁症,https://music.163.com/#/song?id=2165849458,2026-08-31
ksovii,恁咋不早说 咱俩某以后(2024 Version),为什么我总是喜欢一些不喜欢我的[泪目],153,乐安_zlx1,https://music.163.com/#/song?id=2165849458,2026-08-31
ksovii,恁咋不早说 咱俩某以后(2024 Version),恁咋不早说 《恁咋不早说 咱俩某以后》有以后,151,白鬃马,https://music.163.com/#/song?id=2165849458,2026-08-31
ksovii,恁咋不早说 咱俩某以后(2024 Version),对不起，我要退网了，公安局开始抓纯爱了，轻微的十年，严重的三十年，像我这种极品纯爱，应该是要枪毙了，毕竟擒贼先擒王。,141,用力拉那颗枪膛尽力用一枪解决我,https://music.163.com/#/song?id=2165849458,2026-08-31
ksovii,恁咋不早说 咱俩某以后(2024 Version),喜欢中间新加的那几段词，像是在和之前的恁咋不早说做一个新的过渡。,120,你犸的真烦,https://music.163.com/#/song?id=2165849458,2026-08-31
ksovii,恁咋不早说 咱俩某以后(2024 Version),听这歌不哭的是人吗,116,妈的老子最烦装逼的人,https://music.163.com/#/song?id=2165849458,2026-08-31
ksovii,恁咋不早说 咱俩某以后(2024 Version),听了一千多遍 我注定和谁都某以后嘞,110,抽象之神在哭泣,https://music.163.com/#/song?id=2165849458,2026-08-31
ksovii,雨水节拍,三年了 新的1w+收藏我等了三年了[流泪],1096,ksovii,https://music.163.com/#/song?id=2113372937,2026-08-31
ksovii,雨水节拍,谁懂那个 醒来！紧接着下一句的鼓点我天啊[流泪][流泪][流泪]好久没听到听到眼前一亮的歌了[好听哭了]还有后面曲调减弱伴随着落雨声[好听哭了],430,九九涟潇,https://music.163.com/#/song?id=2113372937,2026-08-31
ksovii,雨水节拍,以雨为主题的最后一首歌了 雨季结束了,419,ksovii,https://music.163.com/#/song?id=2113372937,2026-08-31
ksovii,雨水节拍,雨季总会结束，人总是要往前走。,249,绿头三甜,https://music.163.com/#/song?id=2113372937,2026-08-31
ksovii,雨水节拍,没看歌手名之前还以为是ty,232,knowknow__,https://music.163.com/#/song?id=2113372937,2026-08-31
ksovii,雨水节拍,这个什么时候能999🥸,217,ksovii,https://music.163.com/#/song?id=2113372937,2026-08-31
ksovii,雨水节拍,我试图与你共情 却发现我们从未同频,189,3ovoll,https://music.163.com/#/song?id=2113372937,2026-08-31
ksovii,雨水节拍,等雨水节拍这首歌挺久的。现在晚上听歌突然想评论。下雨对我而言挺特殊的，听你的第一首歌是把我变成雨天 那是初三时我时常循环的歌了 有时候快坚持不下去了就会戴上耳机听 陪我上下学 陪我度过一个人的时光。很多美好的事情也都发生在下雨天。雨水节拍在陪我度过我的高中。,183,世界请善待小佳佳,https://music.163.com/#/song?id=2113372937,2026-08-31
ksovii,雨水节拍,编曲混音母带打卡！可能跟大家听到的原版Demo有所不同，我跟抠搜老师尝试过以后还是舍弃原本相对的简单Type Beat编排，转而通过现在更加情绪化的、古典化以及画面化的编曲动作去诠释雨。,174,John_Liu_,https://music.163.com/#/song?id=2113372937,2026-08-31
ksovii,雨水节拍,感谢你 让我从icu里面复活 让我找的一份适合我的英语工作 我第一次不害怕成长 了 谢谢你ksovil 同时 希望大家 大难不死必有后福,158,MORIYOKO,https://music.163.com/#/song?id=2113372937,2026-08-31
ksovii,雨水节拍,又是我们几个有品的爱听,157,小胡超人卅,https://music.163.com/#/song?id=2113372937,2026-08-31
ksovii,雨水节拍,1分30秒的一句，醒来！就像电闪，进鼓的瞬间就像雷鸣，像在暴雨天将所有情绪堆积随着电闪雷鸣在一瞬间爆发！,144,earily丶,https://music.163.com/#/song?id=2113372937,2026-08-31
ksovii,雨水节拍,还记得三年前你在节目上说kso是你的名字vii是幸运数字🥹,96,Irene70,https://music.163.com/#/song?id=2113372937,2026-08-31
ksovii,雨水节拍,进鼓点那段太神了，每次听都会心空[流泪][流泪][流泪],95,我就是没人要啊怎么样,https://music.163.com/#/song?id=2113372937,2026-08-31
ksovii,雨水节拍,“你说你爱雨 也爱我们互相依偎时我的心脏轰鸣”,79,一只盒2_0,https://music.163.com/#/song?id=2113372937,2026-08-31
ksovii,活 麻烦,这次真的有点麻烦了bro,885,维斯缇德董事长,https://music.163.com/#/song?id=2697703803,2026-08-31
ksovii,活 麻烦,你们到底喜欢的是音乐还是歌手本身 给地下音乐人套上偶像滤镜 最后大概率是会失望的 为什么不能让音乐回归音乐,260,让我的情绪具象化一点,https://music.163.com/#/song?id=2697703803,2026-08-31
ksovii,活 麻烦,pc还不是大事 家里要请高人了,203,摇摇头睡觉,https://music.163.com/#/song?id=2697703803,2026-08-31
ksovii,活 麻烦,@河南情绪之神 @temmm1 看评论区 还以为南神pc了🤣,164,H3artFlow,https://music.163.com/#/song?id=2697703803,2026-08-31
ksovii,活 麻烦,能说出这种话也是神人了。pc不合理也不合法,139,而我该去哪里,https://music.163.com/#/song?id=2697703803,2026-08-31
ksovii,活 麻烦,我都怀疑你下播会偷偷骂粉丝,115,T2OT,https://music.163.com/#/song?id=2697703803,2026-08-31
ksovii,活 麻烦,kso你给俺家方钊一个说法,92,把我的爱都给埋葬我想轻松点,https://music.163.com/#/song?id=2697703803,2026-08-31
ksovii,活 麻烦,让他给你也道歉好不好[流泪][流泪][流泪],74,113061,https://music.163.com/#/song?id=2697703803,2026-08-31
ksovii,活 麻烦,难绷看评论区还以为南神pc了[生病],70,FayeeValentin,https://music.163.com/#/song?id=2697703803,2026-08-31
ksovii,活 麻烦,给俺吓坏了，俺说俺们农村人咋还嫖上那洋玩意了呢,50,iiixyyy,https://music.163.com/#/song?id=2697703803,2026-08-31
ksovii,活 麻烦,反正我不在乎这些 就像一个音乐人可以有多个单人项目 有些账号甚至不认领或匿名 我们需要的是账号下的音乐 做这些音乐的人怎么样都和我无关,33,让我的情绪具象化一点,https://music.163.com/#/song?id=2697703803,2026-08-31
ksovii,活 麻烦,是的把作品和创作人本人分开真的很重要,31,妤桃,https://music.163.com/#/song?id=2697703803,2026-08-31
ksovii,活 麻烦,分开归分开，pc难道不该骂吗,25,go患患go,https://music.163.com/#/song?id=2697703803,2026-08-31
ksovii,活 麻烦,只想说你说得确实没错，真心是门赔本生意,25,念念_nnnnn,https://music.163.com/#/song?id=2697703803,2026-08-31
ksovii,活 麻烦,？什么价值观？,24,小潘pppppppp,https://music.163.com/#/song?id=2697703803,2026-08-31
ksovii,田野俱乐部,周乘羽你在哪喔,305,ksovii,https://music.163.com/#/song?id=3394402072,2026-08-31
ksovii,田野俱乐部,卡里老虎你也不唱就在那扎扎轧馋人,248,维斯提德4ever,https://music.163.com/#/song?id=3394402072,2026-08-31
ksovii,田野俱乐部,周乘羽你在哪喔,216,混母联,https://music.163.com/#/song?id=3394402072,2026-08-31
ksovii,田野俱乐部,周乘羽你在哪喔,163,Klay137,https://music.163.com/#/song?id=3394402072,2026-08-31
ksovii,田野俱乐部,卡虎终于也变成一把乐器了,158,whoaight,https://music.163.com/#/song?id=3394402072,2026-08-31
ksovii,田野俱乐部,让我也进去轧几句,120,槭翼深碍,https://music.163.com/#/song?id=3394402072,2026-08-31
ksovii,田野俱乐部,感觉周哥的part好短啊 跟周哥一样,45,次年雪X_,https://music.163.com/#/song?id=3394402072,2026-08-31
ksovii,田野俱乐部,卡虎只能无能的轧了,37,秦瑜沫,https://music.163.com/#/song?id=3394402072,2026-08-31
ksovii,田野俱乐部,周哥嗓子怎么哑了,19,Y_vam66M,https://music.163.com/#/song?id=3394402072,2026-08-31
ksovii,田野俱乐部,这些人我都认识，为啥不带我轧,19,秦可莹本人,https://music.163.com/#/song?id=3394402072,2026-08-31
ksovii,田野俱乐部,缩起来 躲起来,16,番茄YOLO_,https://music.163.com/#/song?id=3394402072,2026-08-31
ksovii,田野俱乐部,周哥还没睁眼就抽烟导致的,16,AMlNUOS,https://music.163.com/#/song?id=3394402072,2026-08-31
ksovii,田野俱乐部,卡虎这回真成乐器了,15,2FOG_,https://music.163.com/#/song?id=3394402072,2026-08-31
ksovii,田野俱乐部,我是阳光的农二代,13,我是地狱拖拉机,https://music.163.com/#/song?id=3394402072,2026-08-31
ksovii,田野俱乐部,小小的也很可爱,12,九墨墨墨,https://music.163.com/#/song?id=3394402072,2026-08-31
step.jad依加,迷宫,感觉下一秒就要接上一句别问很可怕的词儿,66766,小河的助听器,https://music.163.com/#/song?id=2033897126,2026-08-31
step.jad依加,迷宫,人民日报有一句话：“能拍就拍能照就照，想炫的时候就炫，因为十年后肯定拍不出如今般的模样，大胆的记录生活，因为你出现的每一天，都是值得被收藏的一天”,21595,账号已注销,https://music.163.com/#/song?id=2033897126,2026-08-31
step.jad依加,迷宫,一个疯狂暗示一个害怕自作多情,14271,海琴信仰,https://music.163.com/#/song?id=2033897126,2026-08-31
step.jad依加,迷宫,极限拉扯的暧昧 都是因为不够爱,10298,刘jia蕾,https://music.163.com/#/song?id=2033897126,2026-08-31
step.jad依加,迷宫,只要你喜欢听R&B我们就是好朋友[好听哭了],9937,sstuckinadream,https://music.163.com/#/song?id=2033897126,2026-08-31
step.jad依加,迷宫,露出点破绽吧 让我知道你也想我.,7829,iiiikao64,https://music.163.com/#/song?id=2033897126,2026-08-31
step.jad依加,迷宫,“希望嘴硬的小女孩都能遇到一个懂细节的男孩”,6712,爱吃蛋卷的卷,https://music.163.com/#/song?id=2033897126,2026-08-31
step.jad依加,迷宫,爱意出现，大部分是因为女方漂亮，爱意延续，大部分是因为男方真诚，而爱情长久一定需要男方是恋爱脑 。理论上来讲，所有的感情都在走下坡路，如果你觉得走得很平稳，那一定是有人在悄悄垫砖。如果你一路开怀雀跃，那一定是有人把你抗在肩上。,6153,可樂carzy,https://music.163.com/#/song?id=2033897126,2026-08-31
step.jad依加,迷宫,喜欢那种很少年感的 会点小穿搭有点小帅的 说话很好玩的 喜欢犯贱但有度的 可以互忍的 积极向上乐观的聊天能接上我无厘头的 偶尔还能陪我演些狗血剧情 哈哈大声笑的 可以把恋爱当好朋友谈的 却又带点小甜的 这样的恋爱很愉快 就像小学生遇见另一个小学生,6117,绝望的暗夜精灵66,https://music.163.com/#/song?id=2033897126,2026-08-31
step.jad依加,迷宫,这个歌词写的真的超级好 完全诠释了两个人的甜蜜到极限拉扯,5238,小埋咩咩啊,https://music.163.com/#/song?id=2033897126,2026-08-31
step.jad依加,迷宫,靠时间忘记的人 再见面还是会心动的,5135,不会打分卫SG,https://music.163.com/#/song?id=2033897126,2026-08-31
step.jad依加,迷宫,“你还会爱上别的女孩吗” “会的，她还会叫你妈妈”,4733,来福小咪,https://music.163.com/#/song?id=2033897126,2026-08-31
step.jad依加,迷宫,我称之为土象之歌！,4470,jjji_wen,https://music.163.com/#/song?id=2033897126,2026-08-31
step.jad依加,迷宫,你问我什么血型 我r&b型,3984,Barbzz,https://music.163.com/#/song?id=2033897126,2026-08-31
step.jad依加,迷宫,我们并没有在一起 只是聊了很久的天 在某一个模糊的凌晨三点 你说晚安的那一刻 我以为我们对彼此很重要,3485,So-WhaT8,https://music.163.com/#/song?id=2033897126,2026-08-31
step.jad依加,疲惫的爱,继陶喆和方大同后又有能听的中文r&b了[多多大哭],17329,Zoey_isrunningaway,https://music.163.com/#/song?id=1970514994,2026-08-31
step.jad依加,疲惫的爱,给我点个赞 yeah！,13513,step_jad,https://music.163.com/#/song?id=1970514994,2026-08-31
step.jad依加,疲惫的爱,我的账号拿回来了！希望你们多多支持step jad 希望你们爱依加.我为我的弟弟骄傲🔥🔥🔥🔥 陆续会有更多有气质的歌给你们听！！,8189,OFashion_,https://music.163.com/#/song?id=1970514994,2026-08-31
step.jad依加,疲惫的爱,R&B听多了总有种想恋爱的感觉😱😱,6504,c-Tu_uu,https://music.163.com/#/song?id=1970514994,2026-08-31
step.jad依加,疲惫的爱,封面越看越像李承铉哈哈哈哈,4221,永恒星__,https://music.163.com/#/song?id=1970514994,2026-08-31
step.jad依加,疲惫的爱,step.jad算的上是中国年轻一辈玩r&b最通透的了，音色也是数一数二,4191,一Spike,https://music.163.com/#/song?id=1970514994,2026-08-31
step.jad依加,疲惫的爱,听歌品味一致的两个人迟早睡在一起,3856,吴辰辰_,https://music.163.com/#/song?id=1970514994,2026-08-31
step.jad依加,疲惫的爱,特别感谢我最敬重的制作人Mason Stone东哥，在「疲惫的爱」这首歌的制作过程中的陪伴。在这首歌的录制过程中，东哥陪我熬了无数的夜，很有耐心的让我一句句的录制，直到录到最好的状态。还细心教导我如何去唱好R&B，引导我找情绪来帮助录音！真的非常感谢东哥还有东哥的团队，辛苦了！爱你们！❤️,3675,step_jad,https://music.163.com/#/song?id=1970514994,2026-08-31
step.jad依加,疲惫的爱,哈哈 爱陶喆方大同的粉丝在这里,2355,AqulTeAmo,https://music.163.com/#/song?id=1970514994,2026-08-31
step.jad依加,疲惫的爱,像天气 时好时坏 像笨蛋 边哭边爱,2104,浪漫绪,https://music.163.com/#/song?id=1970514994,2026-08-31
step.jad依加,疲惫的爱,余佳运,1702,skaice,https://music.163.com/#/song?id=1970514994,2026-08-31
step.jad依加,疲惫的爱,林俊杰打底方大同配菜陶喆调味，王力宏装盘的感觉,1699,彤彤的大旭子,https://music.163.com/#/song?id=1970514994,2026-08-31
step.jad依加,疲惫的爱,第一次听的时候感觉惊艳 后面再听就越来越喜欢 有种感情慢慢升温的感觉 即使有了新喜欢的歌再听这首歌还是好喜欢,1622,SEEUAU,https://music.163.com/#/song?id=1970514994,2026-08-31
step.jad依加,疲惫的爱,内地太需要这种优质节奏蓝调了 [色],1354,吴菖蒲,https://music.163.com/#/song?id=1970514994,2026-08-31
step.jad依加,疲惫的爱,人最不成熟的行为就是心情好了就原谅了一切,1262,出来打怪a-,https://music.163.com/#/song?id=1970514994,2026-08-31
step.jad依加,都不懂,那一天我们吵了架，吵得很厉害，因为彼此都很不服输，都很倔，我其实呢也不该这样子的，但是我也只是想让她明白我的内心深处真实的想法 ，情侣爱人之间沟通很重要，如果两个人不沟通，只会让矛盾变得越来越深，我其实不擅长沟通，所以就产生了误会。希望这首歌能化解我们彼此的矛盾，让爱圆满！,36651,step_jad,https://music.163.com/#/song?id=1833804846,2026-08-31
step.jad依加,都不懂,上一秒在中国好声音下一秒就是这里,22198,咸鱼超级无敌爱吃柚子,https://music.163.com/#/song?id=1833804846,2026-08-31
step.jad依加,都不懂,你怎么去好声音了哥哈哈,16216,Ylv-77iiy,https://music.163.com/#/song?id=1833804846,2026-08-31
step.jad依加,都不懂,《我还是不懂》—Alin 《你不懂》—TY 《他不懂》—张杰 《越来越不懂》—蔡健雅  总结:《都不懂》,11697,Auralis1,https://music.163.com/#/song?id=1833804846,2026-08-31
step.jad依加,都不懂,单数找她复合！双数就永远忘记她！,9177,宋先生_Fk1K,https://music.163.com/#/song?id=1833804846,2026-08-31
step.jad依加,都不懂,以后不吵了不吵了宝宝[皱眉][爱心][爱心],7936,amiiyy兔,https://music.163.com/#/song?id=1833804846,2026-08-31
step.jad依加,都不懂,牛啊牛啊中国好声音八个导师全转了！！！,7093,用素描画的钟i,https://music.163.com/#/song?id=1833804846,2026-08-31
step.jad依加,都不懂,哈哈哈想不到汪峰也看说唱新世代,4882,_鬼才你可好_,https://music.163.com/#/song?id=1833804846,2026-08-31
step.jad依加,都不懂,还是感觉好声音的那个好听，明明是一个人啊,4670,月亮也不会爱我,https://music.163.com/#/song?id=1833804846,2026-08-31
step.jad依加,都不懂,如果你觉得哄女朋友是一种舔狗行为那老弟你别谈恋爱,4396,21ikm,https://music.163.com/#/song?id=1833804846,2026-08-31
step.jad依加,都不懂,恋人关系冰冷冷 朋友关系暧昧不清.,3619,不是社会人-x,https://music.163.com/#/song?id=1833804846,2026-08-31
step.jad依加,都不懂,这个世界不能没有R&B,3529,面面不秃头,https://music.163.com/#/song?id=1833804846,2026-08-31
step.jad依加,都不懂,中国好声音来的，打卡↑,3061,OtterTang,https://music.163.com/#/song?id=1833804846,2026-08-31
step.jad依加,都不懂,这是什么曲风？！是不是R＆B我直接爱死,2933,森活鱼块0v0,https://music.163.com/#/song?id=1833804846,2026-08-31
step.jad依加,都不懂,你就是活的太轻松了，所以满脑子都是爱情。,2715,xx是小小小狗,https://music.163.com/#/song?id=1833804846,2026-08-31
step.jad依加,夜奔,全球审美降级从夜奔没破亿开始,367,请不要与我提起命与缘,https://music.163.com/#/song?id=3396148111,2026-08-31
step.jad依加,夜奔,❤️,229,step_jad,https://music.163.com/#/song?id=3396148111,2026-08-31
step.jad依加,夜奔,爸爸像儿子的来了 ai还在这原声面前耀武扬威 等国家完善了人工智能ai之类的法律规定第一个打的就是你们  特指(菩萨鱼) 我说白了你们菩萨鱼就像为了创作而创作的曲子 完全没有感情只是单纯的炫技 就是用人声达不到的技术来凸自己的优越 这恰恰是你们的缺点 没有听歌者所需要的“情感”是当下ai标准产物,171,旧意栖栩,https://music.163.com/#/song?id=3396148111,2026-08-31
step.jad依加,夜奔,融的就是人家。。爸爸像儿子都来了,73,懒得大声说话,https://music.163.com/#/song?id=3396148111,2026-08-31
step.jad依加,夜奔,我们说唱界有自己的郑润泽,68,kun-and-lu,https://music.163.com/#/song?id=3396148111,2026-08-31
step.jad依加,夜奔,别听到一首好听的就觉得是 ai 啊，依加之前写的歌都是这种风格啊，哪里像了,66,我才不叫大屁,https://music.163.com/#/song?id=3396148111,2026-08-31
step.jad依加,夜奔,这种groove和律动会听的一听就不是AI 这样的一个优秀的rnb音乐人 要像你这么说的话 音乐没救了听歌的也没救了,63,璟不是锦,https://music.163.com/#/song?id=3396148111,2026-08-31
step.jad依加,夜奔,人家ai套他的声音，你在这倒反天罡上了,58,月皓尘,https://music.163.com/#/song?id=3396148111,2026-08-31
step.jad依加,夜奔,第一次看到有人说依加的歌是ai…人家出道多少年的歌手了用得着这些人质疑吗，没听过好的建议多去涨点见识谢谢[乞求][乞求],53,9809221405,https://music.163.com/#/song?id=3396148111,2026-08-31
step.jad依加,夜奔,菩萨鱼啊 笑死，我电脑放着蚊子音都听出来了,43,卖切糕的蟹老板,https://music.163.com/#/song?id=3396148111,2026-08-31
step.jad依加,夜奔,认真的吗？好AI的感觉[呆],34,i锐思拜,https://music.163.com/#/song?id=3396148111,2026-08-31
step.jad依加,夜奔,三令五申是rnb歌手,32,失忆药水一一,https://music.163.com/#/song?id=3396148111,2026-08-31
step.jad依加,夜奔,支持。。。ai还在这原声面前耀武扬威,22,hanaaayu,https://music.163.com/#/song?id=3396148111,2026-08-31
step.jad依加,夜奔,依加现场蛮牛逼，抽的观众更是抢饭碗砸场子,22,给我整俩水煮蛋,https://music.163.com/#/song?id=3396148111,2026-08-31
step.jad依加,夜奔,这和菩萨鱼极度相似，很难不信不是ai,21,Purr_meow,https://music.163.com/#/song?id=3396148111,2026-08-31
丁当 Della 上海夜未眠,神々が恋した幻想郷,谁能想到，这样灵动轻快的曲子，竟是一个搞光学迷彩服、水下探照灯、声纳、捕霞网、水坝、武装直升机甚至坦克 高达的小河童的道中曲,11932,BoscrEtatuS,https://music.163.com/#/song?id=22636640,2026-08-31
丁当 Della 上海夜未眠,神々が恋した幻想郷,嘛嘛，三面神曲的代表之一，也许是有背景的流水和红叶，也许是有二面转转的阴暗衬托加成，这首曲子的感觉就是轻快阳光的感觉，曲子开头的钢琴声和结束时候的笛声都像是置身于一个安静的山谷中，中间的小号声大概就是弹幕游戏的声音吧，话说当年神主给这首曲子取名时，真的想到过日后会成为东方的代表吗,10384,账号已注销,https://music.163.com/#/song?id=22636640,2026-08-31
丁当 Della 上海夜未眠,神々が恋した幻想郷,每次有人问东方哪个动漫我就觉得超级难解释,9752,至今仍然是debu,https://music.163.com/#/song?id=22636640,2026-08-31
丁当 Della 上海夜未眠,神々が恋した幻想郷,Zun：我做的曲子，怎么不谢我,6542,浅水咲,https://music.163.com/#/song?id=22636640,2026-08-31
丁当 Della 上海夜未眠,神々が恋した幻想郷,本土化翻译：《神仙稀罕俺们屯》,5326,无意识鱼竿,https://music.163.com/#/song?id=22636640,2026-08-31
丁当 Della 上海夜未眠,神々が恋した幻想郷,我从未见过有哪里比这里更全的幻想乡曲子了，感谢网易云，感谢诸神眷恋的幻想乡，感谢眷恋幻想乡的我们。不悔入坑，不愿出坑。,4587,Ein-1,https://music.163.com/#/song?id=22636640,2026-08-31
丁当 Della 上海夜未眠,神々が恋した幻想郷,三面出神曲是因为大部分手残打到三面就撑不住了，zun神只好放好听的BGM给手残们当做福利[大哭],4064,鈴仙_優昙华院_Inaba,https://music.163.com/#/song?id=22636640,2026-08-31
丁当 Della 上海夜未眠,神々が恋した幻想郷,众神眷恋的幻想乡 第三面的主题曲。 　作为潜入妖怪之山的曲目，浓厚的幻想乡风味轰然展开。 　为栖居着妖怪的美丽溪谷准备了这至上的旋律。 　与令人心生压抑感的第二面相比，那骤然解放了的感觉实在是 　令人心情愉悦。,3391,彼岸四季,https://music.163.com/#/song?id=22636640,2026-08-31
丁当 Della 上海夜未眠,神々が恋した幻想郷,突然感觉车万好像就是性转版的……水浒传？[生病],3188,该帐号好像没有注销,https://music.163.com/#/song?id=22636640,2026-08-31
丁当 Della 上海夜未眠,神々が恋した幻想郷,玩风神录经常听3面bgm。听着听着就死了。。。,3097,某丧失的鬼畜绅士打鸡君,https://music.163.com/#/song?id=22636640,2026-08-31
丁当 Della 上海夜未眠,神々が恋した幻想郷,纯路人，刚下车，扔烟的时候不小心烧了一片花田，花田里出来一到激光，我没事，不过远处一座城堡没了，我怕没钱，就拿走了某个神社前的赛钱箱，顺走了某个幼女的酒葫芦，借走了某个寺庙门口的摩托，在喊了紫妈老太婆之后抢了某个粉发老太婆的午餐后，我到了竹林，一闷棍敲晕了一个白色头发的小女孩,2478,羽翼弑神,https://music.163.com/#/song?id=22636640,2026-08-31
丁当 Della 上海夜未眠,神々が恋した幻想郷,【突发消息】1977年出生的日本著名同人社团，上海爱丽丝幻樂团(.上海爱丽丝幻乐团)的所有者，以一人包办了其所有同人游戏的程序，美术，音乐制作工作的东方Project系列闻名，吉尼斯纪录上最多同人射击游戏作品的作者。太田顺也(ZUN)于3月18日在家中过自己46岁生日时饮用了啤酒，非常快乐,2439,Massiveyog,https://music.163.com/#/song?id=22636640,2026-08-31
丁当 Della 上海夜未眠,神々が恋した幻想郷,原曲真的还没有哪一首东方vocal能超越的，色は匂へど 散りぬるを也只是因为万华镜而知名度高的……我也觉得这曲子评论怎么这么少,2323,fayhpeng,https://music.163.com/#/song?id=22636640,2026-08-31
丁当 Della 上海夜未眠,神々が恋した幻想郷,...今天放这音乐的时候被室友听到，他说他也听过，我问他你之前在哪听的，他说他在他爸那里听的...,1822,凯风快晴富士山,https://music.163.com/#/song?id=22636640,2026-08-31
丁当 Della 上海夜未眠,神々が恋した幻想郷,车 二 代,1713,泽壬,https://music.163.com/#/song?id=22636640,2026-08-31
丁当 Della 上海夜未眠,感情の摩天楼 ～ Cosmic Mind,虽然我染发，穿紧身衣，开摩的，但我是个好尼姑,9295,无名火舞,https://music.163.com/#/song?id=22636615,2026-08-31
丁当 Della 上海夜未眠,感情の摩天楼 ～ Cosmic Mind,感情的摩天楼是一首极富感染力的歌曲，许多不怎么听东方音乐的人，一听这首曲子也会爱上这首曲子，是因为这首曲子旋律鲜明，曲子的曲调非常具有动感，仿佛在给予人希望、力量。将自己的感情融入到自己的希望和努力、这使曲子有了生命，充满了使命感。而这首曲子无时无刻不表达出这种魅力。by百度百科,5532,不可靠叙述者,https://music.163.com/#/song?id=22636615,2026-08-31
丁当 Della 上海夜未眠,感情の摩天楼 ～ Cosmic Mind,幻想乡不可触犯的禁忌：1.一片花田 2.一辆摩托 3.一个塞钱箱 4.还有一个称呼“紫s4usjgdugljdglfjslufjts”,4841,Adam_Moonlit,https://music.163.com/#/song?id=22636615,2026-08-31
丁当 Della 上海夜未眠,感情の摩天楼 ～ Cosmic Mind,圣白莲的主题曲。  　伴随静谧的心跳声，突然展开一个世界般的感觉。 　大概就是那种让人不容易感觉累的最终BOSS曲。 　整体上是和风的旋律，高潮部分就像大家一起唱似的。 　大家都倾尽最真感情地GO！,3285,彼岸四季,https://music.163.com/#/song?id=22636615,2026-08-31
丁当 Della 上海夜未眠,感情の摩天楼 ～ Cosmic Mind,好消息:东方又火了 坏消息:都只知道二创（悲）,3098,马猴烧酒白松林,https://music.163.com/#/song?id=22636615,2026-08-31
丁当 Della 上海夜未眠,感情の摩天楼 ～ Cosmic Mind,染发紧身衣暴走族，这才是现代佛教徒嘛[大哭],2914,赫卡提亚-拉碧斯拉祖利,https://music.163.com/#/song?id=22636615,2026-08-31
丁当 Della 上海夜未眠,感情の摩天楼 ～ Cosmic Mind,白莲是最喜欢的六面boss，不光是主题曲好听，没有neet的腹黑、阿空的野蛮、大小姐和二婶子的放水、神妈的小气。紫云、莲花台、魔界蝶、魔神复诵、超人白莲，都能给人一种庄重而神圣的感觉，伴随着音乐的高潮进入终符，在赞叹强大实力的同时收下飞钵，予人一种酣畅淋漓的感觉。,2542,旧地狱的风,https://music.163.com/#/song?id=22636615,2026-08-31
丁当 Della 上海夜未眠,感情の摩天楼 ～ Cosmic Mind,吴克的主题曲。  　伴随静谧的心跳声，突然展开一个光头般的感觉。 　大概就是那种让人不容易感觉累的最终BOSS曲。 　整体上是和风的旋律，高潮部分就像大家飙摩的似的。 　大家都倾尽最真感情地“哇”！,2113,sleepyfield,https://music.163.com/#/song?id=22636615,2026-08-31
丁当 Della 上海夜未眠,感情の摩天楼 ～ Cosmic Mind,好消息：摩天楼的同人曲火了 坏消息：同人曲没有加入你喜欢的副歌部分,1845,雪落夜落雪,https://music.163.com/#/song?id=22636615,2026-08-31
丁当 Della 上海夜未眠,感情の摩天楼 ～ Cosmic Mind,天子🍑小姐骑着从命莲寺门口发现的摩托车🏍️，撞毁了博丽神社⛩️，并顺手拿走了塞钱💰箱，大喊着八云紫是老嬷嬷，一路冲进了🚴🏻‍♀️太阳🌞花田🌻,1339,万象之伪善,https://music.163.com/#/song?id=22636615,2026-08-31
丁当 Della 上海夜未眠,感情の摩天楼 ～ Cosmic Mind,@蕾米莉亚 和万年第一大小姐争过榜首的曲子～,1199,圣白莲,https://music.163.com/#/song?id=22636615,2026-08-31
丁当 Della 上海夜未眠,感情の摩天楼 ～ Cosmic Mind,东方原曲里前0.5s最吵最容易辨认的曲子,1196,玉造姬,https://music.163.com/#/song?id=22636615,2026-08-31
丁当 Della 上海夜未眠,感情の摩天楼 ～ Cosmic Mind,"一反系列作曲的常用逻辑 层次感清晰 副歌沉湎 主旋律高扬充满能量 前段的激昂 中段的悠远 后半段主题的升华 一个曾经畏惧死亡但最终坚定贯彻自己理想,为实现众生平等呕心沥血的超人类法师 深入人心时使之具有了无法抵抗的伟大人性光辉",1177,Drumcansmith,https://music.163.com/#/song?id=22636615,2026-08-31
丁当 Della 上海夜未眠,感情の摩天楼 ～ Cosmic Mind,莲妈我要学开摩的[大哭],1141,小野冢小町,https://music.163.com/#/song?id=22636615,2026-08-31
丁当 Della 上海夜未眠,感情の摩天楼 ～ Cosmic Mind,你这话说的有点不对...既然二创火了那肯定有一部分会去搜原创 就比如我这样的[生病][惶恐],919,为我痛聖,https://music.163.com/#/song?id=22636615,2026-08-31
丁当 Della 上海夜未眠,U.N.オーエンは彼女なのか？,这首曲子我很期待它出现在春节联欢晚会的舞台上，会引发出什么样的后果。[大哭][大哭][大哭],13716,淡香雨季,https://music.163.com/#/song?id=22636729,2026-08-31
丁当 Della 上海夜未眠,U.N.オーエンは彼女なのか？,芙兰朵露·斯卡蕾特的主题曲。 这次的是最喜欢的。这是挑战如何才能把恶魔少女做成东洋风，同时又要表现出神秘的结果。 这个萝莉风格的旋律，是至今的作品最有自我风格的旋律，弹键盘很有趣。,10947,彼岸四季,https://music.163.com/#/song?id=22636729,2026-08-31
丁当 Della 上海夜未眠,U.N.オーエンは彼女なのか？,大家好，这里是文文新闻，据悉红魔馆的妹妹大人因为没有人陪她玩，强行将红魔馆爆炸。然后来到了人间之里，却被一群萝莉控吓回地下室！,8371,-八云紫-,https://music.163.com/#/song?id=22636729,2026-08-31
丁当 Della 上海夜未眠,U.N.オーエンは彼女なのか？,Fa↓Fa→Fa↘Fa→Fa↘Fa→Fa↗Fa→Fa↗Fa→Fa↘Fa↗Fa↑Fa→Fa↑Fa→Fa↘Fa→Fa↘Fa→Fa↓Fa→Fa↘（Fa♂Q），Fa↓Fa→Fa↘Fa→Fa↘Fa→Fa↗Fa→Fa↗Fa→Fa↘Fa↗Fa↑Fa→Fa↑Fa→Fa↘Fa→Fa↑Fa↗,6850,长征星火,https://music.163.com/#/song?id=22636729,2026-08-31
丁当 Della 上海夜未眠,U.N.オーエンは彼女なのか？,我妹妹呐( •ิ_• ิ),5915,蕾米利亚斯卡雷特,https://music.163.com/#/song?id=22636729,2026-08-31
丁当 Della 上海夜未眠,U.N.オーエンは彼女なのか？,当初玩红魔乡的时候还不知道啥是鬼畜呢....,5488,AshenOne_一恒,https://music.163.com/#/song?id=22636729,2026-08-31
丁当 Della 上海夜未眠,U.N.オーエンは彼女なのか？,五个字逼疯东方厨强迫症：死亡华尔兹,4599,无意识的Serika,https://music.163.com/#/song?id=22636729,2026-08-31
丁当 Della 上海夜未眠,U.N.オーエンは彼女なのか？,里音乐评论U.N.OWEN就是她吗？ 　　U.N.Owen（ユナ·ナンシィ·オーエン） 　　知道的人快想起来吧。这个名字的原出处很老了（大约70年前？） 　　至于为什么要把欧文这个名字写成罗马字母呢、 　　那是为了让玩家对芙兰朵露有种「她到底是谁」的印象。 　　芙兰朵露的第9张SPELL CARD，也是那个的戏仿。,3284,彼岸四季,https://music.163.com/#/song?id=22636729,2026-08-31
丁当 Della 上海夜未眠,U.N.オーエンは彼女なのか？,苦力怕 x N[大哭][大哭][大哭],3027,淡香雨季,https://music.163.com/#/song?id=22636729,2026-08-31
丁当 Della 上海夜未眠,U.N.オーエンは彼女なのか？,李艺彤在生日会上cos了芙兰朵露，然后硬是被一些无良媒体说成“西红柿炒鸡蛋”“巴啦啦小魔仙”“魔法天女”服了[撇嘴],2400,某透明air,https://music.163.com/#/song?id=22636729,2026-08-31
丁当 Della 上海夜未眠,U.N.オーエンは彼女なのか？,当初还没入东方的时候，看人物都是些美少女。入了东方以后才知道全都是些几百岁的老太hduchwjfivhwjdjchsjw,2232,我可能很酷,https://music.163.com/#/song?id=22636729,2026-08-31
丁当 Della 上海夜未眠,U.N.オーエンは彼女なのか？,这是什么人物？ 正常东方众:－－－－瞎玩梗的萌二: 博丽灵梦－－－－－－不知道 雾雨魔理沙－－－－－不知道 蕾米莉亚－－－－－－不知道 芙兰朵露－－－－－－蓝蓝路 麦当劳大叔－－－－－蓝蓝路,2038,东方枸,https://music.163.com/#/song?id=22636729,2026-08-31
丁当 Della 上海夜未眠,U.N.オーエンは彼女なのか？,我在网易也翻译一下吧。也是最近偶然才发现，现在还这么多人都不知道标题的意思。“U.N.オーエン”是一个双关词，表层是捏他阿加莎《无人生还》的欧文太太的名，里层，即实意就是一个词——Unkown，这是个很简单的文字梗，居然这么多人都不知道！翻译成：所谓Unkown就是指她(芙兰朵露)吗,1997,姉萌,https://music.163.com/#/song?id=22636729,2026-08-31
丁当 Della 上海夜未眠,U.N.オーエンは彼女なのか？,现在还能看到刷蓝蓝路的，我是既高兴有恼，恼是因为小鬼，高兴是因为这年头还有记得蓝蓝路的[奸笑],1985,新-日-暮-里,https://music.163.com/#/song?id=22636729,2026-08-31
丁当 Della 上海夜未眠,U.N.オーエンは彼女なのか？,科普：这个BGM的角色叫西红柿炒鸡蛋，姐姐是西红柿拌蓝莓，出自新东方宣传游戏《东方红馍香》 （以上全是瞎编）,1807,德尔莉,https://music.163.com/#/song?id=22636729,2026-08-31
丁当 Della 上海夜未眠,偶像に世界を委ねて　～Idoratrize World,神主烂活频出 ZUN江郎才尽 太田顺也辉煌不再 日本著名同人社团上海爱丽丝幻楽团创立者、吉尼斯纪录最多的同人游戏设计作品“东方Project”的作者太田顺也先生发布了伟大的灵长新益京！,152,风暴海上的纸月亮,https://music.163.com/#/song?id=3425552294,2026-08-31
丁当 Della 上海夜未眠,偶像に世界を委ねて　～Idoratrize World,"10. 将世界托付于偶像 地震、疫病、饥荒、饥荒..... 日本接连遭受着前所未有的危机。 教化世人靠的是佛教， 可那位天皇,当真发自内心地这样相信吗? 动员无数饥民， 搜刮珍贵金属也要铸造巨佛, 这究竟有什么意义？ 无论从科学还是历史的角度看,恐怕都找不到合理的解释。即便如此,大佛至今依然存在。",136,JZ漸,https://music.163.com/#/song?id=3425552294,2026-08-31
丁当 Della 上海夜未眠,偶像に世界を委ねて　～Idoratrize World,b站摆脱了它作为寄世界于偶像播放器的使命,132,星牧ovoka,https://music.163.com/#/song?id=3425552294,2026-08-31
丁当 Della 上海夜未眠,偶像に世界を委ねて　～Idoratrize World,注:灵长新益京的寄世界在最后一段的音色为SD-90的Early Ens，最早出现在梦违科学世纪的华胥之梦，在鸟船遗迹中的天鸟船神社、天鸟船神社的遗迹中也有涉及,79,野生魂魄妖梦,https://music.163.com/#/song?id=3425552294,2026-08-31
丁当 Della 上海夜未眠,偶像に世界を委ねて　～Idoratrize World,"当世界不断濒临毁灭危机之时,这尊偶像始终静静地注视着世界。即便人类从这世界离去,它大概也会继续注视下去。 人类，有时能够创造出超越人类自身的存在。",51,JZ漸,https://music.163.com/#/song?id=3425552294,2026-08-31
丁当 Della 上海夜未眠,偶像に世界を委ねて　～Idoratrize World,田顺飞在官漫整烂活 太田顺也弹设江郎才尽 zun放出新作情报 神主将于C108发布新专 伟大的同人文化引领者带来了寄世界 一人一句zun哥牛逼来,51,星牧ovoka,https://music.163.com/#/song?id=3425552294,2026-08-31
丁当 Della 上海夜未眠,偶像に世界を委ねて　～Idoratrize World,ZUN做音乐：这集神了 2UN做游戏：这神急了,50,八十年目的東方裁判,https://music.163.com/#/song?id=3425552294,2026-08-31
丁当 Della 上海夜未眠,偶像に世界を委ねて　～Idoratrize World,没有听过新益京版寄世界于偶像的手机和一块会发光的板砖有什么区别,49,UFUJ_,https://music.163.com/#/song?id=3425552294,2026-08-31
丁当 Della 上海夜未眠,偶像に世界を委ねて　～Idoratrize World,整体比原曲的氛围更清澈一些，和原曲一致重复的段落递进更为激进。应该是新混音的效果吧，鼓点的节奏更为爽利，乐器被拉开虽然减了点压但层次更分明，非常抓耳。结尾的惆怅作为遐想部分也刚刚好，舒缓之余有种夹带回忆和落寞落笔的感觉。Zun的编排总是能带来新的惊喜…,40,维切尔曼,https://music.163.com/#/song?id=3425552294,2026-08-31
丁当 Della 上海夜未眠,偶像に世界を委ねて　～Idoratrize World,据说在灵梦小时候，八云紫通过播放寄世界帮助灵梦获得飞行能力,37,伊豆湖Izuko,https://music.163.com/#/song?id=3425552294,2026-08-31
丁当 Della 上海夜未眠,偶像に世界を委ねて　～Idoratrize World,愿下一部整数作的弹设能有和编曲一样的水准（笑）,28,雾雨周六,https://music.163.com/#/song?id=3425552294,2026-08-31
丁当 Della 上海夜未眠,偶像に世界を委ねて　～Idoratrize World,没有了原作里激烈的追逐感，但是感觉平添了不少信念感的感觉呢 延长的钢琴段和小号段真的都很不错，后边的Early Ens音色回归更是梦回天鸟船神社的结界了 总之真是首不错的重编，我吃饱了,28,cirno_mai,https://music.163.com/#/song?id=3425552294,2026-08-31
丁当 Della 上海夜未眠,偶像に世界を委ねて　～Idoratrize World,致瞬息万变之物，及亘古不变之物,27,xxdemod,https://music.163.com/#/song?id=3425552294,2026-08-31
丁当 Della 上海夜未眠,偶像に世界を委ねて　～Idoratrize World,据野史记载，灵梦是因为听到这首寄世界才会飞的（）,25,一般_路过鸟,https://music.163.com/#/song?id=3425552294,2026-08-31
丁当 Della 上海夜未眠,偶像に世界を委ねて　～Idoratrize World,都来听,24,膨胀可素,https://music.163.com/#/song?id=3425552294,2026-08-31
万芳 巡回,新不了情,只喜欢万芳的版本,3523,cc丶左边,https://music.163.com/#/song?id=298456,2026-08-31
万芳 巡回,新不了情,“如果人生最坏的只是死亡，生活中怎会有面对不了的困难。”,1742,菜菜--,https://music.163.com/#/song?id=298456,2026-08-31
万芳 巡回,新不了情,过去了的事情就不要再回忆了吧。感觉回忆里的人带来的不仅仅只有伤痛，更多的应该是成长吧。慢慢的我们都长大了，那些曾经让我们痛苦流涕的事情也终究会烟消云散 而那段感情也会成为我们回忆里最绚烂的时光。,1670,万俟喑,https://music.163.com/#/song?id=298456,2026-08-31
万芳 巡回,新不了情,一见钟情明明是见色起意，日久生情不过是权衡利弊，就连白头偕老也只是习惯使然，有些东西或许根本就不存在，比如爱情。,1361,笔写忧伤落笔映繁华,https://music.163.com/#/song?id=298456,2026-08-31
万芳 巡回,新不了情,在我爸车上听到后，本来还想着，我爸啥时候品味和我一样好了，结果他突然切了,1229,有谁能凭爱意任富士山私有,https://music.163.com/#/song?id=298456,2026-08-31
万芳 巡回,新不了情,有00后听这首歌吗≥﹏≤,1211,你说什么就是什么--,https://music.163.com/#/song?id=298456,2026-08-31
万芳 巡回,新不了情,第一次听这首歌，初中，班里一群男孩子上着晚自习偷偷背着老师放电影。只记得那是个失恋的女孩在破旧的小酒吧重复地唱着这首歌，旁边有个像佳明一样的男人似乎要劝住她。多年过去了，电影忘了，小伙伴也散场了，再没有偷偷背着老师关掉教室灯一起看电影的时刻，那晚的时光却在我脑海了停了这么久。。。,721,差差小姐,https://music.163.com/#/song?id=298456,2026-08-31
万芳 巡回,新不了情,萨克斯绝了。其他改编的没有了萨克斯都失去了意义。,698,____maintitle,https://music.163.com/#/song?id=298456,2026-08-31
万芳 巡回,新不了情,萬芳唱出的那種哀怨，不捨，傷心，那種撕心裂肺的感覺是後面翻唱所表現不出來的。在安靜的夜聽這首，所有過去甜蜜的，心酸的，憤怒的，喜悅的回憶都湧上心頭。,513,一名不愿透露姓名的土嗨,https://music.163.com/#/song?id=298456,2026-08-31
万芳 巡回,新不了情,人這一輩子說白了就是一個不斷收集記憶的過程罷了 而能陪我們走進黃土的也就只有這些記憶不是嗎,506,巳时有雨,https://music.163.com/#/song?id=298456,2026-08-31
万芳 巡回,新不了情,我觉得性在爱面前就是作弊行为，它抄近路直达亲密关系。 在这个爱情快餐时代，肉体一旦接触灵魂就会停止交流。 最亲密的关系不应是牵手接吻上床，而是互相在对方面前掉眼泪。 希望大家都能找到那个对你坦诚、愿意浇灌你灵魂的人。 在这个时代，纯爱好像成了贬义词，但这才是我眼里爱情最真实的样子。,399,自酿不凡,https://music.163.com/#/song?id=298456,2026-08-31
万芳 巡回,新不了情,我一直都觉得 最难过的瞬间 一定不是爱而不得 而是你明白 你和这个人真的没有以后了 以后…… 她给过你的 没给过你的 都要给另外一个人了 而你…… 连眼红的资格都没有,397,虚无缥缈的一缕幽魂,https://music.163.com/#/song?id=298456,2026-08-31
万芳 巡回,新不了情,大人只是不想让小孩子看透心思罢了,373,星光不负流浪狗,https://music.163.com/#/song?id=298456,2026-08-31
万芳 巡回,新不了情,“我一直觉得，爱情最残忍的地方在于，从它发生的最初就已经到达巅峰。那种怦然心动，那种想要收割对方的强烈欲望，那种迫不及待想要到达未来的期许，都在恋爱的开始就已经被预支，从此往后，再怎么走都是下坡路。”,355,幸浩呀,https://music.163.com/#/song?id=298456,2026-08-31
万芳 巡回,新不了情,好像过了26岁之后 女孩子真的找不到爱情了,282,是阿七呀11,https://music.163.com/#/song?id=298456,2026-08-31
万芳 巡回,手牵手,居然推了这首给我。。记得当时第一次听又配合着抗击非典的大氛围觉得简直是听过的最好的华语大合唱。现在听感动反而有增无减，感慨那时候的华语乐坛真的是人才济济欣欣向荣啊。当时王力宏蔡依林周杰伦SHE等等都正当打，太和谐。现在你看看中国乐坛都被韩流和三俗网络歌曲侵蚀成什么样了。还是那时好。,32460,MinaOldman,https://music.163.com/#/song?id=5268423,2026-08-31
万芳 巡回,手牵手,2003年台灣抗非典歌曲。作詞：王力宏 陶喆 陳鎮川。作曲：王力宏 陶喆。編曲：王力宏 陶喆,21349,THISISSONJA,https://music.163.com/#/song?id=5268423,2026-08-31
万芳 巡回,手牵手,康熙里面爆料过：当时力宏在外面指挥所有的明星，陶喆在棚里指挥力宏 哈哈,21305,慵慵囷,https://music.163.com/#/song?id=5268423,2026-08-31
万芳 巡回,手牵手,这歌的演唱者才是真正的“群星”好吗,15765,白衣故我,https://music.163.com/#/song?id=5268423,2026-08-31
万芳 巡回,手牵手,杰伦，我顶你一辈子,9690,冯立淼,https://music.163.com/#/song?id=5268423,2026-08-31
万芳 巡回,手牵手,张惠妹的完美高音[色],6262,urges_,https://music.163.com/#/song?id=5268423,2026-08-31
万芳 巡回,手牵手,这首歌有意思，阵容确实很强大。,6013,绿色青椒-,https://music.163.com/#/song?id=5268423,2026-08-31
万芳 巡回,手牵手,energy BAD 可米小子 F4全都解散啦，老人周董力宏阿妹陶喆哈林全去当导师了，嫁人的嫁人，娶老婆的娶老婆，新人也没见崛起，以前华语乐坛百家争鸣的日子一去不复返了[哀伤][哀伤][哀伤],5844,CS2张葆霖,https://music.163.com/#/song?id=5268423,2026-08-31
万芳 巡回,手牵手,周杰伦这时候刚红没多久，王力宏和陶喆这时候是台湾乐坛顶梁柱。还有，徐若瑄那一嗓子毁了这首歌...,5379,疼痛的鸡腿,https://music.163.com/#/song?id=5268423,2026-08-31
万芳 巡回,手牵手,华语乐坛可能再也很难见到这种超级大合唱了,4954,Aeron_bbx,https://music.163.com/#/song?id=5268423,2026-08-31
万芳 巡回,手牵手,那个时候，我14岁的时候，周杰伦、林俊杰、she、蔡依林、孙燕姿，就是我的全部青春啊~~骗妈妈买了复读机并没有学习英语，而是听了他们的盗版磁带，现在我28岁。,3837,老兔子爱牛鹿灿白,https://music.163.com/#/song?id=5268423,2026-08-31
万芳 巡回,手牵手,现在看来台湾那一批歌手都是红的有特点，蔡依林声音甜蜜，孙燕姿声音靓丽，萧亚轩声音低沉，梁静茹声音温柔，张惠妹声音高亢，周杰伦声音沙哑，王力宏声音有力，还有许慧欣，庾澄庆，陶喆，等，他们都是我们的青春啊，又让我想起了每次去唱片店的人经历，街上都是东风破，爱情36计……,3463,JoMo_W,https://music.163.com/#/song?id=5268423,2026-08-31
万芳 巡回,手牵手,突然发现都是台湾的歌手唱的，危难时刻能撑起来的还是自家人,2706,爱哭的天萍座,https://music.163.com/#/song?id=5268423,2026-08-31
万芳 巡回,手牵手,算当年华语乐坛最强阵容了吧[色][色][色] 萧亚轩，周先生，amei，王力宏，陶喆，she，coco，蔡依林，孙燕姿张信哲  amei 2哥好出彩[狗][狗][狗],2661,yiranbug,https://music.163.com/#/song?id=5268423,2026-08-31
万芳 巡回,手牵手,Coco走的好突然 还记得香港出生的她很自豪自己中国人的身份。记得她作为前辈一直提携周杰伦邓紫棋这些后辈。记得她作为第一位登上奥斯卡表演的亚裔演员。记得她在我是歌手上落泪赢得歌王。记得她有质感有共鸣，有女性的柔美有母性力量的声音。​圆圆的苹果肌，弯弯细长的眼睛，真诚的笑颜,2074,将军的兵_,https://music.163.com/#/song?id=5268423,2026-08-31
万芳 巡回,我记得你眼里的依恋,不论党派，凡抵御外寇而牺牲的中国军民皆为我民族之脊梁，中华之英雄！,3254,道教-道玄策,https://music.163.com/#/song?id=298540,2026-08-31
万芳 巡回,我记得你眼里的依恋,有没有缅怀孙立人将军过来的,1235,A王嘿嘿111111111,https://music.163.com/#/song?id=298540,2026-08-31
万芳 巡回,我记得你眼里的依恋,真正的离别，没有长亭古道，没有劝君更近一杯酒，只是在一个和往常一样的清晨，有人留在了昨天。,1077,向往的红烧牛肉面,https://music.163.com/#/song?id=298540,2026-08-31
万芳 巡回,我记得你眼里的依恋,能静静的听这种音乐的人一般都会很深情,634,国家一级粉丝,https://music.163.com/#/song?id=298540,2026-08-31
万芳 巡回,我记得你眼里的依恋,我爷爷就是一名国民党老兵，曾隶属于第29军独立骑兵13旅2团2连，参加过徐州会战，武汉保卫战！,539,椰蓉肉球,https://music.163.com/#/song?id=298540,2026-08-31
万芳 巡回,我记得你眼里的依恋,你信不信两个人缘分尽了，就算同一座城市，也不会再见了…,513,南山听歌por,https://music.163.com/#/song?id=298540,2026-08-31
万芳 巡回,我记得你眼里的依恋,万芳有很多好歌，可惜很多人都只知道 “新不了情”,495,耶律天涯,https://music.163.com/#/song?id=298540,2026-08-31
万芳 巡回,我记得你眼里的依恋,“不葬大陆，棺不入土”一代战神孙立人将军,358,三三神呀,https://music.163.com/#/song?id=298540,2026-08-31
万芳 巡回,我记得你眼里的依恋,再电汤恩伯部，要他必须于4月6日拂晓前，以军团主力，向台儿庄之敌背后发起总攻，军令如山，军法无情，如不从命，贻误战机，当以抗命之罪，严惩不贷！,322,暮之雪舞,https://music.163.com/#/song?id=298540,2026-08-31
万芳 巡回,我记得你眼里的依恋,音乐一起，孙立人将军浮现出脑海。。。。,319,青衫190203,https://music.163.com/#/song?id=298540,2026-08-31
万芳 巡回,我记得你眼里的依恋,“国家到了如此地步，除我等为其死，毫无其他办法。更相信，只要我等能本此决心，我们国家及我五千年历史之民族，决不至亡于区区三岛倭奴之手。为国家民族死之决心，海不清，石不烂，决不半点改变。”---1940年5月1日，张自忠,259,zhaokun78,https://music.163.com/#/song?id=298540,2026-08-31
万芳 巡回,我记得你眼里的依恋,初中在家里用DVD看《再世情缘》，千金小姐和万金和尚的故事，14、5岁时懵懂体会到因果轮回，那两年里也和妈妈看完了《观世音传奇》《达摩祖师》《地藏王传奇》《布袋和尚》，看完了宫崎骏系列和芭比公主系列动画，现在想想，真的很幸福。你说少年明媚如昨，怎知年少时光如梦。,243,我脑汁快干了_,https://music.163.com/#/song?id=298540,2026-08-31
万芳 巡回,我记得你眼里的依恋,得民心者得天下，时间说明一切,217,竟陵哥歌,https://music.163.com/#/song?id=298540,2026-08-31
万芳 巡回,我记得你眼里的依恋,入情入心，聆听万芳的歌，总有一种时光倒流的感觉～💘,194,云深不知处_xm,https://music.163.com/#/song?id=298540,2026-08-31
万芳 巡回,我记得你眼里的依恋,再过100年，以后的人们就可以看到更多的真实故事了。,193,暗夜精灵香薰,https://music.163.com/#/song?id=298540,2026-08-31
万芳 巡回,不确定,你对一个人有了欲望，那叫喜欢，你为一个人忍住了欲望，那叫爱。,2800,70大叔爱听歌,https://music.163.com/#/song?id=297951,2026-08-31
万芳 巡回,不确定,散伙是人间常态，我们又不是什么例外。,2781,Blue小雨,https://music.163.com/#/song?id=297951,2026-08-31
万芳 巡回,不确定,伍佰+莫文蔚《坚强的理由》，伍佰+万芳《不确定》，伍佰+陈绮贞《被动》，伍佰+刘若英《很爱很爱你》，伍佰+杨乃文《一个人》，伍佰➕王心凌《我会好好的》,2421,天不下雨天不刮风天上有太阳,https://music.163.com/#/song?id=297951,2026-08-31
万芳 巡回,不确定,我靠这首歌太特么伍佰了 一听就知道是伍佰写的,1668,桃折,https://music.163.com/#/song?id=297951,2026-08-31
万芳 巡回,不确定,有没有人感觉 这首歌和电台情歌 特别像？？？,1434,爆辣肉肉,https://music.163.com/#/song?id=297951,2026-08-31
万芳 巡回,不确定,有几句好像《电台情歌》,1282,老孙老孙孙,https://music.163.com/#/song?id=297951,2026-08-31
万芳 巡回,不确定,万芳唱的很好 但是听了这个我脑子里我总是浮现莫文蔚唱的样子 觉得她唱这个歌也会适合,1154,男神家的女王,https://music.163.com/#/song?id=297951,2026-08-31
万芳 巡回,不确定,在那BOMBOMBOM的是伍佰吧,1007,xtayanb,https://music.163.com/#/song?id=297951,2026-08-31
万芳 巡回,不确定,有天晚上11点左右 和朋友坐出租车回家 司机师傅正在听这首歌  那时候那种全世界都安静的感觉真的太好了  所以当场听歌识曲爱上了,969,我宇宙的花,https://music.163.com/#/song?id=297951,2026-08-31
万芳 巡回,不确定,后来才知道，有一个组合叫:伍佰万,664,一念沧海1708,https://music.163.com/#/song?id=297951,2026-08-31
万芳 巡回,不确定,这是一首适合35岁以上的女人听的歌。生活无可无不可，男人无可无不可，不知道是发现了生命的不能掌控颓然败下阵来，又或是释然活通透了。在混沌的稳定中，恒定的不确定。无能为力的摇曳与不安稳之美。非常喜欢中间那段solo，有一种彷徨后的笃定。,624,手电x,https://music.163.com/#/song?id=297951,2026-08-31
万芳 巡回,不确定,怎么有那么几句听着像莫文蔚的电台情歌,426,睡不醒仙僧,https://music.163.com/#/song?id=297951,2026-08-31
万芳 巡回,不确定,情爱和性欲都会消散，皮囊也会枯萎，换了谁都一样。没有什么是长久永恒的。,380,wyplayer,https://music.163.com/#/song?id=297951,2026-08-31
万芳 巡回,不确定,29岁，经历了生命中的那些平凡事，跌跌撞撞，走到了歌词的意境，对于过去，学会珍惜，对于生命，有太多可能。少一件事，都不能构造如今的处境及心境。人生由自己双脚丈量，面对自己慌乱的不确定，故事到最后没人肯定，跟着自己内心走，安心独处，修炼独立。,320,er_Gu,https://music.163.com/#/song?id=297951,2026-08-31
万芳 巡回,不确定,伍佰，我郑重的告诉你：你要是再这样，我可就要单独给你建个歌单了，就叫：伍佰和伍佰的那些女人们,318,1236587回家,https://music.163.com/#/song?id=297951,2026-08-31
上海歌舞团 舞剧,舞蹈：晨光曲,今年春晚最爱这个 真的是前奏一出就给人安宁静谧的感觉 小姐姐们穿着旗袍婀娜多姿好美好美 最后那往回走让我想起了《雨巷》里丁香般的姑娘 好有意境,1545,叭叭lang-,https://music.163.com/#/song?id=1418324619,2026-08-31
上海歌舞团 舞剧,舞蹈：晨光曲,我认为这是2020央视春晚唯一艺术性，欣赏性极高的作品,1472,逍遥哥哥112,https://music.163.com/#/song?id=1418324619,2026-08-31
上海歌舞团 舞剧,舞蹈：晨光曲,“一视这首晨光曲，外人便知东方韵”,952,Somih,https://music.163.com/#/song?id=1418324619,2026-08-31
上海歌舞团 舞剧,舞蹈：晨光曲,《渔光曲》为电影《渔光曲》主题曲。 上海歌舞团《永不消逝的电波》舞剧选段。 《跟着你到天边》以渔光曲为旋律蓝本进行再创作。,713,青枳Vivian,https://music.163.com/#/song?id=1418324619,2026-08-31
上海歌舞团 舞剧,舞蹈：晨光曲,感觉本次春晚最有格调的节目，原曲应该来自渔光曲，舞台布景的东方明珠、舞者的崇明老布旗袍以及手里的蒲扇仿佛把人带到了夏季时分的吴淞地区。晨光熹微、太阳冉冉升起，舞者跌落的扇子与脸上的表情揭示一切如一场初醒的梦，一日之计在于晨，东方明珠的剪影在晨光中愈发清晰与丰富，朝气蓬勃，音乐意象,539,弘景的我,https://music.163.com/#/song?id=1418324619,2026-08-31
上海歌舞团 舞剧,舞蹈：晨光曲,还是希望来到这里的朋友永远永远能够记住，这个名为《晨光曲》的节目，旋律音乐为《渔光曲》，是同名电影《渔光曲》主题曲，由安娥作词，任光谱曲，作于1934年，同名电影也是近代中国第一部获得海外电影奖项的电影作品，这部电影的胶带曾经损坏，经千辛万苦的修复如今我们还能看到这部快要一百年的佳作,497,思想思想的思想,https://music.163.com/#/song?id=1418324619,2026-08-31
上海歌舞团 舞剧,舞蹈：晨光曲,我妹妹说，油画动起来了。她才六岁。,478,澹台悱,https://music.163.com/#/song?id=1418324619,2026-08-31
上海歌舞团 舞剧,舞蹈：晨光曲,反应了上海女子一天的生活， 倦梳头，品羹汤，慢炊烟（其中还有一个被烫到了，摸耳朵的小细节，很动人）一步一娉婷，女子眉间情那么柔那么美。《永不消逝的电波》在B站上有分段舞。非常的美 ，推荐大家看。,416,汲泉膝下人,https://music.163.com/#/song?id=1418324619,2026-08-31
上海歌舞团 舞剧,舞蹈：晨光曲,我太喜欢领舞小姐姐了，回眸一笑百媚生。东方风韵展现的淋漓尽致。,325,_酸奶奶奶奶奶,https://music.163.com/#/song?id=1418324619,2026-08-31
上海歌舞团 舞剧,舞蹈：晨光曲,朱洁静真的超美，她的舞姿超优美[爱心],232,账号已注销,https://music.163.com/#/song?id=1418324619,2026-08-31
上海歌舞团 舞剧,舞蹈：晨光曲,大家多多支持舞剧《永不消逝的电波》今年的全国巡演哦😊,183,巴特芒风纠,https://music.163.com/#/song?id=1418324619,2026-08-31
上海歌舞团 舞剧,舞蹈：晨光曲,大家更为熟悉的电影《归来》中的《跟着你到天边》是基于本曲旋律，由常石磊的团队改写再创作的，同样也是优质佳作，但是真的希望来到这里的朋友不要忘了它本来的名字，不要忘了中国近代文艺艰辛而璀璨的进程，更希望有心人再去看看《渔光曲》，不要忘记脚下这片土地为什么出发，从哪里来，要到哪里去,173,思想思想的思想,https://music.163.com/#/song?id=1418324619,2026-08-31
上海歌舞团 舞剧,舞蹈：晨光曲,吹爆这个节目！希望以后春晚都能有展现中华传统文化传统服饰的节目！简直了太美了我超喜欢！！！❤️,133,MiraclesinDecember233,https://music.163.com/#/song?id=1418324619,2026-08-31
上海歌舞团 舞剧,舞蹈：晨光曲,在剧院里看《永不消逝的电波》时，渔光曲一段的背景板是地下工作时代的弄堂，光影是灰与蓝的主调，像一张四十年代旧照片。改编成晨光曲后，为了呼应春晚热闹鲜亮的气氛，背景板是当代上海的摩天大楼，舞台光影也斑斓绚丽了。 这是先行者的梦。,117,骑士与鸢尾花,https://music.163.com/#/song?id=1418324619,2026-08-31
上海歌舞团 舞剧,舞蹈：晨光曲,一人血书电波出原声专辑,97,Aurevoirrrrrrr,https://music.163.com/#/song?id=1418324619,2026-08-31
上海歌舞团舞剧,舞蹈：晨光曲,今年春晚最爱这个 真的是前奏一出就给人安宁静谧的感觉 小姐姐们穿着旗袍婀娜多姿好美好美 最后那往回走让我想起了《雨巷》里丁香般的姑娘 好有意境,1545,叭叭lang-,https://music.163.com/#/song?id=1418324619,2026-08-31
上海歌舞团舞剧,舞蹈：晨光曲,我认为这是2020央视春晚唯一艺术性，欣赏性极高的作品,1472,逍遥哥哥112,https://music.163.com/#/song?id=1418324619,2026-08-31
上海歌舞团舞剧,舞蹈：晨光曲,“一视这首晨光曲，外人便知东方韵”,952,Somih,https://music.163.com/#/song?id=1418324619,2026-08-31
上海歌舞团舞剧,舞蹈：晨光曲,《渔光曲》为电影《渔光曲》主题曲。 上海歌舞团《永不消逝的电波》舞剧选段。 《跟着你到天边》以渔光曲为旋律蓝本进行再创作。,713,青枳Vivian,https://music.163.com/#/song?id=1418324619,2026-08-31
上海歌舞团舞剧,舞蹈：晨光曲,感觉本次春晚最有格调的节目，原曲应该来自渔光曲，舞台布景的东方明珠、舞者的崇明老布旗袍以及手里的蒲扇仿佛把人带到了夏季时分的吴淞地区。晨光熹微、太阳冉冉升起，舞者跌落的扇子与脸上的表情揭示一切如一场初醒的梦，一日之计在于晨，东方明珠的剪影在晨光中愈发清晰与丰富，朝气蓬勃，音乐意象,539,弘景的我,https://music.163.com/#/song?id=1418324619,2026-08-31
上海歌舞团舞剧,舞蹈：晨光曲,还是希望来到这里的朋友永远永远能够记住，这个名为《晨光曲》的节目，旋律音乐为《渔光曲》，是同名电影《渔光曲》主题曲，由安娥作词，任光谱曲，作于1934年，同名电影也是近代中国第一部获得海外电影奖项的电影作品，这部电影的胶带曾经损坏，经千辛万苦的修复如今我们还能看到这部快要一百年的佳作,497,思想思想的思想,https://music.163.com/#/song?id=1418324619,2026-08-31
上海歌舞团舞剧,舞蹈：晨光曲,我妹妹说，油画动起来了。她才六岁。,478,澹台悱,https://music.163.com/#/song?id=1418324619,2026-08-31
上海歌舞团舞剧,舞蹈：晨光曲,反应了上海女子一天的生活， 倦梳头，品羹汤，慢炊烟（其中还有一个被烫到了，摸耳朵的小细节，很动人）一步一娉婷，女子眉间情那么柔那么美。《永不消逝的电波》在B站上有分段舞。非常的美 ，推荐大家看。,416,汲泉膝下人,https://music.163.com/#/song?id=1418324619,2026-08-31
上海歌舞团舞剧,舞蹈：晨光曲,我太喜欢领舞小姐姐了，回眸一笑百媚生。东方风韵展现的淋漓尽致。,325,_酸奶奶奶奶奶,https://music.163.com/#/song?id=1418324619,2026-08-31
上海歌舞团舞剧,舞蹈：晨光曲,朱洁静真的超美，她的舞姿超优美[爱心],232,账号已注销,https://music.163.com/#/song?id=1418324619,2026-08-31
上海歌舞团舞剧,舞蹈：晨光曲,大家多多支持舞剧《永不消逝的电波》今年的全国巡演哦😊,183,巴特芒风纠,https://music.163.com/#/song?id=1418324619,2026-08-31
上海歌舞团舞剧,舞蹈：晨光曲,大家更为熟悉的电影《归来》中的《跟着你到天边》是基于本曲旋律，由常石磊的团队改写再创作的，同样也是优质佳作，但是真的希望来到这里的朋友不要忘了它本来的名字，不要忘了中国近代文艺艰辛而璀璨的进程，更希望有心人再去看看《渔光曲》，不要忘记脚下这片土地为什么出发，从哪里来，要到哪里去,173,思想思想的思想,https://music.163.com/#/song?id=1418324619,2026-08-31
上海歌舞团舞剧,舞蹈：晨光曲,吹爆这个节目！希望以后春晚都能有展现中华传统文化传统服饰的节目！简直了太美了我超喜欢！！！❤️,133,MiraclesinDecember233,https://music.163.com/#/song?id=1418324619,2026-08-31
上海歌舞团舞剧,舞蹈：晨光曲,在剧院里看《永不消逝的电波》时，渔光曲一段的背景板是地下工作时代的弄堂，光影是灰与蓝的主调，像一张四十年代旧照片。改编成晨光曲后，为了呼应春晚热闹鲜亮的气氛，背景板是当代上海的摩天大楼，舞台光影也斑斓绚丽了。 这是先行者的梦。,117,骑士与鸢尾花,https://music.163.com/#/song?id=1418324619,2026-08-31
上海歌舞团舞剧,舞蹈：晨光曲,一人血书电波出原声专辑,97,Aurevoirrrrrrr,https://music.163.com/#/song?id=1418324619,2026-08-31
上海民族乐团,小刀会序曲,斧头帮全体同仁向火云邪神致敬。[拜][拜][拜][拜][拜][拜],6121,你能不能好好的跪着听我给你道歉,https://music.163.com/#/song?id=29999458,2026-08-31
上海民族乐团,小刀会序曲,齐天大圣孙悟空，身如玄铁火眼金睛，长生不老还有七十二变！,3275,Sauveru,https://music.163.com/#/song?id=29999458,2026-08-31
上海民族乐团,小刀会序曲,我的意中人是一个盖世英雄，有一天他会踩着七色彩云来娶我。,2525,川子33,https://music.163.com/#/song?id=29999458,2026-08-31
上海民族乐团,小刀会序曲,《大圣归来》里，这段音乐响起来正好是配合大圣出场的画面，眼泪一下就下来了，后面的江流儿之死反而没太大触动。找了好久竟然偶遇到了,1881,一一要爆发小宇宙,https://music.163.com/#/song?id=29999458,2026-08-31
上海民族乐团,小刀会序曲,没有二胡拉不哭的人，没有唢呐送不走的魂，此曲设成闹钟，睡醒了上班，睡不醒上路。,1338,道其之道,https://music.163.com/#/song?id=29999458,2026-08-31
上海民族乐团,小刀会序曲,一直以为这个音乐是香港老电影里面的，没想到是大陆的舞剧，仔细想想毛时期文艺作品好多经典,1021,昵称不能少于两个汉字好难编,https://music.163.com/#/song?id=29999458,2026-08-31
上海民族乐团,小刀会序曲,斧头帮帮主向火云邪神敬礼的那段粤语对白  大该是这样说的：火云邪神！武功盖世！斧头帮全体同仁向邪神敬礼！,974,各伽勒,https://music.163.com/#/song?id=29999458,2026-08-31
上海民族乐团,小刀会序曲,开始开始了，电影开始了！快来看啊~,760,雨添秋韵,https://music.163.com/#/song?id=29999458,2026-08-31
上海民族乐团,小刀会序曲,真不知道你们每天炫耀个什么劲？做人低调点。我住在40多亿年的地球，晒着五十多亿年的太阳☀️！每天乘坐几千万的地铁🚉，你见我炫耀了？天天和中国最大通讯公司移动联通电信📱保持合作关系，长期和马云有业务来往，连我用的电脑💻都是比尔盖茨亲自帮我设计的系统，我炫耀了吗？,685,他们不让我出院,https://music.163.com/#/song?id=29999458,2026-08-31
上海民族乐团,小刀会序曲,该曲还用于：67版龙门客栈，新龙门客栈，大话西游，龙门飞甲，西游降魔篇，大圣归来。,684,chxinchu,https://music.163.com/#/song?id=29999458,2026-08-31
上海民族乐团,小刀会序曲,听到这首曲子，燃起来的同时想起两部，很好很好很好看的电影——《大话西游》《功夫》。我打赌9成的胖友听完之后会恍然大悟。然后和我一起来看这部《大圣归来》（有小刀会组曲）吧。晚上骑单车南桥二刷走起,645,人在江湖血满途,https://music.163.com/#/song?id=29999458,2026-08-31
上海民族乐团,小刀会序曲,激昂大气那个时候的写照，人民憋屈了几百年终于当家作主了艺术环境就是向上的,441,巨胖001,https://music.163.com/#/song?id=29999458,2026-08-31
上海民族乐团,小刀会序曲,大圣归来里的bgm 中国武侠 仙侠少不了的经典音乐 1961年电影《小刀会》作曲商易,406,特伦斯曼恩,https://music.163.com/#/song?id=29999458,2026-08-31
上海民族乐团,小刀会序曲,想想，如果当初猴年春晚，主持人正在开场祝新年快乐的时候，突然跑上来一个工作人员大喊“别演了！别演了！外面有个毛脸雷公嘴的和尚打进来了！”然后这首音乐响起六小龄童一句“俺老孙来也！”我相信全国观众都会沸腾起来的,404,一只帝君的ATM机,https://music.163.com/#/song?id=29999458,2026-08-31
上海民族乐团,小刀会序曲,这个bgm里梵天就是来给猴哥送人头的,399,R-Garros,https://music.163.com/#/song?id=29999458,2026-08-31
上海民族乐团,花好月圆(民乐合奏),中国民乐合奏十大名曲：将军令，金蛇狂舞，花好月圆，春节序曲，喜羊羊，紫竹调，春江花月夜，瑶族舞曲，京调，阿细跳月，苏武牧羊，喜讯到边寨，翠湖春晓，赛龙夺锦。拿走不谢！慢慢去听，感受中国交响乐！,1197,樂在斯文,https://music.163.com/#/song?id=5266644,2026-08-31
上海民族乐团,花好月圆(民乐合奏),给全国的观众拜年，祝大家心想事成，万事如意！,687,hityy,https://music.163.com/#/song?id=5266644,2026-08-31
上海民族乐团,花好月圆(民乐合奏),好欢乐的调子！听到开头差点没从床上掉下去[大哭],473,kazeq,https://music.163.com/#/song?id=5266644,2026-08-31
上海民族乐团,花好月圆(民乐合奏),我给大家提前拜年啦 预祝大家狗年快乐！！！心想事成,197,核桃518,https://music.163.com/#/song?id=5266644,2026-08-31
上海民族乐团,花好月圆(民乐合奏),天津市实验中学上课铃。[大哭][大哭][大哭]你么能想象上课听的这首歌的情景吗,109,GWszf,https://music.163.com/#/song?id=5266644,2026-08-31
上海民族乐团,花好月圆(民乐合奏),看来大家都是数着日子等过年鸭！,91,念吾尘,https://music.163.com/#/song?id=5266644,2026-08-31
上海民族乐团,花好月圆(民乐合奏),春节序曲 喜洋洋 喜气洋洋   共贺新春 步步高 花好月圆 春江花月夜 渔舟唱晚 金蛇狂舞 紫竹调 彩云追月 丰收锣鼓 将军令 搞不好下面就给我来个 二泉映月,85,爛俗愛人,https://music.163.com/#/song?id=5266644,2026-08-31
上海民族乐团,花好月圆(民乐合奏),明天就要表演这曲儿啦 有点张紧第一次上台 啦啦 抓紧练吧,75,嘤嘤嘤发出魔界至尊的声音,https://music.163.com/#/song?id=5266644,2026-08-31
上海民族乐团,花好月圆(民乐合奏),喜羊羊？灰太狼呢[大笑],55,哎呀豹豹,https://music.163.com/#/song?id=5266644,2026-08-31
上海民族乐团,花好月圆(民乐合奏),好像混进了什么奇怪的东西,41,丹攸,https://music.163.com/#/song?id=5266644,2026-08-31
上海民族乐团,花好月圆(民乐合奏),幻奏华章乐团附赠了一首花好月圆，真好啊,31,诺莉斯晨风,https://music.163.com/#/song?id=5266644,2026-08-31
上海民族乐团,花好月圆(民乐合奏),是以前民乐团的曲目，转头一想竟然已经毕业三年了。今天又是中秋节，即使我们已经各分东西，还是想遥祝曾经的大家中秋节快乐啊[爱心],29,佐伯桃纪,https://music.163.com/#/song?id=5266644,2026-08-31
上海民族乐团,花好月圆(民乐合奏),民乐合奏 感受中国交响乐？？,29,万万万俟子琅,https://music.163.com/#/song?id=5266644,2026-08-31
上海民族乐团,花好月圆(民乐合奏),幻奏人来了，听得太爽了,26,水樀,https://music.163.com/#/song?id=5266644,2026-08-31
上海民族乐团,花好月圆(民乐合奏),学习是一件欢喜的事情[狗],25,首席牛屎爆破工程师,https://music.163.com/#/song?id=5266644,2026-08-31
上海民族乐团,秦王破阵乐(民乐合奏),公元620年，秦王李世民打败了刘武周。将士们以旧曲填入新词，为李世民唱赞歌：受律辞元首，相将讨叛臣。咸歌破阵乐，共赏太平人。四海皇风被，千年德水清；戎衣更不著，今日告功成。主圣开昌历，臣忠奉大猷；君看偃革后，便是太平秋。,646,有梦人生不觉寒,https://music.163.com/#/song?id=5266639,2026-08-31
上海民族乐团,秦王破阵乐(民乐合奏),此曲是唐音，日本民间一直保存，家宝总理访日的时候，天皇赠送给家宝,538,带王,https://music.163.com/#/song?id=5266639,2026-08-31
上海民族乐团,秦王破阵乐(民乐合奏),依据日本所存唐传五弦琵琶谱进行复原的《秦王破阵乐》，凑合听，原曲什么样永远听不到了。,458,幽州客_C5SD,https://music.163.com/#/song?id=5266639,2026-08-31
上海民族乐团,秦王破阵乐(民乐合奏),大鼓震天响，传声上百里，气势雄浑，感天动地。这个歌舞使百官看了都激动不已，兴奋异常。 现在在表演这个舞蹈的时候，连外国的宾客都禁不住跟着手舞足蹈。中华民族鼎盛时期的象征，果然气势不凡。,328,有梦人生不觉寒,https://music.163.com/#/song?id=5266639,2026-08-31
上海民族乐团,秦王破阵乐(民乐合奏),我很正经的说 就是小家子气  我很怀疑这玩意真实性   历史上秦王破阵乐 是要用到  埙  编钟等“八音”演奏的   但找到的这些都是些笛子谱  琵琶谱 等残谱  ······  这两者间的区别 就好像  交响乐和流行歌的区别。。。。,256,飞天月上,https://music.163.com/#/song?id=5266639,2026-08-31
上海民族乐团,秦王破阵乐(民乐合奏),我不是帮日本洗地，你也不至于说人家小家子气吧，你自己家的已经失传了，是人家帮你保存了下来，有必要这么刻薄么？,208,带王,https://music.163.com/#/song?id=5266639,2026-08-31
上海民族乐团,秦王破阵乐(民乐合奏),类似秦王破阵 兰陵入阵 这种音乐 都是残谱修复 再加上日本那种小家子气的音乐风格影响  肯定和原曲风采相差大了,201,飞天月上,https://music.163.com/#/song?id=5266639,2026-08-31
上海民族乐团,秦王破阵乐(民乐合奏),唐对外来文化是何等包容，现在的某些人真的是不尊重其他文化，做着万国来朝的春秋大梦,138,Myers_Yu,https://music.163.com/#/song?id=5266639,2026-08-31
上海民族乐团,秦王破阵乐(民乐合奏),一股我是老大吊炸天的感觉[大哭],84,不下雨就是好天气,https://music.163.com/#/song?id=5266639,2026-08-31
上海民族乐团,秦王破阵乐(民乐合奏),伟兮！壮兮！中华盛世皆在此曲之中！,84,一目九仙,https://music.163.com/#/song?id=5266639,2026-08-31
上海民族乐团,秦王破阵乐(民乐合奏),我好像看到了有人丢了钱包，别人捡了还给他。他还要破口大骂，为什么不装满钱？,70,二先生劉易拙,https://music.163.com/#/song?id=5266639,2026-08-31
上海民族乐团,秦王破阵乐(民乐合奏),果然真正的唐吹在日本……,47,用户16010577,https://music.163.com/#/song?id=5266639,2026-08-31
上海民族乐团,秦王破阵乐(民乐合奏),要饭还嫌馍凉[撇嘴],32,万般皆是空_,https://music.163.com/#/song?id=5266639,2026-08-31
上海民族乐团,秦王破阵乐(民乐合奏),日本在前百年侵华对文化的掠夺很精准.....皇家乐阁、图书馆精准爆破加屠戮。国乐交响少，这个原因不能忽视。,25,乙津-梦,https://music.163.com/#/song?id=5266639,2026-08-31
上海民族乐团,秦王破阵乐(民乐合奏),秦王这是破阵还是娶媳妇儿？喜庆的不行啊,17,随便起个名字不容易,https://music.163.com/#/song?id=5266639,2026-08-31
上海越剧院越剧,十八相送,越听越着急，梁兄你开开窍啊梁兄！(╯°Д°)╯︵┴┴,744,W3llL33,https://music.163.com/#/song?id=381548,2026-08-31
上海越剧院越剧,十八相送,有没有同是90后的喜欢这个[鬼脸],650,账号已注销,https://music.163.com/#/song?id=381548,2026-08-31
上海越剧院越剧,十八相送,我真是什么歌都听啊。。。中英古典现代严肃流行老歌新歌黄梅越剧O(∩_∩)O哈哈~,400,再见丶夏天丶,https://music.163.com/#/song?id=381548,2026-08-31
上海越剧院越剧,十八相送,四载春秋，久居越剧之乡，沈园之夜不曾见，十八相送未尝赏，便是这吴侬软语也是学得不伦不类，书房门前一枝梅，树上鸟儿对打对，就这么十四个字，已是极限。再返绍，必点花雕女儿红一壶，温热，听他个十天半月摇头晃脑,248,奔向乌龟壳的永永酱,https://music.163.com/#/song?id=381548,2026-08-31
上海越剧院越剧,十八相送,这个地道，咬字什么的都很传统，唱腔也是偏越地，不是现在那种越来越靠普通话风格的，亲切,194,Koalaloveyou,https://music.163.com/#/song?id=381548,2026-08-31
上海越剧院越剧,十八相送,梁山伯：看你小子油头粉面娘娘腔，早就怀疑是个gay。果然不出所料，这一路挑逗的。你以为我真傻？老子对男的没兴趣，只好装傻充愣。,156,无语唐僧,https://music.163.com/#/song?id=381548,2026-08-31
上海越剧院越剧,十八相送,梁兄要是一直没开窍还能都多活几年,61,红尘漫步青云志,https://music.163.com/#/song?id=381548,2026-08-31
上海越剧院越剧,十八相送,我系00后,26,参辰-,https://music.163.com/#/song?id=381548,2026-08-31
上海越剧院越剧,十八相送,梁兄心里没有半点喜悦，甚至有点小慌张：我这贤弟取向是不是有什么问题,24,Ms_vv,https://music.163.com/#/song?id=381548,2026-08-31
上海越剧院越剧,十八相送,梁山伯：我这么机灵贤弟休想gay我,21,F键抠掉啦,https://music.163.com/#/song?id=381548,2026-08-31
上海越剧院越剧,十八相送,梁：下次不可，下次不可 祝：下次还敢，下次一定,13,一瓶82年的龙舌兰酒,https://music.163.com/#/song?id=381548,2026-08-31
上海越剧院越剧,十八相送,梁兄你真是个呆头鹅,13,z_Monica,https://music.163.com/#/song?id=381548,2026-08-31
上海越剧院越剧,十八相送,如果像你这样，世界 就再无梁祝了,12,云间的约定1314,https://music.163.com/#/song?id=381548,2026-08-31
上海越剧院越剧,十八相送,正当婚的年纪，听祝英台那么勇真是泪目。,11,斯憨,https://music.163.com/#/song?id=381548,2026-08-31
上海越剧院越剧,十八相送,“青青荷叶清水塘，鸳鸯成对又成双。梁兄啊~~~英台若是女红妆，梁兄~你愿不愿意配鸳鸯” 梁山伯这个呆子，人家英台都这么明示了居然还不明白咋回事🌚，还傻傻的说“可惜你英台不是女红妆”🙄，难道就听不出来英台含情脉脉的温柔女声吗（反正我是毫无抵抗力🙈）？当初在学堂还问人家耳环痕是怎么回事😶,11,莫痴呀,https://music.163.com/#/song?id=381548,2026-08-31
上海越剧院越剧,黛玉焚稿,前面那段紫娟唱得真好！8分57秒开始让我爱得不行[爱心] 黛玉虽然柔弱，但是爱得有骨气，这就足够了～,113,须弥紫苑,https://music.163.com/#/song?id=381574,2026-08-31
上海越剧院越剧,黛玉焚稿,这世人怎么这样冷淡啊，怪不得病榻边前无人来，却原来布谷鸟都捡那旺处飞，铁心长哪管人死活，来探望的人儿却有谁。 宝玉，我看她明早死了你拿什么脸来见我， 真想不到，你也是 骨如寒冰，心如铁，折新茶忘旧梅。[流泪][流泪][流泪],89,绿色小熊软糖,https://music.163.com/#/song?id=381574,2026-08-31
上海越剧院越剧,黛玉焚稿,再来评论，实在是太好听了！！“紫娟你休提府中人”，到底怀揣了多大的怨恨才能把“府”字唱得那么有力啊[强],52,须弥紫苑,https://music.163.com/#/song?id=381574,2026-08-31
上海越剧院越剧,黛玉焚稿,97年小鲜肉路过……看到还有这么多90后00后在听我就放心了。听过不同版本的《黛玉焚稿》，只有老王的最为动人，前无古人后无来者一点都不夸张。生在湖北长在浙江，受浙江文化熏陶从小爱上越剧。看过很多越剧，越来越发现还是老艺术家们演绎的最有味道。推荐一部《皇帝与村姑》，也是老王演的，超棒！！,44,千浔926,https://music.163.com/#/song?id=381574,2026-08-31
上海越剧院越剧,黛玉焚稿,我从很小的时候就和家里人看光盘，这一段黛玉眼睛里的泪和恨，刻骨的爱和不甘，咬牙和颤抖……实在是黛玉再生。人人都说陈晓旭，我却感觉王文娟才是真的林黛玉。最后说一句我95年的,33,山山而川生生不已,https://music.163.com/#/song?id=381574,2026-08-31
上海越剧院越剧,黛玉焚稿,王文娟老师的表演不仅是唱出了黛玉宁为玉碎不为瓦全的绝决，更是把黛玉断然焚稿的凄凉，哀婉表现的淋漓尽致[强][强],30,宁静而且致远,https://music.163.com/#/song?id=381574,2026-08-31
上海越剧院越剧,黛玉焚稿,想起以前戏曲台深夜放的时候，全家都睡着了，我一个人呆呆的看着，那时候窗外的防护栏生着锈，夏雨淋漓，越显凄清。那种感觉一直记到现在，曲子里都渗着雨水…潇湘馆里长寂寞，梦倾芙蓉香永傲…,28,-卷施-,https://music.163.com/#/song?id=381574,2026-08-31
上海越剧院越剧,黛玉焚稿,. 黛玉焚稿是把她在这污世的一切烧尽了。质本洁来还洁去，不留一丝在世间。表现了她绝决的心境。,24,丝竺,https://music.163.com/#/song?id=381574,2026-08-31
上海越剧院越剧,黛玉焚稿,這詩稿不想玉堂金馬登高第，只望它高山流水遇知音。,14,她分明照射在我身上,https://music.163.com/#/song?id=381574,2026-08-31
上海越剧院越剧,黛玉焚稿,再也无法超越，听了这个版本不会再想听别的版本了的。,12,桂林草根,https://music.163.com/#/song?id=381574,2026-08-31
上海越剧院越剧,黛玉焚稿,“当时黛玉气绝，正是宝玉娶宝钗的这个时辰”,11,哆啦晨晨,https://music.163.com/#/song?id=381574,2026-08-31
上海越剧院越剧,黛玉焚稿,至纯至美爱情的必然结局。黛玉是理想的浪漫主义爱情、宝钗是现实主义家庭婚姻…可怜黛玉良辰美景奈何天，赏心悦事谁家院。,11,猫宁桑,https://music.163.com/#/song?id=381574,2026-08-31
上海越剧院越剧,黛玉焚稿,任何言语形容王文娟的这折戏都是多余。,10,账号已注销,https://music.163.com/#/song?id=381574,2026-08-31
上海越剧院越剧,黛玉焚稿,从前听人道：黛玉焚稿实焚心，如今始信,10,syllane,https://music.163.com/#/song?id=381574,2026-08-31
上海越剧院越剧,黛玉焚稿,紫娟真是太好了[爱心][强],10,行走纽约,https://music.163.com/#/song?id=381574,2026-08-31
上海越剧院越剧,葬花,奶奶的最爱，她还把词抄在本子上，转眼奶奶去世17年了,172,蝴蝶寒枝,https://music.163.com/#/song?id=381569,2026-08-31
上海越剧院越剧,葬花,王老回忆道她本来要用象形的手法塑造“七条琴弦”，但是她爱人孙道临先生启发她这两句感情很深的，不要这么浅显，她便改作双手捧心，微微抬头，向前连赶几步，似有追问上天之意，意境极好，可叹现在有些年轻演员还用双手弹琴状拟形“琴弦”，辜负老先生塑造人物之良苦用心了,67,亦枣,https://music.163.com/#/song?id=381569,2026-08-31
上海越剧院越剧,葬花,“一寸芳心谁共鸣，七条琴弦谁知音？”可谓点睛之句了，恰如原著里黛玉那句“孤标傲世携谁隐？一样花开为底迟？”两个反问写尽黛玉的渴望，写尽明知渴望是徒然的却依然要渴望的愁肠百结，这是属于黛玉的自尊和抗争。王老在朴质处唱的恰到好处，落寞低回却很有气力。,27,亦枣,https://music.163.com/#/song?id=381569,2026-08-31
上海越剧院越剧,葬花,我妈的最爱，小时候在安徽，家在一所学校里，记得周末家里卡带里有录来的‘’红楼梦‘’全集，妈妈一边在沙发织毛衣一边听，偶尔跟着唱，还会跟我讲剧情。。这是知青一代和二代难忘的八十年代。。现在自己成家，难得和妈妈住在一起，今天是中秋，突然想给妈妈放这曲，搜索而来。。,10,渐行渐远的青春路,https://music.163.com/#/song?id=381569,2026-08-31
上海越剧院越剧,哭灵、出走,徐老昨日去世，徐老走好[拜][拜][拜],59,华夜欲晓,https://music.163.com/#/song?id=381576,2026-08-31
上海越剧院越剧,哭灵、出走,抛下了莫失莫忘通灵玉，挣脱了不离不弃黄金锁。离开了苍蝇竞血肮脏地，撇开了黑蚁争穴富贵窠。,35,我本是江湖一过客,https://music.163.com/#/song?id=381576,2026-08-31
上海越剧院越剧,哭灵、出走,华人音乐的最高境界了。本世纪无人企及。,25,云仕顺其自然,https://music.163.com/#/song?id=381576,2026-08-31
上海越剧院越剧,哭灵、出走,天缺一角有女娲，心缺一块难再补。😭,17,高燭映红妝,https://music.163.com/#/song?id=381576,2026-08-31
东方经典协奏曲交响,小夜曲“千年の刻を待ち焦がれて”　(千年幻想郷~History of the Moon),这就是你穿成伪娘的理由？,1577,神乐美夜子,https://music.163.com/#/song?id=746560,2026-08-31
东方经典协奏曲交响,小夜曲“千年の刻を待ち焦がれて”　(千年幻想郷~History of the Moon),洋装虽然穿在身，我心依然是中国心,635,赫卡提亞__拉碧斯拉祖利,https://music.163.com/#/song?id=746560,2026-08-31
东方经典协奏曲交响,小夜曲“千年の刻を待ち焦がれて”　(千年幻想郷~History of the Moon),这就是你变态的理由咯？,448,账号已注销,https://music.163.com/#/song?id=746560,2026-08-31
东方经典协奏曲交响,小夜曲“千年の刻を待ち焦がれて”　(千年幻想郷~History of the Moon),千年幻想乡与中国心的孽缘系列,364,ADCirno,https://music.163.com/#/song?id=746560,2026-08-31
东方经典协奏曲交响,小夜曲“千年の刻を待ち焦がれて”　(千年幻想郷~History of the Moon),要释放自我，不要在意他人眼光，记得穿黑色丝袜，一套哥特萝莉装，记得私发给我--,343,瑟瑟发抖的幽香,https://music.163.com/#/song?id=746560,2026-08-31
东方经典协奏曲交响,小夜曲“千年の刻を待ち焦がれて”　(千年幻想郷~History of the Moon),科普：原曲 千年幻想乡~History of the moon 是东方永夜抄6面boss八意永琳的角色曲，从八意永琳的立绘图可以看到她的服装属于道袍。至于为什么会把这说成洋装，应该单纯是玩梗的人们想以此和“中国心”形成对比。八意永琳的曲子有一段和《我的中国心》比较接近，所以常被东方众拿来玩梗。（这是好的）,50,Chthollist9,https://music.163.com/#/song?id=746560,2026-08-31
东方经典协奏曲交响,小夜曲“千年の刻を待ち焦がれて”　(千年幻想郷~History of the Moon),你可以自己穿呀，少年呦你掉的是这个黑色的丝袜还是这个白色的丝袜还是这个灰色的丝袜呢。>_<,45,瑟瑟发抖的幽香,https://music.163.com/#/song?id=746560,2026-08-31
东方经典协奏曲交响,小夜曲“千年の刻を待ち焦がれて”　(千年幻想郷~History of the Moon),洋裝是泛指吧指西方人所穿的著裝不是指洋裙  再說了女裝前當然要( *・ω・)✄╰ひ╯,39,账号已注销,https://music.163.com/#/song?id=746560,2026-08-31
东方经典协奏曲交响,小夜曲“千年の刻を待ち焦がれて”　(千年幻想郷~History of the Moon),茎刚铁杵群中藏,35,账号已注销,https://music.163.com/#/song?id=746560,2026-08-31
东方经典协奏曲交响,小夜曲“千年の刻を待ち焦がれて”　(千年幻想郷~History of the Moon),高考延期一个月.我知道我有希望了.我十七岁. 这个年纪.整个世界都是我的.不需要犹豫.也用不着权衡. 我无坚不摧.也无所不能,17,氦氖氩氪氙氡1905,https://music.163.com/#/song?id=746560,2026-08-31
东方经典协奏曲交响,小夜曲“千年の刻を待ち焦がれて”　(千年幻想郷~History of the Moon),赫卡提亚本来就是妹子啊(இωஇ ),11,帐号末注消,https://music.163.com/#/song?id=746560,2026-08-31
东方经典协奏曲交响,小夜曲“千年の刻を待ち焦がれて”　(千年幻想郷~History of the Moon),中国的曲子以歌词为重，日本的曲子亿旋律为重，美国的哥以节奏为重。我个人喜欢日本曲，每次一听日本曲，我就会感觉身心放松，不会那么煎熬,10,真我无瑕之铭,https://music.163.com/#/song?id=746560,2026-08-31
东方经典协奏曲交响,小夜曲“千年の刻を待ち焦がれて”　(千年幻想郷~History of the Moon),这首是同人改编，原曲千年幻想郷 ～ History of the Moon出自东方永夜抄，2004年发行； 卷珠帘是2014年的。,10,老爷爷无药可救,https://music.163.com/#/song?id=746560,2026-08-31
东方经典协奏曲交响,玉兎乱舞　(狂気の瞳~Invisible Full Moon),静如总受，动如疯兔,400,-紧闭的恋之瞳-,https://music.163.com/#/song?id=746558,2026-08-31
东方经典协奏曲交响,玉兎乱舞　(狂気の瞳~Invisible Full Moon),静如处子，动如疯兔,390,相川步美1,https://music.163.com/#/song?id=746558,2026-08-31
东方经典协奏曲交响,玉兎乱舞　(狂気の瞳~Invisible Full Moon),管他是不死组，永远组，家长组还是竹林组，我都站，别在同一个时空里混起来就行了,118,Children-of-the-Night,https://music.163.com/#/song?id=746558,2026-08-31
东方经典协奏曲交响,玉兎乱舞　(狂気の瞳~Invisible Full Moon),要是真的在同一时空内的话，那就真的是贵圈真乱了,56,LZXTYOO,https://music.163.com/#/song?id=746558,2026-08-31
东方经典协奏曲交响,玉兎乱舞　(狂気の瞳~Invisible Full Moon),等等，突然发现一个问题。顺时针转时，妹红的头发是正确的，老师的头发是错的。逆时针转时，老师的头发是正确的，妹红的头发是错的。强迫症最终选择不转封面。这个封面真的有毒好嘛，怎么转都转不对[流泪][流泪],48,昔城暮雪,https://music.163.com/#/song?id=746558,2026-08-31
东方经典协奏曲交响,玉兎乱舞　(狂気の瞳~Invisible Full Moon),拿铃仙做兔火锅可能会食物中毒吧,33,饶思哲,https://music.163.com/#/song?id=746558,2026-08-31
东方经典协奏曲交响,通り雨の散歩道,记得庄子好像是沉浸在幻想世界寻求安慰的，现在想来，他可能是找到幻想乡的入口了吧,203,-Just-Natsuki,https://music.163.com/#/song?id=746591,2026-08-31
东方经典协奏曲交响,通り雨の散歩道,雨打梨花，深闭门，燕泥已尽，落花尘，但愿你是那知恩知意的心中客，不是那无是无非的糊涂人，我此来不为求功名啊，先生你啊，切勿负我情,160,超级无敌最厉害,https://music.163.com/#/song?id=746591,2026-08-31
东方经典协奏曲交响,通り雨の散歩道,橙喵打滚曲_(:з」∠)_,129,橙龙大叔,https://music.163.com/#/song?id=746591,2026-08-31
东方经典协奏曲交响,通り雨の散歩道,原曲：遠野幻想物語 所属：二面道中 来源：东方妖妖梦　～ Perfect Cherry Blossom. 原作者：上海アリス幻樂団（上海爱丽丝幻乐团）·ZUN,82,六十年目之东方裁判,https://music.163.com/#/song?id=746591,2026-08-31
东方经典协奏曲交响,通り雨の散歩道,东方的世界观和道家思想有很大一部分是契合的，最明显的一个例子就是在庄子的《逍遥游》中的一句“何不树之于无何有之乡，广莫之野”，而妖妖梦一面曲《无何有之乡》曲名与之不谋而合，而且灵梦的阴阳玉也是道家的符号，想必神主也是在东方里融入了一些道家的元素，使得幻想乡成为桃花源一样的存在。,45,Banikimez,https://music.163.com/#/song?id=746591,2026-08-31
东方经典协奏曲交响,通り雨の散歩道,求你们了，这是车万曲，你们放过评论区吧,44,welllhq,https://music.163.com/#/song?id=746591,2026-08-31
东方经典协奏曲交响,通り雨の散歩道,雨打梨，花深闭，门燕泥，已尽落，花尘但，愿你是，那知恩，知意的，心中客，不是那，无是无，非的糊，涂人我，此来不，为求功，名啊望，先生你，啊切勿，负我情(没事我就打一下标点，强迫症),35,狐依依,https://music.163.com/#/song?id=746591,2026-08-31
东方经典协奏曲交响,通り雨の散歩道,庄子还没被世人遗忘，但，他不在乎 ～,27,鵺巫女,https://music.163.com/#/song?id=746591,2026-08-31
东方经典协奏曲交响,通り雨の散歩道,东方曲里这种看点评论实属少见，应当隔离起来加以保护,23,东方烨澪,https://music.163.com/#/song?id=746591,2026-08-31
东方经典协奏曲交响,通り雨の散歩道,编曲:アマツミカボシ 原曲:遠野幻想物語/东方妖妖梦,18,风月醉祷_Fuugetsusuitou,https://music.163.com/#/song?id=746591,2026-08-31
东方经典协奏曲交响,通り雨の散歩道,东方，是内心深处难以挖掘的净土。  我们不知如何，怎样进入，沉浸在纯净的世界  无法自拔,16,条件收敛肥正邪,https://music.163.com/#/song?id=746591,2026-08-31
东方经典协奏曲交响,通り雨の散歩道,您的青梅竹马火焰毛驴呢？,12,小糸露,https://music.163.com/#/song?id=746591,2026-08-31
东方经典协奏曲交响,通り雨の散歩道,喜欢 立志要在一万首东方曲下留下我的名字(2919/10000）,11,LittleDannier,https://music.163.com/#/song?id=746591,2026-08-31
东方经典协奏曲交响,通り雨の散歩道,听前奏不知道是什么，但是主旋律一下就听出来了。橙:“欢迎光临迷途之家，但是来了就别想走了，把命留下吧。喵～”作为最强妖怪式神的式神，却比主人的主人还跋扈，真是找死。,11,Siroboma,https://music.163.com/#/song?id=746591,2026-08-31
东方经典协奏曲交响,通り雨の散歩道,在车上睡着了，醒来发现，耳朵里的是这首歌。 立志在所有东方曲留下我的名字~灵梦,10,Fanmoon-,https://music.163.com/#/song?id=746591,2026-08-31
东方经典协奏曲交响,天空に捧ぐ祈り~同じ高みへ,的确是东方专无误~但他们说cl也没错~这首原曲是天空的花之都…虽然是伴奏很难听出来…主旋律的确是cl的op2 铭刻时间的歌…这个算是两曲的融合了QAQ 就像寒蝉的you和秋姐妹那首remix一样…所以这当然是东方曲了233 然而这首人气不是一般的低啊QAQ,586,YYarcher,https://music.163.com/#/song?id=746590,2026-08-31
东方经典协奏曲交响,天空に捧ぐ祈り~同じ高みへ,CL加东方，爽过吸大麻,325,开朗小粟,https://music.163.com/#/song?id=746590,2026-08-31
东方经典协奏曲交响,天空に捧ぐ祈り~同じ高みへ,能哭的地方，只有厕所，和幽幽子大人的怀里。,242,时间迷人,https://music.163.com/#/song?id=746590,2026-08-31
东方经典协奏曲交响,天空に捧ぐ祈り~同じ高みへ,东方和CL是最喜欢的两个，都是超越了一般的作品成为了一个独立的世界[可爱],213,物凄3倍IceCream,https://music.163.com/#/song?id=746590,2026-08-31
东方经典协奏曲交响,天空に捧ぐ祈り~同じ高みへ,同人刚兴起那年代的同人作者经常相互搞基的，环境哪有现在这么奇怪，东方x寒蝉，东方xKEY社，寒蝉x月姬，之类作品层出不穷，甚至某些动画里也有捏他了东方……换作现在如果东方x舰队就是宗教战争了，所以这首曲子也代表着一个属于同人的黄金年代……,205,姆q的图书馆,https://music.163.com/#/song?id=746590,2026-08-31
东方经典协奏曲交响,天空に捧ぐ祈り~同じ高みへ,uuz：“妖梦，这就是朕为你打下的江山。”,122,给您添兔子了,https://music.163.com/#/song?id=746590,2026-08-31
东方经典协奏曲交响,天空に捧ぐ祈り~同じ高みへ,还有uuz的胃里（确定,81,sumirenko,https://music.163.com/#/song?id=746590,2026-08-31
东方经典协奏曲交响,天空に捧ぐ祈り~同じ高みへ,怕不是幽幽子的肚子里,33,无敌狗不理,https://music.163.com/#/song?id=746590,2026-08-31
东方经典协奏曲交响,天空に捧ぐ祈り~同じ高みへ,“团子～团子～团子团子～”幽幽子大人流着口水唱道,25,-苏咕噜-,https://music.163.com/#/song?id=746590,2026-08-31
东方经典协奏曲交响,天空に捧ぐ祈り~同じ高みへ,共 荣！ cl人生，车车经典，妙啊！,14,归尘152,https://music.163.com/#/song?id=746590,2026-08-31
东方经典协奏曲交响,天空に捧ぐ祈り~同じ高みへ,uuz：妖梦你看到了吗？（双手摊开） 妖梦：嗯！我看到了！多么美好的景象！ uuz：嗯！多么美味的景象！ 妖梦：(#ﾟДﾟ),14,月夜丿云之彼端,https://music.163.com/#/song?id=746590,2026-08-31
东方经典协奏曲交响,天空に捧ぐ祈り~同じ高みへ,cl与东方，互不相干的走向却有相互衬映之际[爱心],11,涟涟罗花,https://music.163.com/#/song?id=746590,2026-08-31
东方经典协奏曲交响,天空に捧ぐ祈り~同じ高みへ,我记得是舰c官方先整东方的……其他区块倒是和谐得很，左一口欧啦右一口木大，老有两个紫老太，幼到笨蛋⑤人组（六人）。只要不是对方整过来，我们这群非商业化的闲的才跟对面刚正面呢，毕竟他们就算再会跳也苟不过我们啊，毕竟活久见才是东方的精髓，和制作方比命长～,11,你还有老祖宗聪明,https://music.163.com/#/song?id=746590,2026-08-31
东方经典协奏曲交响,天空に捧ぐ祈り~同じ高みへ,这首歌是天空の花の都（东方妖妖梦 四面道中BGM） + 同じ高みへ （Clannad游戏BGM和OP2）合体，看歌曲名字就知道了啊。其实我两个作品系列都喜欢[呲牙],10,一维无限深势阱中粒子运动波函数,https://music.163.com/#/song?id=746590,2026-08-31
中国歌剧舞剧院 舞剧 （大剧场,大话西游,世间无计丹青手，一片伤心画不成。,3111,安处,https://music.163.com/#/song?id=396968,2026-08-31
中国歌剧舞剧院 舞剧 （大剧场,大话西游,就是为了看最后的城楼我五一从黑龙江跑到了银川，最后找到的时候真的是热泪盈眶,2318,举目无处是天涯,https://music.163.com/#/song?id=396968,2026-08-31
中国歌剧舞剧院 舞剧 （大剧场,大话西游,先进来坐吧 坦白说 我不是你的徒弟 我更不想是你的徒弟 大师你慈悲为怀你就放了我一马吧 好吧 ONLY YOU…… 我已经说了不行了 你还哦哦哦哦完全不理解人家受的了受不了你 你再哦我一刀捅死你 悟空你尽管捅死我吧 生又何哀死又何苦 等你明白了舍身取义 你自然会回来跟我唱这首歌的了 喃呒阿弥陀佛……,1775,大春儿,https://music.163.com/#/song?id=396968,2026-08-31
中国歌剧舞剧院 舞剧 （大剧场,大话西游,那个人好像一条狗啊,1572,春日野穹_,https://music.163.com/#/song?id=396968,2026-08-31
中国歌剧舞剧院 舞剧 （大剧场,大话西游,紫霞仙子就是从这一片芦苇中出来的 划破沉睡千年水面，朝着灾难一样的幸福逝去……,1524,落冰水,https://music.163.com/#/song?id=396968,2026-08-31
中国歌剧舞剧院 舞剧 （大剧场,大话西游,每次听到这段音乐，心就莫名伤感，人这一生，为一生所爱，倾尽所有，惆怅，迷茫，孤独，却那么难以拥有彼此！现将完整版交响乐分享，有和我一样心理的小伙伴倾听！。。此刻只怪我太伤感！[大哭],1299,果果berlin,https://music.163.com/#/song?id=396968,2026-08-31
中国歌剧舞剧院 舞剧 （大剧场,大话西游,紫：昨天晚上我托一只蜘蛛来跟你说，叫它告诉你，我很想念你。至：你又知不知道？我一直在骗你！紫：骗就骗吧，就像飞蛾一样，明知道会受伤还是会扑到火上。呵~ 飞蛾就那么傻。,962,雪陆思域,https://music.163.com/#/song?id=396968,2026-08-31
中国歌剧舞剧院 舞剧 （大剧场,大话西游,还是老妈说的话最经典，她说：你们这代人呐，就是活的太明白了，所以什么都得不到。我们当年什么都糊里糊涂，该结婚结婚，该工作工作，现在什么都有。明天结婚 过去88 紫霞88,882,小狐狸的老巢,https://music.163.com/#/song?id=396968,2026-08-31
中国歌剧舞剧院 舞剧 （大剧场,大话西游,赵季平当年不喜欢这部电影，勉为其难的为这部电影写下这个音乐。却是这般的好听。居然还不要在字幕中写上他的名字。但你知道就是这段音乐感染了无数爱这部电影的人啊！赵老师太神了……,832,点赞狂魔日向創,https://music.163.com/#/song?id=396968,2026-08-31
中国歌剧舞剧院 舞剧 （大剧场,大话西游,物是人非事事休。欲语泪先流。,712,车之了,https://music.163.com/#/song?id=396968,2026-08-31
中国歌剧舞剧院 舞剧 （大剧场,大话西游,想到紫霞出来时候那一大片芦苇荡！,598,小狼今何在,https://music.163.com/#/song?id=396968,2026-08-31
中国歌剧舞剧院 舞剧 （大剧场,大话西游,“你看那个人，好奇怪哟，象一条狗”。像条狗的人，是放弃了人间的男女情欢，无欲无念兢兢业业走在西天取经路上的至尊宝。他如你我这般，收起了脾气火气不再任性淘气，只顾奔波职场。人生百年，谁不曾大闹天宫，谁不曾头上紧箍，谁不曾爱上层楼，谁不曾孤单上路。,500,Meke强,https://music.163.com/#/song?id=396968,2026-08-31
中国歌剧舞剧院 舞剧 （大剧场,大话西游,一袭紫衣，两串银铃，寻寻觅觅五百载，爱恨痴缠几轮回，祥云未消，伊人已逝，寂寞十万八千里。,440,账号已注销,https://music.163.com/#/song?id=396968,2026-08-31
中国歌剧舞剧院 舞剧 （大剧场,大话西游,即便他是齐天大圣，盖世英雄。即便他上天入地，无所不能。然而最终他也一样争不过命运，留不住所爱的人。小时看想笑，长大看想哭。当初的一段“一万年”让你感动，现在也许只剩一句“他好像一条狗”让你唏嘘。而我们也戴上各自的金箍，走着愿或不愿的路～再看《大话西游》,388,X是未知数,https://music.163.com/#/song?id=396968,2026-08-31
中国歌剧舞剧院 舞剧 （大剧场,大话西游,我走过山时，山不说话，  我路过海时，海不说话，  小毛驴滴滴答答，倚天剑伴我走涯。  大家都说我因为爱着杨过大侠，才在峨嵋山上出了家，  其实我只是爱上了峨嵋山上的云霞，  像极了十六岁那年的烟花。,128,门前枫树,https://music.163.com/#/song?id=396968,2026-08-31
中国歌剧舞剧院 舞剧 （大剧场,美丽的神话,大光华国际学校曾经在2009年举办过元旦师生联欢晚会，有一个男老师拉二胡，一个女老师弹古筝，一对情侣在跳舞，那女生手拿着一条长长的孔雀翎，那男生至到最后一刻才如观众所愿搂住了爱人纤细的腰肢，可惜孔雀翎已经飘落在地上了……我看过国家大剧院，看过广州大剧院，看了这么多年，都不如高三那晚。,1405,yisicaesar,https://music.163.com/#/song?id=396970,2026-08-31
中国歌剧舞剧院 舞剧 （大剧场,美丽的神话,我理解的这首音乐不单是哀伤，还有执着和等候，还有勇气和感动：节奏处理的挺好,667,账号已注销,https://music.163.com/#/song?id=396970,2026-08-31
中国歌剧舞剧院 舞剧 （大剧场,美丽的神话,深爱，离别，独行，守候，期待，重逢，梦碎，跌落。,464,_左左,https://music.163.com/#/song?id=396970,2026-08-31
中国歌剧舞剧院 舞剧 （大剧场,美丽的神话,大秦始皇帝，御前大将军蒙毅前来迎驾！,444,顾茕118,https://music.163.com/#/song?id=396970,2026-08-31
中国歌剧舞剧院 舞剧 （大剧场,美丽的神话,为何我脑海中有个穿白衣服的女的在飞……,350,进击的囝仔,https://music.163.com/#/song?id=396970,2026-08-31
中国歌剧舞剧院 舞剧 （大剧场,美丽的神话,"最爱一段评:秦皇找来画师为玉漱画像，可她淡漠端庄，直到身后那一句“蒙毅将军到”，她一袭蓝衣，惊喜莞尔，倾国倾城。所谓深情，听到你的名字就笑颜如花。",333,罗大皮鞋,https://music.163.com/#/song?id=396970,2026-08-31
中国歌剧舞剧院 舞剧 （大剧场,美丽的神话,国宝级的水平果然不一样。,260,账号已注销,https://music.163.com/#/song?id=396970,2026-08-31
中国歌剧舞剧院 舞剧 （大剧场,美丽的神话,功夫瑜伽里，看到了玉漱的画像，神话回来了。,236,苏夢鲤,https://music.163.com/#/song?id=396970,2026-08-31
中国歌剧舞剧院 舞剧 （大剧场,美丽的神话,美丽的神话。最美的金喜善。,151,难能可贵是孤单,https://music.163.com/#/song?id=396970,2026-08-31
中国歌剧舞剧院 舞剧 （大剧场,美丽的神话,神话 就是神话 只是一个梦 梦总有醒的一天所以 有梦醒的哀伤 也有梦醒后的勇敢面对 所以舒缓是对的,122,展夜明星,https://music.163.com/#/song?id=396970,2026-08-31
中国歌剧舞剧院 舞剧 （大剧场,美丽的神话,在秦国，高要最苦情、吕素最痴情、吕雉最妒情、小月最深情、蒙恬最亲情、玉漱最悲情、项羽最豪情、小川最才情……无可奈可无可奈啊,116,li暮然,https://music.163.com/#/song?id=396970,2026-08-31
中国歌剧舞剧院 舞剧 （大剧场,美丽的神话,收集了各种版本的神话，古筝，笛子，葫芦丝，钢琴，二胡，一直很沉迷其中。第一次看神话，是跟爸爸一起，如今他被岁月染上了白发，时隔多年，第二次看神话，跟男朋友一起，如今他已不在我身边，第三次看神话，是在今年，一个人，却感受到了从未有过的从容和幸福，所以，给自己一段时光，蜕变。,112,嫵髥樺蔍,https://music.163.com/#/song?id=396970,2026-08-31
中国歌剧舞剧院 舞剧 （大剧场,美丽的神话,为爱的人等了两千年……或许长生就是一种诅咒吧,75,P哥哥听儿歌,https://music.163.com/#/song?id=396970,2026-08-31
中国歌剧舞剧院 舞剧 （大剧场,美丽的神话,这首歌听出了命运安排的悲怆，努力奔赴的美好，干净纯粹的感情，爱而不得的遗憾，至死不渝的忠诚，整个过程感受到的热烈单纯的双向欣赏和追求。听后想想现实，是朝三暮四的随性，是耐不住寂寞的背叛，是权衡利弊的放弃，是故作玄虚的高傲，是打着自由浪漫旗号对纯爱的践踏。,19,白熊猫灬,https://music.163.com/#/song?id=396970,2026-08-31
中国歌剧舞剧院 舞剧 （大剧场,美丽的神话,有种历史的厚重感，感觉美丽的神话是由千千万万劳动人民创造的,18,地狱进行曲123,https://music.163.com/#/song?id=396970,2026-08-31
中国足协杯 山东泰山队主场赛事,不可思議のカルテ,我的青春恋爱超能力夏洛特物语果然会看不见兔女郎学姐和我的妹妹真可爱[生气],24750,粉髮紫瞳充满欧派的梦梦酱,https://music.163.com/#/song?id=1313052943,2026-08-31
中国足协杯 山东泰山队主场赛事,不可思議のカルテ,《青春期笨蛋不做兔女郎学姐的梦》 本作的女主角:樱岛麻衣[星星] 第二卷女主角:古贺朋绘[星星] 第三卷女主角:双叶理央[星星] 第四卷女主角:丰浜和花[星星] 第五卷女主角:梓川枫[星星] 第六卷女主角:水濑祈 [星星],21869,粉髮紫瞳充满欧派的梦梦酱,https://music.163.com/#/song?id=1313052943,2026-08-31
中国足协杯 山东泰山队主场赛事,不可思議のカルテ,说实话每次听见这曲都有种很怪的感觉，风格特别符合那种日常系恐怖番。平静下的诡异和异常那种感觉。,13721,凌医,https://music.163.com/#/song?id=1313052943,2026-08-31
中国足协杯 山东泰山队主场赛事,不可思議のカルテ,大老师：我是个宅，但是我渴望真物。 梓川骚太：我曾经也是个宅，我也渴望真物。 大老师：Wtf？  绫小路清隆：我只想过平静的生活。 梓川骚太：我也是啊，只想过天天说骚话。调戏麻衣，撩撩朋绘，耍耍理央，管管妹妹的小日子。 绫小路清隆：emmmm  折棒：我听老婆话 梓川骚太：真巧我也是 折棒：……,11629,森岛帆高,https://music.163.com/#/song?id=1313052943,2026-08-31
中国足协杯 山东泰山队主场赛事,不可思議のカルテ,科普时间：①薛定谔的猫——被装在有50%几率放出毒气的盒子中的猫，在打开盒子之前没有人知道它是死是活，在有人观测之前，它处于半死半活的叠加态。这个模型本是由薛定谔提出来挖苦哥本哈根的量子理论的，但是大家都觉得这个“比喻”十分靠谱又通俗，于是薛定谔的猫反而成了量子理论的代名词。,9365,滴滴哩哩哒哒,https://music.163.com/#/song?id=1313052943,2026-08-31
中国足协杯 山东泰山队主场赛事,不可思議のカルテ,什么青春期综合征啊，不过是一群受过伤的人的互相救赎罢了,7457,梦中诗犹存,https://music.163.com/#/song?id=1313052943,2026-08-31
中国足协杯 山东泰山队主场赛事,不可思議のカルテ,②拉普拉斯魔——经典力学认为，可能存在一种拉普拉斯魔的东西，它知晓宇宙中所有粒子的位置和动量，据此它可以通晓万物，预测未来。不过之后的量子理论提出，微观粒子的运动不可测，于是拉普拉斯魔就这么被驳倒了。,7138,滴滴哩哩哒哒,https://music.163.com/#/song?id=1313052943,2026-08-31
中国足协杯 山东泰山队主场赛事,不可思議のカルテ,③麦克斯韦妖——设想在一个绝热的盒子里，有一块挡板把盒子分成两部分，中间有一只麦克斯韦妖，它可以迅速的把运动速度快的粒子扔到左边，运动速度慢的粒子扔到右边，使盒子两边出现温差，从而做到“逆转熵”。假如麦克斯韦妖存在，那么就有可能打破热力学第二定律，制作出永动机。,6893,滴滴哩哩哒哒,https://music.163.com/#/song?id=1313052943,2026-08-31
中国足协杯 山东泰山队主场赛事,不可思議のカルテ,④芝诺的乌龟——在公元前就被提出的哲学概念，大概内容是，一个飞毛腿距乌龟身后100米追赶乌龟，当飞毛腿追到100米的位置事，乌龟也已经爬了了1米，当飞毛腿又跑了一米到乌龟之前所在的位置时，乌龟又向前爬了0.01米，如此下去，飞毛腿永远也追不上乌龟。就好比“一尺之锤，日取其半，万世不竭”。,6809,滴滴哩哩哒哒,https://music.163.com/#/song?id=1313052943,2026-08-31
中国足协杯 山东泰山队主场赛事,不可思議のカルテ,这首歌的每一个音都落在了我意想不到的位置,5930,EROCDRAH31,https://music.163.com/#/song?id=1313052943,2026-08-31
中国足协杯 山东泰山队主场赛事,不可思議のカルテ,第一集的末尾，麻衣无家可归蹲在门口，咲太心有灵犀，着急地跑回家又故作镇定。这时候ED响起，我只觉得头皮发麻，那种全世界只有他们俩相依为靠的氛围真是太好了，这个镜头永生难忘。,5244,一路淘跑,https://music.163.com/#/song?id=1313052943,2026-08-31
中国足协杯 山东泰山队主场赛事,不可思議のカルテ,男主看得我好舒服，情商高还会撩，麻衣也好可爱啊啊啊啊啊啊初恋的感觉!!!总的来说我吹爆!!!,4263,没有渡鸦,https://music.163.com/#/song?id=1313052943,2026-08-31
中国足协杯 山东泰山队主场赛事,不可思議のカルテ,第一，世界上没有麻衣，翔子一样的女孩。第二，没有理央这样的女性哥们。第三，家里没妹妹，第四，不可能突然遇见朋绘这样的女孩跟她做假男女朋友，第五，不可能在教学楼下大喊xxxx我喜欢你，，显然，我们即使肾好会骚话也不可能成为梓川咲太,3796,handshakesss,https://music.163.com/#/song?id=1313052943,2026-08-31
中国足协杯 山东泰山队主场赛事,不可思議のカルテ,那么第三集片尾的学姐独唱版什么时候能出来?,3754,溺水的鱼wyy,https://music.163.com/#/song?id=1313052943,2026-08-31
中国足协杯 山东泰山队主场赛事,不可思議のカルテ,前面明明都是角色名 突然水濑祈,3751,东山大法好,https://music.163.com/#/song?id=1313052943,2026-08-31
中国足协杯 山东泰山队主场赛事,月がきれい,《月色真美》着才是真正的纯爱番啊。没有开后宫，也没有过度波澜起伏。只是简简单单的校园恋爱。但是最真实最平常的恋爱莫过于此，平淡却能触动人们的心灵的地方，让人看了后会蓦然回首起自己的青春。想继续看看两个主人公之间有什么进展，果然，这种青涩的爱恋果然才是最接近我们。这就是青春啊！,24049,Lune上弦,https://music.163.com/#/song?id=480097178,2026-08-31
中国足协杯 山东泰山队主场赛事,月がきれい,月色真美，年少有你，真好[爱心],23337,六月雨中街上诗,https://music.163.com/#/song?id=480097178,2026-08-31
中国足协杯 山东泰山队主场赛事,月がきれい,把「I Love You」 翻译成「月色真美」的，是太宰治？还是夏目漱石啊？,20559,偶像歌手,https://music.163.com/#/song?id=480097178,2026-08-31
中国足协杯 山东泰山队主场赛事,月がきれい,太宰治：你小子谈了恋爱都不提我了！！！,13294,我要飞走la,https://music.163.com/#/song?id=480097178,2026-08-31
中国足协杯 山东泰山队主场赛事,月がきれい,发乎情，止乎礼，秋毫无犯，相敬如宾。,7659,木耳也要听歌,https://music.163.com/#/song?id=480097178,2026-08-31
中国足协杯 山东泰山队主场赛事,月がきれい,男主只是一个比较内向的男生，很多时候大家看着会觉得要翻车的时候，男主却很勇敢地站出来，这样的男主，或许是很多男生所希望的青春模样吧,6791,Vinc砂糖,https://music.163.com/#/song?id=480097178,2026-08-31
中国足协杯 山东泰山队主场赛事,月がきれい,2017年至今最惊喜的新番ED！闹闹嘹亮柔美的歌喉，诚意满满的足足6分钟，不断将那月色下泛起涟漪的闪耀着银光的水波般的旋律一次次演绎得美丽动人，抒情和缓的副歌转向心碎般的高潮部分。更美妙的是4分16秒处开始的一段精妙的控制收音，闹闹犹如枕边低语般诉说的距离感清晰呈现从耳机里传达出来…[憨笑],5973,zfkdiyi,https://music.163.com/#/song?id=480097178,2026-08-31
中国足协杯 山东泰山队主场赛事,月がきれい,听着ed 看着男女主角的聊天记录 甜甜的感觉涌上心头却也莫名的湿了眼眶 现实生活中想要遇到一个互相喜欢 哪怕是像动画里这样简单的对话和生活也能感觉到甜蜜的另一半又是有多难 希望你能尽快的来到我的生命里 我也好对你说上一句 月色真美[爱心],4275,凡哒TnT,https://music.163.com/#/song?id=480097178,2026-08-31
中国足协杯 山东泰山队主场赛事,月がきれい,ED动画里，男女主两人驻足在四季变换的岁月里，彼此站位距离不曾，但却因为指尖向彼此触碰、交叉、相握而缩短心与心的距离…… 今天心中也怀着你的言语 对我来说，就像这天上的明月一样 如同我们那天一起仰望的 如此美丽 ……这，便是《月色真美》，传达给我的那份月色的久违的纯洁和美好吧[可爱],4214,zfkdiyi,https://music.163.com/#/song?id=480097178,2026-08-31
中国足协杯 山东泰山队主场赛事,月がきれい,夏目漱石，夏目漱石在学校当英文老师的时，问他的学生如何翻译I love you，学生翻译成我爱你。夏目漱石说：“应该采用更委婉的方式，翻译成“月が绮丽ですね”（今晚的月色真美）就足够了。这既是一句甜蜜浪漫的情话，又是一段含蓄文艺的告白。如此温柔的人，很难遇见啊。如果遇见了，那就别错过了。,3393,Adorelht,https://music.163.com/#/song?id=480097178,2026-08-31
中国足协杯 山东泰山队主场赛事,月がきれい,长大以后丢失了的一些东西都在这个番里了。大家一定要和自己喜欢的人在一起啊，就是这种无论如何都想靠近的心情，有什么误会都想要解开的心情，任何阻碍都抵挡不住的心情，就像喜欢美好的月色一样喜欢你。,2987,忽忽大人,https://music.163.com/#/song?id=480097178,2026-08-31
中国足协杯 山东泰山队主场赛事,月がきれい,是夏目漱石！,2113,poliphili_,https://music.163.com/#/song?id=480097178,2026-08-31
中国足协杯 山东泰山队主场赛事,月がきれい,我也想在今后的某个夜晚，对还没出现的那个她说一句，月色  真美！[爱心][爱心],2031,时间旅行的胸针,https://music.163.com/#/song?id=480097178,2026-08-31
中国足协杯 山东泰山队主场赛事,月がきれい,这句番值不值得入坑谁给个意见谢谢了,2022,LetsnotfallinLUV,https://music.163.com/#/song?id=480097178,2026-08-31
中国足协杯 山东泰山队主场赛事,月がきれい,翻译成【月色真美】，就够了,1888,哈哈catmiao,https://music.163.com/#/song?id=480097178,2026-08-31
中国足协杯 山东泰山队主场赛事,不可思議のカルテ All Heroine Ver.,青春猪头少年不会梦到听不起VIP的贫穷,3140,我心若氺,https://music.163.com/#/song?id=2099501694,2026-08-31
中国足协杯 山东泰山队主场赛事,不可思議のカルテ All Heroine Ver.,封面上好像只有枫和花枫在熟睡着 对枫和花枫来说 一方沉睡，则另一方醒来。  但不管哪一方醒来， 都是讨人欢喜的妹妹 充满着干劲呢!,1780,3kuxD,https://music.163.com/#/song?id=2099501694,2026-08-31
中国足协杯 山东泰山队主场赛事,不可思議のカルテ All Heroine Ver.,《按下这个按钮，你就会获得一百万，但是人类会在五百年后灭绝……》,1616,桃子灬INK,https://music.163.com/#/song?id=2099501694,2026-08-31
中国足协杯 山东泰山队主场赛事,不可思議のカルテ All Heroine Ver.,来来来，让你们看看这世界上最甜的对话🥰 辛美尔：你的择偶标准是什么？ 辛美尔：你的择偶标准是什么？ 芙莉莲：长得帅 脾气好 得比我高半个 头。 辛美尔：嗯这些我都符合 还有吗？ 芙丽莲：没了。 辛美尔：这点也符合。,1390,莉祎_dpNe,https://music.163.com/#/song?id=2099501694,2026-08-31
中国足协杯 山东泰山队主场赛事,不可思議のカルテ All Heroine Ver.,豪庭👆🤓，按下此神秘小按钮可召唤我再听一次👉,1388,xojsn,https://music.163.com/#/song?id=2099501694,2026-08-31
中国足协杯 山东泰山队主场赛事,不可思議のカルテ All Heroine Ver.,那我多点几下，毁灭的时间不就延长了嘛[大笑],956,雨浩_Os8D,https://music.163.com/#/song?id=2099501694,2026-08-31
中国足协杯 山东泰山队主场赛事,不可思議のカルテ All Heroine Ver.,求战斗番还掺着刀子的那种[惊恐]求推荐[流泪],757,XiaoJi-小季,https://music.163.com/#/song?id=2099501694,2026-08-31
中国足协杯 山东泰山队主场赛事,不可思議のカルテ All Heroine Ver.,如果有重新编曲版就好了 可惜只有开头一点,686,----老中医----,https://music.163.com/#/song?id=2099501694,2026-08-31
中国足协杯 山东泰山队主场赛事,不可思議のカルテ All Heroine Ver.,我可能有点特殊癖好🤓就爱吃刀子🔪，谁给我推荐几部纯刀番🫵🤓,582,Sasha-Trautveine,https://music.163.com/#/song?id=2099501694,2026-08-31
中国足协杯 山东泰山队主场赛事,不可思議のカルテ All Heroine Ver.,推荐几部甜蜜无刀番[可爱] 未闻花名 夏洛特 境界的彼方 秒速五厘米 clannad 我想吃掉你的胰脏 可塑性记忆 奇蛋物语 斩赤红之瞳 寒蝉鸣泣之时 声之形 Andel Beats 游戏人生零 末日三问 罪恶王冠 四月是你的谎言 命运石之门 赛博朋克边缘行者 轻音少女 紫罗兰永恒花园 文豪野犬 宝石之国 魔法少女小圆,580,愛是心軟的淚水,https://music.163.com/#/song?id=2099501694,2026-08-31
中国足协杯 山东泰山队主场赛事,不可思議のカルテ All Heroine Ver.,在日本了，并没有遇到野生学姐,481,綿綿咲可,https://music.163.com/#/song?id=2099501694,2026-08-31
中国足协杯 山东泰山队主场赛事,不可思議のカルテ All Heroine Ver.,“你最遗憾的是哪个角色的死呢”不限圈子,476,用户1226xyy,https://music.163.com/#/song?id=2099501694,2026-08-31
中国足协杯 山东泰山队主场赛事,不可思議のカルテ All Heroine Ver.,“他们真奇怪，喜欢纸片” “穿的奇装异服的，一看就不正常” “为什么要对着手机说话” “奇怪，喜欢一个片片，为他／她花钱值吗？” 请记住，所有的二次元的迷们， “被爱的事物会疯狂长出血肉” “不要管别人是怎么说的，热爱无敌” “他们，在我们眼中，就是人，鲜活的人。” 一致二次元迷们,471,星月晶凯莉,https://music.163.com/#/song?id=2099501694,2026-08-31
中国足协杯 山东泰山队主场赛事,不可思議のカルテ All Heroine Ver.,记得以前高一每次回家最开心的就是看青春猪头的最新一集，[流泪]一听到这首歌回忆都涌上来了,412,洛杉矶肘击王0-1-1战绩可查,https://music.163.com/#/song?id=2099501694,2026-08-31
中国足协杯 山东泰山队主场赛事,不可思議のカルテ All Heroine Ver.,停停停最后一条不对吧^_^,364,_林秋水,https://music.163.com/#/song?id=2099501694,2026-08-31
中国足协杯 山东泰山队主场赛事,离岛之歌,为博花魁一笑，兜里再无蓝票！,57979,老贼你还我绘梨衣,https://music.163.com/#/song?id=1359559416,2026-08-31
中国足协杯 山东泰山队主场赛事,离岛之歌,“那不是不知火，是阿离。”,38243,鱼泡-3o0O,https://music.163.com/#/song?id=1359559416,2026-08-31
中国足协杯 山东泰山队主场赛事,离岛之歌,试想，以为绝美的歌姬，在明月夜，连着那华贵的舞台，与镜湖之中的倒影融为一体。漫天的烟花绚烂了整个夜空。此时已分不清水中月明，还是台上佳人起舞腾挪。长袖拂过眉宇，悲歌唱着离合。一曲唱罢，空谷回响，余音绕透过穹宇随风飘向远方，烟花易冷，佳人何处，梦魂具远，只留观者在原地，慢慢回忆。,36174,柳村花子,https://music.163.com/#/song?id=1359559416,2026-08-31
中国足协杯 山东泰山队主场赛事,离岛之歌,网易这个动画公司为了宣传他们的动画特意做了个游戏,20097,藤井春阳,https://music.163.com/#/song?id=1359559416,2026-08-31
中国足协杯 山东泰山队主场赛事,离岛之歌,新月夜无眠 渔火连遍天 离人回首顾 生此无眷恋,17246,觅心魔灵,https://music.163.com/#/song?id=1359559416,2026-08-31
中国足协杯 山东泰山队主场赛事,离岛之歌,"阴阳术中名字是一种咒，被念得多了就会成真，不知火或许最初是人类，但年复一年被人们叫做不知火，她就不再是人类了，但依旧受到肉身的限制。正如贺茂义心所说，""花繁一瞬，形色浮云，撤去眼前浮云，方得心之自由""，不知火一生向往自由，却被人类的躯体禁锢在离人阁，直到肉体毁灭，方浴火新生。",16451,Onikili饭团子,https://music.163.com/#/song?id=1359559416,2026-08-31
中国足协杯 山东泰山队主场赛事,离岛之歌,我希望这首歌不都是全用来祈愿的，各位秃秃鼠能够倾听这哀怨少女的娓娓情愫，感受空灵静谧的美妙奏曲，为辛苦制作的音乐歌者，作曲家，作词家等等这些背后辛苦制作的人，感谢阴阳师，给我们带来耗肝的游戏，秃头的玩法，用心的cg，悦耳的音乐…… 有生之年，本阴阳师永远爱阴阳师(灬ºωº灬)♩,15824,香烟深海鱼,https://music.163.com/#/song?id=1359559416,2026-08-31
中国足协杯 山东泰山队主场赛事,离岛之歌,贺茂曾说要成为优秀的阴阳师，却为了阿离成为船夫守护了一辈子,11917,丫丫-阿克曼,https://music.163.com/#/song?id=1359559416,2026-08-31
中国足协杯 山东泰山队主场赛事,离岛之歌,为解小姐姐忧愁  把策划剃成光头,11113,天青揽月,https://music.163.com/#/song?id=1359559416,2026-08-31
中国足协杯 山东泰山队主场赛事,离岛之歌,希望听到这首歌的人都能抽到不知火plmm[奸笑],10849,皋月有八,https://music.163.com/#/song?id=1359559416,2026-08-31
中国足协杯 山东泰山队主场赛事,离岛之歌,说实话，不知火可能是网易最成功的一个式神，没有之一。,8862,修箱我,https://music.163.com/#/song?id=1359559416,2026-08-31
中国足协杯 山东泰山队主场赛事,离岛之歌,但是悲伤的是，蓝票没了，花魁不来[流泪],5742,芋泥小丸子奶,https://music.163.com/#/song?id=1359559416,2026-08-31
中国足协杯 山东泰山队主场赛事,离岛之歌,不知火给杏园城主递了一支白花，现在终于知道那是什么意思了,5283,时A-七环儿,https://music.163.com/#/song?id=1359559416,2026-08-31
中国足协杯 山东泰山队主场赛事,离岛之歌,回坑了！曾经爆肝超鬼王的回忆和大家聊天的回忆！氧氧鼠不倒！陪你到老！即使再非策划赶我老子也不走了！号找不到了再认真玩个新号！生活工作再忙也抽点时间陪阴阳师！（那么多的游戏有长生命，阴阳师也值得继续精彩下去！阴阳师靠我们老玩家抗着！破音！[强]）,5219,上杉绘梨衣小怪兽黑道公主,https://music.163.com/#/song?id=1359559416,2026-08-31
中国足协杯 山东泰山队主场赛事,离岛之歌,视频CG证明氪金是得不到不知火的。,4220,死在繁星中,https://music.163.com/#/song?id=1359559416,2026-08-31
乃万,I don't wanna see u anymore,没事没事 不管你是从哪来的 谢谢你 请多多支持我的作品 [爱心],576728,NINEONEandOnly,https://music.163.com/#/song?id=528326686,2026-08-31
乃万,I don't wanna see u anymore,别隔着屏幕对一个人产生感情.,327075,精致居居妹,https://music.163.com/#/song?id=528326686,2026-08-31
乃万,I don't wanna see u anymore,往後的日子都是嶄新的了 別再回頭看了,97309,7uukkie,https://music.163.com/#/song?id=528326686,2026-08-31
乃万,I don't wanna see u anymore,也说不出为什么我好像没那么喜欢你了,88547,1ANGMIE,https://music.163.com/#/song?id=528326686,2026-08-31
乃万,I don't wanna see u anymore,那天我看向你 山河都在我眼底,58772,账号已注销,https://music.163.com/#/song?id=528326686,2026-08-31
乃万,I don't wanna see u anymore,从不试图摘月， 我要这月亮为我而来。,52880,我爱依琳啊,https://music.163.com/#/song?id=528326686,2026-08-31
乃万,I don't wanna see u anymore,就凭你打的字比他多的那一刻你就输了,48646,Sopy_jakeee,https://music.163.com/#/song?id=528326686,2026-08-31
乃万,I don't wanna see u anymore,我的小熊说它真的很想见你 对了 我也是,41109,账号已注销,https://music.163.com/#/song?id=528326686,2026-08-31
乃万,I don't wanna see u anymore,感情杀死感情 现在寸步难行,32809,Liiiar_,https://music.163.com/#/song?id=528326686,2026-08-31
乃万,I don't wanna see u anymore,jony j：你为什么来这个节目  第一场后  jony j：感谢你在这,32679,周阴婷ovo,https://music.163.com/#/song?id=528326686,2026-08-31
乃万,I don't wanna see u anymore,请问这首歌是乃万原创吗？,27660,呐慕后山荧,https://music.163.com/#/song?id=528326686,2026-08-31
乃万,I don't wanna see u anymore,中间的那个旋律简直好听到爆,26375,CwishSexy,https://music.163.com/#/song?id=528326686,2026-08-31
乃万,I don't wanna see u anymore,从你的种种表现对你已经没兴趣了,24694,-SkyHigher,https://music.163.com/#/song?id=528326686,2026-08-31
乃万,I don't wanna see u anymore,我早上6.30.上课，9.20.下晚自习，中午还是上课，没有休息的时间的...晚上回家写到12.00.睡觉，5.又起床，星期六也是要上课的，在学校也是作业写个不停。。真的，每次都感觉手要废了的感觉。。可是为了以后，不丢人，不想进差的高中，只有努力，加油，让自己变得更好，致2019.中考的我，加油！[爱心],20062,你的QQ账号有最新消息,https://music.163.com/#/song?id=528326686,2026-08-31
乃万,I don't wanna see u anymore,别对着这个陌生的天空说想她,16719,假装开心的四,https://music.163.com/#/song?id=528326686,2026-08-31
乃万,But U,Hey，半年好久，但深刻烙在我心里。我夜晚经常在宿舍阳台一发呆就是几个小时，想着那么多曾经触手可及的东西好像离我已经越来越远了。现在我回来了，我为我能继续做自己喜欢的事而自豪，我为我能继续做自己而骄傲，在这件事上我从来都是那么的笃定。即便我是个消化系统不太好的人，但我快乐。,193132,NINEONEandOnly,https://music.163.com/#/song?id=1459232593,2026-08-31
乃万,But U,谢谢大家这么支持我的歌…真的感谢❤️虽然可能一开始是以rap被大家认识，但我确实不只喜欢rap也不止只唱rap，各种风格我都做。只要是我想做的。所以rapper这个头衔我不够充分也并能完全代表我。只想写任何我想写的歌！再次谢谢大家！,56928,NINEONEandOnly,https://music.163.com/#/song?id=1459232593,2026-08-31
乃万,But U,这居然是为了一瓶香水写的歌，我惊呆了😱,48696,yoouooloo,https://music.163.com/#/song?id=1459232593,2026-08-31
乃万,But U,如果but u可以10w+的话…我是说 我给but u把mv拍了,47476,NINEONEandOnly,https://music.163.com/#/song?id=1459232593,2026-08-31
乃万,But U,天呐，原来这首歌是乃万的，我之前还以为是欧美的哪个歌手,24503,一个大萝北_,https://music.163.com/#/song?id=1459232593,2026-08-31
乃万,But U,斯内普教授说：“Always.”,22100,NINEONEandOnly,https://music.163.com/#/song?id=1459232593,2026-08-31
乃万,But U,你好，我用陶白比喻了一下眼白的部分。瞳孔躺在陶白想表达的意思就是黑白透彻深邃无比的眼眸。,19848,NINEONEandOnly,https://music.163.com/#/song?id=1459232593,2026-08-31
乃万,But U,少年与爱，永不老去！即便披荆斩棘，丢失怒马鲜衣！欢迎歌手乃万回归！,14452,Akkyio-,https://music.163.com/#/song?id=1459232593,2026-08-31
乃万,But U,我好像知道是写给谁的了...爱真好啊,13432,日高宗正,https://music.163.com/#/song?id=1459232593,2026-08-31
乃万,But U,我寻思着，她为女性说过那么多次话，不管是在公共场合还是在歌曲中，告诉女孩子要勇敢，不仅要经济独立，还要人格独立，当时怎么也不见微博上那些极端女权说她几句好啊。就因为说了“也应该给予男生一些宽容和理解”，就被喷的体无完肤…谁才是平权主义者，谁才是打着女权的名义搞性别对立…,11716,Care_CSGb,https://music.163.com/#/song?id=1459232593,2026-08-31
乃万,But U,真的，男生矮不要自卑。我大一刚入学的时候只有168，也有人说我太矮了，后来我每天坚持锻炼、喝牛奶。果然不出一年，我就接受了这个现实。,11593,热血青年爱练武,https://music.163.com/#/song?id=1459232593,2026-08-31
乃万,But U,一切都会好起来的，对吧。,11003,NINEONEandOnly,https://music.163.com/#/song?id=1459232593,2026-08-31
乃万,But U,“奇数继续爱   偶数就放弃吧”,10335,沈乐澈,https://music.163.com/#/song?id=1459232593,2026-08-31
乃万,But U,智者不入爱河，台湾属于中国,9384,德拉科尔,https://music.163.com/#/song?id=1459232593,2026-08-31
乃万,But U,感觉和霉霉刚转型的风格一样,8882,我一会就找你,https://music.163.com/#/song?id=1459232593,2026-08-31
乃万,NATASHA,表面最本分的人内心是哪样的流派🥀,15680,6D不会说唱,https://music.163.com/#/song?id=1977929314,2026-08-31
乃万,NATASHA,刚开口我还以为哪个欧美女歌手,13974,摇滚格斯,https://music.163.com/#/song?id=1977929314,2026-08-31
乃万,NATASHA,你们要好 要爱自己 要努力 要开心❤️,7763,NINEONEandOnly,https://music.163.com/#/song?id=1977929314,2026-08-31
乃万,NATASHA,这才是第一女rapper 不仅仅会唱rap还会创作歌曲 vivo她算什么,7271,lucky_水,https://music.163.com/#/song?id=1977929314,2026-08-31
乃万,NATASHA,她冒充胡萝卜小姐参加宴会，本以为万无一失，结果…,6942,_perseverance___,https://music.163.com/#/song?id=1977929314,2026-08-31
乃万,NATASHA,其实要说afro的话18年我就做过了…大家真的不必的啦 千万别吵起来真的 打开app听歌本来是快乐的事 喜欢就听听嘛 不喜欢就…听一下我新发的哈哈哈哈哈哈哈哈哈,6593,NINEONEandOnly,https://music.163.com/#/song?id=1977929314,2026-08-31
乃万,NATASHA,第一次听这首歌我以为是doja出新歌了结果一搜竟然是乃万唱的 真的打死我也想不到[惊恐],5016,辉之岛,https://music.163.com/#/song?id=1977929314,2026-08-31
乃万,NATASHA,大家好 多谢大家收听 虚心接受大家的指教与点评 这首歌曲风格也是近年很受欢迎的 早年我就非常喜欢 也有过相似风格的歌 只是以前afro这个风格可能还不为咱们所熟知 总之很欣喜和大家喜欢同类风格的音乐 再次感谢收听💕,4242,NINEONEandOnly,https://music.163.com/#/song?id=1977929314,2026-08-31
乃万,NATASHA,我真没想到这歌是乃万的 还以为是欧美歌曲,3456,浔幽野子,https://music.163.com/#/song?id=1977929314,2026-08-31
乃万,NATASHA,我一直以为是欧美救命，居然是China[吐舌][吐舌],3293,果砸ya_,https://music.163.com/#/song?id=1977929314,2026-08-31
乃万,NATASHA,娜塔莎会继续迎着风 向着太阳 捧着鲜花，赵馨玥也会一直被爱包围,2638,落日郁香,https://music.163.com/#/song?id=1977929314,2026-08-31
乃万,NATASHA,我丢，这是乃万唱的，真的惊到我了，好好听啊啊啊啊啊,2460,杨敦敦-,https://music.163.com/#/song?id=1977929314,2026-08-31
乃万,NATASHA,我没想到乃万还能唱成这样,2144,念梅泽,https://music.163.com/#/song?id=1977929314,2026-08-31
乃万,NATASHA,脑内全是胡萝卜大小姐轻蔑的笑,1913,嗯今天也要早点睡,https://music.163.com/#/song?id=1977929314,2026-08-31
乃万,NATASHA,《出国留学的胡萝卜小姐》,1900,小寒小寒TvT,https://music.163.com/#/song?id=1977929314,2026-08-31
乃万,没收,这首歌创作想法源于任何感情关系中的“绑架”。人总因动情或深情而常常陷自我于水火之中，甚至牺牲自己的心情而成全他人。我知道一切缘起都逃不过变质，但希望我们都能在爱里活得从容，也希望不管我们是去爱的人，还是被爱的人，都先学会守护自己，再置身于爱。不论亲情，友情，爱情。,6665,NINEONEandOnly,https://music.163.com/#/song?id=1907439686,2026-08-31
乃万,没收,这首作为2021最后一首，希望大家喜欢。2022有更多惊喜想要呈现，想再次告诉听众朋友们，我很荣幸成为你耳机里的一瞬间。❤️,5895,NINEONEandOnly,https://music.163.com/#/song?id=1907439686,2026-08-31
乃万,没收,乃万发but u时我在热恋 乃万发boy那段时间我因为房子钞票愁 乃万发这首时我已经分手八九个月了 简直就是我这一年的总结 真是谢谢你了乃万姐 简直就是我的bgm [大哭][大哭][大哭],3376,ssjksy,https://music.163.com/#/song?id=1907439686,2026-08-31
乃万,没收,一年里出了三十首歌，乃万Nb,1593,丶任朝暮-,https://music.163.com/#/song?id=1907439686,2026-08-31
乃万,没收,歌曲英文名是《let me go》，2021收获满满，10场音乐节，9场巡演，一个个舞台一首首新歌，乃万在音乐世界里欢快畅游，NINEONE#不被定义，放手给音乐人NINEONE＃所有可能，2022希望乃万继续在音乐道路上闪闪发光！❤,809,德翁治恶,https://music.163.com/#/song?id=1907439686,2026-08-31
乃万,没收,什么才是永远 失去才是永远,691,泥以为泥素随啊别让我为难呀,https://music.163.com/#/song?id=1907439686,2026-08-31
乃万,没收,笑死了懒得装了 分手那天我开心的在被窝里笑疯了,669,世界毁灭可以吻你吗,https://music.163.com/#/song?id=1907439686,2026-08-31
乃万,没收,希望新的一年，如果你曾经或身边在一段有压迫感的关系里，无论是爱情，亲情或友情，都有勇气离开那些会让你累积负面情绪或变得不自信的关系。或许总会有闪过的熟悉感，让人难以切割，但真的只有离开云雾，方能看到前方的曙光。,647,Dimple_CHU,https://music.163.com/#/song?id=1907439686,2026-08-31
乃万,没收,这首歌很有那种想要逃离恋爱怪圈的感觉，好喜欢,627,imAqiu,https://music.163.com/#/song?id=1907439686,2026-08-31
乃万,没收,哈哈哈哈哈哈哈哈我的天🤦‍♀️,400,NINEONEandOnly,https://music.163.com/#/song?id=1907439686,2026-08-31
乃万,没收,哈哈哈哈乃万再高产还是没有你的生活更多变的😂,339,挂月亮-,https://music.163.com/#/song?id=1907439686,2026-08-31
乃万,没收,哈哈哈哈没有没有 认真在创业  以后有了会和大家分享喜事,314,NINEONEandOnly,https://music.163.com/#/song?id=1907439686,2026-08-31
乃万,没收,⠀ ⠀⠀ ⠀ ⠀ 『我希望正在读这句话的人永远开心』⠀ ⠀ ⠀ ⠀,303,抱抱日生,https://music.163.com/#/song?id=1907439686,2026-08-31
乃万,没收,而且歌曲到质量都很高，不得不说很牛了,287,若我站在朝阳_,https://music.163.com/#/song?id=1907439686,2026-08-31
乃万,没收,姐姐你真的好久没发个人单曲了，刚才看了一下，你上一次发个人单曲还是在上次！唱作人乃万NINEONE继续加油呀，我会一直陪着你的，会陪你一直走下去的！Please don't let me go。,280,Enoenin爱好我,https://music.163.com/#/song?id=1907439686,2026-08-31
乌兰图雅,自乘风浪,啊啊曾沛慈好有辨识度的声音！好好听！,1347,ohyeah_xiaoying,https://music.163.com/#/song?id=3382499468,2026-08-31
乌兰图雅,自乘风浪,曾沛慈“不让期待堆砌成高墙”，好听😘,869,不听歌怎么可能呢,https://music.163.com/#/song?id=3382499468,2026-08-31
乌兰图雅,自乘风浪,乘风之后最好听的主题曲,776,--iiiii--,https://music.163.com/#/song?id=3382499468,2026-08-31
乌兰图雅,自乘风浪,曾沛慈唱得好好！！声音好好听！,738,小眠今晚要好眠,https://music.163.com/#/song?id=3382499468,2026-08-31
乌兰图雅,自乘风浪,沛慈好好听！好有辨识度的声音,568,踏踏啊不哭,https://music.163.com/#/song?id=3382499468,2026-08-31
乌兰图雅,自乘风浪,曾沛慈全肯定！！姐姐你最棒！！我爱你！！！,550,谢静雯ing,https://music.163.com/#/song?id=3382499468,2026-08-31
乌兰图雅,自乘风浪,谁懂啊！曾沛慈的part一开口，鸡皮疙瘩直接起来了！,518,阿媚MEI,https://music.163.com/#/song?id=3382499468,2026-08-31
乌兰图雅,自乘风浪,张月陈瑶太会唱了，我成为我最美的主张，我想要我得到，这两句词不就是姐姐们来乘风破浪的意义嘛💜💜💜💜💜💜💜💜💜💜💜💜💜💜💜💜💜💜💜💜💜💜💜💜💜💜💜💜💜💜💜💜💜💜💜💜💜💜💜💜💜,481,不知道叫什么都被占用了_,https://music.163.com/#/song?id=3382499468,2026-08-31
乌兰图雅,自乘风浪,曾沛慈！！！！“不让期待堆砌成高墙”太会唱了吧！好有辨识度！！！一听就是曾沛慈,381,好运biu,https://music.163.com/#/song?id=3382499468,2026-08-31
乌兰图雅,自乘风浪,曾沛慈！！！！“不让期待堆砌成高墙”太会唱了吧！好有辨识度！！！,334,_vAzi,https://music.163.com/#/song?id=3382499468,2026-08-31
乌兰图雅,自乘风浪,曾沛慈声音好透,298,Rin-7u,https://music.163.com/#/song?id=3382499468,2026-08-31
乌兰图雅,自乘风浪,曾沛慈怎么能唱得这么好听[哭哭],234,Serene-0119,https://music.163.com/#/song?id=3382499468,2026-08-31
乌兰图雅,自乘风浪,张月🩵张月🩵张月🩵张月🩵张月🩵张月🩵张月🩵张月🩵张月🩵张月🩵张月🩵张月🩵,216,月来月好914,https://music.163.com/#/song?id=3382499468,2026-08-31
乌兰图雅,自乘风浪,这个沛慈唱的也太好听了！,195,我又鲨鱼啦,https://music.163.com/#/song?id=3382499468,2026-08-31
乌兰图雅,自乘风浪,追了七季，最喜欢的浪三的主题曲，然后是这首了，可能我比较偏向这类，感觉这类型的歌更能表达姐姐们在节目里的不断努力，不畏艰难的feel。,193,墨逸羽轩,https://music.163.com/#/song?id=3382499468,2026-08-31
乌兰图雅,站在草原望北京 (Live),小涂鸦烂麦都用过这只是小场面,314,吟白sus,https://music.163.com/#/song?id=3366596563,2026-08-31
乌兰图雅,站在草原望北京 (Live),随橙想，反耳成了涂鸦老师的个人演唱会,261,U_Uishoxo,https://music.163.com/#/song?id=3366596563,2026-08-31
乌兰图雅,站在草原望北京 (Live),这不就是C道出位吗，这这九点儿五万人观看这还不是C道出位吗,217,星月KaleidSun,https://music.163.com/#/song?id=3366596563,2026-08-31
乌兰图雅,站在草原望北京 (Live),爽死了 全开麦这水准音准,184,jerk-jolt,https://music.163.com/#/song?id=3366596563,2026-08-31
乌兰图雅,站在草原望北京 (Live),乌兰图雅：从没打过这么富裕的仗,180,Jason-Li少年雷之神,https://music.163.com/#/song?id=3366596563,2026-08-31
乌兰图雅,站在草原望北京 (Live),依旧北京的天眼系统,100,P马h甲i叠l满l版y,https://music.163.com/#/song?id=3366596563,2026-08-31
乌兰图雅,站在草原望北京 (Live),稳得一批！！！！不愧是身经百战的草原女神 移动信号检测师 北京永远的守望者涂鸦老师👍🏻,89,去糖三分冰丶,https://music.163.com/#/song?id=3366596563,2026-08-31
乌兰图雅,站在草原望北京 (Live),花了0秒爱上这个图雅老师,62,想做守约的妹妹,https://music.163.com/#/song?id=3366596563,2026-08-31
乌兰图雅,站在草原望北京 (Live),小涂鸦不管是商演还是在煤矿文工团，都是下乡演出，设备通常简陋，而且慰问或者商演下面的观众也都不想粉丝一样很放得开很热情，想要演出氛围好就真的是靠演员们用自己的实力和热情去带动。所以想看最提气的live就要看咱们一嗓子一嗓子吼出来的文工团艺术家[亲吻][亲吻],57,LittleSunDarko,https://music.163.com/#/song?id=3366596563,2026-08-31
乌兰图雅,站在草原望北京 (Live),芒果每次都能压错人,54,今年财神爷到我家,https://music.163.com/#/song?id=3366596563,2026-08-31
乌兰图雅,站在草原望北京 (Live),这就是把每一场考试当做高考来对待。小涂鸦什么场面什么烂麦没见过。,45,小飞侠1874,https://music.163.com/#/song?id=3366596563,2026-08-31
乌兰图雅,站在草原望北京 (Live),这个编曲和混音ai味有点冲，，，不过小涂鸦唱的还是够劲,39,春日步吃大阪烧,https://music.163.com/#/song?id=3366596563,2026-08-31
乌兰图雅,站在草原望北京 (Live),你们记住！我们图雅不高兴就是蒙古49部不高兴！让她用好麦克风多玩儿会儿吧！,37,雨别星湖,https://music.163.com/#/song?id=3366596563,2026-08-31
乌兰图雅,站在草原望北京 (Live),我对女性的最高评价是气血充足。,36,喵咪咪_大脸猫,https://music.163.com/#/song?id=3366596563,2026-08-31
乌兰图雅,站在草原望北京 (Live),小涂鸦的声音一出来天都亮了 我气血都足了,33,Janhay丁,https://music.163.com/#/song?id=3366596563,2026-08-31
乐圣传奇 郑杰钢琴独奏,真爱你的云（天是透明的）,然而很多人都不知道的是，原唱黄国俊先生在口罩期间因新冠在马来西亚过世了，他是个极其温暖的人，是个充满爱的歌手，他现场演唱的真爱你的云完美无缺毫无瑕疵。可惜他歌红人不红，如今很多人只知道这首歌，却不知道他的名字。感谢郑杰伦先生的翻唱，让我再次想起他，怀念他。,1127,付云嵩-小付,https://music.163.com/#/song?id=2690205237,2026-08-31
乐圣传奇 郑杰钢琴独奏,真爱你的云（天是透明的）,嗝儿ěéè～～我真爱你了[多多大哭],1030,Gorilla秋,https://music.163.com/#/song?id=2690205237,2026-08-31
乐圣传奇 郑杰钢琴独奏,真爱你的云（天是透明的）,给这首歌打97分 因为剩下三分归元气[狗头],744,寂图图,https://music.163.com/#/song?id=2690205237,2026-08-31
乐圣传奇 郑杰钢琴独奏,真爱你的云（天是透明的）,真好听啊，蛄蛹蛄蛹的[多多比耶],619,得意来Nitzhonot,https://music.163.com/#/song?id=2690205237,2026-08-31
乐圣传奇 郑杰钢琴独奏,真爱你的云（天是透明的）,这首歌的改编的前奏，就好像步惊云在迪斯科舞池中央，对着心爱的女人solo一段。,355,雄楚大道张国荣,https://music.163.com/#/song?id=2690205237,2026-08-31
乐圣传奇 郑杰钢琴独奏,真爱你的云（天是透明的）,25年听《真爱你的云》的人永远幸福,297,牵下手,https://music.163.com/#/song?id=2690205237,2026-08-31
乐圣传奇 郑杰钢琴独奏,真爱你的云（天是透明的）,张国荣曾经说过：谈恋爱要从一束花和正式的告白开始，而不是暧昧自然形成的，一个人没有明确的说喜欢你，那就是普通朋友，生活需要仪式感，礼物是为了提醒我们爱与被爱，不清不楚的开始，只会不明不白的结束。,287,Doejy-0325,https://music.163.com/#/song?id=2690205237,2026-08-31
乐圣传奇 郑杰钢琴独奏,真爱你的云（天是透明的）,他翻唱得别有风味…[亲亲][亲亲][亲亲],180,每一天都是新滴,https://music.163.com/#/song?id=2690205237,2026-08-31
乐圣传奇 郑杰钢琴独奏,真爱你的云（天是透明的）,网易云你可千万要争气保住这首翻唱啊[流泪][流泪][流泪],173,基因堇-,https://music.163.com/#/song?id=2690205237,2026-08-31
乐圣传奇 郑杰钢琴独奏,真爱你的云（天是透明的）,你们一个个会员等级都挺高啊,154,思念渐漫成海,https://music.163.com/#/song?id=2690205237,2026-08-31
乐圣传奇 郑杰钢琴独奏,真爱你的云（天是透明的）,比原版好听，立马收藏，在车里听感觉很不错,154,单眼皮孩子王,https://music.163.com/#/song?id=2690205237,2026-08-31
乐圣传奇 郑杰钢琴独奏,真爱你的云（天是透明的）,没必要拉踩吧？原唱也自己的韵味，疫情原唱还鼓励我们，可惜 他去世了,114,小乔_-,https://music.163.com/#/song?id=2690205237,2026-08-31
乐圣传奇 郑杰钢琴独奏,真爱你的云（天是透明的）,我去，起码十几年没听到这个歌了,101,Fonchieh,https://music.163.com/#/song?id=2690205237,2026-08-31
乐圣传奇 郑杰钢琴独奏,真爱你的云（天是透明的）,救命🆘看了你的评论每次听那句都忍不住想笑,99,永夜Epliskey,https://music.163.com/#/song?id=2690205237,2026-08-31
乐圣传奇 郑杰钢琴独奏,真爱你的云（天是透明的）,你可太搞笑了，没有任何翻唱能超越原唱的。,63,腐朽之果,https://music.163.com/#/song?id=2690205237,2026-08-31
乐圣传奇 郑杰钢琴独奏,风情万种,好家伙，一个周星星一个郑杰伦，我直接看成周杰伦,12478,致敬-,https://music.163.com/#/song?id=1838461483,2026-08-31
乐圣传奇 郑杰钢琴独奏,风情万种,代入感很强，海边的风已经把我的内裤都吹飞了,9954,FanGo2soon,https://music.163.com/#/song?id=1838461483,2026-08-31
乐圣传奇 郑杰钢琴独奏,风情万种,中   國   人   民   真   蒸   汽,8025,BadBOYn33dMOREluvvTHOUGH,https://music.163.com/#/song?id=1838461483,2026-08-31
乐圣传奇 郑杰钢琴独奏,风情万种,蒸 就 完 了,4575,Zealot周星星,https://music.163.com/#/song?id=1838461483,2026-08-31
乐圣传奇 郑杰钢琴独奏,风情万种,求求各位开车的时候在车里放这首歌，好听死了[流泪],4297,一直在找找找,https://music.163.com/#/song?id=1838461483,2026-08-31
乐圣传奇 郑杰钢琴独奏,风情万种,高中地理告诉你：哪个男生夜晚说带你吹海风一定是假的，因为晚上吹陆风,2832,ccyynniicc,https://music.163.com/#/song?id=1838461483,2026-08-31
乐圣传奇 郑杰钢琴独奏,风情万种,不 蒸 馒 头 蒸 口 汽,2815,物幾必反_,https://music.163.com/#/song?id=1838461483,2026-08-31
乐圣传奇 郑杰钢琴独奏,风情万种,无语字 弥漫在夜空听成你妈在夜空……,2567,xiaoyexiaoyeupz,https://music.163.com/#/song?id=1838461483,2026-08-31
乐圣传奇 郑杰钢琴独奏,风情万种,好累，想躺在床上持续地接吻，空气中只有接吻的声音。 ​​​,2389,用灵魂生火,https://music.163.com/#/song?id=1838461483,2026-08-31
乐圣传奇 郑杰钢琴独奏,风情万种,够长吗？,1578,郑杰伦JZ,https://music.163.com/#/song?id=1838461483,2026-08-31
乐圣传奇 郑杰钢琴独奏,风情万种,“我不敢在阳光底下吻你，于是平静海面下有了最汹涌的爱意。”,1314,是餘不是余,https://music.163.com/#/song?id=1838461483,2026-08-31
乐圣传奇 郑杰钢琴独奏,风情万种,觉得这首歌真的很适合在疲惫一天中闭着眼睛靠在公交车上的座位边，抬头一看就有粉红色的晚霞在眼眸一亮，会觉得整个世界都会浪漫了不少。 美好的浪漫并不是必须要有男朋友才能拥有的特权呀！ 我也很值得世界给予我不期而遇的浪漫。,979,H_Moving,https://music.163.com/#/song?id=1838461483,2026-08-31
乐圣传奇 郑杰钢琴独奏,风情万种,她今天打扮的好漂亮我不应该带她去吃路边摊的,864,我在收集Kitty和证据-_-,https://music.163.com/#/song?id=1838461483,2026-08-31
乐圣传奇 郑杰钢琴独奏,风情万种,集美们  我的愿望实现了   我一直喜欢的人跟我在一起啦！,812,拿桃子当饭,https://music.163.com/#/song?id=1838461483,2026-08-31
乐圣传奇 郑杰钢琴独奏,风情万种,"毛姆的《面纱》写道:我对你根本没抱幻想。我知道你愚蠢,轻佻,头脑空虚,然而我爱你。我知道你的企图、你的理想,你的势利,庸俗,然而我爱你。我知道你是个二流货色,然而我爱你。有时候爱一个人,最糟糕的处境是,我没有爱上你尽力呈现的美好面貌,而是爱上了你浑浊不堪的内心。",755,我踏着暖暖清风缓缓而来,https://music.163.com/#/song?id=1838461483,2026-08-31
乐圣传奇 郑杰钢琴独奏,SAD! $ WI ING WI ING（翻自 XXXTENTACION）,我发现 日推这个东西要鸽他几天才会好听,77404,DowneyXD,https://music.163.com/#/song?id=1350224869,2026-08-31
乐圣传奇 郑杰钢琴独奏,SAD! $ WI ING WI ING（翻自 XXXTENTACION）,我就不一样了，我是私人FM,45568,睡至人間煮飯時,https://music.163.com/#/song?id=1350224869,2026-08-31
乐圣传奇 郑杰钢琴独奏,SAD! $ WI ING WI ING（翻自 XXXTENTACION）,求求你出R&B All night 完整版吧！,20072,西昏-,https://music.163.com/#/song?id=1350224869,2026-08-31
乐圣传奇 郑杰钢琴独奏,SAD! $ WI ING WI ING（翻自 XXXTENTACION）,这首歌很适合秋天洗完澡的晚上吹干头发，穿着松软的连帽卫衣和运动短裤，去街边的超市买甜筒吃，回来的路上边听边吃，孤独的幸福。,14937,EvalionS,https://music.163.com/#/song?id=1350224869,2026-08-31
乐圣传奇 郑杰钢琴独奏,SAD! $ WI ING WI ING（翻自 XXXTENTACION）,“春天的原野里，你一个人正走着，对面走来一只可爱的小熊，浑身的毛活像天鹅绒，眼睛圆鼓鼓的。它这么对你说道：‘你好，小姐，和我一块儿打滚玩好么？’接着，你就和小熊抱在一起，顺着长满三叶草的山坡咕噜咕噜滚下去，整整玩了一大天。你说棒不棒？” “太棒了。” “我就这么喜欢你。”,11437,没想勉强,https://music.163.com/#/song?id=1350224869,2026-08-31
乐圣传奇 郑杰钢琴独奏,SAD! $ WI ING WI ING（翻自 XXXTENTACION）,你老是以为我有很大的鱼塘 有聊不完的小哥哥其实一整天我除了听歌就是盯着你的对话框发呆 等什么时候你能为我心动一次.,8293,Deretdf,https://music.163.com/#/song?id=1350224869,2026-08-31
乐圣传奇 郑杰钢琴独奏,SAD! $ WI ING WI ING（翻自 XXXTENTACION）,不懂就问 这是把2首歌合到一起吗？？？？,6095,MrsDaydream,https://music.163.com/#/song?id=1350224869,2026-08-31
乐圣传奇 郑杰钢琴独奏,SAD! $ WI ING WI ING（翻自 XXXTENTACION）,歌词的事我已经花了一积分找人去办了 朕不允许这么宝藏的歌没有歌词。,5962,Luovo11,https://music.163.com/#/song?id=1350224869,2026-08-31
乐圣传奇 郑杰钢琴独奏,SAD! $ WI ING WI ING（翻自 XXXTENTACION）,为什么见过不少漂亮的女孩子竟然会为了一些长的很奇怪的生物掉眼泪,5200,xxymmm_,https://music.163.com/#/song?id=1350224869,2026-08-31
乐圣传奇 郑杰钢琴独奏,SAD! $ WI ING WI ING（翻自 XXXTENTACION）,我就想问一下，有多少人认识xxx,5167,云深与谁归,https://music.163.com/#/song?id=1350224869,2026-08-31
乐圣传奇 郑杰钢琴独奏,SAD! $ WI ING WI ING（翻自 XXXTENTACION）,all night 什么时候上啊,4458,月亮逃犯i,https://music.163.com/#/song?id=1350224869,2026-08-31
乐圣传奇 郑杰钢琴独奏,SAD! $ WI ING WI ING（翻自 XXXTENTACION）,物以类聚人以群分，三观才是人与人之间最大的距离,3058,万物不及姑娘你,https://music.163.com/#/song?id=1350224869,2026-08-31
乐圣传奇 郑杰钢琴独奏,SAD! $ WI ING WI ING（翻自 XXXTENTACION）,陈年的日推才香嘛,2788,张小翘-j,https://music.163.com/#/song?id=1350224869,2026-08-31
乐圣传奇 郑杰钢琴独奏,SAD! $ WI ING WI ING（翻自 XXXTENTACION）,收到赞后高兴的不行，第二天拿起手机看到手机干净的不行  那一瞬间的孤单才是真的强烈   所以现在我每天晚上都会去评论  虽然收到的赞不多  但我是真的想留住那一瞬的高兴[可爱]   顺便日推～,2740,165的小胖胖,https://music.163.com/#/song?id=1350224869,2026-08-31
乐圣传奇 郑杰钢琴独奏,SAD! $ WI ING WI ING（翻自 XXXTENTACION）,对对对，这两个歌我都收藏了，没想到合在一起竟然那么好听！！！！！,2594,Biecdontfalme,https://music.163.com/#/song?id=1350224869,2026-08-31
乐圣传奇 郑杰钢琴独奏,R&B All Night (翻自 KnowKnow),我参加了R&B All Night翻唱大赛请大家多多支持呀 记得在网易和微博视频上点赞留言哦！,13979,郑杰伦JZ,https://music.163.com/#/song?id=1411784110,2026-08-31
乐圣传奇 郑杰钢琴独奏,R&B All Night (翻自 KnowKnow),一直在模仿 直到看到有超越的一次,13024,筱歌eee,https://music.163.com/#/song?id=1411784110,2026-08-31
乐圣传奇 郑杰钢琴独奏,R&B All Night (翻自 KnowKnow),听这个版本的时候！满脑子都是粉红色的云，波光粼粼的海面，微微轻抚的海风，慵懒地感觉👌,4976,吟嗏,https://music.163.com/#/song?id=1411784110,2026-08-31
乐圣传奇 郑杰钢琴独奏,R&B All Night (翻自 KnowKnow),太喜欢蒸汽波了…以至于觉得原版被秒了……骚凹瑞,4115,妙妙战神,https://music.163.com/#/song?id=1411784110,2026-08-31
乐圣传奇 郑杰钢琴独奏,R&B All Night (翻自 KnowKnow),我太爱这个版本了 一天不知道要听几十遍,3503,吃饱饱穿暖暖睡香香,https://music.163.com/#/song?id=1411784110,2026-08-31
乐圣传奇 郑杰钢琴独奏,R&B All Night (翻自 KnowKnow),两年前我从加拿大坐16小时飞机到台湾见他，当时真的不觉得有时差，一想到马上可以见到面，就开心个不停。分手大半年了，到现在已经没有了悲伤，听到这首歌却也还是很想念当时的我们，只要一台机车就可以凌晨到处吃夜宵。爱情虽有遗憾，但却不能否认曾经的甜。,2767,Nia_Yuen,https://music.163.com/#/song?id=1411784110,2026-08-31
乐圣传奇 郑杰钢琴独奏,R&B All Night (翻自 KnowKnow),周杰伦声音怎么感觉跟以前不太一样了,2424,南华醉月,https://music.163.com/#/song?id=1411784110,2026-08-31
乐圣传奇 郑杰钢琴独奏,R&B All Night (翻自 KnowKnow),这首歌曲经过蒸汽波化处理后，秒杀了原曲。音乐元素的复制黏贴，每分钟的节拍数下降，重拍鼓点带来厚重的呼吸感，再加上音色特意的处理，让听者不自觉沉浸于一个柔软又迷幻的空间中。,1913,然鹅1376,https://music.163.com/#/song?id=1411784110,2026-08-31
乐圣传奇 郑杰钢琴独奏,R&B All Night (翻自 KnowKnow),有没有类似这种风格的歌啊我太喜欢了我要疯掉了,1873,XxKookV,https://music.163.com/#/song?id=1411784110,2026-08-31
乐圣传奇 郑杰钢琴独奏,R&B All Night (翻自 KnowKnow),你是一个人版的落日飞车,1579,mxdoll,https://music.163.com/#/song?id=1411784110,2026-08-31
乐圣传奇 郑杰钢琴独奏,R&B All Night (翻自 KnowKnow),这   样   打   字   才   显   得   蒸   汽   波   吗？,1358,我特别正经,https://music.163.com/#/song?id=1411784110,2026-08-31
乐圣传奇 郑杰钢琴独奏,R&B All Night (翻自 KnowKnow),好奇怪，你又凶又木头我还觉得你可爱,1279,偷偷的叹了口气,https://music.163.com/#/song?id=1411784110,2026-08-31
乐圣传奇 郑杰钢琴独奏,R&B All Night (翻自 KnowKnow),有种超市关门的感觉,767,小刘没有油,https://music.163.com/#/song?id=1411784110,2026-08-31
乐圣传奇 郑杰钢琴独奏,R&B All Night (翻自 KnowKnow),听说你在的城市风很大 我也比想象中更常想起你🚶‍♂️,742,耀司与我,https://music.163.com/#/song?id=1411784110,2026-08-31
乐圣传奇 郑杰钢琴独奏,R&B All Night (翻自 KnowKnow),真的比原唱好听太多了,689,罗想想Vincent,https://music.163.com/#/song?id=1411784110,2026-08-31
乐夏榜中榜·流行热歌沉浸式,你笑起来真好看(英文欢快版),被英语老师叫来学着唱😂,172,账号已注销,https://music.163.com/#/song?id=1485231103,2026-08-31
乐夏榜中榜·流行热歌沉浸式,你笑起来真好看(英文欢快版),《你笑起来真好看》欢快版最近因为湖南娄底三中的课间操又火了起来，于是忍不住下手了，用英文将欢快的曲调呈现出来，希望再蹭个热度，望各位看官多包涵。,141,中文流行歌曲英文版,https://music.163.com/#/song?id=1485231103,2026-08-31
乐夏榜中榜·流行热歌沉浸式,《世间美好与你环环相扣》英文版,又到辞旧迎新的12月，特推出《世间美好与你环环相扣》英文版。原作由柏松演唱，是2019年火遍全网的治愈系歌曲，它揭示了一个人生真谛，即人间至冷的背后，总有双温暖的手在推我们前进。由于水平有限，英文版《世间美好与你环环相扣》很难再现原作魅力，请各位多担待。,275,中文流行歌曲英文版,https://music.163.com/#/song?id=1409288801,2026-08-31
乐夏榜中榜·流行热歌沉浸式,《世间美好与你环环相扣》英文版,第一次听这首歌的时候，是中文，我们正甜蜜。现在，听着这首歌，是英文，我们互不联系。,23,C菇凉凉,https://music.163.com/#/song?id=1409288801,2026-08-31
乐夏榜中榜·流行热歌沉浸式,《世间美好与你环环相扣》英文版,这个，估计应该很难，毕竟水平有限。有你的支持，就心满意足了,20,中文流行歌曲英文版,https://music.163.com/#/song?id=1409288801,2026-08-31
于贞,飞奔向你,贞好听哈哈哈哈,23679,石玺彤彤彤彤,https://music.163.com/#/song?id=1483786045,2026-08-31
于贞,飞奔向你,看了节目，里面的烟花燃起来于贞在里面跳来跳去的时候，我突然觉得和女生恋爱很美，真的美，像日本动漫电影常有的烟花一样美,21619,BKL洋,https://music.163.com/#/song?id=1483786045,2026-08-31
于贞,飞奔向你,飞奔向我吗👭🏻,18810,孙瑄阳Xtina,https://music.163.com/#/song?id=1483786045,2026-08-31
于贞,飞奔向你,好听的嘞！,17983,DDDoggie,https://music.163.com/#/song?id=1483786045,2026-08-31
于贞,飞奔向你,对不起…歌词真的越听越像女孩子 呜呜可能是我的问题但我真的太想说出来了…,17398,afterJune-,https://music.163.com/#/song?id=1483786045,2026-08-31
于贞,飞奔向你,姜师:唱的不多，押得不快  贞不多:没错，正是在下,13870,楨煒LaZyWay,https://music.163.com/#/song?id=1483786045,2026-08-31
于贞,飞奔向你,你已经很棒了！[狗],7273,螺丝刀RoseDoggy,https://music.163.com/#/song?id=1483786045,2026-08-31
于贞,飞奔向你,“我们从窗台的花谈到宇宙爆炸，却找不到机会拥抱一下。”,6125,cc-tresor,https://music.163.com/#/song?id=1483786045,2026-08-31
于贞,飞奔向你,分手啦！再也不用四点半起床几百公里飞奔向你啦！再不用再掐着九点的查寝时间赶回宿舍啦！再也不用找你啦！再也不用忍受高铁、公交、公交站跑到你宿舍门口的激动啦！再也不用哄你啦！再也不用被你哄啦！异地的分手就是这么奇奇葩葩。不爱啦就是不爱啦，抱歉我真的不爱啦。亲爱的猪猪。最后一次飞奔向你,5357,zxi天才,https://music.163.com/#/song?id=1483786045,2026-08-31
于贞,飞奔向你,也不是不行,4895,于贞ingrita,https://music.163.com/#/song?id=1483786045,2026-08-31
于贞,飞奔向你,我飞奔向你，无关性别，摈弃世俗，跨过山海 我想拥抱你的腰肢，在昏暗的礼堂，挑一支叛逆的舞 我想乘上那班飞机，与你奔赴未来，看高山巍峨，大海苍远 我想把你烙在心底，思念已酿成诗句，泛滥成灾 我想将满腔爱意说出，却只能喝下伏特加，将情话都咽下 我用四季来等你，天分梦见你。这场婚礼痴念罢了,3757,缸中脑-,https://music.163.com/#/song?id=1483786045,2026-08-31
于贞,飞奔向你,打扰一下各位啦，我和我家老婆10月12就要在一起7年了，我想为她集齐来自全国各地的祝福。 因为两个女孩子在一起挺不容易的，我特别想在这个特殊的日子送我老婆一个特殊的礼物，如果您有空的话，可以在下方留言，xx地区祝小李小刘七周年快乐！回复一下就行了，我想剪成一个视频，纪念日的时候送给她。,3546,痛苦的新裤子,https://music.163.com/#/song?id=1483786045,2026-08-31
于贞,飞奔向你,如果熬过异地 就永远在一起吧,2822,93不喝牛奶,https://music.163.com/#/song?id=1483786045,2026-08-31
于贞,飞奔向你,总是把“轻声唱，R&B”听成“情深长，还有你”,2802,罗路哈玛,https://music.163.com/#/song?id=1483786045,2026-08-31
于贞,飞奔向你,“我离你六公里 半小时内 你不用来 我去” “朋友 亲人 ――” “我想要安全感”“我就是” “是他拯救了孤僻侠” “我们回家”,2664,-爱会降临-,https://music.163.com/#/song?id=1483786045,2026-08-31
于贞,她和她和她,说唱新世代上集：说唱养成节目  说唱新世代下集：演唱会现场版,38858,凌凌凌你好啊,https://music.163.com/#/song?id=1428243603,2026-08-31
于贞,她和她和她,说唱新世代上集：变形记  说唱新世代下集：亚运会开幕式,36931,asfretretretfxvb,https://music.163.com/#/song?id=1428243603,2026-08-31
于贞,她和她和她,Hi大家好我是Lisa 于贞跟我同年同月同日生 初中是同学 后来她高中转学了就一直没见过 但每年过生日互相都会发消息祝福 之前她刚发这首歌 给我发了个微信 告诉我这首歌里面的Lisa以我为原型 我特别感动 我一直相信女性的力量是无穷的 希望姐妹们都能够找到自己热爱的 然后努力的追寻！💗,20678,lisalamm,https://music.163.com/#/song?id=1428243603,2026-08-31
于贞,她和她和她,一开始看标题以为讲爱情三角恋的。是我格局小了,19762,Hiiii8D,https://music.163.com/#/song?id=1428243603,2026-08-31
于贞,她和她和她,可能她的笑容也是精彩的一部分，那段笑着唱出来真的太喜欢了,16583,404times2,https://music.163.com/#/song?id=1428243603,2026-08-31
于贞,她和她和她,翻译生想说一下Rita🙋🏻她应该是一个日语口译员8。大型会议为了会场环境，一般会开很冷的空调，译员要穿正装的（一般是那种裙装）所以会腹痛；其次，无论译员做多少译前准备，现场都会有各种各样的情况，所以会头皮发麻疯狂记笔记，做各种努力完成口译（翻译的准确性非常重要，属于超高强度工作啦,14113,庐山蛋饼,https://music.163.com/#/song?id=1428243603,2026-08-31
于贞,她和她和她,为什么单独听歌的时候，没有说唱节目上听的那么震撼？,10925,NoahBBQ,https://music.163.com/#/song?id=1428243603,2026-08-31
于贞,她和她和她,“听说 这是市里面最有名的律所，来面试的男生座无虚席的静默”“他们说 要小心以公谋私的恶意”感觉小姐姐的这一版也好听啊啊 求[呆],9925,葵数,https://music.163.com/#/song?id=1428243603,2026-08-31
于贞,她和她和她,说明节目灯光、剪辑做得也很好，气氛也很重要，不然为啥会有演唱会,8727,耀家向日葵,https://music.163.com/#/song?id=1428243603,2026-08-31
于贞,她和她和她,之前看到一个教授说现代女性在意识觉醒这方面已经远远把同时代的男性甩在身后了，我完全认同，但并不带任何优越感，因为我知道这背后有一个真理，那就是“谁痛苦，谁改变”,8182,水色小狗骨頭,https://music.163.com/#/song?id=1428243603,2026-08-31
于贞,她和她和她,我说 说唱新世代 比 中国有说唱 好看各位没有意见吧,7879,PuraVidas,https://music.163.com/#/song?id=1428243603,2026-08-31
于贞,她和她和她,舞台效果非常好,6091,池央启,https://music.163.com/#/song?id=1428243603,2026-08-31
于贞,她和她和她,姜师:唱的不多，押得不快  贞不多:没错，正是在下,5595,肆伍陆陆陆,https://music.163.com/#/song?id=1428243603,2026-08-31
于贞,她和她和她,大家都去看 哔哩哔哩《说唱新世代》！！炸翻了！,5295,TOUCH0ME0IN0NO0WAY,https://music.163.com/#/song?id=1428243603,2026-08-31
于贞,她和她和她,因为舞台版发挥的比录音棚还好...,4900,Armorguy,https://music.163.com/#/song?id=1428243603,2026-08-31
于贞,粒子们,粒子们一颗又一颗构成你  周密,42645,沈从文1911,https://music.163.com/#/song?id=1457329446,2026-08-31
于贞,粒子们,宇宙还挺谦虚的，明明拥有一切粒子，却还叫太空,21151,东京长尾巴的电猫,https://music.163.com/#/song?id=1457329446,2026-08-31
于贞,粒子们,于贞唱这首歌的时候 一个镜头都没给导师和观众 非常有感觉 最后还有亮片撒下来 像是在看她的个人演唱会 严敏真的太会了,20668,月亮醉叻,https://music.163.com/#/song?id=1457329446,2026-08-31
于贞,粒子们,你一评我一评 于贞明天就出名,20588,琳檎树,https://music.163.com/#/song?id=1457329446,2026-08-31
于贞,粒子们,说构成周密的那个，就像是庄严的月光下一帮人肃穆，虔诚的祈祷，结果漆黑的天上，一颗颗粒子逐渐拼凑成了周密的笑脸：我才是综艺之王。,16687,Jane_LeeJh,https://music.163.com/#/song?id=1457329446,2026-08-31
于贞,粒子们,这首歌真的弯眼看人姬,14872,canoena,https://music.163.com/#/song?id=1457329446,2026-08-31
于贞,粒子们,决赛曲目我已经提前听了,12912,假笑男孩不emo,https://music.163.com/#/song?id=1457329446,2026-08-31
于贞,粒子们,为什么我听着很像两个女孩绝美爱情,9765,LllZzsunrise,https://music.163.com/#/song?id=1457329446,2026-08-31
于贞,粒子们,两个女孩子相爱，从一见面开始以为是一见钟情，她牵着她的手去海边，她躺在海滩上，脑海里已经和她去了意大利，在教堂里接吻，接着去森林里办一个没有亲戚，隔开外界的婚礼，当她醒来，她只是带着凉薄的笑对着她说“回家吧，天晚了。”“不管死后去不去天堂，我们只能变成最为微小的粒子才能够相爱。”,8404,旧北巷__,https://music.163.com/#/song?id=1457329446,2026-08-31
于贞,粒子们,恶魔 你是恶魔,7518,SKITNG,https://music.163.com/#/song?id=1457329446,2026-08-31
于贞,粒子们,可惜了，于贞，说实话那奇沃夫被导师们过分偏爱，我记得第二期，懒惰说了句，导师们觉得声音洋气就格外讨喜,7114,潇洒丶哥,https://music.163.com/#/song?id=1457329446,2026-08-31
于贞,粒子们,没看歌词还以为是粒子一个又一个构成你 严敏[呆],6606,光热不耐,https://music.163.com/#/song?id=1457329446,2026-08-31
于贞,粒子们,没感觉到很姬，这首歌给我一种《三体》的感觉，就很宏大,6567,一点D-D不吃鱼,https://music.163.com/#/song?id=1457329446,2026-08-31
于贞,粒子们,这根本不能听着写作业！！！我老想摆着淡漠疲倦的表情睥睨地球，仿佛处于外星人的贤者时间，凉薄冰冷又有一丝缱绻迷恋,6551,Piliki,https://music.163.com/#/song?id=1457329446,2026-08-31
于贞,粒子们,这个词才是夏之禹说的留白。没有直接抒发爱情，但句句都在讲爱和情。,6093,超好运版土豆姐,https://music.163.com/#/song?id=1457329446,2026-08-31
于贞,30才是新的18,拜托！30岁还是一个人真的很酷 没有一地鸡毛的婚姻 没有要我负责的孩子 有的是时间探索自己的爱好 花钱学英语去健身去旅行看演出 为自己那些毫无赚钱价值的小爱好买单 我还没摸到自由的边 我要去过我所有好奇的人生 人生完全由自己掌控太爽了,1516,笛笛啊呜呜,https://music.163.com/#/song?id=3353117291,2026-08-31
于贞,30才是新的18,个人认为这才是该上浪姐的歌手，该在浪姐舞台上唱的歌,975,啦啦啦hehehe,https://music.163.com/#/song?id=3353117291,2026-08-31
于贞,30才是新的18,我走了，开会去了👋👋,657,于贞ingrita,https://music.163.com/#/song?id=3353117291,2026-08-31
于贞,30才是新的18,“30岁是新的18岁，我很爱你但请你别忘记爱自己。”,364,17881788__,https://music.163.com/#/song?id=3353117291,2026-08-31
于贞,30才是新的18,我要在30岁生日当天把这首歌分享到朋友圈,332,秋和泉,https://music.163.com/#/song?id=3353117291,2026-08-31
于贞,30才是新的18,那么多30+女的唱一个周杰伦的歌审美太差了（上学时也超喜欢过周杰伦，但真的配不上30+女性）,292,用户7851904945,https://music.163.com/#/song?id=3353117291,2026-08-31
于贞,30才是新的18,我很感谢现在的女性电影，让我对中女这个年龄段无比的向往，那个有秩序有钱有闲自洽的阶段，是奥德赛时期无比期待的,251,吴小悠your,https://music.163.com/#/song?id=3353117291,2026-08-31
于贞,30才是新的18,#预告# 3月7日20:00-20:30，于贞@于贞ingrita 将惊喜空降新歌《30才是新的18》评论区！定好闹钟，前排占座，准时来网易云音乐和她见面吧！,210,网易云音乐,https://music.163.com/#/song?id=3353117291,2026-08-31
于贞,30才是新的18,今年的巡演海报不如就用邀请函的形式吧哈哈哈哈,192,闻尔玉,https://music.163.com/#/song?id=3353117291,2026-08-31
于贞,30才是新的18,yes!,144,于贞ingrita,https://music.163.com/#/song?id=3353117291,2026-08-31
于贞,30才是新的18,我来了！朋友们你们今天好吗？？,141,于贞ingrita,https://music.163.com/#/song?id=3353117291,2026-08-31
于贞,30才是新的18,宴请好朋友和三十个自己大团圆,134,于贞ingrita,https://music.163.com/#/song?id=3353117291,2026-08-31
于贞,30才是新的18,很喜欢“宴请好朋友和30个自己大团圆”这一句，让我想到之前很火的一个送礼物的方式，就是给对方准备从1岁到当下年龄之间每一年的礼物，因为每长大一岁都值得庆祝，每一份成长都值得纪念。邀请那些见证自己成长或成为自己人生重要部分的好朋友，更邀请那些不同版本走过风风雨雨的自己，感谢他们成就了,134,_谨初,https://music.163.com/#/song?id=3353117291,2026-08-31
于贞,30才是新的18,我同意 周杰伦现在的音乐真的很俗……,120,弗洛斯特yu,https://music.163.com/#/song?id=3353117291,2026-08-31
于贞,30才是新的18,整张专辑立意都特别好哭…谁敢在离开家的时刻听这张专辑 我每次听都在哭 伟大的女性主义 谢谢你姐姐 我听懂了,86,xxxxxxxhou,https://music.163.com/#/song?id=3353117291,2026-08-31
五月天,后来的我们,自己亲手推开的人，是没有资格说遗憾的,74678,总有一束光等着你,https://music.163.com/#/song?id=422104138,2026-08-31
五月天,后来的我们,同学我们没有下学期了,38268,-怪我咎由自取,https://music.163.com/#/song?id=422104138,2026-08-31
五月天,后来的我们,回忆脑比恋爱脑更可怕,30025,三汁小羊,https://music.163.com/#/song?id=422104138,2026-08-31
五月天,后来的我们,“性格方面我向你道歉 论感情我真的没对不起你”,28525,悲伤双皮烤冷面,https://music.163.com/#/song?id=422104138,2026-08-31
五月天,后来的我们,“明明可以做一辈子的朋友，却非要当那几个月的情侣，你后悔吗”,27791,木之_言叶,https://music.163.com/#/song?id=422104138,2026-08-31
五月天,后来的我们,很喜欢杨绛女士的一句话：“我从不后悔对任何一个人好，哪怕是看错人，哪怕是被辜负，哪怕是撞南墙，因为我对你好，不代表你有多好，只是因为我很好”,26778,秋烬之蝶,https://music.163.com/#/song?id=422104138,2026-08-31
五月天,后来的我们,后来的我们，确实在一起了[可爱]也有了自己的女儿,22330,哲哲的小卿言,https://music.163.com/#/song?id=422104138,2026-08-31
五月天,后来的我们,祝我女朋友扛过胃癌 我们约定好八月结婚,18072,世纪忧章,https://music.163.com/#/song?id=422104138,2026-08-31
五月天,后来的我们,这一刻是网易云送给我们2023年最好的礼物,17718,_Nastume,https://music.163.com/#/song?id=422104138,2026-08-31
五月天,后来的我们,嘴上说着翻篇 其实偷偷折了个角,17161,愿雨蒙蒙,https://music.163.com/#/song?id=422104138,2026-08-31
五月天,后来的我们,版权来喽 新年快乐！,16222,-蓝山-__,https://music.163.com/#/song?id=422104138,2026-08-31
五月天,后来的我们,宫崎骏有一段浪漫的语录：其实我很早就知道我们不合适。但是我还是拒绝了所有人陪你走了一段没有结果的路 虽然时间不长 但毕生难忘。留住你和放过你 我都做不到。就像我坐在湖边 以为是海边.我吹着湖边的风 以为吹着的是海风.但湖是湖 海是海.,12001,甜甜酷酷-,https://music.163.com/#/song?id=422104138,2026-08-31
五月天,后来的我们,《杀死一只知更鸟》中有这样一段话：“你永远不可能真正的了解一个人，除非你穿上她的鞋子走来走去，站在她的角度思考问题，可当你走过她的路时，你连路过都觉得难过。,11520,沙拉湫,https://music.163.com/#/song?id=422104138,2026-08-31
五月天,后来的我们,炫耀了好久的故事最终还是烂尾了,11361,不与人辩解,https://music.163.com/#/song?id=422104138,2026-08-31
五月天,后来的我们,我考上了中国人民公安大学！！！！！,11057,-我也常失眠,https://music.163.com/#/song?id=422104138,2026-08-31
五月天,突然好想你,我提的 我删的 我断的 我想你 我有病,59396,账号已注销,https://music.163.com/#/song?id=385781,2026-08-31
五月天,突然好想你,回忆这东西啊，自带美颜功效。,38681,账号已注销,https://music.163.com/#/song?id=385781,2026-08-31
五月天,突然好想你,“那种满的快要溢出来的喜欢，好像这辈子都不会再有了”,29844,倘若问心有愧_,https://music.163.com/#/song?id=385781,2026-08-31
五月天,突然好想你,我才唱了两句，她就哭了。她听这首歌的时候那时不是我,27187,马铃薯做的洋芋味土豆片,https://music.163.com/#/song?id=385781,2026-08-31
五月天,突然好想你,哪有什么突然好想你 只是一直没忘记,20128,要做幸福小八,https://music.163.com/#/song?id=385781,2026-08-31
五月天,突然好想你,某个晚上接到一个陌生来电 电话那头是现场的突然好想你 当时就没忍住蹲在人来人往的大街上哭了。那些年和你说好一起去听演唱会的人还在吗。,14245,我想变作小狗,https://music.163.com/#/song?id=385781,2026-08-31
五月天,突然好想你,跑大老远过来看那个我提的 我删的 我断的 我想你 我有病,5376,梨花诵,https://music.163.com/#/song?id=385781,2026-08-31
五月天,突然好想你,原来最痛的惩罚不是失去，而是永远记得。,5277,总有一束光等着你,https://music.163.com/#/song?id=385781,2026-08-31
五月天,突然好想你,没想到我们是这样结束了青春,5253,VioletsForRoses,https://music.163.com/#/song?id=385781,2026-08-31
五月天,突然好想你,你把别人丢了，你还觉得自己可怜是吗？,4830,ADAZB,https://music.163.com/#/song?id=385781,2026-08-31
五月天,突然好想你,可怕的是双方都没有忘记彼此，却都以为对方开始了新的生活.,4618,你听小雨转晴,https://music.163.com/#/song?id=385781,2026-08-31
五月天,突然好想你,男孩子真讨厌，既能做狠心的事，偏偏又能唱最痴情的歌,3962,INVVY,https://music.163.com/#/song?id=385781,2026-08-31
五月天,突然好想你,共情力太强是比恋爱脑还严重的绝症,3959,热吻玲兰花,https://music.163.com/#/song?id=385781,2026-08-31
五月天,突然好想你,昨天分手了 本来好好的 突然找到这首歌 听了第一句 眼泪就下来了 我骗过了所有人 我说我没事 我不难受 可我骗不了我自己 你已经走了 祝你幸福,3902,丶梅子清酒,https://music.163.com/#/song?id=385781,2026-08-31
五月天,突然好想你,高二一女孩生日时候送我的CD后来我才知道她希望我快点成熟勇敢牵她手,3234,川50,https://music.163.com/#/song?id=385781,2026-08-31
五月天,步步,生如浮萍般卑微  爱却苍穹般壮烈,23100,鹿麋鹿,https://music.163.com/#/song?id=28181103,2026-08-31
五月天,步步,我祝所有不真诚的人永远活在新鲜感的循环臭水沟里.,22608,情-512,https://music.163.com/#/song?id=28181103,2026-08-31
五月天,步步,五月天给电视剧配的歌比电视剧好太多。。。,13978,土间困,https://music.163.com/#/song?id=28181103,2026-08-31
五月天,步步,失去是相互的 可想念不是,13002,楠楠楠Rita,https://music.163.com/#/song?id=28181103,2026-08-31
五月天,步步,五月天的歌里什么都有，唯独没有纠缠,11524,我到底是谁_6yU2,https://music.163.com/#/song?id=28181103,2026-08-31
五月天,步步,诅咒你 在每一个醉酒和真心话的时候都会想起我,9348,谢锐韬圈内女友,https://music.163.com/#/song?id=28181103,2026-08-31
五月天,步步,有正在听《步步》这首歌的女孩子吗？祝你天天发财，无忧无虑。,8440,林楚倩,https://music.163.com/#/song?id=28181103,2026-08-31
五月天,步步,记得13年11月11日歌词刚出来 看到“生如浮萍般卑微 爱却苍穹般壮烈”这句 超级震撼......诗人阿信这惊人的词句。,7972,五月知夏,https://music.163.com/#/song?id=28181103,2026-08-31
五月天,步步,这里评论真吓人，无论几岁爱情都不该是你们生活的全部啊。人与人的生活节奏都不一样，有人3分钟泡面有人3小时煲汤，有人外卖已送达，有的人才刚切好蒜和肉。大家赶的时间不一样，慢慢会有人理解你的小情绪，慢慢理解你长大后的小心愿了解海边圆月。慢慢来的才是诚意，好戏都在烟火里。[生病],7218,异丛生,https://music.163.com/#/song?id=28181103,2026-08-31
五月天,步步,性格方面我向你道歉，感情方面我真的没有对不起你,5509,Vvanker,https://music.163.com/#/song?id=28181103,2026-08-31
五月天,步步,小王子说“想要与人制造羁绊就要承担掉眼泪的风险” ，爱情和友情一样会令人伤心，所以感情要一步步经营，我今后不再轻易勇敢，我的勇敢取决于尼是否想加入我的世界。,4127,ColdSerein,https://music.163.com/#/song?id=28181103,2026-08-31
五月天,步步,“见一面都很难的人 居然还在幻想着有以后”,4037,无论天晴雨雪,https://music.163.com/#/song?id=28181103,2026-08-31
五月天,步步,步步怎么写出来的，太好听了,3954,江是江泽的江,https://music.163.com/#/song?id=28181103,2026-08-31
五月天,步步,“其实早睡两个小时也不会错过什么重要消息”,3936,wd2023,https://music.163.com/#/song?id=28181103,2026-08-31
五月天,步步,放给正在追的妹子听，他说很好听很喜欢写的像诗一样，然后就答应我了。希望我能一直和她在一起，希望这条评论不要沉下去，谢谢阿信谢谢五月天！,3694,-小可,https://music.163.com/#/song?id=28181103,2026-08-31
五月天,我不愿让你一个人,五月天的很多歌都在表达:我是爱你的，但你永远是自由的,20528,lLingj-,https://music.163.com/#/song?id=385554,2026-08-31
五月天,我不愿让你一个人,暗恋的人在演唱会打电话给我听这首，抱着一大摞书站在树底下又紧张又开心。后来我才明白，他想告诉我的是，也许未来你会找到懂你疼你更好的人，下段旅程你一定要更幸福丰盛。,16460,野旷,https://music.163.com/#/song?id=385554,2026-08-31
五月天,我不愿让你一个人,每一段爱情故事里，都会有一百个死心的瞬间，有一百个想要放弃的瞬间，有一百个被刺痛的瞬间，有一百个忍不住哭的瞬间，但都抵不过几千几万次想要拥抱对方的瞬间。,11697,账号已注销,https://music.163.com/#/song?id=385554,2026-08-31
五月天,我不愿让你一个人,五月天的歌里什么都有，唯独没有纠缠,6974,-白冰糖,https://music.163.com/#/song?id=385554,2026-08-31
五月天,我不愿让你一个人,爱意出现大部分是因为女方漂亮，爱意延续大部分是因为男方真诚，而爱情长久，一定是因为男方是恋爱脑，女方三观正。 理论上来讲，爱情都是在走下坡路，但如果你一路走得很平稳，那一定是有人悄悄垫了很多块砖，如果你一路走的欢呼雀跃，那一定是有人把你扛在了肩上。,6707,精緻Koi,https://music.163.com/#/song?id=385554,2026-08-31
五月天,我不愿让你一个人,下段旅程 你一定要更幸福丰盛,6196,我只想说四个字丶请联系我,https://music.163.com/#/song?id=385554,2026-08-31
五月天,我不愿让你一个人,你很早就意识到对方不是同路人，但还是忍不住想拖延散场的时间，想再多和他说一些话，多了解他认识他理解他，甚至会期待你们走着走着就顺路了。,5126,3uii3,https://music.163.com/#/song?id=385554,2026-08-31
五月天,我不愿让你一个人,我说我舍不得 你说长痛不如短痛,4186,1iceyy,https://music.163.com/#/song?id=385554,2026-08-31
五月天,我不愿让你一个人,翻篇了 我不仅折了个角，我还经常偷看那一页,3116,小桃ooooooooooo,https://music.163.com/#/song?id=385554,2026-08-31
五月天,我不愿让你一个人,“亲手删了自己喜欢的人站出来”,3109,音乐热评吧,https://music.163.com/#/song?id=385554,2026-08-31
五月天,我不愿让你一个人,我炫耀了很久的故事烂尾了,2762,OsaTnb_7,https://music.163.com/#/song?id=385554,2026-08-31
五月天,我不愿让你一个人,听这首歌的你们在难过吗,2655,藏束光,https://music.163.com/#/song?id=385554,2026-08-31
五月天,我不愿让你一个人,你不是恋爱脑 你只是比较认真 你会幸福的,2408,让神明堕落,https://music.163.com/#/song?id=385554,2026-08-31
五月天,我不愿让你一个人,《杀死一只知更鸟》里面有一句话：你永远也不可能真正了解一个人，除非你穿上她的鞋子走来走去，站在她的角度考虑问题。可真当你走过她的路时，你连路过都觉得难过。,2278,王子门前的蔷薇,https://music.163.com/#/song?id=385554,2026-08-31
五月天,我不愿让你一个人,听这首歌 总想好好爱一个人 予他粥温 伴他到黄昏 我们总是可惜 还没有遇到或者早就错过了 那么下一次会遇见时 一起走吧 一起回家,2206,八月照相館-,https://music.163.com/#/song?id=385554,2026-08-31
亚森,荒漠上行走,太好听了，唱出了张飞和李逵手拉手在沙漠中骑着自行车的感觉，而且车轱辘还是方的。,9363,091721,https://music.163.com/#/song?id=2041212293,2026-08-31
亚森,荒漠上行走,别和之前的自己过不去，也别替未来的自己瞎操心。 只活一次 想做什么就去做吧🫡,6193,Alwayshungry,https://music.163.com/#/song?id=2041212293,2026-08-31
亚森,荒漠上行走,路边的小广告写着“太阳能维修”有人用笔在下边接了句“月亮可更换”隔天又多了一句“星星不闪包退换”,4252,大文没烦恼,https://music.163.com/#/song?id=2041212293,2026-08-31
亚森,荒漠上行走,余华老师说:“人和人交往还是少说话 克制表达欲 平静温和就行 不自卑也别炫耀 别为获得共鸣 讲起过往没完没了 无意间表现的品质 被对方发现才更招人喜欢 胜过千言万语 仔细想想 你哪次滔滔不绝后 带来的不是悔恨 ”,2893,小析翊,https://music.163.com/#/song?id=2041212293,2026-08-31
亚森,荒漠上行走,我会搞砸一切，然后坐在美丽的废墟上休息一整天。,1905,今晚在富士山_,https://music.163.com/#/song?id=2041212293,2026-08-31
亚森,荒漠上行走,999+的时候 倒立垂吹瓶 ！！！！,1718,John刘江,https://music.163.com/#/song?id=2041212293,2026-08-31
亚森,荒漠上行走,没有精神寄托的时候，我完全自由且正常,1514,人人余来风满楼,https://music.163.com/#/song?id=2041212293,2026-08-31
亚森,荒漠上行走,第一次看他唱这首歌时， 她扎着双尾， 喝了点假酒， 唱的有点骚！,1142,那誰丫丫的,https://music.163.com/#/song?id=2041212293,2026-08-31
亚森,荒漠上行走,“其实早睡两个小时也不会错过什么重要消息”,733,林舒妍-氧气美女,https://music.163.com/#/song?id=2041212293,2026-08-31
亚森,荒漠上行走,有种沙漠里的骆驼喝多了在哈尔滨蹦迪BGM是漠河舞厅dj版的感觉,694,杜米稀饭_,https://music.163.com/#/song?id=2041212293,2026-08-31
亚森,荒漠上行走,泰酷辣[幽灵],648,Alwayshungry,https://music.163.com/#/song?id=2041212293,2026-08-31
亚森,荒漠上行走,我有一个朋友，他是个奇怪的男生，每天看来挺开心的，但实际却经常 emo ，每天很晚睡觉，没人跟他聊天，也没人跟他分享，总会莫名其妙的情绪低落。 他是个很矛盾的人，时而自卑，时而自信，焦虑又敏感。他还是个话痨。 他这个人也很奇怪，他喜欢社交可他又很社 恐，也很冷漠，也很无聊。,615,ReCeBI,https://music.163.com/#/song?id=2041212293,2026-08-31
亚森,荒漠上行走,真难很难不喜欢这首歌，每天被工作、生活压的喘不过气来，闭上眼听着这首歌，脑海里出现了荒漠、微风、夕阳、一个人背对着夕阳坐着，手里拿着罐啤酒，食指无名指夹着颗香烟，喝一口啤酒，抽一口香烟到肺里，缓缓吐出～这是我、这是我、想要的自由！,550,左转左转左转左转左转,https://music.163.com/#/song?id=2041212293,2026-08-31
亚森,荒漠上行走,感觉在魔力先生里唱的比录音有感觉多了,371,我的我的小哥哥,https://music.163.com/#/song?id=2041212293,2026-08-31
亚森,荒漠上行走,这首歌今早听了突然把我打开，感觉我开车驰骋在公路上，无比自由,358,阿在阿到底,https://music.163.com/#/song?id=2041212293,2026-08-31
亚森,发热,丑的谈恋爱去吧，我们美的买空调,1973,苏五二,https://music.163.com/#/song?id=2095564304,2026-08-31
亚森,发热,我正在吃饭 听着听着就把饭扔了 脱光衣服拿出我的草裙 带在头上 开始扭跨 真舒服,1041,谢必安13,https://music.163.com/#/song?id=2095564304,2026-08-31
亚森,发热,我有一个习惯，就是洗澡的时候要含一口水。这是我妈教我的，小时候她说洗澡的嘴里含一口水就不会感冒。于是我坚持这个习惯至今，直到昨天我妈告诉我真相是，我小时候洗澡喜欢唱歌，而且非常非常难听。,1024,搬砖李老板,https://music.163.com/#/song?id=2095564304,2026-08-31
亚森,发热,我把这首歌发给我弟 他说难听 我把他谈女朋友的事告诉我爸了,743,CoH_6,https://music.163.com/#/song?id=2095564304,2026-08-31
亚森,发热,“不用太着急去否定一些东西，你可能只是今天心情不好。 ”,444,-是喜庆呀-,https://music.163.com/#/song?id=2095564304,2026-08-31
亚森,发热,自从听了荒漠上行走，把亚森的歌全听了个遍，听一首爱一首…上一个给我这感觉的歌手还是许嵩💃🏻,350,谁家大美妞儿啊,https://music.163.com/#/song?id=2095564304,2026-08-31
亚森,发热,你妈妈一定是个温柔善良的女孩吧[多多大笑],287,Aaron_joyus,https://music.163.com/#/song?id=2095564304,2026-08-31
亚森,发热,众所周知，日推得晾几天，它才会努力[奸笑],240,小矮个儿bobo,https://music.163.com/#/song?id=2095564304,2026-08-31
亚森,发热,温热的风请往一边吹，让摇曳的树开场舞会，灯下飞蛾环绕着追，斑驳的光唤醒了派对，夜色下乌鸦咧开了嘴，空气中潮湿的气味，突如其来的气氛太珍贵，来吧，脱下你疲惫的躯壳，穿一身夜色，吐出你的欲望散热有音乐解渴，窗外霓虹开始闪烁心里在发热，别让孤单把梦吵醒了。,236,500Internal-Server-Error,https://music.163.com/#/song?id=2095564304,2026-08-31
亚森,发热,别人一起听歌：（暧昧、歌词暗示） 我一起听歌：不行我必须让你见识一下世界第一的歌品 我真的急了[怒],216,写信给我i,https://music.163.com/#/song?id=2095564304,2026-08-31
亚森,发热,“大鱼海棠里的鼠婆说:不要预设和别人共渡一生，就自然的相处，命运把你们带到哪里就到哪里。天有道，自不会让有情人分离：天若无道，人就该遵循天命。”,199,髙亦爍,https://music.163.com/#/song?id=2095564304,2026-08-31
亚森,发热,美的给你多少钱，我格力打双倍,162,-镜子里的人,https://music.163.com/#/song?id=2095564304,2026-08-31
亚森,发热,这也太好听了吧，不愧是大哥推荐的,146,合肥嗯分配为,https://music.163.com/#/song?id=2095564304,2026-08-31
亚森,发热,一开始被男生迷人的嗓音吸引过来点为“我喜欢”。看到编曲才发现，原来我喜欢的曲子内核仍然是闫泽欢。闫泽欢的调子加上歌手亚森的迷人嗓音，臣妾逃不过啊~逃不过,141,改改拯救世界,https://music.163.com/#/song?id=2095564304,2026-08-31
亚森,发热,起床～然后蹦哒到公司给老板一耳光[多多笑哭],130,巴拉巴拉小火鸡,https://music.163.com/#/song?id=2095564304,2026-08-31
亚森,玫瑰 (Live),今天十级了陌生人可以给我点十个赞吗[多多可怜],1037,我也曾胡思乱想,https://music.163.com/#/song?id=1336789769,2026-08-31
亚森,玫瑰 (Live),一个男人最大的失败 就是让一个深爱你的女人觉得自己瞎了眼 让一个不图你钱的女人受尽委屈 还不知道自己错在哪里,964,MRDN-413,https://music.163.com/#/song?id=1336789769,2026-08-31
亚森,玫瑰 (Live),贰佰给了玫瑰生命、亚森给了玫瑰灵魂！,677,账号已注销,https://music.163.com/#/song?id=1336789769,2026-08-31
亚森,玫瑰 (Live),请随时提醒我一下，我怕太久没听这首歌了,676,这一首歌写你,https://music.163.com/#/song?id=1336789769,2026-08-31
亚森,玫瑰 (Live),《骆驼祥子》里有一段话： “这世间的真话本就不多，一个女子的脸红，胜过一大段对白。” 可后来有了胭脂， 便分不清是真情还是假意,574,小刘能留住晚霞么,https://music.163.com/#/song?id=1336789769,2026-08-31
亚森,玫瑰 (Live),可恶 又是我们几个有品味的在听,538,_每天睡个好觉-,https://music.163.com/#/song?id=1336789769,2026-08-31
亚森,玫瑰 (Live),我逢人便说我不想结婚 其实是娶不到你,354,社牛男友,https://music.163.com/#/song?id=1336789769,2026-08-31
亚森,玫瑰 (Live),小孩才拉黑删除，成年人只是不再讲话,331,Believer_-信徒,https://music.163.com/#/song?id=1336789769,2026-08-31
亚森,玫瑰 (Live),无论什么时候看到，请提醒我喝水，谢谢,291,总是些许忧伤ek,https://music.163.com/#/song?id=1336789769,2026-08-31
亚森,玫瑰 (Live),“玫瑰不用长高，小王子会为她弯腰”  真的太爱这句话了,264,s宏y,https://music.163.com/#/song?id=1336789769,2026-08-31
亚森,玫瑰 (Live),一个赞我就来听一次,254,爱慕林徽因,https://music.163.com/#/song?id=1336789769,2026-08-31
亚森,玫瑰 (Live),还有几个小时就要起床结婚咯,226,乌日力嘎19062,https://music.163.com/#/song?id=1336789769,2026-08-31
亚森,玫瑰 (Live),看到宫崎骏一段浪漫语录：其实我很早就知道 我们不合适 但我还是陪你走了一段没有结果的路 虽然时间不长 但毕生难忘 想想真是心酸啊 留住你和放过你我都做不到 就像我坐在湖边以为是海边 我吹着湖边的风以为是海风 我喜欢你 以为你也喜欢我 但湖是湖 海是海.,183,01年南方_,https://music.163.com/#/song?id=1336789769,2026-08-31
亚森,玫瑰 (Live),貳佰给了玫瑰生命 亚森给了玫瑰灵魂.,179,FFfeng__,https://music.163.com/#/song?id=1336789769,2026-08-31
亚森,玫瑰 (Live),你要牵了别人的手 我这辈子都不会再回头看你一眼,161,池鱼-g-,https://music.163.com/#/song?id=1336789769,2026-08-31
亚森,我不管世界有多疯狂,人这一辈子千万不要马虎两件事 一是找对爱人  二是找对事业 太阳升起时要投身事业 太阳落山时要与爱人相拥的 我们终其一生都在寻找两件事 一是价值感  二是归属感 价值感来源于肯定 归属感来源于被爱,346,张叔儿,https://music.163.com/#/song?id=2649309679,2026-08-31
亚森,我不管世界有多疯狂,好歌[奸笑],200,Alwayshungry,https://music.163.com/#/song?id=2649309679,2026-08-31
亚森,我不管世界有多疯狂,这首的受众是不是都是风象星座😎,192,不合时宜派对动物,https://music.163.com/#/song?id=2649309679,2026-08-31
亚森,我不管世界有多疯狂,歌曲是好听的，但是歌词只有一套，导致亚森的歌听多了很容易腻，歌词和旋律都很单一，以至于有的人听了觉得跟别的歌很像，而且风格确实很像,68,Vinsmoke_G,https://music.163.com/#/song?id=2649309679,2026-08-31
亚森,我不管世界有多疯狂,总是串到《荒漠上行走》 怎么回事,67,玄関猫,https://music.163.com/#/song?id=2649309679,2026-08-31
亚森,我不管世界有多疯狂,一年将尽，我曾以为以我的孤独靠近你的孤独，会融化那一片黑暗，会有光，在两个暗淡的世界里熠熠闪亮。但是抱歉，还是让你回到了你的深海。微弱如我啊，成不了谁的光。,61,懒癌重症病患者,https://music.163.com/#/song?id=2649309679,2026-08-31
亚森,我不管世界有多疯狂,火象在此[鬼脸],51,-山东美少女壮士-,https://music.163.com/#/song?id=2649309679,2026-08-31
亚森,我不管世界有多疯狂,你说的这是废话 是个人都知道 只是99%的人没得选,50,伟大的前进哥,https://music.163.com/#/song?id=2649309679,2026-08-31
亚森,我不管世界有多疯狂,希望这首歌先别火，就让我们这些有品味的人先听[拜],38,SHAORUIHAO大魔王,https://music.163.com/#/song?id=2649309679,2026-08-31
亚森,我不管世界有多疯狂,佛说：“觉得沮丧时，就摸摸你的肚脐眼，那曾是妈妈和你相连的地方......她闯过鬼门关生下了你，你怎么能觉得人间不值得呢” 别低头，你也曾被爸爸高高举过头顶； 别卑微，你也是妈妈拼命想要生下来的宝贝； 别自暴自弃，你身上有几十万亿个细胞为你而活！,33,Apeng_6,https://music.163.com/#/song?id=2649309679,2026-08-31
亚森,我不管世界有多疯狂,水象也爱,27,遥远太阳的泪,https://music.163.com/#/song?id=2649309679,2026-08-31
亚森,我不管世界有多疯狂,土象来也,23,易燃易爆易碎品_XXXXKO,https://music.163.com/#/song?id=2649309679,2026-08-31
亚森,我不管世界有多疯狂,能困住我的只有爱，但爱太难，所以我一直自由,22,伪善的仙女,https://music.163.com/#/song?id=2649309679,2026-08-31
亚森,我不管世界有多疯狂,好好听，有种在城市之间转圈，周边的建筑随着旋转逐步倒塌，一篇森林开始疯狂生长,16,以乱易整,https://music.163.com/#/song?id=2649309679,2026-08-31
亚森,我不管世界有多疯狂,小众哥到处都有啊[汗],15,一席青衣醉,https://music.163.com/#/song?id=2649309679,2026-08-31
付豪,他真的对你好吗 (Live版),我就服这位哥们儿。别管什么歌，他都能完美的诠释出来，通过他那沙哑的喉咙，总能唱出儿子误入岐途、女儿做了技师，老婆跟别人跑了的凄凉，捐出自己的器官求出孩子后发现，孩子不是亲生时，自己得了绝症的伤痛感！,924,穆Saa,https://music.163.com/#/song?id=3358413188,2026-08-31
付豪,他真的对你好吗 (Live版),在网易的好处就是不管过了多少年 在某一天 唉？！突然发现   你的评论被人赞啦   ！ 这可是很久以前发的评论呢 就会想到以前是有多美好。。。。,625,想我了吗宝儿i,https://music.163.com/#/song?id=3358413188,2026-08-31
付豪,他真的对你好吗 (Live版),他真！的！他真的！！他真！的对你好吗！,397,花颜可爱吖,https://music.163.com/#/song?id=3358413188,2026-08-31
付豪,他真的对你好吗 (Live版),[语音],318,付豪,https://music.163.com/#/song?id=3358413188,2026-08-31
付豪,他真的对你好吗 (Live版),我是个小音乐人 如果明年火了 在座的各位都有内场票,289,有你懂我就够啦,https://music.163.com/#/song?id=3358413188,2026-08-31
付豪,他真的对你好吗 (Live版),人这一辈子千万不要马虎两件事 一是找对爱人  二是找对事业 太阳升起时要投身事业 太阳落山时要与爱人相拥的 我们终其一生都在寻找两件事 一是价值感  二是归属感 价值感来源于肯定 归属感来源于被爱,242,张叔儿,https://music.163.com/#/song?id=3358413188,2026-08-31
付豪,他真的对你好吗 (Live版),我在山东新泰开了一家温暖的小店 用父亲的小名“路军”命名 2022年终于圆了自己多年的梦想 2023年是父亲肺癌脑转的第六年 也是我退伍回家陪伴他的第四年 店里循环着我们都爱听的民谣 可命运无常 家父已于2023年5月22日永远离开了我 2024年8月11日“路军烧烤”正式闭店 从此 我的念想也永远留在了这里。,139,路军烧烤暂时闭店,https://music.163.com/#/song?id=3358413188,2026-08-31
付豪,他真的对你好吗 (Live版),额 不知你这到底是夸赞还是咋的了,116,sst_z,https://music.163.com/#/song?id=3358413188,2026-08-31
付豪,他真的对你好吗 (Live版),不许再叫哥了 哥只是 96 年的,94,小何先生T,https://music.163.com/#/song?id=3358413188,2026-08-31
付豪,他真的对你好吗 (Live版),“后来才发现，那些你无法释怀放不下的人，到最后都已没有任何意义。能留在你身边的，从来都不是你拼命去追赶的人。”,93,要么你来拥抱我_,https://music.163.com/#/song?id=3358413188,2026-08-31
付豪,他真的对你好吗 (Live版),魔力歌先生我称之为近些年音综第一！！！,80,---旭哥哥---,https://music.163.com/#/song?id=3358413188,2026-08-31
付豪,他真的对你好吗 (Live版),我成功了 我们三月十六日在一起了 我们一起发誓 我这一生非她不娶 她非我不嫁[脸红],62,爱我的小婳,https://music.163.com/#/song?id=3358413188,2026-08-31
付豪,他真的对你好吗 (Live版),到底是好马不吃回头草，还是相爱总能和好,61,企谈,https://music.163.com/#/song?id=3358413188,2026-08-31
付豪,他真的对你好吗 (Live版),有人精明的权衡利弊的放弃你 也有人笨到擦干眼泪去爱你,60,N24ue-,https://music.163.com/#/song?id=3358413188,2026-08-31
付豪,他真的对你好吗 (Live版),好好沟通很难吗？,60,小小彗星9,https://music.163.com/#/song?id=3358413188,2026-08-31
付豪,这辈子我们还能在一起吗 (Live版),典典弟弟～,29,阿格苗,https://music.163.com/#/song?id=3381877095,2026-08-31
付豪,这辈子我们还能在一起吗 (Live版),“明明你没有说分手，但我分明感觉到了你在松手.”,20,莫如凉笙,https://music.163.com/#/song?id=3381877095,2026-08-31
付豪,病根 (Live版),当了兵，好像什么都有了，又好像什么都丢了，友情也好爱情也好！,72,寒露见枫,https://music.163.com/#/song?id=3376157944,2026-08-31
付豪,病根 (Live版),晚安感动不了成年人 不图你钱的女孩子只是没长大,56,往事封存在眼底,https://music.163.com/#/song?id=3376157944,2026-08-31
付豪,病根 (Live版),一个爱胡思乱想的女孩和一个不爱表达的男孩注定不能在一起,53,总是些许忧伤ek,https://music.163.com/#/song?id=3376157944,2026-08-31
付豪,病根 (Live版),“性格方面我向你道歉 论感情我真的没对不起你”,49,dan-蛋_,https://music.163.com/#/song?id=3376157944,2026-08-31
付豪,病根 (Live版),要命好才有用 幸福这东西不卡颜 不卡钱 不卡身材 不卡三观 纯卡命,45,冰冰babyo,https://music.163.com/#/song?id=3376157944,2026-08-31
付豪,病根 (Live版),大概心里都藏着一个放不下的人吧。明明已经走远了，可心里那道疤永远愈合不了，往后遇见再多的人，也都代替不了当初的那份心动。有些遗憾藏在心底不敢说，只能借着这首歌，偷偷发泄自己的委屈和不甘。往后余生，你是我的心病，也是我久治不愈的病根。,39,0000_jHpc,https://music.163.com/#/song?id=3376157944,2026-08-31
付豪,病根 (Live版),谢谢付豪，为我的遗憾歌单又加一曲,22,-Doria小依呀,https://music.163.com/#/song?id=3376157944,2026-08-31
付豪,病根 (Live版),唐好，我真的真的真的好喜欢你，这辈子因为很多不可抗拒的原因没机会在一起了，下辈子我一定要跟你在一起，有好多好多话想跟你说但是没机会了，如果有下辈子一定不会错过,19,羽筠,https://music.163.com/#/song?id=3376157944,2026-08-31
付豪,病根 (Live版),时间不能倒流，豆角也能炖熟，还好我和你还有一段美好的回忆。,19,HoHo-AE,https://music.163.com/#/song?id=3376157944,2026-08-31
付豪,病根 (Live版),爱你的人给了你力量，批评你的人给了你清醒，帮助你的人给了你机会，陷害你的人给了你胸怀，赞扬你的人给了你信心，抹黑打击你的人给了你坚强，但凡是岁月馈赠于你的，都有他的道理，岁月给你的沉淀，让人成长，生命中遇到的各种苦难磨难和劫难，有福之人才配经历，命运送你的，暗中都标好了他的意义。,18,天马的诗,https://music.163.com/#/song?id=3376157944,2026-08-31
付豪,病根 (Live版),"我很少主动找人，真不是高冷。最近有朋友跟我说， 觉得我这个人好像特别冷淡，说我从来不会主动去找别人聊天，也很少主动维系关系。其实我想好好解释一下，我不主动联系任何人，真的不是高冷， 也不是故意疏远谁，更不是不在乎。我本身就是一个习惯性被动的INFJ, 骨子里自带疏离感，不擅长主动寒暄",15,风景却不及我,https://music.163.com/#/song?id=3376157944,2026-08-31
付豪,病根 (Live版),“也怪我注定，天生就没有那一种命”,12,偷喝旋律的貓,https://music.163.com/#/song?id=3376157944,2026-08-31
付豪,病根 (Live版),军师从不上战场，一上就是恋爱脑 劝别人的时候头头是道，轮到自己，你别管，我自有自的死法,10,君归ii,https://music.163.com/#/song?id=3376157944,2026-08-31
付豪,病根 (Live版),好累啊  太累了,10,鲸屿山海在-,https://music.163.com/#/song?id=3376157944,2026-08-31
付豪,平凡日子里的挣扎 (Live版),我想听游鸿明独唱,97,雷小同学,https://music.163.com/#/song?id=2721754791,2026-08-31
付豪,平凡日子里的挣扎 (Live版),付豪版：好比 我们一般的上班族，在平凡中挣扎的模样，点份烧烤、扎啤的不羁、呐喊… 游鸿明：更像是成功人士， 人生过大半，从容的笑看自己的过去…接收那份 从容、现实、并与自己和解。,74,鸟人pilot,https://music.163.com/#/song?id=2721754791,2026-08-31
付豪,平凡日子里的挣扎 (Live版),游鸿明的声音确实一下子就诗意了起来,73,_小书书,https://music.163.com/#/song?id=2721754791,2026-08-31
付豪,平凡日子里的挣扎 (Live版),即使生活一地鸡毛，我们也要把它扎成一个漂亮的鸡毛掸子。,48,赴山野o,https://music.163.com/#/song?id=2721754791,2026-08-31
付豪,平凡日子里的挣扎 (Live版),强烈建议来个游鸿明独唱的版本！！！,17,rossoneri_晶彩,https://music.163.com/#/song?id=2721754791,2026-08-31
付豪,平凡日子里的挣扎 (Live版),这个付豪是谁啊！一股子抖音神曲味儿，和诗人严重不搭！,15,落花惜流水r,https://music.163.com/#/song?id=2721754791,2026-08-31
任贤齐,伤心太平洋,90年飘过。用网易云音乐的好处就是再也不是一个人在听歌。,36355,巫水河畔的陈半仙,https://music.163.com/#/song?id=144513,2026-08-31
任贤齐,伤心太平洋,星期五，雨。想来无事，提前下班。跑到超市买伞，得小黄伞，几年前看老爸老妈的浪漫史，便想要一把黄伞，这场雨到是成全了。38路，司机大哥放了碟，都是8'90年代的经典，从beyond到蔡琴，再到林忆莲，放到伤心太平洋时，突然决定坐到终点站。公交车在雨中穿行，仿佛要开往另一个年代。,22379,一根香菜的情怀,https://music.163.com/#/song?id=144513,2026-08-31
任贤齐,伤心太平洋,86路过，这歌我读初一的时候好流行，那时候追星不是现在这样我们就是买磁带一直听的。,16357,估铑de记圯,https://music.163.com/#/song?id=144513,2026-08-31
任贤齐,伤心太平洋,表示九六年小时候也爱听,7949,ZoRoung-,https://music.163.com/#/song?id=144513,2026-08-31
任贤齐,伤心太平洋,质疑我爸，理解我爸，成为我爸，超越我爸,7336,-桜花,https://music.163.com/#/song?id=144513,2026-08-31
任贤齐,伤心太平洋,十三年前，我16岁。看到她被尹志平糟蹋的时候，冲冠一怒为红颜，盛怒之下，我抡起板凳，砸了家里那台大彩电，全家人愣住了，后被我爸打的卧床5天，她永远不会知道，但我无怨无悔。,7015,黄钟大吕TQ,https://music.163.com/#/song?id=144513,2026-08-31
任贤齐,伤心太平洋,我等的船不会来，我等的人已明白。一生一世，大梦初醒。,6408,IJINIHS,https://music.163.com/#/song?id=144513,2026-08-31
任贤齐,伤心太平洋,2020年了还有人听这首歌吗……,6129,是文不是雯i,https://music.163.com/#/song?id=144513,2026-08-31
任贤齐,伤心太平洋,郭晶晶跳下去成了世界冠军，杨过跳下去找到了姑姑，张无忌跳下去练成了九阳神功，我跳下去大家可以吃席。每个人的人生都有存在的意义。,5479,风继续吹8o8,https://music.163.com/#/song?id=144513,2026-08-31
任贤齐,伤心太平洋,作曲 : 中島美雪,4815,苏苏的qq空间,https://music.163.com/#/song?id=144513,2026-08-31
任贤齐,伤心太平洋,88年表示前奏想起泪流满面[流泪],4551,damnworld,https://music.163.com/#/song?id=144513,2026-08-31
任贤齐,伤心太平洋,坐公交戴上耳机在听歌时，旁边一位大哥说，你在听《伤心太平洋》吧。我问：你怎么知道？他说：你踩我脚的节奏我感觉到的,4387,PPX天尊,https://music.163.com/#/song?id=144513,2026-08-31
任贤齐,伤心太平洋,給小齊這首歌評論跪了 都是曬年輪的。好吧 我92 🌚,3025,champernova,https://music.163.com/#/song?id=144513,2026-08-31
任贤齐,伤心太平洋,我是96年的。大概小时候五六岁的时候家里装了当时很流行的DVD和碟机，人生中第一次听的流行乐。那时候的音响是高高瘦瘦的长方体样子😄,2814,文子酒馆,https://music.163.com/#/song?id=144513,2026-08-31
任贤齐,伤心太平洋,伤心太平洋神雕侠侣片尾曲，喜欢小齐哥扮演的杨过。更是喜欢伤心太平洋这一首歌，感觉百听不厌，怎么办呀。,2190,不信昵称已经被占用,https://music.163.com/#/song?id=144513,2026-08-31
任贤齐,心太软,这首歌的意义在于改变了流行歌曲的发展方向...因为在这首歌出来之前，内地全是《妹妹你坐船头，哥哥岸上走》，什么《抱一抱》之类的歌曲，全是些没完没了的哥哥妹妹....这首歌一出来，世界就不一样了。,23354,账号已注销,https://music.163.com/#/song?id=144619,2026-08-31
任贤齐,心太软,我妈说我5岁就会这首歌了[惶恐],11944,MADAO-C,https://music.163.com/#/song?id=144619,2026-08-31
任贤齐,心太软,97年暑假，在收音机上第一次听到，感觉好听，立马录了下来。暑假后就来郑州上学了，在军训后的第一次班会上 ，我唱了心太软，然后，校园广播站也经常放这歌，哈哈...在这里还收货了爱情，她现在是我妻子[色],10757,晚秋的诱惑,https://music.163.com/#/song?id=144619,2026-08-31
任贤齐,心太软,《心太软》唱片至今挂在美国金唱片名人墙上，旁边就是迈克尔·杰克逊。唱片销量2600万，至今是华人骄傲,4727,月夜尊,https://music.163.com/#/song?id=144619,2026-08-31
任贤齐,心太软,"小时候只是觉得旋律好听，现在才发现这首歌是多少人的真实写照。",4464,镇江许敏,https://music.163.com/#/song?id=144619,2026-08-31
任贤齐,心太软,我的第一首华语流行歌曲。97年。从此我告别了儿歌。。,2487,离开永远,https://music.163.com/#/song?id=144619,2026-08-31
任贤齐,心太软,昨晚的老大爷，风骚的小喇叭，悠扬的心太软，擦身而过，消失于夜色…,2379,SundansKid,https://music.163.com/#/song?id=144619,2026-08-31
任贤齐,心太软,那个叫抬花轿，还抱一抱,2162,你就是我的神迹,https://music.163.com/#/song?id=144619,2026-08-31
任贤齐,心太软,一个音乐可以评论，看似一个很小的功能，其实是具有时代意义。体验提高不仅仅是一两个档次，就像以前寄信，有没有收到完全凭感觉，现在却随时可以掌握快递动态的那种体验的差别。,2140,weidays,https://music.163.com/#/song?id=144619,2026-08-31
任贤齐,心太软,小时候老是听成   你还在想着他妈,1724,孤芒_-,https://music.163.com/#/song?id=144619,2026-08-31
任贤齐,心太软,麻蛋，这首歌是童年阴影，记得刚上初一，下楼的时候和一个初三的，闹了一点矛盾，结果被爆打一顿，记得很清楚当时他一边唱心太软一边打我。我那个恨啊，，。。,1494,电台101,https://music.163.com/#/song?id=144619,2026-08-31
任贤齐,心太软,这歌老牛逼了，记得当年红火的时候 连小卖铺雪糕 冰棍 包装 带有 心太软  这张专辑销售量2000万张 就这张专辑超过歌神 张学友的记录  当然不算盗版的  那时候磁带盗版太多 跟现在比不了 ，这首歌让大众认识了 后来 后来 火了！,1423,爱情占线中,https://music.163.com/#/song?id=144619,2026-08-31
任贤齐,心太软,王菲的不够大众，这首歌出现时候很对，随身听开始普及，可以说这首歌红的程度类似于电视剧里还珠格格,1344,rara22,https://music.163.com/#/song?id=144619,2026-08-31
任贤齐,心太软,现在想想，就是一个备胎唱给另一个备胎听的,1328,东川西经,https://music.163.com/#/song?id=144619,2026-08-31
任贤齐,心太软,你问当年任贤齐有多红，这么说吧，凭他的颜值都能做楚留香。。。。。,1242,呼啦子_MYcS,https://music.163.com/#/song?id=144619,2026-08-31
任贤齐,我是一只鱼,初中时候最喜欢的歌手就是小齐了，感觉什么歌都好听。那时上学也没有钱，好不容易让老妈买了台半块砖大小的随声听，然后每天都挂在腰带上，另一边再挂一个巴掌大小的随身电源，走路上都大喇叭放着听，感觉好神气。现在想想那时候真二，可是谁的青春不是这样呢？还没二够就奔三了[流泪],14518,三月半V5,https://music.163.com/#/song?id=144515,2026-08-31
任贤齐,我是一只鱼,不知为啥，听任先生歌，觉得他肯定是个善良的男人🌻,11215,完了-我的地瓜,https://music.163.com/#/song?id=144515,2026-08-31
任贤齐,我是一只鱼,是谁把“水里的空气”给注册了的[撇嘴][撇嘴],9954,水里的空气净化器,https://music.163.com/#/song?id=144515,2026-08-31
任贤齐,我是一只鱼,小齐当时真是红得发紫啊,8597,圈圈圈圈__,https://music.163.com/#/song?id=144515,2026-08-31
任贤齐,我是一只鱼,你加个净化器也是够沙雕的哈哈哈哈,4801,给我高高地飞起来啊,https://music.163.com/#/song?id=144515,2026-08-31
任贤齐,我是一只鱼,为啥用耳机听有种脑子进水的感觉？,3590,是小小妮,https://music.163.com/#/song?id=144515,2026-08-31
任贤齐,我是一只鱼,十几年前就喜欢的歌！小齐不错，负面新闻最少的艺人！,2847,诗意地栖居,https://music.163.com/#/song?id=144515,2026-08-31
任贤齐,我是一只鱼,可不可以不想你 我需要振作一下 七八九月的天气 像我和你需要下一场雨 好喜欢这一段,2539,Joanne神神神,https://music.163.com/#/song?id=144515,2026-08-31
任贤齐,我是一只鱼,我的女朋友 人很好 很阳光 有点调皮 但也很严肃 对了厨艺可是一级棒哟！我爱她[爱心]只是 她喜欢玩神秘直到现在还没出现……[流泪],2349,橘猫掉毛,https://music.163.com/#/song?id=144515,2026-08-31
任贤齐,我是一只鱼,小齐唱的是一只难过的鱼 落日飞车唱的是一条死掉的鱼,1856,空中骑士BUG,https://music.163.com/#/song?id=144515,2026-08-31
任贤齐,我是一只鱼,我是一只猫，就等你们往我嘴巴里面跳了,1612,幸运就是我原来如此,https://music.163.com/#/song?id=144515,2026-08-31
任贤齐,我是一只鱼,一只猪 一头猪 哪个可爱一点,1601,时常自省我是谁,https://music.163.com/#/song?id=144515,2026-08-31
任贤齐,我是一只鱼,我也不知道为什么就是一直好喜欢这首歌 即使朋友说你怎么听这么老的歌 我就笑笑回答 真的很好听啊 你不觉得吗,1477,账号已注销,https://music.163.com/#/song?id=144515,2026-08-31
任贤齐,我是一只鱼,因为是有版权的改编，不是纯粹的翻唱,1431,清喜啊,https://music.163.com/#/song?id=144515,2026-08-31
任贤齐,我是一只鱼,“ 短的是岁月，长的是真情。” ​ ​​​,1350,Z竹子Z,https://music.163.com/#/song?id=144515,2026-08-31
任贤齐,天涯,靠一首伤心太平洋在东南亚本刷满级[亲亲],19761,我来自战场,https://music.163.com/#/song?id=144380,2026-08-31
任贤齐,天涯,[流泪]复读机还在，磁带早栓树上了,15914,迷之跌倒,https://music.163.com/#/song?id=144380,2026-08-31
任贤齐,天涯,听任贤齐的歌总有种浓浓古早江湖味，比起现在一堆文艺装逼歌手唱些不知所云的歌更深得我心。,9931,Ryudo,https://music.163.com/#/song?id=144380,2026-08-31
任贤齐,天涯,初中时候，男神唱的这首歌，当时只觉得这男生身材真好，穿什么都好看，后来上了大学，他追我，我答应了他，但终决定世事无常，感觉已不在，也许我只是为了满足自己青春期一点小小的萌动，如今，他已为人夫，为人父，我还是一个人。有时候总觉得经历的都是剧本里写好的，而我们终究是彼此的过客。,8849,Zoey_Leslie,https://music.163.com/#/song?id=144380,2026-08-31
任贤齐,天涯,小时候自己哼着“赢得了天下，输了她。”长辈就总是调戏的问我输了谁[大哭],6460,里个Banana,https://music.163.com/#/song?id=144380,2026-08-31
任贤齐,天涯,唱了一天，我妈以为我疯了[流泪],6140,梧桐巷里流浪的吉他手,https://music.163.com/#/song?id=144380,2026-08-31
任贤齐,天涯,中岛阿姨当年养活了大半个华语乐坛并非虚言,4644,响咚inco,https://music.163.com/#/song?id=144380,2026-08-31
任贤齐,天涯,想到以前看到的一句话，问：任贤齐火的时候有多火？答：火到可以演杨过和楚留香[大哭],4341,六月天空冬季云,https://music.163.com/#/song?id=144380,2026-08-31
任贤齐,天涯,中岛美雪[吐舌],4078,当三省吾身,https://music.163.com/#/song?id=144380,2026-08-31
任贤齐,天涯,小学时候用复读机放的最多的就是任贤齐的歌，橘子汽水呀，浪花一朵朵，兄弟，天涯，死不了，春天花会开，飞鸟，花太香，伤心太平洋啊。首首都是回忆，现在听起来一样好听。前不久在KTV点过，可惜再唱不出那样的歌啦。。。任贤齐唱歌真心比演戏好多了。。。,3483,原重楼,https://music.163.com/#/song?id=144380,2026-08-31
任贤齐,天涯,我以为看半糖小子是一件很小众的事情[大哭],2844,RenTuTwilt,https://music.163.com/#/song?id=144380,2026-08-31
任贤齐,天涯,中岛美雪：一人一首，拿去翻唱，唱不红算我输。 任贤齐：我年龄小，能给我分两首吗？,2102,千呐,https://music.163.com/#/song?id=144380,2026-08-31
任贤齐,天涯,如果觉得这个时代流行的元素已经不如十几年前了，那便是我们老了吧。我们当年喜欢的流行的未忘却，留着脑海里，不愿去接纳今天的时髦东西。时代在发展前进，时尚风也在变，不变的是我们对我们童年的初心。我们爱的逐渐成为经典，也不必颂古伤今，再过十几年，又会有一批经典成为经典。,2047,紫檀香木头,https://music.163.com/#/song?id=144380,2026-08-31
任贤齐,天涯,这一切要从半糖小子开始说,1780,善用冷暴力,https://music.163.com/#/song?id=144380,2026-08-31
任贤齐,天涯,火到你给我唱主题曲。我就让你当主演。,1548,丿啸西风,https://music.163.com/#/song?id=144380,2026-08-31
伍佰,挪威的森林,你们这些人听个歌真的矫情，还什么90后，00后不懂欣赏，志同道合的人从不分时代，只是时机未到罢了。,26082,钱逐镜,https://music.163.com/#/song?id=156915,2026-08-31
伍佰,挪威的森林,这么好听的歌为什么只有这么点评论,16580,下沉式绿地,https://music.163.com/#/song?id=156915,2026-08-31
伍佰,挪威的森林,现在是12:46分来自一个广东潮汕99后妹子正在听伍佰的挪威森林,10195,港岛妹妹_an,https://music.163.com/#/song?id=156915,2026-08-31
伍佰,挪威的森林,2021还有人听挪威的森林嘛,8125,毕竟话少Guan,https://music.163.com/#/song?id=156915,2026-08-31
伍佰,挪威的森林,“台上那个 掏票钱了吗就唱？[大哭]”,7458,Stauffenberg,https://music.163.com/#/song?id=156915,2026-08-31
伍佰,挪威的森林,十几岁的时候就想唱出他这种感觉，难道就我一个是这么想的吗？,5307,DDaShuA,https://music.163.com/#/song?id=156915,2026-08-31
伍佰,挪威的森林,像我这样有品位的00后不多了,5127,枫枫枫烨,https://music.163.com/#/song?id=156915,2026-08-31
伍佰,挪威的森林,伍佰：上万人买票来唱歌给我听[大哭],4545,Loved_Someone,https://music.163.com/#/song?id=156915,2026-08-31
伍佰,挪威的森林,将近10年了吧，我自认为我是一个作风正牌的人，从不抽烟，不乱跟女生打情骂俏，9点准时上床睡觉，早上6点准时起床，我性格好，随和，非常听话，直到昨天一切都变了。因为，我出狱了。,4236,就叫这名儿了吧,https://music.163.com/#/song?id=156915,2026-08-31
伍佰,挪威的森林,谁能想到一个00后在听这歌[大哭],4150,可口百事我都喜欢,https://music.163.com/#/song?id=156915,2026-08-31
伍佰,挪威的森林,提问：现在伍佰开演唱会伍佰的作用是？ 回答：组局,3954,爱拔猫de鞋,https://music.163.com/#/song?id=156915,2026-08-31
伍佰,挪威的森林,初听不识伍佰曲，再听已成二佰伍。,3856,知了不知雪的白,https://music.163.com/#/song?id=156915,2026-08-31
伍佰,挪威的森林,不懂我爸，理解我爸，超越我爸,3582,花名堂,https://music.163.com/#/song?id=156915,2026-08-31
伍佰,挪威的森林,《挪威的森林》有一句话：“我一点也没做好二十岁的准备，挺纳闷的，就像谁从背后推给我一样。”,3507,葉拾貳-,https://music.163.com/#/song?id=156915,2026-08-31
伍佰,挪威的森林,2020年六月十六，我一个农村15岁的可爱的男孩，被省重点高中录取了，很开心[大笑],3220,和我抱抱吧,https://music.163.com/#/song?id=156915,2026-08-31
伍佰,泪桥,伍佰真的又老土又浪漫,11765,梁宵eri,https://music.163.com/#/song?id=5265278,2026-08-31
伍佰,泪桥,果然年纪到了有一些歌就自动解锁了,7768,-2520,https://music.163.com/#/song?id=5265278,2026-08-31
伍佰,泪桥,伍佰在一次采访中说，人和人之间都有一座桥，那座桥是用眼泪做成的。真心、爱的升华，就是眼泪,7442,别动我喜之郎ovo,https://music.163.com/#/song?id=5265278,2026-08-31
伍佰,泪桥,五百，你可知道多少人为了找你这首歌，经历了Lost Rivers的摧残,6551,安好勿念180111,https://music.163.com/#/song?id=5265278,2026-08-31
伍佰,泪桥,质疑我爸 成为我爸 超越我爸,5837,kill怎么又下雨,https://music.163.com/#/song?id=5265278,2026-08-31
伍佰,泪桥,曾经去买伍佰的磁带，就问老板:有没有伍佰的磁带，老板说：没伍佰那么贵的有五块的。然后我就从五块的磁带中找到了伍佰[大哭][大哭][大哭],5725,曲度灬一纸画眠,https://music.163.com/#/song?id=5265278,2026-08-31
伍佰,泪桥,感谢贫穷让我们相遇,5268,故事的开始只讲了一半,https://music.163.com/#/song?id=5265278,2026-08-31
伍佰,泪桥,听一天了 普通话二甲变二丁,4887,AbilityZ,https://music.163.com/#/song?id=5265278,2026-08-31
伍佰,泪桥,"伍佰上《康熙来了》那一期，节目组问他最近在读什么书，他直接把书带来了，是一些偏近代史的书。 蔡康永好奇“这些书怎么可能对你的音乐有启发呢？还是你读书不是为了要跟音乐有关系？” 伍佰答“这纯粹是嗜好，其实音乐没那么重要，应该把生活、人生和思考放在最前面。”",4731,liora_aroil,https://music.163.com/#/song?id=5265278,2026-08-31
伍佰,泪桥,别再发那些矫情的句子了  她不爱你  你发遗书也没用,3964,燕窝窝窝头,https://music.163.com/#/song?id=5265278,2026-08-31
伍佰,泪桥,人和人之间最亲密的不是拥抱接吻 而是面对面掉眼泪,3957,小冷0612,https://music.163.com/#/song?id=5265278,2026-08-31
伍佰,泪桥,“想要和别人制造羁绊就要承受掉眼泪的风险”,2606,上去就是一锤子叻,https://music.163.com/#/song?id=5265278,2026-08-31
伍佰,泪桥,伍佰老师对不起 以前不懂你,2529,高远行_,https://music.163.com/#/song?id=5265278,2026-08-31
伍佰,泪桥,24岁的小姑娘循环播放伍佰的歌[大笑],1325,落雨时想你-,https://music.163.com/#/song?id=5265278,2026-08-31
伍佰,泪桥,初听不识伍佰曲，在听已是二百五！,1109,黄土埋葬,https://music.163.com/#/song?id=5265278,2026-08-31
伍佰,被动 feat. 伍佰(Live),问：  伍佰老师究竟要和多少位女歌手合唱这首歌哈哈,14686,林什么嘉啦,https://music.163.com/#/song?id=1408017141,2026-08-31
伍佰,被动 feat. 伍佰(Live),为了迁就女生key 伍佰老师愣是唱出了零下30度室外穿半袖的画面,13974,老迪_,https://music.163.com/#/song?id=1408017141,2026-08-31
伍佰,被动 feat. 伍佰(Live),一人血书求徐佳莹单独翻唱这首歌[流泪],13644,那就今天快乐吧,https://music.163.com/#/song?id=1408017141,2026-08-31
伍佰,被动 feat. 伍佰(Live),没VIP的痛苦 就听到一句笑声,9904,他说晚安吗_,https://music.163.com/#/song?id=1408017141,2026-08-31
伍佰,被动 feat. 伍佰(Live),换气声笑哭[大哭]像是两个严重缺氧的人，轮流用一个氧气瓶，吸了一口，就赶紧继续唱哈哈哈哈哈哈哈哈哈哈哈哈哈哈哈哈哈哈哈哈哈哈哈哈哈哈哈,8361,_d宝_,https://music.163.com/#/song?id=1408017141,2026-08-31
伍佰,被动 feat. 伍佰(Live),伍佰的key很被动,5493,Hsintung_Chen,https://music.163.com/#/song?id=1408017141,2026-08-31
伍佰,被动 feat. 伍佰(Live),我喜欢开始那笑声……,5256,冯柚洁,https://music.163.com/#/song?id=1408017141,2026-08-31
伍佰,被动 feat. 伍佰(Live),对不起伍佰老师，你开口的第一句好像老牛哈哈哈哈哈哈哈哈哈哈哈哈,5005,晓晓一朵云,https://music.163.com/#/song?id=1408017141,2026-08-31
伍佰,被动 feat. 伍佰(Live),伍佰，你真是又土又温柔！,3973,entropybody,https://music.163.com/#/song?id=1408017141,2026-08-31
伍佰,被动 feat. 伍佰(Live),我到底咋了，最近中了伍佰老师的毒，白天黑夜的听他的歌，还越听越好听，甚至觉得老师还挺帅[大哭],2759,暑晚,https://music.163.com/#/song?id=1408017141,2026-08-31
伍佰,被动 feat. 伍佰(Live),五百个,2557,fiberglass_sEHh,https://music.163.com/#/song?id=1408017141,2026-08-31
伍佰,被动 feat. 伍佰(Live),开头的笑声真的好看透人间,2221,012944,https://music.163.com/#/song?id=1408017141,2026-08-31
伍佰,被动 feat. 伍佰(Live),爱胡思乱想的人就应该找一个会随时表达爱意的人。,1876,平安喜乐1900,https://music.163.com/#/song?id=1408017141,2026-08-31
伍佰,被动 feat. 伍佰(Live),没VIP的痛苦 就听到一句笑声,1655,yyy开心最重要,https://music.163.com/#/song?id=1408017141,2026-08-31
伍佰,被动 feat. 伍佰(Live),伍佰老师就是闽南地区人们心中的鲍勃迪伦,1531,水生和柱子,https://music.163.com/#/song?id=1408017141,2026-08-31
伍佰,晚风,完了 到年龄了 喜欢伍佰了,3156,努努别吃了,https://music.163.com/#/song?id=4876206,2026-08-31
伍佰,晚风,伍佰的歌比较难唱，主要是我普通话比较标准。,2344,关灯上厕所,https://music.163.com/#/song?id=4876206,2026-08-31
伍佰,晚风,突然发现伍佰的歌都好浪漫哦～[爱意][吐舌],962,张秋珊,https://music.163.com/#/song?id=4876206,2026-08-31
伍佰,晚风,伍佰歌总有一种来路不明的浪漫和自由！,829,春生南霂,https://music.163.com/#/song?id=4876206,2026-08-31
伍佰,晚风,刚刚我结清了房贷，把房产证换成了不动产证，步行溜达上了万平口大桥，面前是大海，背后是夕阳，看着桥上人车穿梭，内心无比轻松……,795,helloworld1983,https://music.163.com/#/song?id=4876206,2026-08-31
伍佰,晚风,那些翻着评论，却又不评论的人，或许才是真的孤独寂寞的人，路过的陌生人，愿你不在孤独寂寞,788,老子就单纯的听音乐,https://music.163.com/#/song?id=4876206,2026-08-31
伍佰,晚风,和老公一起去伍佰的演唱会   我想我的前任，  他想他的前任  ，各哭各的 ， 然后抱一起互相安慰说我爱你[大哭],469,反方向的金中Zhong,https://music.163.com/#/song?id=4876206,2026-08-31
伍佰,晚风,去年合肥场的最后一首安可，老大问想听什么，我说晚风，于是在周围人都喊着花朵，钢铁男子时，我老公在旁边高声呼喊晚风，晚风，一度引来周围人的注视。但是呀，他不知道的是，我之所以想听晚风，是想在那句“面前的你是我的最爱”响起时，就把手中正在拍摄的手机对向他。然后，还有肚子里三个月的崽。,359,Heeeya,https://music.163.com/#/song?id=4876206,2026-08-31
伍佰,晚风,一次出差，在高铁站也是听到了这音乐，旁边的人建议我闭上眼睛听，会更有感觉，我听了这个建议，当我睁开眼睛的时候我已经泪流满面了，因为我的行李箱被偷了[多多无语],297,一个手无寸铁的大汉,https://music.163.com/#/song?id=4876206,2026-08-31
伍佰,晚风,在台北的夜晚骑着摩托车带上耳机听伍佰的歌一定很爽吧[流泪],291,胡比格,https://music.163.com/#/song?id=4876206,2026-08-31
伍佰,晚风,太奇怪了 以前觉得伍佰的歌很老气，现在觉得好好听啊！是老了吗[多多大哭],265,阿主乂,https://music.163.com/#/song?id=4876206,2026-08-31
伍佰,晚风,伍佰的歌里有一种深情到极致的洒脱,227,-_-Earth,https://music.163.com/#/song?id=4876206,2026-08-31
伍佰,晚风,从高中喜欢到现在的歌，歌词里的你，曾是初恋，曾是理想，曾是工作，也曾是小孩出生时的患得患失。如今三十来岁，哄睡了女儿，哄睡了老婆，独自一人站在阳台，抽着烟哼着歌，才发现原来歌里的那个“你”就是我。无喜无悲，只有江边吹来的晚风和几分钟之后的明天,221,妄念咯,https://music.163.com/#/song?id=4876206,2026-08-31
伍佰,晚风,很多人写过晚安，棱镜乐队，麻园诗人，鹿先森乐队，可是伍佰却写了晚风，晚安是下一秒的恻隐，晚风是眼神充满期待。保持真挚心脏，有人等你共鸣。,219,落榜音乐生Frank大叔,https://music.163.com/#/song?id=4876206,2026-08-31
伍佰,晚风,我从未停止过喜欢  只是从浓烈变得悄无声息,212,像花椒与邻居,https://music.163.com/#/song?id=4876206,2026-08-31
伍佰&China Blue ROCK STAR 2,泪桥,始终很认同《甄嬛传》里的一句话 “我始终觉得事在人为 聚散离合不必拿缘分做托词”,32969,是S丫,https://music.163.com/#/song?id=156736,2026-08-31
伍佰&China Blue ROCK STAR 2,泪桥,听一天了 普通话一乙变二丁,30500,Foxtrel_l,https://music.163.com/#/song?id=156736,2026-08-31
伍佰&China Blue ROCK STAR 2,泪桥,小时候经常听到哥哥他们放突然的自我 那时候还年幼什么都不懂 成天就瞎哼哼 后来大了点就觉得特俗 现在真是觉得特有味道 完全舍弃不了 我九八年的 对了我还是个女的[大哭],18600,柚枯,https://music.163.com/#/song?id=156736,2026-08-31
伍佰&China Blue ROCK STAR 2,泪桥,伍佰在一次采访中说，人和人之间都有一座桥，那座桥是用眼泪做成的。真心、爱的升华，就是眼泪,16098,Chichinovo,https://music.163.com/#/song?id=156736,2026-08-31
伍佰&China Blue ROCK STAR 2,泪桥,“我以为很快就能见面， 所以那天没有好好告别”,12062,kyrstale,https://music.163.com/#/song?id=156736,2026-08-31
伍佰&China Blue ROCK STAR 2,泪桥,突然觉得 把喜欢的东西 分享给不懂的人 是一种自取其辱式的孤独,11309,Uuken,https://music.163.com/#/song?id=156736,2026-08-31
伍佰&China Blue ROCK STAR 2,泪桥,其实这首歌的歌词太意识流了，以至我一直没有理解全部，但是 甜美镜头竟也落花一样飘落下来，从此我的生命变成了尘埃 ，就这一句，让我觉得伍佰真是个诗人,9710,xyzhen,https://music.163.com/#/song?id=156736,2026-08-31
伍佰&China Blue ROCK STAR 2,泪桥,我是一名消防员 希望每次出警都能平安回来,8383,亚磊YALEI,https://music.163.com/#/song?id=156736,2026-08-31
伍佰&China Blue ROCK STAR 2,泪桥,年少听不懂伍佰，听懂已是二百五,7437,我也想穿越时空,https://music.163.com/#/song?id=156736,2026-08-31
伍佰&China Blue ROCK STAR 2,泪桥,我欠他的正版CD钱,7139,Godsmack,https://music.163.com/#/song?id=156736,2026-08-31
伍佰&China Blue ROCK STAR 2,泪桥,他其实也是柔情金属系的。好深情的长发丑男，丑帅丑帅的。[亲亲]啵一个伍大爷。,6115,办他,https://music.163.com/#/song?id=156736,2026-08-31
伍佰&China Blue ROCK STAR 2,泪桥,“我自问这辈子没做过坏事，为什么要被生活勒住喉咙。”爸爸在日记里写到。,4600,人情味mc2016,https://music.163.com/#/song?id=156736,2026-08-31
伍佰&China Blue ROCK STAR 2,泪桥,莫言先生说：“走近一个人的时候，要慢一点，以免看不清。离开一个人的时候，要快一点以免舍不得。人生海海，先有不甘，后有心安。”,4310,婖蝎蓙_Y,https://music.163.com/#/song?id=156736,2026-08-31
伍佰&China Blue ROCK STAR 2,泪桥,嘘 都别吵  我在等2024年8月的人,4242,爺_离殇,https://music.163.com/#/song?id=156736,2026-08-31
伍佰&China Blue ROCK STAR 2,泪桥,谁说这歌猥琐的 这歌可太棒了,4226,ERROR444_,https://music.163.com/#/song?id=156736,2026-08-31
伍佰&China Blue ROCK STAR 2,突然的自我,爱五百，能做到他的一半就好了!,82288,干杯吧,https://music.163.com/#/song?id=156374,2026-08-31
伍佰&China Blue ROCK STAR 2,突然的自我,我已经是伍佰的二分之一了。[大哭],64853,gamerzh,https://music.163.com/#/song?id=156374,2026-08-31
伍佰&China Blue ROCK STAR 2,突然的自我,来来来，喝完这杯还有一杯，喝完这杯还有三杯。,48776,三茶姑娘,https://music.163.com/#/song?id=156374,2026-08-31
伍佰&China Blue ROCK STAR 2,突然的自我,那年刚上班，在火车上端茶倒水，行至山海关，老伍佰沧桑的声音从海鲜市场传出来，就着鱼xing味儿，一路向北。,23705,King-YE,https://music.163.com/#/song?id=156374,2026-08-31
伍佰&China Blue ROCK STAR 2,突然的自我,小学六年级，现在大三,21681,钟离翊轩,https://music.163.com/#/song?id=156374,2026-08-31
伍佰&China Blue ROCK STAR 2,突然的自我,KTV必点 忍受大老爷们的异样眼光 我是女孩子[憨笑],18487,颜九吨,https://music.163.com/#/song?id=156374,2026-08-31
伍佰&China Blue ROCK STAR 2,突然的自我,听这首歌的00后有多少人,13523,aaaaa啊啊阿啊阿,https://music.163.com/#/song?id=156374,2026-08-31
伍佰&China Blue ROCK STAR 2,突然的自我,暴露年龄系列的歌曲[呲牙],12783,C_lq,https://music.163.com/#/song?id=156374,2026-08-31
伍佰&China Blue ROCK STAR 2,突然的自我,听见你说 外战看滔搏,11648,LacrimaZo7,https://music.163.com/#/song?id=156374,2026-08-31
伍佰&China Blue ROCK STAR 2,突然的自我,网易云音乐的每日推荐真是越来越神了.知道我喜欢老歌就算了.居然还知道我喜欢live版呢.老歌就是live有感觉.主要是老歌手实力就摆在那里.有同感呢举手[幽灵],10605,阿宇Yuyu,https://music.163.com/#/song?id=156374,2026-08-31
伍佰&China Blue ROCK STAR 2,突然的自我,伍佰的儿子很调皮，很喜欢玩水枪，总是用水枪偷偷袭击他，儿子有天好奇的问他：爸爸我用水枪打你你为什么从来不和我生气？伍佰说因为我已习惯，你突然间的滋我,8244,喜欢吃糖葫芦的小哥哥,https://music.163.com/#/song?id=156374,2026-08-31
伍佰&China Blue ROCK STAR 2,突然的自我,这首歌真是承载了太多的记忆,7963,南端的海,https://music.163.com/#/song?id=156374,2026-08-31
伍佰&China Blue ROCK STAR 2,突然的自我,初一的时候晚自习停电，老师提议传花点名唱歌。传到了我，当时我五音不全还腼腆，畏畏缩缩站起来唱着这首我当时听的最多也最喜欢也最擅长的歌。谁知道，开口第一句，立马变成在家里浴室洗澡个人演唱会的节奏😂😂😂。。。就像台上拿着吉他甩着头发的伍佰一样。然后我就火了。。。不说了，都大三了,7154,账号已注销,https://music.163.com/#/song?id=156374,2026-08-31
伍佰&China Blue ROCK STAR 2,突然的自我,奇怪的是，以前你根本听不懂，也不喜欢的歌曲，到了一定的时间节点，有了一定的人生阅历之后，你瞬间就听懂了这些歌曲里面表达的心声。歌曲从来都不会过时，但岁月无法常驻，而我只相信时过境迁之后真情永驻。,6403,思维暴君,https://music.163.com/#/song?id=156374,2026-08-31
伍佰&China Blue ROCK STAR 2,突然的自我,听着听着，一种熟悉感觉油然而生，好听,5723,Hi--Min--,https://music.163.com/#/song?id=156374,2026-08-31
伍佰&China Blue ROCK STAR 2,梦醒时分,就是喜欢这种半死不活的唱法！,81548,__Santiago_,https://music.163.com/#/song?id=156284,2026-08-31
伍佰&China Blue ROCK STAR 2,梦醒时分,伍佰要是有我这张脸，回比中国任何一个歌手都火,51677,萝卜丶Y,https://music.163.com/#/song?id=156284,2026-08-31
伍佰&China Blue ROCK STAR 2,梦醒时分,听其他版本是陷进去，听伍佰的是解脱。,35942,云水天_月,https://music.163.com/#/song?id=156284,2026-08-31
伍佰&China Blue ROCK STAR 2,梦醒时分,陈淑桦唱得是伤心，梁静茹唱的是悲痛，伍佰则是看透后的醒悟。。。,16466,坏坏坏_坏木头,https://music.163.com/#/song?id=156284,2026-08-31
伍佰&China Blue ROCK STAR 2,梦醒时分,一首梦醒时分送给这位兄弟。,16422,即此羡,https://music.163.com/#/song?id=156284,2026-08-31
伍佰&China Blue ROCK STAR 2,梦醒时分,像最好的兄弟在和你喝酒聊天,13884,没事偷着乐XD,https://music.163.com/#/song?id=156284,2026-08-31
伍佰&China Blue ROCK STAR 2,梦醒时分,感觉一点都不伤心呢[大哭][大哭][大哭][大哭],10260,summer-33-,https://music.163.com/#/song?id=156284,2026-08-31
伍佰&China Blue ROCK STAR 2,梦醒时分,伍佰的唱腔真的很励志啊，完全被治愈了,9630,茶水部主管,https://music.163.com/#/song?id=156284,2026-08-31
伍佰&China Blue ROCK STAR 2,梦醒时分,伍佰唱出了被前任甩了却意外榜上富婆的感觉[奸笑],8219,kaikaiwudiwudi,https://music.163.com/#/song?id=156284,2026-08-31
伍佰&China Blue ROCK STAR 2,梦醒时分,弟弟你往后稍稍，你和我差的不是一点半点,7544,刺破气泡,https://music.163.com/#/song?id=156284,2026-08-31
伍佰&China Blue ROCK STAR 2,梦醒时分,他甚至麦都没拿，专心致志指挥交通,7147,菠萝甜甜要放盐,https://music.163.com/#/song?id=156284,2026-08-31
伍佰&China Blue ROCK STAR 2,梦醒时分,为什么我开始沉迷伍佰了，我他吗才17岁啊！,5563,山楂很酸啊,https://music.163.com/#/song?id=156284,2026-08-31
伍佰&China Blue ROCK STAR 2,梦醒时分,突然发现晒太阳的时候最适合听伍佰的歌，一曲一曲，享受中。。。,4828,账号已注销,https://music.163.com/#/song?id=156284,2026-08-31
伍佰&China Blue ROCK STAR 2,梦醒时分,陈淑芬：梦醒时分…… 梁静茹：梦醒时分。 伍佰：梦醒时分！！,4821,毅术家,https://music.163.com/#/song?id=156284,2026-08-31
伍佰&China Blue ROCK STAR 2,梦醒时分,"十二年了 , 不等你了 .",4293,当年我还是二郎神时经常找不到你,https://music.163.com/#/song?id=156284,2026-08-31
伍佰&China Blue ROCK STAR 2,再度重相逢,那就降低伍佰的档次了,32526,可我莫名爱上她,https://music.163.com/#/song?id=156772,2026-08-31
伍佰&China Blue ROCK STAR 2,再度重相逢,小时候，把一片口香糖掰成两块儿， 很舍不得吃。那时候就天真的想，等 到我长大了，有钱了，就一口气嚼一 包！一定特别甜！今天突然想到了儿时这个梦想，就买了一包，当我把口香糖一片片塞进嘴里的时候。我的 眼泪夺眶而出。。我哽咽着大口的嚼着。。心里却满是的酸涩，我想，这时光一点也不甜。。,19528,我住进混沌深海,https://music.163.com/#/song?id=156772,2026-08-31
伍佰&China Blue ROCK STAR 2,再度重相逢,小时候觉得伍佰的歌不好听，现在觉得听着听着都拔不出来了，年纪大了才能听出来的味道,14672,清粥加菜,https://music.163.com/#/song?id=156772,2026-08-31
伍佰&China Blue ROCK STAR 2,再度重相逢,你说人参鹿茸，我说人参入酒 哪有什么补头，不都一样猛龙 猛龙中油腻，油腻给我酒一斤足够 嫰韭菜，我的食街升起了柴火 煎蛋爱，你心所爱 师姐也变得辣了起来 所有花刀为你改 所有进补也为了你安排 我们撕兔子的兔头 啃掉前是就已经香辣过 酱好辣，这一杯酒，在肚中相逢。,9670,Aln595,https://music.163.com/#/song?id=156772,2026-08-31
伍佰&China Blue ROCK STAR 2,再度重相逢,开头听到这首歌感觉特屌丝，后来渐渐觉得好沧桑,9191,Ecstasy001,https://music.163.com/#/song?id=156772,2026-08-31
伍佰&China Blue ROCK STAR 2,再度重相逢,好喜欢这首连歌名都有语病的歌。,8768,i走在变得更好的路上,https://music.163.com/#/song?id=156772,2026-08-31
伍佰&China Blue ROCK STAR 2,再度重相逢,质疑我爸 理解我爸 成为我爸,7022,月亮能听见我吗,https://music.163.com/#/song?id=156772,2026-08-31
伍佰&China Blue ROCK STAR 2,再度重相逢,长久以来，我以为这首歌叫《简单爱》,5367,别挠哥的小脚丫,https://music.163.com/#/song?id=156772,2026-08-31
伍佰&China Blue ROCK STAR 2,再度重相逢,妈妈是伍佰粉 四十岁年纪了还嚷嚷着要去听演唱会 母女俩兴冲冲跑去深圳春茧 惊讶地发现我竟是场上年龄最小的 周围的大伯阿姨嗨起来一点也不逊色于年轻人啊哈哈 于是我耐不住了 也疯得好像伍佰资深粉 结果妈妈拍了拍我 很丢脸地说 女儿 你收敛点 别打到旁边的人,4542,noelemac,https://music.163.com/#/song?id=156772,2026-08-31
伍佰&China Blue ROCK STAR 2,再度重相逢,从庚不让的小说里知道了这首歌,4535,好运汪汪,https://music.163.com/#/song?id=156772,2026-08-31
伍佰&China Blue ROCK STAR 2,再度重相逢,大张伟说，遇到不是缘分，重逢才是。,4248,小怪物0719-,https://music.163.com/#/song?id=156772,2026-08-31
伍佰&China Blue ROCK STAR 2,再度重相逢,你说人参入喉，我说人参入酒。哪有什么不同，补后一样猛龙。焖笼中有鱼，有鱼羹我就已经足够，你舅在我的食街，升起了柴火。煎蛋唉！你心所爱。师姐也变得辣了起来。所有花刀都为你改，所以进补也为了你安排。我们食不食这兔头，啃点甜食价一斤三百块！酱好了（兔头），这一杯子（酒），在肚中相逢。,3921,慢性子好脾气唐先森,https://music.163.com/#/song?id=156772,2026-08-31
伍佰&China Blue ROCK STAR 2,再度重相逢,初听不识伍佰意，再听已成二百五,3658,江南烟鬼1806,https://music.163.com/#/song?id=156772,2026-08-31
伍佰&China Blue ROCK STAR 2,再度重相逢,简单爱你心所爱！,2747,你是我的人间温暖,https://music.163.com/#/song?id=156772,2026-08-31
伍佰&China Blue ROCK STAR 2,再度重相逢,强烈要求伍佰上我是歌手。,2443,深深深丶,https://music.163.com/#/song?id=156772,2026-08-31
伏蒿乐队,花树,斩神集合！领取纸巾一张（抹泪[哭哭],505,伏蒿乐队,https://music.163.com/#/song?id=2608968070,2026-08-31
伏蒿乐队,花树,孩子，别害怕,341,伏蒿乐队,https://music.163.com/#/song?id=2608968070,2026-08-31
伏蒿乐队,花树,保护我方拽哥[乞求],309,門图MOOTOO乐队,https://music.163.com/#/song?id=2608968070,2026-08-31
伏蒿乐队,花树,‌花树节，也被称为“花树节”或“跳花节”，是贵州省关岭布依族苗族自治县的苗族同胞一年一度的盛大传统节日。这个节日的起源与苗族英雄‌杨鲁有关，他为了寻找因战争失散的同胞，每年正月初三在一座高山上栽下一颗树，树上挂满用鲜血染红的鲜花，称为“花树”，以此来召集失散的苗族同胞。杨鲁牺牲后,276,引盗入太行,https://music.163.com/#/song?id=2608968070,2026-08-31
伏蒿乐队,花树,好强的叙事性……听着听着眼前就浮现一幕幕像电影质感的画面，黑夜山林、冰冷的空气、被雾气萦绕的一座座坟墓、抽帧的画面、踩得噼里啪啦的树枝、找不到出去的路、却听见有人叫我的名字……那两盏灯火，分明是有人来寻我了,160,-鱼可忆-,https://music.163.com/#/song?id=2608968070,2026-08-31
伏蒿乐队,花树,有点刘森的感觉,150,橘獭,https://music.163.com/#/song?id=2608968070,2026-08-31
伏蒿乐队,花树,神漫是怎么找到这么小众的歌的[装可爱],100,_听完这首就放弃,https://music.163.com/#/song?id=2608968070,2026-08-31
伏蒿乐队,花树,这么好的歌 要不是看动漫😭 网易云是不会日推给我啊[哭哭],99,isallp,https://music.163.com/#/song?id=2608968070,2026-08-31
伏蒿乐队,花树,第一次听，被惊艳到。这个乐队必火，立帖为证！！,82,你的_河,https://music.163.com/#/song?id=2608968070,2026-08-31
伏蒿乐队,花树,抖音Terry摇滚日记推荐来的。,81,逝者如斯夫30,https://music.163.com/#/song?id=2608968070,2026-08-31
伏蒿乐队,花树,苗族人民继承和发扬了这一传统，每年的正月初三，各地的苗族同胞会从四面八方赶来相聚，围绕花树跳芦笙祭祀舞、唱古歌等，以此来纪念苗族英雄杨鲁。因此，“花树节”也从此流传下来，成为苗族同胞春节后的重要传统民族节日,71,引盗入太行,https://music.163.com/#/song?id=2608968070,2026-08-31
伏蒿乐队,花树,斩神来的！拽哥有点帅，但是也好心疼！,65,by月不喜,https://music.163.com/#/song?id=2608968070,2026-08-31
伏蒿乐队,花树,念白: a:哎，那个小孩自己上的山。 b:啊？我没看清，他不是跟他舅还有他阿妈一起上的山吗？ a:我就看见他自己一人上的山。 b:，天哪，怎么回事？他怎么一个人上的山 a:对啊 b:你确定？他一个人上的山？ a:我确定 b:那他舅舅回家了？,56,Popoo丶,https://music.163.com/#/song?id=2608968070,2026-08-31
伏蒿乐队,花树,谢谢斩神[乞求],51,伏蒿乐队,https://music.163.com/#/song?id=2608968070,2026-08-31
伏蒿乐队,花树,伏蒿 一个创造性很强的乐队 每次发新歌都有新的惊喜 有无限可能 他们的歌很有意义 总是让人产生共鸣,44,春日的狗_-,https://music.163.com/#/song?id=2608968070,2026-08-31
伏蒿乐队,皮奥莱维奇,声音是可以制服的，但声音是难以制服的。,270,伏蒿乐队,https://music.163.com/#/song?id=2615291039,2026-08-31
伏蒿乐队,皮奥莱维奇,笑吧 皮奥莱维奇！,236,追杀电子生物,https://music.163.com/#/song?id=2615291039,2026-08-31
伏蒿乐队,皮奥莱维奇,为什么喜欢摇滚？因为我太安静了需要有人替我呐喊；因为我太含蓄了需要有人替我张扬；因为我太隐忍了需要有人替我宣泄。[憨笑],185,射手座丶桃丽丝,https://music.163.com/#/song?id=2615291039,2026-08-31
伏蒿乐队,皮奥莱维奇,后马厂在下坠,93,灵参乐队,https://music.163.com/#/song?id=2615291039,2026-08-31
伏蒿乐队,皮奥莱维奇,人们都有发声的权利，但只能发出他们想要的声音.,69,来点儿啤酒,https://music.163.com/#/song?id=2615291039,2026-08-31
伏蒿乐队,皮奥莱维奇,可恶 又是我们几个有品味的在听,61,北虞先生,https://music.163.com/#/song?id=2615291039,2026-08-31
伏蒿乐队,皮奥莱维奇,报告长官，我掉凳了,60,天才小糊涂蛋儿,https://music.163.com/#/song?id=2615291039,2026-08-31
伏蒿乐队,皮奥莱维奇,啥啥啥 哪里有制服[色],39,cn小狐,https://music.163.com/#/song?id=2615291039,2026-08-31
伏蒿乐队,皮奥莱维奇,月光本来就弱，还要遮上一层云，你们说这是为了保护人们不被月亮迷惑，却忘了月光也是来自你们的太阳。,39,蘋菓被用了啊,https://music.163.com/#/song?id=2615291039,2026-08-31
伏蒿乐队,皮奥莱维奇,别哭，尤莉娅,27,打娱,https://music.163.com/#/song?id=2615291039,2026-08-31
伏蒿乐队,皮奥莱维奇,身边的人都说我一天文绉绉的，怎么会喜欢个这么吵的摇滚🤘🏻,23,空山无涯,https://music.163.com/#/song?id=2615291039,2026-08-31
伏蒿乐队,皮奥莱维奇,声音可能可以制服，但制服声音又不太可能,17,阿巴阿巴阿巴衣,https://music.163.com/#/song?id=2615291039,2026-08-31
伏蒿乐队,皮奥莱维奇,这个乐队必火，立帖为证。,16,你的_河,https://music.163.com/#/song?id=2615291039,2026-08-31
伏蒿乐队,皮奥莱维奇,可恶 又是我们几个有品味的在听[大笑],14,天上有个蘑菇,https://music.163.com/#/song?id=2615291039,2026-08-31
伏蒿乐队,皮奥莱维奇,笑吧 皮奥莱维奇,14,日月山水上游乐场幻影,https://music.163.com/#/song?id=2615291039,2026-08-31
伏蒿乐队,神奇大森林,这首歌大概指的是学校 ，也可能是别的。,243,伏蒿乐队,https://music.163.com/#/song?id=2148613536,2026-08-31
伏蒿乐队,神奇大森林,不是所有的植物都适合待在森林,110,Ann菠萝熊,https://music.163.com/#/song?id=2148613536,2026-08-31
伏蒿乐队,神奇大森林,居然才发现这首歌，高潮部份的调调特别好听。结尾的上课铃真的幻视自己在学校里，有人调皮有人聊天，还有人不来上学，老师上课下达指令，学生只能照搬接受。在这不知雨水还是泪水总是模糊了自己的脸。森林肉弱强食，连学校，连社会都是丛林法则巨大的缩影。,88,蛋糕哥大战神经病,https://music.163.com/#/song?id=2148613536,2026-08-31
伏蒿乐队,神奇大森林,太豪庭，预言伏蒿三年内必火。,62,7812_SEOT,https://music.163.com/#/song?id=2148613536,2026-08-31
伏蒿乐队,神奇大森林,因为三月寒假开学九月暑假开学吗哈哈哈哈哈,44,omomom酱,https://music.163.com/#/song?id=2148613536,2026-08-31
伏蒿乐队,神奇大森林,你要从树梢上跳下去，在风的裹挟下落入自由吗？,36,sherwda,https://music.163.com/#/song?id=2148613536,2026-08-31
伏蒿乐队,神奇大森林,你也在听歌啊！好巧！今天开心吗？,23,逃跑就行了,https://music.163.com/#/song?id=2148613536,2026-08-31
伏蒿乐队,神奇大森林,说不定是春招秋招入职呢,18,漂浮在海上的吸烟区,https://music.163.com/#/song?id=2148613536,2026-08-31
伏蒿乐队,神奇大森林,小心没死回去学校给你处分（被打,11,sherwda,https://music.163.com/#/song?id=2148613536,2026-08-31
伏蒿乐队,走啊狗,愿永远开心我的朋友们,199,伏蒿乐队,https://music.163.com/#/song?id=2102916094,2026-08-31
伏蒿乐队,走啊狗,正在路上走着 突然耳机里面传来“走啊狗……”,194,-XxiUixX-,https://music.163.com/#/song?id=2102916094,2026-08-31
伏蒿乐队,走啊狗,你是相信999+还是自己的耳朵,194,她轻描淡写说离散,https://music.163.com/#/song?id=2102916094,2026-08-31
伏蒿乐队,走啊狗,听这首歌的麻烦拍我一下，日推进来的，都是自家人，收藏好听的歌太多了，我怕收藏之后落灰2025.4.2,143,豬紅陽,https://music.163.com/#/song?id=2102916094,2026-08-31
伏蒿乐队,走啊狗,东北呼唤的乐队里最好的，没有之一。全方位的好。现场听哭了,102,一身rocking肉,https://music.163.com/#/song?id=2102916094,2026-08-31
伏蒿乐队,走啊狗,你一定红透半边天,38,兆七叭,https://music.163.com/#/song?id=2102916094,2026-08-31
伏蒿乐队,走啊狗,有一瞬间好像刘森的声音,36,华东浪漫革命-,https://music.163.com/#/song?id=2102916094,2026-08-31
伏蒿乐队,走啊狗,愿你我皆能脱离世人的期盼，世事的纷扰，见世界之大，见人心之微，愿你我都能与自己周旋久，皆成“我”。,17,方-子顏,https://music.163.com/#/song?id=2102916094,2026-08-31
伏蒿乐队,走啊狗,请日推帮我把这首歌送给前男友，下次凌晨的电话我一定不会接,11,樱桃没有小丸子c,https://music.163.com/#/song?id=2102916094,2026-08-31
余宇涵,等你的回答,修成祖师爷的声音了都,17578,Agonice_IPEO,https://music.163.com/#/song?id=2602727516,2026-08-31
余宇涵,等你的回答,张子墨solo出道吧[拜],8716,麻-Q,https://music.163.com/#/song?id=2602727516,2026-08-31
余宇涵,等你的回答,怎么都是粉丝😶😶，只有我是单纯觉得开头好听进来的路人,7062,迟暮to,https://music.163.com/#/song?id=2602727516,2026-08-31
余宇涵,等你的回答,🟡那天，心情失落💧直到我看见三代唯一断层TOP门面【朱志鑫】💛体验爽文人生，从选择@TF家族-朱志鑫 开始😎六年稳居一番之位☝🏻内娱的大屏之神💛登上舞台即是出圈🟡颜值是顶峰实力是巅峰👑是情绪稳定的水豚猫猫✨是温柔有趣野心家💛搞到就是爽到🥰诚邀大家入股👍,6102,Monster_1103,https://music.163.com/#/song?id=2602727516,2026-08-31
余宇涵,等你的回答,穆祉丞词和镜头不能用少得可怜来形容了……小穆以后星途璀璨吧🩵🩷,5326,三好学生谢耳朵,https://music.163.com/#/song?id=2602727516,2026-08-31
余宇涵,等你的回答,这声音 差点以为祖师爷出新歌了[多多笑哭],4932,小雨喵-_-,https://music.163.com/#/song?id=2602727516,2026-08-31
余宇涵,等你的回答,🥇朱志鑫——【三代唯一火爆出圈新人演员】⭐⭐💠三代【唯一加盟S+综艺】➕【唯一拥有单支1200w+视频】⭐⭐💠相关视频荣登字母站【21年度影视剪辑榜单】➕【综艺榜单第5】➕【影视混剪榜单第4】⭐⭐💠演艺界前辈和各大平台亲证的「影视新星」⭐⭐💠@TF家族-朱志鑫,3751,小也吧啦,https://music.163.com/#/song?id=2602727516,2026-08-31
余宇涵,等你的回答,修音师太努力了,2991,长夜月的第三个七日,https://music.163.com/#/song?id=2602727516,2026-08-31
余宇涵,等你的回答,穆祉丞星途璀璨🩵🩷,2990,匀速下坠,https://music.163.com/#/song?id=2602727516,2026-08-31
余宇涵,等你的回答,这首歌和wlj有零个关系,2874,你管我叫什么吶,https://music.163.com/#/song?id=2602727516,2026-08-31
余宇涵,等你的回答,非粉，但这首歌真的好听！好洗脑，一听到就感觉看到了那些青春热血的少年在运动场跳舞的场景，高潮“那年都相遇分开都飘着花”感觉就是追星人遇见光的那一刻，还有这些少年出道的与没出道的分别那种感觉，就真的！很青春啊！,2859,__一起看月亮吗,https://music.163.com/#/song?id=2602727516,2026-08-31
余宇涵,等你的回答,❣️❣️【𝑩𝒂𝒕𝒕𝒍𝒆无败绩】❣️❣️慕强者天菜@TF家族-苏新皓 🔝初心未改【𝑴𝑽最佳𝑪位】❤️‍🔥【等你的回答】❤️‍🔥实力与热爱相约❤️‍🔥造就精彩舞台⬆️⬆️曙光将至鹏程之路❣️❣️涅槃之途邀你共赴❤️‍🔥❤️‍🔥,2201,Sxhyrup,https://music.163.com/#/song?id=2602727516,2026-08-31
余宇涵,等你的回答,sdfj是怎么做到让每个人都不太开心的,2075,王-君一,https://music.163.com/#/song?id=2602727516,2026-08-31
余宇涵,等你的回答,纯路人 感觉比较喜欢张子墨,2025,每条小鱼都在乎,https://music.163.com/#/song?id=2602727516,2026-08-31
余宇涵,等你的回答,🟢⚪️心向远方，明朗炽热。✅【人气TOP】【HOOK之神】少年热忱满盈，直破云霄🟩看【第一主唱】【全能ACE】🧩玩转音乐《等你的回答》，青春荡漾，韶华永在！@TF家族-张泽禹  🟢⚪️,1843,每周只休八天,https://music.163.com/#/song?id=2602727516,2026-08-31
余宇涵,南京恋爱通告 (考核版) (Live),鹭卓鹭卓全肯定！,90,最爱狗狗o,https://music.163.com/#/song?id=3395339795,2026-08-31
余宇涵,南京恋爱通告 (考核版) (Live),听的感觉好乱，乱糟糟的感觉,48,听说名字越长越好找对象,https://music.163.com/#/song?id=3395339795,2026-08-31
余宇涵,南京恋爱通告 (考核版) (Live),太好哭了 人类需要群像[哭哭][哭哭][哭哭],47,-123chen,https://music.163.com/#/song?id=3395339795,2026-08-31
余宇涵,南京恋爱通告 (考核版) (Live),这首歌就不收藏了，你们赞一次或评论一下我听一次，挺有仪式感的哈哈哈,41,w好安静,https://music.163.com/#/song?id=3395339795,2026-08-31
余宇涵,南京恋爱通告 (考核版) (Live),鹭卓大人你最棒！你是我们的榜样！！！,41,窝服辣辣辣,https://music.163.com/#/song?id=3395339795,2026-08-31
余宇涵,南京恋爱通告 (考核版) (Live),💗张新成🍊💗张新成🍊💗张新成🍊💗张新成🍊💗张新成🍊💗张新成🍊💗张新成🍊💗张新成🍊💗张新成🍊💗张新成🍊💗张新成🍊💗张新成🍊💗张新成🍊💗张新成🍊💗张新成🍊💗张新成🍊💗张新成🍊💗张新成🍊💗张新成🍊💗张新成🍊💗张新成🍊💗张新成🍊💗张新成🍊💗张新成🍊💗张新成🍊💗张新成🍊💗张新成🍊💗张新成🍊,25,Peony芍苜,https://music.163.com/#/song?id=3395339795,2026-08-31
余宇涵,南京恋爱通告 (考核版) (Live),袁一琦唱得好🥰,21,PUKAdidi,https://music.163.com/#/song?id=3395339795,2026-08-31
余宇涵,南京恋爱通告 (考核版) (Live),鹭卓鹭卓勇敢唱，丝丝永相随😃😃,19,玫柒瑰哦,https://music.163.com/#/song?id=3395339795,2026-08-31
余宇涵,南京恋爱通告 (考核版) (Live),Barry的兵来了,16,When你TB,https://music.163.com/#/song?id=3395339795,2026-08-31
余宇涵,南京恋爱通告 (考核版) (Live),一秒就听到Shaking的嗓音啦[哭哭][哭哭][哭哭]你知道的，我从青你就跟着你了[超好听][超好听],13,丫ykind,https://music.163.com/#/song?id=3395339795,2026-08-31
余宇涵,南京恋爱通告 (考核版) (Live),我感觉正片里带着耳机是好听的，这里就有点一般,10,椰次椰比,https://music.163.com/#/song?id=3395339795,2026-08-31
余宇涵,南京恋爱通告 (考核版) (Live),谢可寅许馨文婧妹们走花路吧[亲吻][亲吻][亲吻],10,云村村民173242968731262,https://music.163.com/#/song?id=3395339795,2026-08-31
余宇涵,如果是我,💙💙💙@余宇涵《如果是我》像夜色里轻轻收尾的一段旋律💙💙💙不再追问也不再遗憾💙只是把所有心动温柔地放回时间里💚💙,460,半勺山莓,https://music.163.com/#/song?id=3383232912,2026-08-31
余宇涵,如果是我,💙💙💙整首歌像雾一样的叙事💙你看不清结局💙但能感受到情绪在空间里轻轻移动💙@余宇涵 把“遗憾”处理成了柔软的质地💚💙💙💙,395,帅气的大鱼仔,https://music.163.com/#/song?id=3383232912,2026-08-31
余宇涵,如果是我,好厉害呀宝宝,302,狗狗魚刺,https://music.163.com/#/song?id=3383232912,2026-08-31
余宇涵,如果是我,💙💙💙“时间走得比心跳还急”像电影里的黑白💙像在慢画面却在向反方向慢速推进💙@余宇涵 用声音制造了一种时间错位的温柔感💚💙💙,212,夜景高能粽子,https://music.163.com/#/song?id=3383232912,2026-08-31
余宇涵,如果是我,💙💙💙@余宇涵《如果是我》像夜色里轻轻收尾的一段旋律💙💙💙不再追问也不再遗憾💙只是把所有心动温柔地放回时间里💚💙,156,-要不要吃鱼,https://music.163.com/#/song?id=3383232912,2026-08-31
余宇涵,如果是我,超级好听！！！,154,傲娇的卷心菜_,https://music.163.com/#/song?id=3383232912,2026-08-31
余宇涵,如果是我,💙💙💙最喜欢的是那种“想要揭开秘密的悸动”已经来不及💙@余宇涵 用声音把犹豫、错过唱得很完整💙像一部慢镜头青春片💚💙💙💙,145,别遇_c3LX,https://music.163.com/#/song?id=3383232912,2026-08-31
余宇涵,如果是我,💙💙💙@余宇涵《如果是我》像夜色里轻轻收尾的一段旋律💙💙💙不再追问也不再遗憾💙只是把所有心动温柔地放回时间里,116,南街浊酒sy,https://music.163.com/#/song?id=3383232912,2026-08-31
余宇涵,如果是我,感觉看了一集校园剧 好适合OST,92,宇涵世首帅,https://music.163.com/#/song?id=3383232912,2026-08-31
余宇涵,如果是我,成为今晚18点开始【余宇涵歌词邮票】集邮顺位第14位村民！！！路过的村民们给彬叔这条留评点个赞👍呗！第一个最难抽的特典花了26次充会员才成功✅️获得！祝各位村民好运连连！！,89,彭浦彬仔,https://music.163.com/#/song?id=3383232912,2026-08-31
余宇涵,如果是我,余宇涵的《如果是我》宛如一封没有寄出的影像信，用克制而温柔的声线将未抵达的遗憾化作留白的诗，在缓慢流动的旋律中完成了对错过的安静释怀。,67,彭浦彬仔,https://music.163.com/#/song?id=3383232912,2026-08-31
余宇涵,如果是我,太喜欢余宇涵这首歌了！好校园[装可爱][装可爱][装可爱],46,宇涵世首帅,https://music.163.com/#/song?id=3383232912,2026-08-31
余宇涵,如果是我,生活有两只翅膀，一只叫美好，一只叫疼痛，人们总在美好的时候忽略疼痛，而在疼痛的日子里才呐喊出心底最真实的声音。,36,星辰-11111,https://music.163.com/#/song?id=3383232912,2026-08-31
余宇涵,如果是我,💙💙💙“每一秒的眼神交集都想写进日记里”像特写镜头停在细节，却延展出整段关系的想象💙💙💙@余宇涵 让听觉变成视觉叙事💚,34,韩羲辞,https://music.163.com/#/song?id=3383232912,2026-08-31
余宇涵,如果是我,太好听了宝贝[装可爱],31,中午吃余z,https://music.163.com/#/song?id=3383232912,2026-08-31
余宇涵,不完美小孩 (Live),朱志鑫你是最完美的小孩！！！,362,泪水流过生命轨迹是否淡到无痕,https://music.163.com/#/song?id=2121906238,2026-08-31
余宇涵,不完美小孩 (Live),苏新皓2024出道顺利,199,左边酒窝有点浅,https://music.163.com/#/song?id=2121906238,2026-08-31
余宇涵,不完美小孩 (Live),🟡你问朱志鑫是谁？【三代断层人气氪金双𝙏𝙊𝙋】【唯一门面唯一主舞】就是【标准答案】💛五年销冠大壁下家👑最多百万视频＆【唯一】拥有千万视频💛舞蹈视频Cover播放量断层第一💛名副其实【三代第一唯一主舞】💛真𝐓𝐨𝐩@TF家族-朱志鑫 🔹无需任何限定词,181,刺痛_ct,https://music.163.com/#/song?id=2121906238,2026-08-31
余宇涵,不完美小孩 (Live),三比都是最完美的小孩！,179,oihhhhhhh,https://music.163.com/#/song?id=2121906238,2026-08-31
余宇涵,不完美小孩 (Live),苏新皓你就是最完美的小孩,147,su的时序,https://music.163.com/#/song?id=2121906238,2026-08-31
余宇涵,不完美小孩 (Live),穆祉丞 完美小孩！,130,争气馒,https://music.163.com/#/song?id=2121906238,2026-08-31
余宇涵,不完美小孩 (Live),朱志鑫你就是最完美的小孩[色],83,有关猫的一切,https://music.163.com/#/song?id=2121906238,2026-08-31
余宇涵,不完美小孩 (Live),🟡【三代实力天花板人气断层𝙏𝙊𝙋】🔥朱志鑫来咯🤩【出圈率断层】的【舞台王者】🌟【演员&歌手】双tag的【王牌ACE】🌟【颜值断层无line】🌟经得起大银幕挑战＆摄像师全程怼脸拍的【绝对Center】@TF家族-朱志鑫,62,山城阿志-,https://music.163.com/#/song?id=2121906238,2026-08-31
余宇涵,不完美小孩 (Live),苏新皓你不必做到事事完美，在我们这，你就是完美的,46,_耶耶a_,https://music.163.com/#/song?id=2121906238,2026-08-31
余宇涵,不完美小孩 (Live),小苏，你就是最完美的小孩，你走的每一步都算数，每一步都有信号灯🚦见证，所以小苏，要加油！[心心][心心][心心],38,云散时归来,https://music.163.com/#/song?id=2121906238,2026-08-31
余宇涵,不完美小孩 (Live),今天 故事结束了,26,航酱牌饺子铺,https://music.163.com/#/song?id=2121906238,2026-08-31
余宇涵,不完美小孩 (Live),红海闪耀♦️铲王驾到‼️@TF家族-苏新皓❣️灵魂主唱开嗓即高光❣️清泉之音奏响热爱乐章♦️天生爱豆舞台燃爆全场❤️‍🔥,21,信号灯与凯,https://music.163.com/#/song?id=2121906238,2026-08-31
余宇涵,不完美小孩 (Live),朱志鑫 左航平平安安,21,爱与心跳共鸣_,https://music.163.com/#/song?id=2121906238,2026-08-31
余宇涵,不完美小孩 (Live),朱志鑫，加油！你永远是最棒的完美小孩！🥺,19,--江南又夢煙雨-,https://music.163.com/#/song?id=2121906238,2026-08-31
余宇涵,不完美小孩 (Live),苏新皓不会成为无聊的大人！,17,小狗要岁岁平安,https://music.163.com/#/song?id=2121906238,2026-08-31
余枫 / 曹寅,怎么还不爱 (雀跃狂爱版),默默刷在一起（B站都懂，我要站一辈子）,8823,纷芜养心,https://music.163.com/#/song?id=34167331,2026-08-31
余枫 / 曹寅,怎么还不爱 (雀跃狂爱版),这首很棒啊，为什么不火，艾怡良作曲，余枫是好声音那个吧。。支持！,5288,-Mariano-,https://music.163.com/#/song?id=34167331,2026-08-31
余枫 / 曹寅,怎么还不爱 (雀跃狂爱版),我还以为是邓紫棋唱的 太像了,3971,Er萱子,https://music.163.com/#/song?id=34167331,2026-08-31
余枫 / 曹寅,怎么还不爱 (雀跃狂爱版),明、、明望、有毒！！！！,3015,FF_49,https://music.163.com/#/song?id=34167331,2026-08-31
余枫 / 曹寅,怎么还不爱 (雀跃狂爱版),只有我觉得女生是高挑版的林依晨吗[大哭],2463,南方Arenlee,https://music.163.com/#/song?id=34167331,2026-08-31
余枫 / 曹寅,怎么还不爱 (雀跃狂爱版),明望粉滚进来听一听,1663,倪小胖,https://music.163.com/#/song?id=34167331,2026-08-31
余枫 / 曹寅,怎么还不爱 (雀跃狂爱版),这么好听的歌 是我品味奇葩吗[呆],1536,Loly-Chen,https://music.163.com/#/song?id=34167331,2026-08-31
余枫 / 曹寅,怎么还不爱 (雀跃狂爱版),前面b站的OT戏外甜蜜向抱紧我，Ohm和Toey的小粉红把我甜的yo~脸都笑僵了哈哈哈[吐舌],1163,马勒戈壁公爵,https://music.163.com/#/song?id=34167331,2026-08-31
余枫 / 曹寅,怎么还不爱 (雀跃狂爱版),看了好久都没有b站来的，没事！ohmtoey大旗我来扛！！！！,1081,樱桃金汤力,https://music.163.com/#/song?id=34167331,2026-08-31
余枫 / 曹寅,怎么还不爱 (雀跃狂爱版),明望给我燥起来啊[色],814,晚上没鬼,https://music.163.com/#/song?id=34167331,2026-08-31
余枫 / 曹寅,怎么还不爱 (雀跃狂爱版),真的会有女孩子喜欢一个相貌平平却说话风趣幽默的男孩子吗?,802,心火焚星,https://music.163.com/#/song?id=34167331,2026-08-31
余枫 / 曹寅,怎么还不爱 (雀跃狂爱版),为ot站街！我们的美男学霸哥哥和幼稚泰迪弟弟一直甜下去吧[亲亲],670,LacVn,https://music.163.com/#/song?id=34167331,2026-08-31
余枫 / 曹寅,怎么还不爱 (雀跃狂爱版),我完全是冲着余枫来的[可爱]当初好声音的时候唯独喜欢余枫，那首《treasure》和他带着痞气的舞蹈，看得我两眼发光[色],635,轻巧的幸运星,https://music.163.com/#/song?id=34167331,2026-08-31
余枫 / 曹寅,怎么还不爱 (雀跃狂爱版),故事的开始一个街头俩个少年一场追尾一段水果情缘,498,小炮崽鸭,https://music.163.com/#/song?id=34167331,2026-08-31
余枫 / 曹寅,怎么还不爱 (雀跃狂爱版),？？？可否来个人告诉我大佬是谁，两个红衣男孩在布达拉宫？好奇，特别好奇，能不能解答一下，哈哈哈。,481,云深阿羡,https://music.163.com/#/song?id=34167331,2026-08-31
余枫 / 曹寅,让世界再明亮,希望我们所有人都能一直平平安安的[爱心]未来是明亮的 它就在远方等着我们🍃,370,范泊远,https://music.163.com/#/song?id=1932047265,2026-08-31
余枫 / 曹寅,让世界再明亮,和袁娅维一起为中国加油！,171,漫步海岸_,https://music.163.com/#/song?id=1932047265,2026-08-31
余枫 / 曹寅,让世界再明亮,跟着Tia姐姐一起为世界加油！！💙💙,152,yuhanan_,https://music.163.com/#/song?id=1932047265,2026-08-31
余枫 / 曹寅,让世界再明亮,袁娅维的歌声里听到了爱，看到了美好的未来[爱心],95,麦克斯韦妖-TIVA024,https://music.163.com/#/song?id=1932047265,2026-08-31
余枫 / 曹寅,让世界再明亮,tia的声音好治愈啊,95,6m77_z,https://music.163.com/#/song?id=1932047265,2026-08-31
余枫 / 曹寅,让世界再明亮,和tia袁娅维一起让世界充满爱,90,Heretics-,https://music.163.com/#/song?id=1932047265,2026-08-31
余枫 / 曹寅,让世界再明亮,和Tia一起，为爱发声，为中国加油,71,SuperWam-,https://music.163.com/#/song?id=1932047265,2026-08-31
余枫 / 曹寅,让世界再明亮,蒋敦豪[蛋仔喜欢],70,pluto-vb,https://music.163.com/#/song?id=1932047265,2026-08-31
余枫 / 曹寅,让世界再明亮,跟Tia一起，为爱加油！世界更温暖、更明亮！,58,夏知了知了夏,https://music.163.com/#/song?id=1932047265,2026-08-31
余枫 / 曹寅,让世界再明亮,和tia姐一起，为祖国加油🥰,51,Raynoah_炭,https://music.163.com/#/song?id=1932047265,2026-08-31
余枫 / 曹寅,让世界再明亮,和Tia袁娅维一起为中国，为世界加油！,49,Q周英ing,https://music.163.com/#/song?id=1932047265,2026-08-31
余枫 / 曹寅,让世界再明亮,和袁娅维一起为中国加油！,49,TIVA0219,https://music.163.com/#/song?id=1932047265,2026-08-31
余枫 / 曹寅,让世界再明亮,"和袁娅维一起为世界加油！愿大家都能远离疾病、痛苦和灾难！",44,亲爱的雪饼,https://music.163.com/#/song?id=1932047265,2026-08-31
余枫 / 曹寅,让世界再明亮,袁娅维的歌声太有质感了,39,yang-Ahhww,https://music.163.com/#/song?id=1932047265,2026-08-31
余枫 / 曹寅,让世界再明亮,“如果起风了，就乘着风回家，如果下雨了，就顺着雨水，顺着江河湖泊回家，如果是父母来接你们了，请一定要抓紧他们的衣袖，就像小时候一样，一定不要走丢了，知道吗？” 灵魂歌手袁娅维TIA RAY的声音里充满了温暖，深切缅怀遇难者，向英雄们致敬，祖国永远是坚硬的后盾！🇨🇳,39,修鮬,https://music.163.com/#/song?id=1932047265,2026-08-31
余枫 / 曹寅,爱之声,主题曲开头我以为是日剧 编曲不错,885,mmq_sh,https://music.163.com/#/song?id=29732484,2026-08-31
余枫 / 曹寅,爱之声,感谢你身边每一位医生！今天是国际医生节！大家都知道有教师节，而有多少人知道3月30日是国际医生节？教师是人类灵魂的工程师，医生是人类生命的守护者。感谢每一位爱岗敬业的医生，是他们一直默默地为我们的生命保驾护航。,727,随风入梦,https://music.163.com/#/song?id=29732484,2026-08-31
余枫 / 曹寅,爱之声,你因挫骨扬灰的转过身而不再回望，正如这世事从不容人想象。千家万盏琉璃灯都狂妄不过一朝离别疏影。就有那么一瞬间，你敢于痴狂。虽深知咬牙的苦，倔强的累，闷声的疼，都不过是情生情灭的几簇烟火。愣是要撞上那南墙一口钟，方戚戚然休停了去。白日里看青竹，我与它同醉于云间，风动且静忆归去来兮。,506,柒薄洌,https://music.163.com/#/song?id=29732484,2026-08-31
余枫 / 曹寅,爱之声,张碧晨很棒,344,漩涡老鼠,https://music.163.com/#/song?id=29732484,2026-08-31
余枫 / 曹寅,爱之声,看过《青年医生》的，右边集合。👉 真心喜欢着部剧，这首歌。作为一名医学生，一听到这首歌，就会回想到青年医生里边的镜头，整颗心都沸腾了。不忘初心，不断进步!,288,玫瑰与荆棘1,https://music.163.com/#/song?id=29732484,2026-08-31
余枫 / 曹寅,爱之声,本来喜欢张碧晨，听了后，余枫的声音也蛮好听得[大笑],286,在水一方Lily,https://music.163.com/#/song?id=29732484,2026-08-31
余枫 / 曹寅,爱之声,只是来听余枫的。,192,Noah_Xu,https://music.163.com/#/song?id=29732484,2026-08-31
余枫 / 曹寅,爱之声,把喜欢余枫的都赞了一遍，声音好好听，很有辨识度[开心] 不知道为什么第一感觉就不喜欢张。。,168,寒沙带浅,https://music.163.com/#/song?id=29732484,2026-08-31
余枫 / 曹寅,爱之声,我喜欢余枫的声音,142,比可爱吗那你赢了呀--,https://music.163.com/#/song?id=29732484,2026-08-31
余枫 / 曹寅,爱之声,没有安全感的女生都这样：不麻烦别人，自己一个人死撑，总想把所有事做好。这辈子从来就没坚强过，大小坎是自己死撑过去的；但同时又玻璃心和自卑，生怕做错事说错话；特别在意别人的眼光和看法。还有一点，别人稍稍对你好一些，就恨不得把自己所有最好的东西都给对方。 ​,128,魔法少女樱小仙女,https://music.163.com/#/song?id=29732484,2026-08-31
余枫 / 曹寅,爱之声,预言：总有一天，这首歌会火！fighting！                  2019.7.21,106,Only好音乐,https://music.163.com/#/song?id=29732484,2026-08-31
余枫 / 曹寅,爱之声,我从外科风云的背景乐吸引来的,104,雾里看花_iris,https://music.163.com/#/song?id=29732484,2026-08-31
余枫 / 曹寅,爱之声,大爱的说  最近一直在单曲循环中,95,猫猫不吃鱼的,https://music.163.com/#/song?id=29732484,2026-08-31
余枫 / 曹寅,爱之声,《青年医生》的遗憾在于 程俊的奶奶 邹倚梦的妈妈 沈青川的姐姐 裘院长和刘老师 没治好的武然，小苏，夏可欣,92,孟鹤糖糖,https://music.163.com/#/song?id=29732484,2026-08-31
余枫 / 曹寅,爱之声,2023年还有人在听这首歌吗[西西心动],74,小穆0625,https://music.163.com/#/song?id=29732484,2026-08-31
余枫 / 曹寅,Say Goodnight,我回头看他的时候发现他真的好普通好普通根本就没有很惊艳的感觉了,31,薛薛_米粒,https://music.163.com/#/song?id=1965856920,2026-08-31
余枫 / 曹寅,Say Goodnight,有些女孩子根本渣不起来 因为她的经历 她的三观 她懂得的道理 以及她骨子里的倔强 都会告诉她 那样不对,25,哭了哦,https://music.163.com/#/song?id=1965856920,2026-08-31
余枫 / 曹寅,Say Goodnight,日推到的歌 好听☺️,15,赌气呦,https://music.163.com/#/song?id=1965856920,2026-08-31
俄罗斯芭蕾国家剧院芭蕾舞 成都站,NBO：舍赫拉查达：第一乐章：大海和辛巴德的船,"《舍赫拉查德》  俄罗斯    里姆斯基-科萨科夫也被成为“天方夜谭”交响组曲共四个乐章《大海和辛巴达的船》《僧人的故事》《王子与公主》《巴格达的节日和辛巴达的船撞上立有骑士铜像的峭壁》",33,Simone阿萌,https://music.163.com/#/song?id=520460137,2026-08-31
俄罗斯芭蕾国家剧院芭蕾舞 成都站,NBO：舍赫拉查达：第一乐章：大海和辛巴德的船,？这就丢人了？我不觉得 记错了就改过来啊 不要把你的想法臆想到别人身上K？[可爱],21,六月yoyoran,https://music.163.com/#/song?id=520460137,2026-08-31
俄罗斯芭蕾国家剧院芭蕾舞 成都站,NBO：舍赫拉查达：第一乐章：大海和辛巴德的船,交响组曲《舍赫拉查德》（Scheherazade），是俄罗斯作曲家里姆斯基-柯萨科夫的代表作品之一，取材于阿拉伯民间故事集《天方夜谭》,15,cyclin7,https://music.163.com/#/song?id=520460137,2026-08-31
俄罗斯芭蕾国家剧院芭蕾舞 成都站,NBO：舍赫拉查达：第一乐章：大海和辛巴德的船,有交响乐赏析选修课来的吗,12,王予安Yvan,https://music.163.com/#/song?id=520460137,2026-08-31
俄罗斯芭蕾国家剧院芭蕾舞 成都站,NBO：G小调第四十交响曲，K.550 - 1,我不想，我不想，不想长大。,37,楚寒巫,https://music.163.com/#/song?id=1393166998,2026-08-31
全男班现代舞秀 绍兴站,花香,懂这首歌的人都老了，我们都奔三去了。。。,11688,小巷夜雨清风扬,https://music.163.com/#/song?id=4875987,2026-08-31
全男班现代舞秀 绍兴站,花香,小学时候。。。。。。。。貌似真的好火。。。还有卖薰衣草那个小瓶子的。。。。。,7223,HL_YS,https://music.163.com/#/song?id=4875987,2026-08-31
全男班现代舞秀 绍兴站,花香,我今年32了。。。你们呢。。。记忆确实是阵阵花香。。。。,3304,静寂之尘,https://music.163.com/#/song?id=4875987,2026-08-31
全男班现代舞秀 绍兴站,花香,我不知道许绍洋是谁。甚至现在还没有百度他了解他。不过这首《花香》真的是被记忆最久的歌，小时候懵懵懂懂看过薰衣草的电视剧。读小学的我，听到这首主题歌。当时就很喜欢上了这首歌。后面一直不知道这首歌的名字。就没有再次去听过。今晚搜到了这首歌。很用心的安静的听完。潜在的记忆把.....,2478,M-flying,https://music.163.com/#/song?id=4875987,2026-08-31
全男班现代舞秀 绍兴站,花香,人生看的第一部偶像剧,1708,tyler03lu,https://music.163.com/#/song?id=4875987,2026-08-31
全男班现代舞秀 绍兴站,花香,应该是10年前听过的，一晃10年就去过去了……,1175,缺味儿,https://music.163.com/#/song?id=4875987,2026-08-31
全男班现代舞秀 绍兴站,花香,有几个人知道，这首歌是周传雄写的,1065,游雨魂,https://music.163.com/#/song?id=4875987,2026-08-31
全男班现代舞秀 绍兴站,花香,哇这个点赞是紫色诶,1045,毛圆圆sky,https://music.163.com/#/song?id=4875987,2026-08-31
全男班现代舞秀 绍兴站,花香,好怀念看这部电视时候的时光，那个能够看到电视就无比兴奋的时光,780,幂幂珐梭,https://music.163.com/#/song?id=4875987,2026-08-31
全男班现代舞秀 绍兴站,花香,台剧演出了韩剧的戏码。阿熏还是死了。,654,夏虫予冰,https://music.163.com/#/song?id=4875987,2026-08-31
全男班现代舞秀 绍兴站,花香,满满的回忆，我记得当时还买那种瓶子里装的薰衣草，特别香，真怀念！,578,小鱼闯海洋,https://music.163.com/#/song?id=4875987,2026-08-31
全男班现代舞秀 绍兴站,花香,我的妻子96年的，根本不知道许绍洋，不知道花香，不知道幸福瞬间，哈哈,563,小徐同学吖,https://music.163.com/#/song?id=4875987,2026-08-31
全男班现代舞秀 绍兴站,花香,流星花园 薰衣草 蜜桃女孩（吴建豪）贫穷贵公子（周渝民）吐司男之吻 爱情白皮书（彭于晏）MVP情人（张韶涵）海豚湾恋人 舞动奇迹 蔷薇之恋（Ella）西街少年（5566）狂爱龙卷风（徐若瑄）紫禁之巅  斗鱼 天国的嫁衣 情定爱情海（蔡琳 苏有朋）恶作剧之吻 王子变青蛙 终极一班 绿光森林 微笑pasta,514,Shirley_1011,https://music.163.com/#/song?id=4875987,2026-08-31
全男班现代舞秀 绍兴站,花香,蒋介石为了宋美龄放弃了南京 我为了你放弃了整个沈阳的电瓶 只是因为你一句不喜欢小偷,489,账号已注销,https://music.163.com/#/song?id=4875987,2026-08-31
全男班现代舞秀 绍兴站,花香,薰衣草、海豚湾恋人、十八岁的天空、完美夏天。。。,480,晚了就是晚了,https://music.163.com/#/song?id=4875987,2026-08-31
全男班现代舞秀 绍兴站,披荆斩棘,徐良：你的青春没给你丢人[流泪],1594,星三五在东,https://music.163.com/#/song?id=2074099995,2026-08-31
全男班现代舞秀 绍兴站,披荆斩棘,我的再就业小分队[流泪][流泪][流泪],943,璃小妖1,https://music.163.com/#/song?id=2074099995,2026-08-31
全男班现代舞秀 绍兴站,披荆斩棘,jeff satur（เจฟ วรกมล ซาเตอร์ ）出生于1995年，中英泰三国混血儿，毕业于泰国兰实大学音乐学院，2013年开始参与制作音乐。初来乍到，请多多关照！我们罗杰夫会给大家带来惊喜的[星星]披荆斩棘，勇往直前！,654,DIduBIn,https://music.163.com/#/song?id=2074099995,2026-08-31
全男班现代舞秀 绍兴站,披荆斩棘,楚楚动人 生生不息 期待陈楚生的舞台！！,601,裴兔子Suzyy,https://music.163.com/#/song?id=2074099995,2026-08-31
全男班现代舞秀 绍兴站,披荆斩棘,有一说一 胡彦斌声音出来的时候 简直炸裂,546,Maaaandi,https://music.163.com/#/song?id=2074099995,2026-08-31
全男班现代舞秀 绍兴站,披荆斩棘,什么！！是徐良啊！！！,526,阿宅小锦鲤儿,https://music.163.com/#/song?id=2074099995,2026-08-31
全男班现代舞秀 绍兴站,披荆斩棘,胡彦斌的单人部分出来真的眼前一亮，真的超好听了，是会不断往回拉进度条重听的程度,475,能否看到参宿四爆炸那一天,https://music.163.com/#/song?id=2074099995,2026-08-31
全男班现代舞秀 绍兴站,披荆斩棘,王栎鑫说：“当音乐来的时候，其他的都得让路。”少年历经了岁月的长河，但热爱没有被稀释。迷路的孩子再次找到了他的方向。王栎鑫，期待你带着热爱在你爱的舞台上披荆斩棘，勇往直前[亲亲],424,曾曾再躺五分钟o,https://music.163.com/#/song?id=2074099995,2026-08-31
全男班现代舞秀 绍兴站,披荆斩棘,竟然有徐良！！啊啊啊啊啊啊啊啊！！,294,徐小良i,https://music.163.com/#/song?id=2074099995,2026-08-31
全男班现代舞秀 绍兴站,披荆斩棘,期待罗杰夫！jeff satur（扭曲）（尖叫）（贴着墙粘稠地蠕动）（滑倒）（爬来爬去）（蠕动）（发出意义不明的呼噜声）（和其他蛀虫打架）（拖行出一条溟痕）（扭曲）（尖叫）（贴着墙粘稠地蠕动）（滑倒）（爬来爬去）（蠕动（发出意义不明的呼噜声）（和其他蛀虫打架）（拖行出一条溟痕）,254,黎枫枫枫枫,https://music.163.com/#/song?id=2074099995,2026-08-31
全男班现代舞秀 绍兴站,披荆斩棘,初始真的不被看好啊，都没有生哥独唱的句子！！我生哥逆袭！！ and胡校长真的喜欢他的嗓子歌声哈哈,250,叁光伍葉,https://music.163.com/#/song?id=2074099995,2026-08-31
全男班现代舞秀 绍兴站,披荆斩棘,jeff跟这一群人站在一起！这种感觉有没有人懂？他身边站了一群我熟悉的人的感觉，好奇妙,239,ff5959,https://music.163.com/#/song?id=2074099995,2026-08-31
全男班现代舞秀 绍兴站,披荆斩棘,听说徐良是想他粉丝然后出来参加活动，真的爱住了#披荆斩棘#,235,cyd一个蛋,https://music.163.com/#/song?id=2074099995,2026-08-31
全男班现代舞秀 绍兴站,披荆斩棘,罗杰夫！！哐哐举大旗,174,十爷好飒yu,https://music.163.com/#/song?id=2074099995,2026-08-31
全男班现代舞秀 绍兴站,披荆斩棘,期待宝石，瘦子，蛋壳,167,lilo-ku,https://music.163.com/#/song?id=2074099995,2026-08-31
全男班现代舞秀 绍兴站,花香,还记得小小玻璃瓶里面装着薰衣草送给小伙伴作为礼物🎁，怀念,11020,morling-萧,https://music.163.com/#/song?id=4877892,2026-08-31
全男班现代舞秀 绍兴站,花香,暴露年龄了，当年追的电视剧，尤其记得坐我后面的女生，每天都要唱花香，当时觉得好烦，现在想想挺可爱的。我28了,7778,还猪格格1,https://music.163.com/#/song?id=4877892,2026-08-31
全男班现代舞秀 绍兴站,花香,这应该算是看过的第一部台湾偶像剧了，LEO，对吧？？？,4955,小刘叨叨,https://music.163.com/#/song?id=4877892,2026-08-31
全男班现代舞秀 绍兴站,花香,话说，当年薰衣草许愿瓶风靡校园两三年[大哭],3645,淑水书,https://music.163.com/#/song?id=4877892,2026-08-31
全男班现代舞秀 绍兴站,花香,季晴川爱梁以薰！,3603,猫与,https://music.163.com/#/song?id=4877892,2026-08-31
全男班现代舞秀 绍兴站,花香,薰衣草的花语是等待爱情❤️,2539,骨龄十七,https://music.163.com/#/song?id=4877892,2026-08-31
全男班现代舞秀 绍兴站,花香,小学痴迷的偶像剧。记得四年级下午第一节英语课，英语老师都会课前给我们放歌提神。一次放了这首花香，前奏刚响，我和另一个女生激动的喊花香花香，那种听首喜欢的歌就开心的日子……,1676,你给的拥抱不温热,https://music.163.com/#/song?id=4877892,2026-08-31
全男班现代舞秀 绍兴站,花香,只要用力呼吸，就会看见奇迹。可结局还是这么惨,1386,一个孤独漫步者的梦,https://music.163.com/#/song?id=4877892,2026-08-31
全男班现代舞秀 绍兴站,花香,那时候台剧真的好看，《恶作剧之吻》《天国的嫁衣》《东方茱丽叶》《公主小妹》《绿光森林》《王子变青蛙》《爱情魔法师》《恶魔在身边》《海派甜心》《换换爱》《转角遇到爱》《青苹果乐园》《微笑百事达》《海豚湾恋人》《放羊的星星》《命中注定我爱你》都看过的点👍,1265,小幸运WQX,https://music.163.com/#/song?id=4877892,2026-08-31
全男班现代舞秀 绍兴站,花香,我有一个很好的大学同学，我每次追女孩都请她撮合，每次失恋也是她安慰我。毕业那天我跟女朋友分手，一群人去ktv通宵，半醉半醒间听她边哭边唱这首歌，然后我就睡着了。毕业很久以后的一天，我下班开车回家，听到电台放这首歌，不知道为什么，我马上掉头上了高速跨了半个省去找她。现在我们结婚了。,1044,potential19430,https://music.163.com/#/song?id=4877892,2026-08-31
全男班现代舞秀 绍兴站,花香,用熏衣草记载爱，喜欢它的音乐喜欢它的故事，每次听心里都有种莫名的悸动。这是在我很小的时候看的，那时不懂事觉得女主角是全天下最美的，男主角是世界上最深情的，对薰衣草有着莫名的喜爱。虽然小时候懵懵懂懂并不懂爱情，但是感受随着成长渐渐加深。那种感受是现在的任何影视作品都给不了我的。,921,AzsharaHe,https://music.163.com/#/song?id=4877892,2026-08-31
全男班现代舞秀 绍兴站,花香,梁以薰有心脏病，那时很多中二妹子都希望自己也有先天性心脏病 哈哈哈,839,Sparklelalala,https://music.163.com/#/song?id=4877892,2026-08-31
全男班现代舞秀 绍兴站,花香,小学的时候看的啊 好怀念[大哭][大哭][大哭],752,OliD25,https://music.163.com/#/song?id=4877892,2026-08-31
全男班现代舞秀 绍兴站,花香,小时候感觉拥有了薰衣草就像拥有了所有美好的感觉  还记得小时候我拿着薰衣草装病的时候  恍如隔世,715,橘子果酱七,https://music.163.com/#/song?id=4877892,2026-08-31
全男班现代舞秀 绍兴站,花香,现在你31了,704,Christ_na,https://music.163.com/#/song?id=4877892,2026-08-31
全男班现代舞秀 绍兴站,幸福的瞬间,看的第一个青春偶像剧…啥都不懂还差点哭死,4270,骆芃芃,https://music.163.com/#/song?id=4877894,2026-08-31
全男班现代舞秀 绍兴站,幸福的瞬间,季晴川爱梁以薰！,2237,Lagrange_lj,https://music.163.com/#/song?id=4877894,2026-08-31
全男班现代舞秀 绍兴站,幸福的瞬间,可知道，有些事有些人，停留在发生的那天不肯走。,1948,苏起起,https://music.163.com/#/song?id=4877894,2026-08-31
全男班现代舞秀 绍兴站,幸福的瞬间,难道没有人和我一样当时觉得许绍洋帅爆了么,1814,Cherry_1103,https://music.163.com/#/song?id=4877894,2026-08-31
全男班现代舞秀 绍兴站,幸福的瞬间,我和我媳妇小学因为看了这部电视剧而互相有好感，因为种种原因，直到高三结束后才在一起，走过4年本科，3年研究生，还有1年的工作这长达8年的爱情慢跑，10月份我们即将迈入婚姻的殿堂了！,1467,譞大宝老公,https://music.163.com/#/song?id=4877894,2026-08-31
全男班现代舞秀 绍兴站,幸福的瞬间,记得那阵电视剧特别火 小学门口的商店卖着剧中同款薰衣草瓶 我也买来一对 送给我最好的朋友  后来我的瓶子碎了我还伤心的不得了 但是这么多年过去 我们还可以一如当年那么好,1242,一笑奈何哈哈哈,https://music.163.com/#/song?id=4877894,2026-08-31
全男班现代舞秀 绍兴站,幸福的瞬间,第一次看《薰衣草》是在我12岁的时候，看完之后，我哭了！转眼之间，又是一个十二年过去，季晴川以歌曲记录下他们爱情的幸福瞬间，而我却还没有找到自己的幸福！,839,将流年唱成一首歌儿,https://music.163.com/#/song?id=4877894,2026-08-31
全男班现代舞秀 绍兴站,幸福的瞬间,今天突然听到学校播这首歌，使我突然怀念起来。很喜欢这个电视剧，跟蓝色生死恋的感觉很相似，都是在童年种下开在成年以后的爱情。可能是因为我在童年看的，可能是因为故事从主角的童年开始，所以给我特别单纯特别美好又特别悲伤的感觉。只能说与童年有关的事物都无可取代。,654,AzsharaHe,https://music.163.com/#/song?id=4877894,2026-08-31
全男班现代舞秀 绍兴站,幸福的瞬间,一想到女主死，好像还是和肚子里的孩子一起死的，啊啊啊啊啊，心塞啊，想当年学校门口买的那瓶薰衣草小挂饰都还在。,637,那天阳光下的骚年,https://music.163.com/#/song?id=4877894,2026-08-31
全男班现代舞秀 绍兴站,幸福的瞬间,第一次买的国语磁带就是薰衣草的原声带。幼年第一部偶像言情剧，只记得白蒙蒙的一片点缀着水彩一样的紫。真是喜欢林韦君,326,leciel18,https://music.163.com/#/song?id=4877894,2026-08-31
全男班现代舞秀 绍兴站,幸福的瞬间,一转眼我都这么大了[哀伤],310,小鱼闯海洋,https://music.163.com/#/song?id=4877894,2026-08-31
全男班现代舞秀 绍兴站,幸福的瞬间,好多年了。那时还是一群小学伙伴们在围坐在家里一起看的。看到接吻的镜头时大家还不敢睁开眼睛。十多年过去了，大家虽然不在一个城市，庆幸大家都还记得那段羞涩温暖的日子。,251,Veeyiner_99,https://music.163.com/#/song?id=4877894,2026-08-31
全男班现代舞秀 绍兴站,幸福的瞬间,现在我的窗台上还有当年火遍大街小巷的薰衣草瓶,233,骨龄十七,https://music.163.com/#/song?id=4877894,2026-08-31
全男班现代舞秀 绍兴站,幸福的瞬间,谁还没买过一个薰衣草瓶子啊,214,保护我方九年,https://music.163.com/#/song?id=4877894,2026-08-31
全男班现代舞秀 绍兴站,幸福的瞬间,最喜欢的歌曲，没有之一,159,七星海,https://music.163.com/#/song?id=4877894,2026-08-31
全男班现代舞蹈秀,xoh usulluk nahxa,爱了爱了，百听不厌[爱心],103,账号已注销,https://music.163.com/#/song?id=1468244459,2026-08-31
全男班现代舞蹈秀,xoh usulluk nahxa,一句都听不懂 扭着就对了,48,不算太白的煤球一个-Kur---,https://music.163.com/#/song?id=1468244459,2026-08-31
全男班现代舞蹈秀,xoh usulluk nahxa,歌里差得那句话有点不对劲啊[哀伤],35,阿丽菲惹,https://music.163.com/#/song?id=1468244459,2026-08-31
全男班现代舞蹈秀,xoh usulluk nahxa,这水印很阿克陶,32,井伊直政101,https://music.163.com/#/song?id=1468244459,2026-08-31
全男班现代舞蹈秀,xoh usulluk nahxa,来一起跳[大笑],27,Anoxia-1203,https://music.163.com/#/song?id=1468244459,2026-08-31
全男班现代舞蹈秀,xoh usulluk nahxa,bak  ecl  nahxkan  lekn  heq kem  zan  bacmaptuo,19,jasur-110,https://music.163.com/#/song?id=1468244459,2026-08-31
全男班现代舞蹈秀,xoh usulluk nahxa,[多多调皮][多多调皮],16,小七妹_-_-,https://music.163.com/#/song?id=1468244459,2026-08-31
全男班现代舞蹈秀,xoh usulluk nahxa,ɢᵒᵒᵈ ɴⁱᵍʰᵗ ✩⡱不要赌天意，不要猜人心， 天意赌不起，人心猜不透。 晚安~,13,笑而不语A_,https://music.163.com/#/song?id=1468244459,2026-08-31
全男班现代舞蹈秀,xoh usulluk nahxa,otturudiki  ilan sozini bir yokatkan bolsa daxxat boliti,11,sawutjan3611,https://music.163.com/#/song?id=1468244459,2026-08-31
全男班现代舞蹈秀,xoh usulluk nahxa,xoh,11,账号已注销,https://music.163.com/#/song?id=1468244459,2026-08-31
全男班现代舞蹈秀,xoh usulluk nahxa,超级好听 来来挑一场,11,账号已注销,https://music.163.com/#/song?id=1468244459,2026-08-31
全男班现代舞蹈秀,xoh usulluk nahxa,烤馕店听到的，，,10,账号已注销,https://music.163.com/#/song?id=1468244459,2026-08-31
全男班现代舞蹈秀,xoh usulluk nahxa,太好听,10,Adil-EA71,https://music.163.com/#/song?id=1468244459,2026-08-31
全男班现代舞蹈秀,xoh usulluk nahxa,我也爱这个音乐,10,账号已注销,https://music.163.com/#/song?id=1468244459,2026-08-31
全男班现代舞蹈秀,xoh usulluk nahxa,baqiwaz biji digan yani baqiwaz dap towlap kudigan gap nima gap,10,托湖提尼亚孜,https://music.163.com/#/song?id=1468244459,2026-08-31
全男班现代舞蹈秀,san biwapa taxlap koymisag,𝐀𝐡𝐢𝐫 𝐃𝐚 𝐇𝐚𝐦𝐦𝐢𝐦𝐢𝐳 𝐊𝐚𝐝𝐫𝐢𝐦𝐳 𝐧𝐢 𝐊𝐢𝐥𝐡𝐚𝐧 𝐋𝐚𝐫 𝐍𝐢𝐠 𝐘𝐞𝐧𝐢𝐝𝐚 𝐁𝐮𝐥𝐢𝐦𝐳 🖤,261,Lucky_w61,https://music.163.com/#/song?id=1498277144,2026-08-31
全男班现代舞蹈秀,san biwapa taxlap koymisag,𝑨𝒛𝒂𝒓 𝑩𝒂𝒓𝒈𝒂𝒏 𝑳𝒂𝒏𝒊. 𝑲𝒂𝒒𝒖𝒓 𝒘𝒂𝒕 𝑨𝒛𝒂𝒓 𝒀𝒊𝒈𝒂𝒏𝑫𝒂 𝑸𝒖𝒙 𝑵𝒊𝒅𝒖[心碎],219,ajan-520,https://music.163.com/#/song?id=1498277144,2026-08-31
全男班现代舞蹈秀,san biwapa taxlap koymisag,写的人用了脑，唱的人用了感觉，听的人想了情，有故事的写评论，是不是朋友们,196,阿热麦,https://music.163.com/#/song?id=1498277144,2026-08-31
全男班现代舞蹈秀,san biwapa taxlap koymisag,🥺🥺🥺𝐆𝐮𝐥𝐧𝐢 𝐘𝐚𝐡𝐱𝐢 𝐤𝐨𝐫𝐬𝐚 𝐏𝐮𝐥𝐆𝐚 𝐚𝐥𝐢𝐝𝐮 𝐏𝐮𝐥𝐧𝐢 𝐘𝐚𝐡𝐱𝐢𝐊𝐨𝐫𝐬𝐚 𝐆𝐮𝐥𝐧𝐢 𝐬𝐚𝐭𝐢𝐝𝐮-❤ 晚安🌸,113,oynap5001,https://music.163.com/#/song?id=1498277144,2026-08-31
全男班现代舞蹈秀,san biwapa taxlap koymisag,S𝒖𝒚𝒖𝒙𝒍𝒂𝒓𝒏𝒈 𝑨𝒉𝒊𝒓𝒊 𝑵𝒊𝒌𝒂𝒉 𝑩𝒐𝒍𝒔𝒖𝒏💏,67,MvKaddas_,https://music.163.com/#/song?id=1498277144,2026-08-31
全男班现代舞蹈秀,san biwapa taxlap koymisag,支持一下谢谢,55,xjaburimix,https://music.163.com/#/song?id=1498277144,2026-08-31
全男班现代舞蹈秀,san biwapa taxlap koymisag,muradigha  yattig  ma kutkenig   muxu  kuntihu  sinig  [哀伤][奸笑][奸笑][奸笑],50,账号已注销,https://music.163.com/#/song?id=1498277144,2026-08-31
全男班现代舞蹈秀,san biwapa taxlap koymisag,人   生   最  幸  福  的   四  件 事：  有  人  信  你、  有  人  爱  你、  有   人  帮  你  、有  人  懂  你   [爱心][爱心],29,DELNURUM-,https://music.163.com/#/song?id=1498277144,2026-08-31
全男班现代舞蹈秀,san biwapa taxlap koymisag,"HaTiRiGa, HaTiMa...",29,Metro-Dani,https://music.163.com/#/song?id=1498277144,2026-08-31
全男班现代舞蹈秀,san biwapa taxlap koymisag,如果，有一天我遇见了过去的自己，我一定一巴掌扇上去，你做了太多错事了。,27,音乐哥哥_,https://music.163.com/#/song?id=1498277144,2026-08-31
全男班现代舞蹈秀,san biwapa taxlap koymisag,有些事偏偏在你不在意的时候才有回应。,25,KerimA-,https://music.163.com/#/song?id=1498277144,2026-08-31
全男班现代舞蹈秀,san biwapa taxlap koymisag,𝘉𝘪𝘳𝘴𝘪 𝘡𝘢𝘳  .....𝘉𝘪𝘳𝘪 𝘏𝘢𝘳 .....❌𝘛𝘶𝘍𝘪  𝘔𝘜𝘏𝘈𝘉𝘉𝘈𝘛,24,erxat74,https://music.163.com/#/song?id=1498277144,2026-08-31
全男班现代舞蹈秀,san biwapa taxlap koymisag,𝐀𝐡𝐢𝐫 𝐃𝐚 𝐇𝐚𝐦𝐦𝐢𝐦𝐢𝐳 𝐊𝐚𝐝𝐫𝐢𝐦𝐳 𝐧𝐢 𝐊𝐢𝐥𝐡𝐚𝐧 𝐋𝐚𝐫 𝐍𝐢𝐠 𝐘𝐞𝐧𝐢𝐝𝐚 𝐁𝐮𝐥𝐢𝐦𝐳 🖤,24,DjXeRHan,https://music.163.com/#/song?id=1498277144,2026-08-31
全男班现代舞蹈秀,san biwapa taxlap koymisag,𝐘𝐢𝐬𝐚𝐛𝐢 𝐁𝐨𝐥𝐝𝐮 ，𝐄𝐠𝐢𝐥𝐠𝐚𝐧 𝐁𝐚𝐱𝐧𝐢𝐠 ，𝐓𝐨𝐤𝐮𝐥𝐠𝐚𝐧 𝐘𝐚𝐱𝐧𝐢𝐠 🤎,23,Avaaa-a,https://music.163.com/#/song?id=1498277144,2026-08-31
全男班现代舞蹈秀,san biwapa taxlap koymisag,有没有还没忘掉前任的[哀伤]（已经分手4年了）,23,滚跟老子远一点,https://music.163.com/#/song?id=1498277144,2026-08-31
全男班现代舞蹈秀,yar dardi,真好听🌹🌹🌹🌹🌹,25,热伊mu,https://music.163.com/#/song?id=1467776072,2026-08-31
全男班现代舞蹈秀,18yaxligem,支持一下,12,xjaburimix,https://music.163.com/#/song?id=1473929087,2026-08-31
八三夭 [ 没有翅膀的人 ]世界,想见你想见你想见你,你相信吗 也许在另一个平行时空 有一个跟你长得很像很像的人 正在热烈得爱着那个你爱不到的人[爱心],401132,Roche_limit_Siybgs,https://music.163.com/#/song?id=1403215687,2026-08-31
八三夭 [ 没有翅膀的人 ]世界,想见你想见你想见你,印象最深的是李子维欠揍的用膝盖顶黄雨萱的腿弯后跑了 黄雨萱去追他 然后就是操场 阳光 白色衬衫校服。而那个回头满脸笑意的少年 就好像枯燥无味的生活中突然响起的吉他声。,194400,是啊是啊王小阳,https://music.163.com/#/song?id=1403215687,2026-08-31
八三夭 [ 没有翅膀的人 ]世界,想见你想见你想见你,"""李子维  我可不可以对你许我的第三个愿望   我希望 有一天  我可以变成你会喜欢上的那种女生   然后 你可以像我喜欢你那样的喜欢我""",119862,asshala,https://music.163.com/#/song?id=1403215687,2026-08-31
八三夭 [ 没有翅膀的人 ]世界,想见你想见你想见你,每集片头出现的句子 一. 想念离我如此之近 才发现你多遥不可及 二. 你的出现就足够占据我余生的那些年 三. 失去你的时间里面 我的世界从未往前 四. 所有的离别都是我在练习失去你 五. 要我怎么穿越时间 重新和你相识一遍. 六. 在想念的时候 就把温柔的自己都用完了 六. 慢慢把自己搁浅在无法拼凑的昨天,114503,10条晚安,https://music.163.com/#/song?id=1403215687,2026-08-31
八三夭 [ 没有翅膀的人 ]世界,想见你想见你想见你,其实啊 莫俊杰真的是很温柔的一个人 就像他的扮演者施柏宇一样 这个男孩子可能不像光汉那么耀眼 但是啊 他一直是我心里的小王子呢 不怎么玩微博的他会在时隔很久后回复粉丝的评论 会在ins看限动 我心底一大半的温柔都是来自于他 莫俊杰 你记得告诉我的派派 我也很想见他 告诉他一定要开心快乐健康哦,80711,yuni_vivi,https://music.163.com/#/song?id=1403215687,2026-08-31
八三夭 [ 没有翅膀的人 ]世界,想见你想见你想见你,27岁黄雨萱爱上的是拥有王全胜身体的李子惟的灵魂 17岁的李子惟爱上的是拥有陈韵茹身体的黄雨萱的灵魂 17岁追逐阳光一样刺眼李子惟的陈韵茹车祸死掉 27岁深爱黄雨萱的王全胜空难死掉ㅠㅠㅠㅠ,63322,lifesucksevenJoymi,https://music.163.com/#/song?id=1403215687,2026-08-31
八三夭 [ 没有翅膀的人 ]世界,想见你想见你想见你,真的不知道臭屁李子维经历了什么那么臭屁的一个人竟然在黄宇萱看到他的时候转身去躲避 我真的爆哭阿拜托最后一定要在一起我太爱李子维了不管是十七岁的臭屁李子维还是在王诠胜身体里的李子维还是后来有点跛拄着拐杖戴眼镜有点斯文败类的李子维,57927,飞翔的毛毛虫-,https://music.163.com/#/song?id=1403215687,2026-08-31
八三夭 [ 没有翅膀的人 ]世界,想见你想见你想见你,比起李子维和黄雨萱这种「无论在哪个时间里我爱上的人的灵魂自始至终都是你」 这一虐点，更虐我的是莫俊桀喜欢陈韵茹「虽然还是那具身体，可已经不是我喜欢的你」。,51338,枕头上长猫,https://music.163.com/#/song?id=1403215687,2026-08-31
八三夭 [ 没有翅膀的人 ]世界,想见你想见你想见你,我真的想你快要疯了你知道吗,50908,看到爱意了吗,https://music.163.com/#/song?id=1403215687,2026-08-31
八三夭 [ 没有翅膀的人 ]世界,想见你想见你想见你,“为什么是三遍想见你?”  “因为愿望可以许三个，全部都是想见你……”,48951,梨冬野絮,https://music.163.com/#/song?id=1403215687,2026-08-31
八三夭 [ 没有翅膀的人 ]世界,想见你想见你想见你,“是不是在这无数交错的时空之中，早已发生过千万次，我都会像现在这样无可救药地爱上那个来自未来先想要改变这一切的你”,33511,白日酩酊1900,https://music.163.com/#/song?id=1403215687,2026-08-31
八三夭 [ 没有翅膀的人 ]世界,想见你想见你想见你,不敢猜测剧情发展，看到那个一瘸一拐的你，总感觉是后来的李子维，莫名觉得心疼。做什么都小心翼翼，跟着自己喜欢的女生，在她要回头的一刹那，悄悄转过去。,25515,寒铜,https://music.163.com/#/song?id=1403215687,2026-08-31
八三夭 [ 没有翅膀的人 ]世界,想见你想见你想见你,27岁黄雨萱的灵魂进入了陈韵茹的身体，李子维喜欢的是拥有黄雨萱灵魂的陈韵茹，陈韵茹去世，灵魂归还给27岁的黄雨萱。李子维的灵魂进入王全胜的身体，喜欢的是27的黄雨萱，王全胜去世，灵魂归还给李子维。从始至终，李子维喜欢的都是黄雨萱，而黄雨萱喜欢的是拥有李子维灵魂的王全胜（个人拙见）,21410,奶酪家的laji气桶,https://music.163.com/#/song?id=1403215687,2026-08-31
八三夭 [ 没有翅膀的人 ]世界,想见你想见你想见你,2020 3 28你去世九个月，这九个月我一个人生下了女儿，一个人带着女儿去了你当兵很多年的城市，想在那座城市找到你的身影，可是我穿越人海还是没有找到你，女儿叫张思磊，小名叫豆子，家里人都让女儿跟我姓，把磊字换成蕾，可我偏不，她要随你姓她的名字就是思念你的意思，我这辈子栽你手上了,19344,山高水远天堂见,https://music.163.com/#/song?id=1403215687,2026-08-31
八三夭 [ 没有翅膀的人 ]世界,想见你想见你想见你,谁能懂这个前奏，有种宿命感,18580,番茄糊芋丝儿-,https://music.163.com/#/song?id=1403215687,2026-08-31
八三夭 [ 没有翅膀的人 ]世界,我不想改变世界 我只想不被世界改变,这首歌不算主唱的音色，是我觉得最有“五月天”那种感觉的歌，真的像当年的倔强[兔子],19577,to_get_her,https://music.163.com/#/song?id=454966179,2026-08-31
八三夭 [ 没有翅膀的人 ]世界,我不想改变世界 我只想不被世界改变,当你跌倒了，苏打绿会问你疼不疼；五月天会鼓励你站起来；八三夭会拉着你一起跑[爱心],15039,Mayday迷信依然爱做梦,https://music.163.com/#/song?id=454966179,2026-08-31
八三夭 [ 没有翅膀的人 ]世界,我不想改变世界 我只想不被世界改变,下一次我会以研究生的身份留言了,11690,Fairy苏素,https://music.163.com/#/song?id=454966179,2026-08-31
八三夭 [ 没有翅膀的人 ]世界,我不想改变世界 我只想不被世界改变,八三夭优点;太像五月天 八三夭缺点：太像五月天,7880,我叫三火呀,https://music.163.com/#/song?id=454966179,2026-08-31
八三夭 [ 没有翅膀的人 ]世界,我不想改变世界 我只想不被世界改变,看电影的时候还以为是五月天唱的,6087,长倚,https://music.163.com/#/song?id=454966179,2026-08-31
八三夭 [ 没有翅膀的人 ]世界,我不想改变世界 我只想不被世界改变,大张伟躺在那里会问:“你在玩什么啊”,4209,北吱森,https://music.163.com/#/song?id=454966179,2026-08-31
八三夭 [ 没有翅膀的人 ]世界,我不想改变世界 我只想不被世界改变,我专升本考上了，我要考研了，加油,3073,诗情化意111,https://music.163.com/#/song?id=454966179,2026-08-31
八三夭 [ 没有翅膀的人 ]世界,我不想改变世界 我只想不被世界改变,预测即将会有一批看完《一点就到家》的影迷到达哈哈哈哈哈,3006,-炸炸炸豬,https://music.163.com/#/song?id=454966179,2026-08-31
八三夭 [ 没有翅膀的人 ]世界,我不想改变世界 我只想不被世界改变,把稳定的教师工作辞了，去了他在的城市，做自己想做的梦想干的事，我才二十几岁为什么不试试过不一样的生活呢，可以这样一直下去就好啦🚀,2896,桃花非心木,https://music.163.com/#/song?id=454966179,2026-08-31
八三夭 [ 没有翅膀的人 ]世界,我不想改变世界 我只想不被世界改变,所以这就是拖着我在地上摩擦的理由？,2471,羡鱼_-,https://music.163.com/#/song?id=454966179,2026-08-31
八三夭 [ 没有翅膀的人 ]世界,我不想改变世界 我只想不被世界改变,我还以为是五月天,1876,新新新新新灬,https://music.163.com/#/song?id=454966179,2026-08-31
八三夭 [ 没有翅膀的人 ]世界,我不想改变世界 我只想不被世界改变,去年考研时靠着这首歌熬过来的，每一个熬不下去的夜，听到这就希望明年的自己不要后悔，今年我已经是研究生啦，还拿到了一等奖学金！,1786,肖好瘦,https://music.163.com/#/song?id=454966179,2026-08-31
八三夭 [ 没有翅膀的人 ]世界,我不想改变世界 我只想不被世界改变,明天就出发去参加研究生复试了 希望自己一切顺利,1688,Unarosaamarilla,https://music.163.com/#/song?id=454966179,2026-08-31
八三夭 [ 没有翅膀的人 ]世界,我不想改变世界 我只想不被世界改变,大学时辅导员说了一句受益一生的话，“你不用变得很外向，内向挺好的，但需要你发言的时候，一定要勇敢。”正所谓：君子可内敛不可懦弱，面不公可起而论之。 ​​​,1520,CalistaJoy,https://music.163.com/#/song?id=454966179,2026-08-31
八三夭 [ 没有翅膀的人 ]世界,我不想改变世界 我只想不被世界改变,不是五月天  是他们自己  谁也无法代替,1318,77DaywithMoney,https://music.163.com/#/song?id=454966179,2026-08-31
八三夭 [ 没有翅膀的人 ]世界,不摇滚,跑步太累 作业太多 理科太难 听课太困 睡眠太少 你太遥远 但熬过这些艰难的日子就是前程似锦,10789,落日浪漫,https://music.163.com/#/song?id=1399156588,2026-08-31
八三夭 [ 没有翅膀的人 ]世界,不摇滚,这首歌叫不摇滚，那你们做过最摇滚的事是什么呢?,7761,房东的猫房东的猫,https://music.163.com/#/song?id=1399156588,2026-08-31
八三夭 [ 没有翅膀的人 ]世界,不摇滚,生活，总是得理不饶人。 那你想要把一天循环成一生， 还是要用尽一生去做一个梦?,4707,王正经也是镜千,https://music.163.com/#/song?id=1399156588,2026-08-31
八三夭 [ 没有翅膀的人 ]世界,不摇滚,就送到这里了喔，前面的路你要多多小心呀,3827,拓海叔叔,https://music.163.com/#/song?id=1399156588,2026-08-31
八三夭 [ 没有翅膀的人 ]世界,不摇滚,南湖大道538路公交车总是重复着下一站茶山刘。你们要踏遍世间的美好，品一品秋天的酒。不知归期的故人，也定会在八月十五回来看看她的百合花。就像最柔软的白，就像最愚蠢的一次浪漫，如你，如常。,2885,半乡BX,https://music.163.com/#/song?id=1399156588,2026-08-31
八三夭 [ 没有翅膀的人 ]世界,不摇滚,感觉八三夭真的有点五月天，我是说，这并不坏。,2113,yeahokfine,https://music.163.com/#/song?id=1399156588,2026-08-31
八三夭 [ 没有翅膀的人 ]世界,不摇滚,我所有不快乐时刻 都被你的温柔治愈 有你我就夠了 有你 我就夠了,1395,_下线啦,https://music.163.com/#/song?id=1399156588,2026-08-31
八三夭 [ 没有翅膀的人 ]世界,不摇滚,我想变好 拥有两位数的体重 读100本书 戒掉拖延症 有自己的存款投资自己 明年争取拿励志奖学金 6级要过 全力备战考研 然后，做一个善良，随遇而安的女孩子 明年9月份来看自己完成了多少 给自己一些时间，去做一件事,1388,誠楠椛開,https://music.163.com/#/song?id=1399156588,2026-08-31
八三夭 [ 没有翅膀的人 ]世界,不摇滚,想找一个人慢慢地度过这漫长又精彩的一生，好好相爱好好生活，让每一份回忆都在旧日的尘埃下闪闪发亮。  ​,1195,Laozttt,https://music.163.com/#/song?id=1399156588,2026-08-31
八三夭 [ 没有翅膀的人 ]世界,不摇滚,村上春树的一句话：“不必纠结当下 也不必太担忧未来 人生没有无用的经历 所以我们一直走 天一定会亮”,1151,呼啦呼啦的Limi,https://music.163.com/#/song?id=1399156588,2026-08-31
八三夭 [ 没有翅膀的人 ]世界,不摇滚,当摇滚天团“八三夭”与文艺范十足“房东的猫”相碰，便摩擦出了这首充满青春活力的歌，就像生活中那个热血阳光少年👦🏻遇见一个热爱民谣的温柔女孩👧🏻会产生怎么样的火花🔥？,1041,自难渡Li,https://music.163.com/#/song?id=1399156588,2026-08-31
八三夭 [ 没有翅膀的人 ]世界,不摇滚,八三夭在介绍这首歌时说，网易云评论已经有两千多了诶，多亏房东的猫，让这首歌被更多人听到。有一点点心酸，他们是我内心认为一直一直认真地对待着音乐的乐队，只是运气还没最佳，还没有大火而已。 希望八三夭有一天火到自信而理直气壮地说，我们的歌评论过万，上了热搜，多亏了我们这十几年的坚持。,829,submarinekey,https://music.163.com/#/song?id=1399156588,2026-08-31
八三夭 [ 没有翅膀的人 ]世界,不摇滚,你是天上的星星，我是动物园里的猩猩，猩猩看着星星，星星冲着猩猩眨眼睛。哎，就不要问金刚为什么要爬上帝国大厦，只是想离你近一点。,814,Mki0w0,https://music.163.com/#/song?id=1399156588,2026-08-31
八三夭 [ 没有翅膀的人 ]世界,不摇滚,应该就是逼着自己放下了吧,657,吃土小呆,https://music.163.com/#/song?id=1399156588,2026-08-31
八三夭 [ 没有翅膀的人 ]世界,不摇滚,学物理,629,在人潮涌动的海边看烟花升起,https://music.163.com/#/song?id=1399156588,2026-08-31
八三夭 [ 没有翅膀的人 ]世界,如果我在明天就会离开,他们也已经到了五月天当时写《转眼》的时候了吗？生命过半，听这样的歌真的无限唏嘘…,69,落鸿拾穗,https://music.163.com/#/song?id=3350509125,2026-08-31
八三夭 [ 没有翅膀的人 ]世界,如果我在明天就会离开,热血巴士也开始思考死亡了[哭哭],24,Caicai014,https://music.163.com/#/song?id=3350509125,2026-08-31
八三夭 [ 没有翅膀的人 ]世界,如果我在明天就会离开,五月天的转眼已经是10年前的歌了，那时他们40岁左右，八三夭现在也40岁了。,19,Konhaha,https://music.163.com/#/song?id=3350509125,2026-08-31
八三夭 [ 没有翅膀的人 ]世界,如果我在明天就会离开,从外婆的告别式到自己的告别式🥲🥲,14,是森林哎,https://music.163.com/#/song?id=3350509125,2026-08-31
八三夭 [ 没有翅膀的人 ]世界,如果我在明天就会离开,这首可以排进，八三夭关于人生的曲目系列[强],10,遠野同學-胡胡胡蘿蔔,https://music.163.com/#/song?id=3350509125,2026-08-31
