artist_name,concert_name,city,venue,show_time,price_text,sale_status,source_type,source_url,collected_at
Cheryl Lescom,Cheryl Lescom at The New Shamrock,,The New Shamrock,1981-09-18,待定,待定,公开数据集,https://musicbrainz.org/doc/MusicBrainz_Database,2026-08-31
,Salzburg Festival 1984,,,1984-07-26,待定,待定,公开数据集,https://musicbrainz.org/doc/MusicBrainz_Database,2026-08-31
Chisholm,Chisholm at Poor David's Pub,,,1987-08-21,待定,待定,公开数据集,https://musicbrainz.org/doc/MusicBrainz_Database,2026-08-31
Ougenweide,Tanz auf dem Vulkan,,,1982-09-03,待定,待定,公开数据集,https://musicbrainz.org/doc/MusicBrainz_Database,2026-08-31
Pierce Brothers,Pierce Brothers at Schooners,,,1987-08-28,待定,待定,公开数据集,https://musicbrainz.org/doc/MusicBrainz_Database,2026-08-31
Merzbow,Merzbow at ZAL,,Зал ожидания,2019-05-24,待定,待定,公开数据集,https://musicbrainz.org/doc/MusicBrainz_Database,2026-08-31
Red October,Red October at 500 Cafe,,,1987-08-20,待定,待定,公开数据集,https://musicbrainz.org/doc/MusicBrainz_Database,2026-08-31
,Salzburg Festival 1981,,,1981-07-26,待定,待定,公开数据集,https://musicbrainz.org/doc/MusicBrainz_Database,2026-08-31
Бабушка-Пчела,"ИОНОСФЕРА №6, малая сцена",,da:da:,2014-05-30,待定,待定,公开数据集,https://musicbrainz.org/doc/MusicBrainz_Database,2026-08-31
,Salzburg Festival 2008,,,2008-07-26,待定,待定,公开数据集,https://musicbrainz.org/doc/MusicBrainz_Database,2026-08-31
,Maryland Deathfest XII,,Baltimore Sound Stage,2014-05-21,待定,待定,公开数据集,https://musicbrainz.org/doc/MusicBrainz_Database,2026-08-31
Dark Divinity,Dark Divinity w/ Ovus & Akashic Index,,Valhalla,2018-12-07,待定,待定,公开数据集,https://musicbrainz.org/doc/MusicBrainz_Database,2026-08-31
Patricia Rideout-Rosenberg,Patricia Rideout at Royal Conservatory of Music,,The Royal Conservatory of Music,1981-09-19,待定,待定,公开数据集,https://musicbrainz.org/doc/MusicBrainz_Database,2026-08-31
The Gracious Deviants,"Aro Valley Summer Sounds, Nov 24",,Aro Valley Hall,2018-11-24,待定,待定,公开数据集,https://musicbrainz.org/doc/MusicBrainz_Database,2026-08-31
Watain,"Watain 'Southern HELL Siege' NZ Tour, Wellington",,Valhalla,2019-02-26,待定,待定,公开数据集,https://musicbrainz.org/doc/MusicBrainz_Database,2026-08-31
Toronto Chamber Orchestra,Camerata at Leah Polsun's Theatre,,Leah Polsun's Theatre,1981-09-20,待定,待定,公开数据集,https://musicbrainz.org/doc/MusicBrainz_Database,2026-08-31
Eye 2 Eye,"Canadian Music Week 2003, day 2: The Red Square",,Red Square Restaurant,2003-02-27,待定,待定,公开数据集,https://musicbrainz.org/doc/MusicBrainz_Database,2026-08-31
Candeleros,Candeleros at Juglar,,Juglar,2016-01-28,待定,待定,公开数据集,https://musicbrainz.org/doc/MusicBrainz_Database,2026-08-31
Faust,Faust at Muse Hall,,OSAKA MUSE,1997-12-11,待定,待定,公开数据集,https://musicbrainz.org/doc/MusicBrainz_Database,2026-08-31
,Motörhead at Whitla Hall,,Whitla Hall,1981-12-23,待定,待定,公开数据集,https://musicbrainz.org/doc/MusicBrainz_Database,2026-08-31
,Rockt den See 2012,,,2012-08-24,待定,待定,公开数据集,https://musicbrainz.org/doc/MusicBrainz_Database,2026-08-31
,Zeltfestival Konstanz 2015,,,2015-06-25,待定,待定,公开数据集,https://musicbrainz.org/doc/MusicBrainz_Database,2026-08-31
Doug Riley Trio,Doug Riley Trio at George's Spaghetti House,,George's Spaghetti House,1981-09-26,待定,待定,公开数据集,https://musicbrainz.org/doc/MusicBrainz_Database,2026-08-31
Predue,Predue at Memphis,,,1987-09-09,待定,待定,公开数据集,https://musicbrainz.org/doc/MusicBrainz_Database,2026-08-31
Ougenweide,Ougenweide,,Neues Theater Emden,,待定,待定,公开数据集,https://musicbrainz.org/doc/MusicBrainz_Database,2026-08-31
Rausch,Rausch at Topos,,Topos,1998-02-14,待定,待定,公开数据集,https://musicbrainz.org/doc/MusicBrainz_Database,2026-08-31
8 Foot Sativa,"Canadian Music Week 2003, day 2: Rivoli",,Rivoli,2003-02-27,待定,待定,公开数据集,https://musicbrainz.org/doc/MusicBrainz_Database,2026-08-31
Charles McPherson Quartet,Charles McPherson Quartet at Bourbon Street,,Bourbon Street,1981-09-27,待定,待定,公开数据集,https://musicbrainz.org/doc/MusicBrainz_Database,2026-08-31
Patent Ochsner,Patent Ochsner at Zeltfestival Konstanz,,Klein Venedig,2015-06-25,待定,待定,公开数据集,https://musicbrainz.org/doc/MusicBrainz_Database,2026-08-31
Dr. Woo’s Rock ’n’ Roll Circus,Dr. Woo rocks Kronach,,,2019-04-19,待定,待定,公开数据集,https://musicbrainz.org/doc/MusicBrainz_Database,2026-08-31
Funny van Dannen,Funny Van Dannen at Kula Konstanz,,Kulturladen,2017-01-14,待定,待定,公开数据集,https://musicbrainz.org/doc/MusicBrainz_Database,2026-08-31
Martigan,ProgParade 5,,Anker,2004-10-30,待定,待定,公开数据集,https://musicbrainz.org/doc/MusicBrainz_Database,2026-08-31
McSunHu,Frenchcore Open Night,,,2020-10-17,待定,待定,公开数据集,https://musicbrainz.org/doc/MusicBrainz_Database,2026-08-31
Brazos,Brazos at Country Connection,,,1987-09-13,待定,待定,公开数据集,https://musicbrainz.org/doc/MusicBrainz_Database,2026-08-31
Shirley Eikhard,Shirley Eikhard at Alistair's,,Alistair's,1981-09-21,待定,待定,公开数据集,https://musicbrainz.org/doc/MusicBrainz_Database,2026-08-31
Lucille,"SXSW 2000, day 1: Buffalo Billiards",,Buffalo Billiards,2000-03-15,待定,待定,公开数据集,https://musicbrainz.org/doc/MusicBrainz_Database,2026-08-31
Jessie Farrell,"Canadian Music Week 2003, day 2: The 360",,The 360 Club,2003-02-27,待定,待定,公开数据集,https://musicbrainz.org/doc/MusicBrainz_Database,2026-08-31
Michael Danso,Michael Danso at PWD,,PWD,1981-09-27,待定,待定,公开数据集,https://musicbrainz.org/doc/MusicBrainz_Database,2026-08-31
Saint Snow,ラブライブ！サンシャイン!! Saint Snow 1st GIG 〜Welcome to Dazzling White Town〜,,ぴあアリーナMM,2020-10-17,待定,待定,公开数据集,https://musicbrainz.org/doc/MusicBrainz_Database,2026-08-31
Def Leppard,Def Leppard at Budweiser Gardens,,Budweiser Gardens,2019-07-22,待定,待定,公开数据集,https://musicbrainz.org/doc/MusicBrainz_Database,2026-08-31
Kelli Trottier,"Canadian Music Week 2003, day 2: Victory Cafe",,Victory Cafe,2003-02-27,待定,待定,公开数据集,https://musicbrainz.org/doc/MusicBrainz_Database,2026-08-31
Kim Janssen,Kim Janssen at Kassette,,Kassette,2019-02-09,待定,待定,公开数据集,https://musicbrainz.org/doc/MusicBrainz_Database,2026-08-31
Sleepytime Gorilla Museum,"2. FreakParade Festival, Day 1",,AKW!,2007-10-19,待定,待定,公开数据集,https://musicbrainz.org/doc/MusicBrainz_Database,2026-08-31
James Reagan Band,James Reagan Band at Beatons,,Beatons,1981-09-21,待定,待定,公开数据集,https://musicbrainz.org/doc/MusicBrainz_Database,2026-08-31
Michael Hearne,Mike Hearne at Poor David's Pub,,,1987-10-16,待定,待定,公开数据集,https://musicbrainz.org/doc/MusicBrainz_Database,2026-08-31
The Supers,"Canadian Music Week 2003, day 3: B-Side",,B-Side Lounge,2003-02-28,待定,待定,公开数据集,https://musicbrainz.org/doc/MusicBrainz_Database,2026-08-31
Soft Canyon,"Canadian Music Week 2003, day 3: Horseshoe Tavern",,Horseshoe Tavern,2003-02-28,待定,待定,公开数据集,https://musicbrainz.org/doc/MusicBrainz_Database,2026-08-31
Trans‐Siberian Orchestra,Trans‐Siberian Orchestra at Richmond Coliseum,,Richmond Coliseum,2006-12-15,待定,待定,公开数据集,https://musicbrainz.org/doc/MusicBrainz_Database,2026-08-31
Long Distance Runner,Haitaitai Homewrecker,,,2019-02-16,待定,待定,公开数据集,https://musicbrainz.org/doc/MusicBrainz_Database,2026-08-31
Trans‐Siberian Orchestra,Trans‐Siberian Orchestra at Dunkin’ Donuts Center,,Amica Mutual Pavilion,2006-12-17,待定,待定,公开数据集,https://musicbrainz.org/doc/MusicBrainz_Database,2026-08-31
Trans‐Siberian Orchestra,Trans‐Siberian Orchestra at Dunkin’ Donuts Center,,Amica Mutual Pavilion,2006-12-17,待定,待定,公开数据集,https://musicbrainz.org/doc/MusicBrainz_Database,2026-08-31
Trans‐Siberian Orchestra,Trans‐Siberian Orchestra at HSBC Arena,,KeyBank Center,2006-12-23,待定,待定,公开数据集,https://musicbrainz.org/doc/MusicBrainz_Database,2026-08-31
Trans‐Siberian Orchestra,Trans‐Siberian Orchestra at Bradley Center,,BMO Harris Bradley Center,2006-12-28,待定,待定,公开数据集,https://musicbrainz.org/doc/MusicBrainz_Database,2026-08-31
Trans‐Siberian Orchestra,Trans‐Siberian Orchestra at Rose Garden Arena,,Moda Center,2006-12-07,待定,待定,公开数据集,https://musicbrainz.org/doc/MusicBrainz_Database,2026-08-31
Trans‐Siberian Orchestra,Trans‐Siberian Orchestra at Allstate Arena,,Allstate Arena,2006-12-09,待定,待定,公开数据集,https://musicbrainz.org/doc/MusicBrainz_Database,2026-08-31
Trans‐Siberian Orchestra,Trans‐Siberian Orchestra at Colonial Center,,Colonial Life Arena,2006-12-13,待定,待定,公开数据集,https://musicbrainz.org/doc/MusicBrainz_Database,2026-08-31
Kansas,Yes and Kansas at Chronicle Pavilion,,Toyota Pavilion at Concord,2000-06-21,待定,待定,公开数据集,https://musicbrainz.org/doc/MusicBrainz_Database,2026-08-31
Trans‐Siberian Orchestra,Trans‐Siberian Orchestra at Alltel Arena,,Simmons Bank Arena,2006-12-21,待定,待定,公开数据集,https://musicbrainz.org/doc/MusicBrainz_Database,2026-08-31
Trans‐Siberian Orchestra,Trans‐Siberian Orchestra at Boardwalk Hall,,Jim Whelan Boardwalk Hall,2006-12-28,待定,待定,公开数据集,https://musicbrainz.org/doc/MusicBrainz_Database,2026-08-31
Queen + Adam Lambert,Queen + Adam Lambert at Tacoma Dome,,Tacoma Dome,2019-07-12,待定,待定,公开数据集,https://musicbrainz.org/doc/MusicBrainz_Database,2026-08-31
Def Leppard,The Stadium Tour: Phoenix,,State Farm Stadium,2020-07-25,待定,待定,公开数据集,https://musicbrainz.org/doc/MusicBrainz_Database,2026-08-31
Queen + Adam Lambert,Queen + Adam Lambert at The Forum,,Kia Forum,2019-07-19,待定,待定,公开数据集,https://musicbrainz.org/doc/MusicBrainz_Database,2026-08-31
Norris Berry,Norris Berry at Junkyard,,,1987-10-10,待定,待定,公开数据集,https://musicbrainz.org/doc/MusicBrainz_Database,2026-08-31
響木アオ,響木アオ1stライブ 〜みんなと響き合いたい♡〜,,TSUTAYA 三軒茶屋店,2018-04-21,待定,待定,公开数据集,https://musicbrainz.org/doc/MusicBrainz_Database,2026-08-31
"Broekhuis, Keller & Schönwälder","Broekhuis, Keller & Schönwälder at Dorfkirche Repelen",,Dorfkirche Repelen,2019-03-15,待定,待定,公开数据集,https://musicbrainz.org/doc/MusicBrainz_Database,2026-08-31
Def Leppard,The Stadium Tour: Seattle,,T‐Mobile Park,2020-09-02,待定,待定,公开数据集,https://musicbrainz.org/doc/MusicBrainz_Database,2026-08-31
30 Helens,Rock for Choice: Second Night,,Vancouver East Cultural Centre,2000-01-15,待定,待定,公开数据集,https://musicbrainz.org/doc/MusicBrainz_Database,2026-08-31
I Mother Earth,I Mother Earth at Club 107,,Club 107,1999-12-31,待定,待定,公开数据集,https://musicbrainz.org/doc/MusicBrainz_Database,2026-08-31
Queen + Adam Lambert,Queen + Adam Lambert at PPG Paints Arena,,PPG Paints Arena,2019-07-31,待定,待定,公开数据集,https://musicbrainz.org/doc/MusicBrainz_Database,2026-08-31
Incapacitants,BOX IS STUPID・INCAPACITANTS 10枚組CD BOXリリース記念パーティ！,,Soup,2009-01-24,待定,待定,公开数据集,https://musicbrainz.org/doc/MusicBrainz_Database,2026-08-31
Cream,Cream at San Diego International Sports Center,,Pechanga Arena,1968-10-20,待定,待定,公开数据集,https://musicbrainz.org/doc/MusicBrainz_Database,2026-08-31
Ernő Dohnányi,[concert],,,1926-11-29,待定,待定,公开数据集,https://musicbrainz.org/doc/MusicBrainz_Database,2026-08-31
,"Buktafestivalen 2017, Day 1",,Buktafestivalen Grounds,2017-07-20,待定,待定,公开数据集,https://musicbrainz.org/doc/MusicBrainz_Database,2026-08-31
Queen + Adam Lambert,Queen + Adam Lambert at Xfinity Center,,Xfinity Center,2019-08-04,待定,待定,公开数据集,https://musicbrainz.org/doc/MusicBrainz_Database,2026-08-31
Queen + Adam Lambert,Queen + Adam Lambert at United Center,,United Center,2019-08-09,待定,待定,公开数据集,https://musicbrainz.org/doc/MusicBrainz_Database,2026-08-31
Dakota,"Lollapalooza Brazil 2013, dias 1: Kidzapalooza",,Jockey Club de São Paulo,2013-03-29,待定,待定,公开数据集,https://musicbrainz.org/doc/MusicBrainz_Database,2026-08-31
Name The Band,"Lollapalooza Brazil 2013, dias 1: Acesso",,Jockey Club de São Paulo,2013-03-29,待定,待定,公开数据集,https://musicbrainz.org/doc/MusicBrainz_Database,2026-08-31
Poliça,"Later… with Jools Holland: Series 41, Episode 6",,BBC Television Centre,2012-11-02,待定,待定,公开数据集,https://musicbrainz.org/doc/MusicBrainz_Database,2026-08-31
Kansas,Kansas at Jackpot Junction Casino,,Jackpot Junction Casino Hotel: Dacotah Exposition Center,2017-08-19,待定,待定,公开数据集,https://musicbrainz.org/doc/MusicBrainz_Database,2026-08-31
Foreigner,Foreigner at Rockland Trust Bank Pavilion,,Leader Bank Pavilion,2020-08-04,待定,待定,公开数据集,https://musicbrainz.org/doc/MusicBrainz_Database,2026-08-31
The Rodfields,The Rodfields Live @ Studio15,,,2017-07-12,待定,待定,公开数据集,https://musicbrainz.org/doc/MusicBrainz_Database,2026-08-31
Kansas,Kansas at Baton Rouge River Center,,Raising Cane’s River Center Theater for Performing Arts,2017-08-26,待定,待定,公开数据集,https://musicbrainz.org/doc/MusicBrainz_Database,2026-08-31
Commando Bruno Sanmartino,Revenge of Noise #1,,Showboat,1994-03-13,待定,待定,公开数据集,https://musicbrainz.org/doc/MusicBrainz_Database,2026-08-31
Van Williams,Jimmie Rodgers Jubilee,,,1987-09-19,待定,待定,公开数据集,https://musicbrainz.org/doc/MusicBrainz_Database,2026-08-31
Peyton Park Be-Bop,Peyton Park Be-Bop at Dick's Last Resort,,,1987-09-01,待定,待定,公开数据集,https://musicbrainz.org/doc/MusicBrainz_Database,2026-08-31
Electric Moon,"Rockt den See 2012, Day 2",,,2012-08-25,待定,待定,公开数据集,https://musicbrainz.org/doc/MusicBrainz_Database,2026-08-31
,Yvonne Catterfield 2004,,,2004-03-25,待定,待定,公开数据集,https://musicbrainz.org/doc/MusicBrainz_Database,2026-08-31
Dr. Woo’s Rock ’n’ Roll Circus,Dr. Woo rocks Veitsbronn,,Halle 96,2019-03-04,待定,待定,公开数据集,https://musicbrainz.org/doc/MusicBrainz_Database,2026-08-31
Foreigner,Foreigner at Daily’s Place,,Daily’s Place,2020-09-04,待定,待定,公开数据集,https://musicbrainz.org/doc/MusicBrainz_Database,2026-08-31
The Sonic Boom Foundation,The Sonic Boom Foundation,,bc-studentenclub,2010-10-01,待定,待定,公开数据集,https://musicbrainz.org/doc/MusicBrainz_Database,2026-08-31
Farfarello,Farfarello at Topos,,Topos,1996-10-12,待定,待定,公开数据集,https://musicbrainz.org/doc/MusicBrainz_Database,2026-08-31
Marc Schönberger,Marc Schönberger at Topos,,Topos,2003-01-23,待定,待定,公开数据集,https://musicbrainz.org/doc/MusicBrainz_Database,2026-08-31
The Harmonica Rascals,The Harmonica Rascals at Chick 'n' Deli East,,Chick 'n' Deli East,1981-09-24,待定,待定,公开数据集,https://musicbrainz.org/doc/MusicBrainz_Database,2026-08-31
Seagull,Seagull Trio plays the music of Pat Metheny at Topos,,Topos,2007-01-20,待定,待定,公开数据集,https://musicbrainz.org/doc/MusicBrainz_Database,2026-08-31
The Harmonica Rascals,The Harmonica Rascals at Chick 'n' Deli East,,Chick 'n' Deli East,1981-09-30,待定,待定,公开数据集,https://musicbrainz.org/doc/MusicBrainz_Database,2026-08-31
The Harmonica Rascals,The Harmonica Rascals at Chick 'n' Deli East,,Chick 'n' Deli East,1981-10-01,待定,待定,公开数据集,https://musicbrainz.org/doc/MusicBrainz_Database,2026-08-31
The Harmonica Rascals,The Harmonica Rascals at Chick 'n' Deli East,,Chick 'n' Deli East,1981-10-02,待定,待定,公开数据集,https://musicbrainz.org/doc/MusicBrainz_Database,2026-08-31
KISS,KISS at Rickwood Field,,Rickwood Field,1976-07-23,待定,待定,公开数据集,https://musicbrainz.org/doc/MusicBrainz_Database,2026-08-31
Typhoon,Typhoon at The Clinton Street Theater,,Clinton Street Theater,2005-12-22,待定,待定,公开数据集,https://musicbrainz.org/doc/MusicBrainz_Database,2026-08-31
Michael Danso,Michael Danso at PWD,,PWD,1981-09-26,待定,待定,公开数据集,https://musicbrainz.org/doc/MusicBrainz_Database,2026-08-31
Def Leppard,Def Leppard at Avenir Centre,,Avenir Centre,2019-07-13,待定,待定,公开数据集,https://musicbrainz.org/doc/MusicBrainz_Database,2026-08-31
Foreigner,Foreigner at BB&T Pavilion,,Freedom Mortgage Pavilion,2020-08-25,待定,待定,公开数据集,https://musicbrainz.org/doc/MusicBrainz_Database,2026-08-31
Dolu Kadehi Ters Tut,Dolu Kadehi Ters Tut / Nayah,,,2019-01-16,待定,待定,公开数据集,https://musicbrainz.org/doc/MusicBrainz_Database,2026-08-31
Britney Spears,Dream Within a Dream Tour: Las Vegas,,MGM Grand Garden Arena,2001-11-18,待定,待定,公开数据集,https://musicbrainz.org/doc/MusicBrainz_Database,2026-08-31
Air Waves,Air Waves at Kassette,,Kassette,2019-01-29,待定,待定,公开数据集,https://musicbrainz.org/doc/MusicBrainz_Database,2026-08-31
,Yvonne Catterfield 2004,,,2004-03-12,待定,待定,公开数据集,https://musicbrainz.org/doc/MusicBrainz_Database,2026-08-31
Queen + Adam Lambert,Queen + Adam Lambert at Smoothie King Center,,Smoothie King Center,2019-08-20,待定,待定,公开数据集,https://musicbrainz.org/doc/MusicBrainz_Database,2026-08-31
,Yvonne Catterfield 2004,,,2004-03-24,待定,待定,公开数据集,https://musicbrainz.org/doc/MusicBrainz_Database,2026-08-31
Cuban Fence Climbers,Cuban Fence Climbers at Bobbins,,Bobbins,1981-09-24,待定,待定,公开数据集,https://musicbrainz.org/doc/MusicBrainz_Database,2026-08-31
,"California Mid-State Fair 2016, Day 10",,California Mid-State Fairgrounds,2016-07-29,待定,待定,公开数据集,https://musicbrainz.org/doc/MusicBrainz_Database,2026-08-31
Allan Sherman,Allan Sherman’s Birthday Party,,,1962-11-30,待定,待定,公开数据集,https://musicbrainz.org/doc/MusicBrainz_Database,2026-08-31
,"Roadburn Festival 2007, Day 1",,013,2007-04-20,待定,待定,公开数据集,https://musicbrainz.org/doc/MusicBrainz_Database,2026-08-31
Lambert,Lambert at Stadtgarten Köln (Green Room),,Stadtgarten Köln,2021-06-19,待定,待定,公开数据集,https://musicbrainz.org/doc/MusicBrainz_Database,2026-08-31
Herbert Grönemeyer,Herbert Grönemeyer at Rheinpark Stadion,,Rheinpark Stadion,2007-06-18,待定,待定,公开数据集,https://musicbrainz.org/doc/MusicBrainz_Database,2026-08-31
Trans‐Siberian Orchestra,Trans‐Siberian Orchestra at Save Mart Center,,Save Mart Center at Fresno State,2006-11-30,待定,待定,公开数据集,https://musicbrainz.org/doc/MusicBrainz_Database,2026-08-31
Jackson Hawke,Jackson Hawke at Jarvis House,,Jarvis House,1981-09-25,待定,待定,公开数据集,https://musicbrainz.org/doc/MusicBrainz_Database,2026-08-31
Two Door Cinema Club,Two Door Cinema Club,,Le Botanique: Orangerie,2019-01-24,待定,待定,公开数据集,https://musicbrainz.org/doc/MusicBrainz_Database,2026-08-31
Astronautalis,"Das Fest 2017, Freitag, Feldbühne",,,2017-07-21,待定,待定,公开数据集,https://musicbrainz.org/doc/MusicBrainz_Database,2026-08-31
Ratt,"Rock Fest 2017, Wednesday Bonus Bash: Who’s on Top Stage",,Who’s on Top Stage,2017-07-12,待定,待定,公开数据集,https://musicbrainz.org/doc/MusicBrainz_Database,2026-08-31
Wallis Bird,"Das Fest 2017, Sonntag, Feldbühne",,,2017-07-23,待定,待定,公开数据集,https://musicbrainz.org/doc/MusicBrainz_Database,2026-08-31
Jazzchor der Universität Bonn,Jazzchor der Universität Bonn at Aula der Universität Bonn,,Aula der Universität Bonn,2014-07-19,待定,待定,公开数据集,https://musicbrainz.org/doc/MusicBrainz_Database,2026-08-31
Dix & Trix,Dix & Trix at GABG,,,1987-10-05,待定,待定,公开数据集,https://musicbrainz.org/doc/MusicBrainz_Database,2026-08-31
Ju Sound,Ju Sound at Kool Vibes,,,1987-10-09,待定,待定,公开数据集,https://musicbrainz.org/doc/MusicBrainz_Database,2026-08-31
Bon Jovi,Lost Highway: The Concert,,,2007-07-16,待定,待定,公开数据集,https://musicbrainz.org/doc/MusicBrainz_Database,2026-08-31
Trans‐Siberian Orchestra,Trans‐Siberian Orchestra at Continental Airlines Arena,,Meadowlands Arena,2006-12-21,待定,待定,公开数据集,https://musicbrainz.org/doc/MusicBrainz_Database,2026-08-31
Chris & Cosey,Chris & Casey at Starck Club,,,1987-08-18,待定,待定,公开数据集,https://musicbrainz.org/doc/MusicBrainz_Database,2026-08-31
Vinko Globokar,[concert],,,1983-01-27,待定,待定,公开数据集,https://musicbrainz.org/doc/MusicBrainz_Database,2026-08-31
Wold Singers,Wold Singers at Angel Suite,,Angel Suite,2012-12-14,待定,待定,公开数据集,https://musicbrainz.org/doc/MusicBrainz_Database,2026-08-31
RUKH,"ИОНОСФЕРА №6, большая сцена",,da:da:,2014-05-30,待定,待定,公开数据集,https://musicbrainz.org/doc/MusicBrainz_Database,2026-08-31
Queen + Adam Lambert,Queen + Adam Lambert at Toyota Center,,Toyota Center,2019-07-24,待定,待定,公开数据集,https://musicbrainz.org/doc/MusicBrainz_Database,2026-08-31
,Maryland Deathfest XI,,Baltimore Sound Stage,2013-05-23,待定,待定,公开数据集,https://musicbrainz.org/doc/MusicBrainz_Database,2026-08-31
,Maryland Deathfest 2019,,Baltimore Sound Stage,2019-05-23,待定,待定,公开数据集,https://musicbrainz.org/doc/MusicBrainz_Database,2026-08-31
Palma Violets,"Later… with Jools Holland: Series 41, Episode 10",,BBC Television Centre,2012-11-30,待定,待定,公开数据集,https://musicbrainz.org/doc/MusicBrainz_Database,2026-08-31
The Clique,The Clique at Barnacles,,,1987-09-03,待定,待定,公开数据集,https://musicbrainz.org/doc/MusicBrainz_Database,2026-08-31
キズナアイ,"Kizuna AI 1st Live “hello, world”",,Zepp DiverCity (TOKYO),2018-12-29,待定,待定,公开数据集,https://musicbrainz.org/doc/MusicBrainz_Database,2026-08-31
KISS,KISS at Kiel Auditorium,,Kiel Auditorium,1976-07-28,待定,待定,公开数据集,https://musicbrainz.org/doc/MusicBrainz_Database,2026-08-31
99pounds,"SXSW 2000, day 1: Blind Pig Pub",,Blind Pig Pub,2000-03-15,待定,待定,公开数据集,https://musicbrainz.org/doc/MusicBrainz_Database,2026-08-31
Ache Hour Credo,Concert in UVic SUB Cafeteria,,University of Victoria,1995-08-11,待定,待定,公开数据集,https://musicbrainz.org/doc/MusicBrainz_Database,2026-08-31
Dr. Woo’s Rock ’n’ Roll Circus,Dr. Woo rocks Nürnberg,,Der Hirsch,2019-01-11,待定,待定,公开数据集,https://musicbrainz.org/doc/MusicBrainz_Database,2026-08-31
redhalo,Performance on Mount Bruce,,Hang Gliding Launch Platform,1995-09-09,待定,待定,公开数据集,https://musicbrainz.org/doc/MusicBrainz_Database,2026-08-31
RI¢HIE,"2013 Bonnaroo Music Festival, day 1: New Music On Tap Lounge brewed by Miller Lite",,Great Stage Park,2013-06-13,待定,待定,公开数据集,https://musicbrainz.org/doc/MusicBrainz_Database,2026-08-31
Overhead,Overhead at Mausefalle 33 1/3,,Mausefalle 33 1/3,2019-04-05,待定,待定,公开数据集,https://musicbrainz.org/doc/MusicBrainz_Database,2026-08-31
3RENSA,Hardcore Ambience企画「Another World」,,東京都写真美術館,2019-02-16,待定,待定,公开数据集,https://musicbrainz.org/doc/MusicBrainz_Database,2026-08-31
Dr. Noh,"Canadian Music Week 2003, day 3: Clinton's",,Clinton’s,2003-02-28,待定,待定,公开数据集,https://musicbrainz.org/doc/MusicBrainz_Database,2026-08-31
,Rock for Choice Vancouver 2000,,Vancouver East Cultural Centre,2000-01-14,待定,待定,公开数据集,https://musicbrainz.org/doc/MusicBrainz_Database,2026-08-31
The Low Lows,"SXSW 2010, day 1: Beauty Bar/Palm Door",,Palm Door on Sabine,2010-03-17,待定,待定,公开数据集,https://musicbrainz.org/doc/MusicBrainz_Database,2026-08-31
,"Later… with Jools Holland: Series 42, Episode 3",,Maidstone Studios,2013-04-26,待定,待定,公开数据集,https://musicbrainz.org/doc/MusicBrainz_Database,2026-08-31
福原美穂,"Fuji Rock Festival 2013, day 1: Gypsy Avalon",,苗場スキー場,2013-07-26,待定,待定,公开数据集,https://musicbrainz.org/doc/MusicBrainz_Database,2026-08-31
,"California Mid-State Fair 2016, Day 11",,California Mid-State Fairgrounds,2016-07-30,待定,待定,公开数据集,https://musicbrainz.org/doc/MusicBrainz_Database,2026-08-31
KISS,KISS at Lakeland Civic Center,,Jenkins Arena,1976-12-12,待定,待定,公开数据集,https://musicbrainz.org/doc/MusicBrainz_Database,2026-08-31
,Life Is Beautiful Music & Art Festival 2013,,,2013-10-26,待定,待定,公开数据集,https://musicbrainz.org/doc/MusicBrainz_Database,2026-08-31
Les Reines Prochaines,Les Reines Prochaines at Kunstmuseum Liechtenstein,,Kunstmuseum Liechtenstein,2010-06-26,待定,待定,公开数据集,https://musicbrainz.org/doc/MusicBrainz_Database,2026-08-31
KISS,KISS at Onondaga County War Memorial Arena,,Upstate Medical University Arena at the Oncenter War Memorial,1976-12-16,待定,待定,公开数据集,https://musicbrainz.org/doc/MusicBrainz_Database,2026-08-31
Brandon Heath,Brandon Heath at California Mid-State Fair 2016,,Fort Frontier Stage,2016-07-21,待定,待定,公开数据集,https://musicbrainz.org/doc/MusicBrainz_Database,2026-08-31
Black Spider Stomp,Black Spider Stomps the Cross,,Southern Cross,2017-07-21,待定,待定,公开数据集,https://musicbrainz.org/doc/MusicBrainz_Database,2026-08-31
Lambert,Lambert at Stadtgarten Köln (Green Room),,Stadtgarten Köln,2021-06-19,待定,待定,公开数据集,https://musicbrainz.org/doc/MusicBrainz_Database,2026-08-31
The Legendary Porch Pounders,"SXSW 2005, day 2: Hard Rock Cafe",,Hard Rock Café Austin,2005-03-17,待定,待定,公开数据集,https://musicbrainz.org/doc/MusicBrainz_Database,2026-08-31
Seagull,Seagull at Topos,,Topos,1987-05-28,待定,待定,公开数据集,https://musicbrainz.org/doc/MusicBrainz_Database,2026-08-31
Martigan,Martigan at Topos,,Topos,1997-10-12,待定,待定,公开数据集,https://musicbrainz.org/doc/MusicBrainz_Database,2026-08-31
Hiper Alooy,Hiper Alooy at On The Rocks,,,1987-09-03,待定,待定,公开数据集,https://musicbrainz.org/doc/MusicBrainz_Database,2026-08-31
Shirley Eikhard,Shirley Eikhard at Alistair's,,Alistair's,1981-09-23,待定,待定,公开数据集,https://musicbrainz.org/doc/MusicBrainz_Database,2026-08-31
Deep Purple,Deep Purple at Hohentwielfestival,,Hohentwiel,2014-07-21,待定,待定,公开数据集,https://musicbrainz.org/doc/MusicBrainz_Database,2026-08-31
Merzbow,Merzbow at Kunsthalle Wien,,Kunsthalle Wien,2002-04-07,待定,待定,公开数据集,https://musicbrainz.org/doc/MusicBrainz_Database,2026-08-31
Barry Manilow,Barry Manilow at Clyde Auditorium at SECC,,SEC Armadillo,2002-05-15,待定,待定,公开数据集,https://musicbrainz.org/doc/MusicBrainz_Database,2026-08-31
Farfarello,Farfarello at Topos,,Topos,1996-01-25,待定,待定,公开数据集,https://musicbrainz.org/doc/MusicBrainz_Database,2026-08-31
The Harmonica Rascals,The Harmonica Rascals at Chick 'n' Deli East,,Chick 'n' Deli East,1981-09-25,待定,待定,公开数据集,https://musicbrainz.org/doc/MusicBrainz_Database,2026-08-31
Merzbow,Merzbow at Kunsthalle Wien,,Kunsthalle Wien,2002-04-04,待定,待定,公开数据集,https://musicbrainz.org/doc/MusicBrainz_Database,2026-08-31
,"Download Festival 2013, Day 1",,Donington Park,2013-06-14,待定,待定,公开数据集,https://musicbrainz.org/doc/MusicBrainz_Database,2026-08-31
Matching Orange,Matching Orange at Cornell Contra,,,2011-10-22,待定,待定,公开数据集,https://musicbrainz.org/doc/MusicBrainz_Database,2026-08-31
Orchard Hill,"Canadian Music Week 2003, day 2: Sneaky Dee's",,Sneaky Dee’s,2003-02-27,待定,待定,公开数据集,https://musicbrainz.org/doc/MusicBrainz_Database,2026-08-31
Poison,Poison at Verizon Wireless Amphitheater,,Hollywood Casino Amphitheatre,2007-08-02,待定,待定,公开数据集,https://musicbrainz.org/doc/MusicBrainz_Database,2026-08-31
,Heeren van Amstel live,,,,待定,待定,公开数据集,https://musicbrainz.org/doc/MusicBrainz_Database,2026-08-31
Tangerine Dream,Essener Songtage,,Aula der Pädagogischen Hochschule,1968-09-26,待定,待定,公开数据集,https://musicbrainz.org/doc/MusicBrainz_Database,2026-08-31
Michael Danso,Michael Danso at PWD,,PWD,1981-09-21,待定,待定,公开数据集,https://musicbrainz.org/doc/MusicBrainz_Database,2026-08-31
Geenimuuntelun,"ИОНОСФЕРА №15, малая сцена",,Клуб Море,2015-01-23,待定,待定,公开数据集,https://musicbrainz.org/doc/MusicBrainz_Database,2026-08-31
Garler,"Canadian Music Week 2003, day 3: Bovine Sex Club",,Bovine Sex Club,2003-02-28,待定,待定,公开数据集,https://musicbrainz.org/doc/MusicBrainz_Database,2026-08-31
,Salzburger Festspiele 1957,,,1957-07-21,待定,待定,公开数据集,https://musicbrainz.org/doc/MusicBrainz_Database,2026-08-31
The Night Watch,FreakShow: The Night Watch at Bechtolsheimer Hof,,Bechtolsheimer Hof,1998-05-12,待定,待定,公开数据集,https://musicbrainz.org/doc/MusicBrainz_Database,2026-08-31
,"Inner Court Music Group, Inc - CD Release Hosted by Gregory G. Pearson",,,2020-10-23,待定,待定,公开数据集,https://musicbrainz.org/doc/MusicBrainz_Database,2026-08-31
静香,Shizuka at Le Weekend,,,2002-04-25,待定,待定,公开数据集,https://musicbrainz.org/doc/MusicBrainz_Database,2026-08-31
Cuban Fence Climbers,Cuban Fence Climbers at Bobbins,,Bobbins,1981-09-25,待定,待定,公开数据集,https://musicbrainz.org/doc/MusicBrainz_Database,2026-08-31
Barry Manilow,Barry Manilow at Osaka‐jo Hall,,大阪城ホール,1985-06-06,待定,待定,公开数据集,https://musicbrainz.org/doc/MusicBrainz_Database,2026-08-31
Jeanne Berkins,Jeanne Berkins at Pub Princeton,,,1987-10-02,待定,待定,公开数据集,https://musicbrainz.org/doc/MusicBrainz_Database,2026-08-31
Der Moderne Man,Der Moderne Man at The Cave,,The Cave,2020-04-25,待定,待定,公开数据集,https://musicbrainz.org/doc/MusicBrainz_Database,2026-08-31
Nathalie Clarke,"Canadian Music Week 2003, day 3: Healey's",,Healey's,2003-02-28,待定,待定,公开数据集,https://musicbrainz.org/doc/MusicBrainz_Database,2026-08-31
The Free Raisins,"The Free Raisins at Willard Straight Hall, Cornell",,"Willard Straight Hall, Cornell",2013-09-07,待定,待定,公开数据集,https://musicbrainz.org/doc/MusicBrainz_Database,2026-08-31
Noise Cat,"Canadian Music Week 2003, day 2: Zen Lounge",,Zen Lounge,2003-02-27,待定,待定,公开数据集,https://musicbrainz.org/doc/MusicBrainz_Database,2026-08-31
Ceeplus Bad Knives,"SXSW 2010, day 1: Club 115",,Club One 15,2010-03-17,待定,待定,公开数据集,https://musicbrainz.org/doc/MusicBrainz_Database,2026-08-31
KISS,KISS at Madison Square Garden,,Madison Square Garden,1977-02-18,待定,待定,公开数据集,https://musicbrainz.org/doc/MusicBrainz_Database,2026-08-31
Crowfoot,Crowfoot at Pomeroy Recreation & Rehabilitation Center,,Pomeroy Recreation & Rehabilitation Center,,待定,待定,公开数据集,https://musicbrainz.org/doc/MusicBrainz_Database,2026-08-31
,Kemiö Music Festival 2001,,,2001,待定,待定,公开数据集,https://musicbrainz.org/doc/MusicBrainz_Database,2026-08-31
Marillion,Marillion at Théâtre de Verdure,,Théâtre de Verdure de Nice,1990-03-15,待定,待定,公开数据集,https://musicbrainz.org/doc/MusicBrainz_Database,2026-08-31
The Shake Ups,BronyPalooza 2018,,,2018-07-27,待定,待定,公开数据集,https://musicbrainz.org/doc/MusicBrainz_Database,2026-08-31
Gin Lemon’s,Gin Lemon’s + Luand at New Underground BCN,,New Underground BCN,2019-06-16,待定,待定,公开数据集,https://musicbrainz.org/doc/MusicBrainz_Database,2026-08-31
James Reagan Band,James Reagan Band at Beatons,,Beatons,1981-09-24,待定,待定,公开数据集,https://musicbrainz.org/doc/MusicBrainz_Database,2026-08-31
Николай Рубинштейн,8th Russian Musical Society Concert,,,1868-02-15,待定,待定,公开数据集,https://musicbrainz.org/doc/MusicBrainz_Database,2026-08-31
Arena,Arena + PTC at Paradiso,,Paradiso,1996-10-16,待定,待定,公开数据集,https://musicbrainz.org/doc/MusicBrainz_Database,2026-08-31
Steve Hackett,Steve Hackett at Lichtburg,,Lichtburg,2020-09-29,待定,待定,公开数据集,https://musicbrainz.org/doc/MusicBrainz_Database,2026-08-31
Trans‐Siberian Orchestra,Trans‐Siberian Orchestra at E Center,,Maverik Center,2006-12-09,待定,待定,公开数据集,https://musicbrainz.org/doc/MusicBrainz_Database,2026-08-31
Infected Mushroom,Head of NASA Tour 2019,,Commodore Ballroom,2019-01-26,待定,待定,公开数据集,https://musicbrainz.org/doc/MusicBrainz_Database,2026-08-31
James Reagan Band,James Reagan Band at Beatons,,Beatons,1981-09-22,待定,待定,公开数据集,https://musicbrainz.org/doc/MusicBrainz_Database,2026-08-31
Neøv,Neøv at Uebel & Gefährlich,,Uebel & Gefährlich,2019-04-04,待定,待定,公开数据集,https://musicbrainz.org/doc/MusicBrainz_Database,2026-08-31
Cuban Fence Climbers,Cuban Fence Climbers at Bobbins,,Bobbins,1981-09-21,待定,待定,公开数据集,https://musicbrainz.org/doc/MusicBrainz_Database,2026-08-31
So,So at Plan B,,Plan B,2019-01-26,待定,待定,公开数据集,https://musicbrainz.org/doc/MusicBrainz_Database,2026-08-31
,Deutschtown Music Festival 2017 Friday @ Max's Allegheny Tavern,,,2017-07-14,待定,待定,公开数据集,https://musicbrainz.org/doc/MusicBrainz_Database,2026-08-31
Coconut Groove,Coconut Groove at The Brunswick House,,The Brunswick House,1981-09-21,待定,待定,公开数据集,https://musicbrainz.org/doc/MusicBrainz_Database,2026-08-31
,Frequency 2013: Revolution,,,2013-10-18,待定,待定,公开数据集,https://musicbrainz.org/doc/MusicBrainz_Database,2026-08-31
Dave Stovall,Dave Stovall at Roberts,,,1987-10-02,待定,待定,公开数据集,https://musicbrainz.org/doc/MusicBrainz_Database,2026-08-31
,"Buktafestivalen 2017, Day 2",,Buktafestivalen Grounds,2017-07-21,待定,待定,公开数据集,https://musicbrainz.org/doc/MusicBrainz_Database,2026-08-31
Der Moderne Man,Der Moderne Man at The Cave,,The Cave,2021-01-30,待定,待定,公开数据集,https://musicbrainz.org/doc/MusicBrainz_Database,2026-08-31
KISS,KISS at Fieldhouse at North Dakota State University,,Bentson/Bunker Fieldhouse,1977-02-13,待定,待定,公开数据集,https://musicbrainz.org/doc/MusicBrainz_Database,2026-08-31
Ougenweide,Ougenweide / Kraan,,Stadthalle,1975-09-28,待定,待定,公开数据集,https://musicbrainz.org/doc/MusicBrainz_Database,2026-08-31
Trans‐Siberian Orchestra,Trans‐Siberian Orchestra at RBC Center,,Lenovo Center,2006-12-14,待定,待定,公开数据集,https://musicbrainz.org/doc/MusicBrainz_Database,2026-08-31
Shirley Eikhard,Shirley Eikhard at Alistair's,,Alistair's,1981-09-26,待定,待定,公开数据集,https://musicbrainz.org/doc/MusicBrainz_Database,2026-08-31
Trans‐Siberian Orchestra,Trans‐Siberian Orchestra at American Airlines Center,,American Airlines Center,2006-12-16,待定,待定,公开数据集,https://musicbrainz.org/doc/MusicBrainz_Database,2026-08-31
,"Later Live… with Jools Holland: Series 43, Episode 3",,Maidstone Studios,2013-10-01,待定,待定,公开数据集,https://musicbrainz.org/doc/MusicBrainz_Database,2026-08-31
Mourning Sun,"Madrid Is the Dark VI, Day 2",,But,2018-12-08,待定,待定,公开数据集,https://musicbrainz.org/doc/MusicBrainz_Database,2026-08-31
Trans‐Siberian Orchestra,Trans‐Siberian Orchestra at Nassau Veterans Memorial Coliseum,,Nassau Veterans Memorial Coliseum,2006-12-20,待定,待定,公开数据集,https://musicbrainz.org/doc/MusicBrainz_Database,2026-08-31
The Hox,"ИОНОСФЕРА №8, в Дюнах",,Дюны,2014-07-26,待定,待定,公开数据集,https://musicbrainz.org/doc/MusicBrainz_Database,2026-08-31
Trans‐Siberian Orchestra,Trans‐Siberian Orchestra at AT&T Center,,Frost Bank Center,2006-12-23,待定,待定,公开数据集,https://musicbrainz.org/doc/MusicBrainz_Database,2026-08-31
Trans‐Siberian Orchestra,Trans‐Siberian Orchestra at Scottrade Center,,Enterprise Center,2006-12-27,待定,待定,公开数据集,https://musicbrainz.org/doc/MusicBrainz_Database,2026-08-31
Trans‐Siberian Orchestra,Trans‐Siberian Orchestra at Verizon Center,,Capital One Arena,2006-12-30,待定,待定,公开数据集,https://musicbrainz.org/doc/MusicBrainz_Database,2026-08-31
,Jools' 9th Annual Hootenanny,,BBC Television Centre,2001-12-31,待定,待定,公开数据集,https://musicbrainz.org/doc/MusicBrainz_Database,2026-08-31
Single Tree,Single Tree at Debonair,,,1987-10-04,待定,待定,公开数据集,https://musicbrainz.org/doc/MusicBrainz_Database,2026-08-31
,ИОНОСФЕРА №15,,Клуб Море,2015-01-23,待定,待定,公开数据集,https://musicbrainz.org/doc/MusicBrainz_Database,2026-08-31
Hollywood Vampires,Hollywood Vampires at California Mid-State Fair 2016,,Chumash Grandstand Arena,2016-07-25,待定,待定,公开数据集,https://musicbrainz.org/doc/MusicBrainz_Database,2026-08-31
Benedikt Hesse Trio,Benedikt Hesse Trio at Universität/Markt,,Universität/Markt,2014-08-29,待定,待定,公开数据集,https://musicbrainz.org/doc/MusicBrainz_Database,2026-08-31
KISS,KISS at St. John Arena,,St. John Arena,1977-03-06,待定,待定,公开数据集,https://musicbrainz.org/doc/MusicBrainz_Database,2026-08-31
,Jools Holland's Hootenanny,,BBC Television Centre,1994-01-01,待定,待定,公开数据集,https://musicbrainz.org/doc/MusicBrainz_Database,2026-08-31
KISS,KISS at Tempe Stadium,,Tempe Diablo Stadium,1976-08-17,待定,待定,公开数据集,https://musicbrainz.org/doc/MusicBrainz_Database,2026-08-31
Endamisi Salamisi,Mornacore,,Tartu loomemajanduskeskus,2014-11-21,待定,待定,公开数据集,https://musicbrainz.org/doc/MusicBrainz_Database,2026-08-31
Compás a Tres,Compás a Tres at Museumsmeile/Heussallee,,Museumsmeile/Heussallee,2014-08-29,待定,待定,公开数据集,https://musicbrainz.org/doc/MusicBrainz_Database,2026-08-31
The E Street Band,"2016‐06‐19: Olympiastadion, Berlin, Germany",,Olympiastadion Berlin,2016-06-19,待定,待定,公开数据集,https://musicbrainz.org/doc/MusicBrainz_Database,2026-08-31
,"Musica, festival international des musiques d'aujourd'hui de Strasbourg",,,2009-09-18,待定,待定,公开数据集,https://musicbrainz.org/doc/MusicBrainz_Database,2026-08-31
Sarah Messias,"Lollapalooza Brazil 2013, dias 3: Kidzapalooza",,Jockey Club de São Paulo,2013-03-31,待定,待定,公开数据集,https://musicbrainz.org/doc/MusicBrainz_Database,2026-08-31
,Jools' 6th Annual Hootenanny,,BBC Television Centre,1998-12-31,待定,待定,公开数据集,https://musicbrainz.org/doc/MusicBrainz_Database,2026-08-31
Keaden,Under Your Skin launch event at Vaduzer Saal,,Vaduzer Saal,2007-11-10,待定,待定,公开数据集,https://musicbrainz.org/doc/MusicBrainz_Database,2026-08-31
Lord Vicar,Lord Vicar · Black Lotus · Mahara,,Sala Monasterio,2020-01-18,待定,待定,公开数据集,https://musicbrainz.org/doc/MusicBrainz_Database,2026-08-31
Emerson String Quartet,[concert],,Carnegie Hall,2007-06,待定,待定,公开数据集,https://musicbrainz.org/doc/MusicBrainz_Database,2026-08-31
,"Later… with Jools Holland: Series 43, Episode 6",,Maidstone Studios,2013-10-25,待定,待定,公开数据集,https://musicbrainz.org/doc/MusicBrainz_Database,2026-08-31
Asleep at the Wheel,Asleep at the Wheel at California Mid-State Fair 2016,,Fort Frontier Stage,2016-07-28,待定,待定,公开数据集,https://musicbrainz.org/doc/MusicBrainz_Database,2026-08-31
,Deutsches Jazzfestival 1994,,,1994-09,待定,待定,公开数据集,https://musicbrainz.org/doc/MusicBrainz_Database,2026-08-31
Urban 805,Urban 805 at California Mid-State Fair 2016,,Mission Square,2016-07-29,待定,待定,公开数据集,https://musicbrainz.org/doc/MusicBrainz_Database,2026-08-31
p53,"p53, Deutsches Jazzfestival 1994",,,1994-09-16,待定,待定,公开数据集,https://musicbrainz.org/doc/MusicBrainz_Database,2026-08-31
Gorillaz,Glastonbury Festival 2010,,Worthy Farm,2010-06-23,待定,待定,公开数据集,https://musicbrainz.org/doc/MusicBrainz_Database,2026-08-31
,"Later… with Jools Holland: Series 42, Episode 6",,Maidstone Studios,2013-05-24,待定,待定,公开数据集,https://musicbrainz.org/doc/MusicBrainz_Database,2026-08-31
KISS,KISS at Halifax Forum,,Halifax Forum,1977-07-08,待定,待定,公开数据集,https://musicbrainz.org/doc/MusicBrainz_Database,2026-08-31
KISS,KISS at Veterans Memorial Auditorium,,Buffalo Memorial Auditorium,1976-12-15,待定,待定,公开数据集,https://musicbrainz.org/doc/MusicBrainz_Database,2026-08-31
KISS,KISS at New Haven Veterans Memorial Coliseum,,New Haven Veterans Memorial Coliseum,1976-12-18,待定,待定,公开数据集,https://musicbrainz.org/doc/MusicBrainz_Database,2026-08-31
Def Leppard,The Stadium Tour: Boston,,Fenway Park,2020-08-26,待定,待定,公开数据集,https://musicbrainz.org/doc/MusicBrainz_Database,2026-08-31
Def Leppard,The Stadium Tour: Inglewood,,SoFi Stadium,2020-09-05,待定,待定,公开数据集,https://musicbrainz.org/doc/MusicBrainz_Database,2026-08-31
Orquestra Gulbenkian,Gulbenkian Música 07/08: Orquestra Gulbenkian,,Fundação Calouste Gulbenkian: Grande Auditório,2008-05-16,待定,待定,公开数据集,https://musicbrainz.org/doc/MusicBrainz_Database,2026-08-31
KISS,KISS at Halifax Forum,,Halifax Forum,1977-07-07,待定,待定,公开数据集,https://musicbrainz.org/doc/MusicBrainz_Database,2026-08-31
Jyväskylä Conservatory Chamber Orchestra,[concert],,,1978-04-29,待定,待定,公开数据集,https://musicbrainz.org/doc/MusicBrainz_Database,2026-08-31
The Stepkids,"2013 Bonnaroo Music Festival, day 2: Sonic Stage",,Sonic Stage,2013-06-14,待定,待定,公开数据集,https://musicbrainz.org/doc/MusicBrainz_Database,2026-08-31
Vasgovie,Vasgovie at Terminus,,Terminus,2017-07-28,待定,待定,公开数据集,https://musicbrainz.org/doc/MusicBrainz_Database,2026-08-31
,Punto Cero (.0) launch event at Parque Metropolitano Simón Bolívar,,Parque Metropolitano Simón Bolívar,2007,待定,待定,公开数据集,https://musicbrainz.org/doc/MusicBrainz_Database,2026-08-31
Reket,Reket at Atlantis,,Atlantis,2016-01-15,待定,待定,公开数据集,https://musicbrainz.org/doc/MusicBrainz_Database,2026-08-31
Robert Plant,"Later Live... with Jools Holland: Series 37, Episode 10",,BBC Television Centre,2010-11-16,待定,待定,公开数据集,https://musicbrainz.org/doc/MusicBrainz_Database,2026-08-31
Dale Newman,Der Deutsche Genesis Fanclub it präsentiert: When in Welkers Event,,Bürgerhaus Welkers,2008-05-11,待定,待定,公开数据集,https://musicbrainz.org/doc/MusicBrainz_Database,2026-08-31
DIR EN GREY,TOUR19 The Insulated World,,松山市総合コミュニティセンター,2019-04-06,待定,待定,公开数据集,https://musicbrainz.org/doc/MusicBrainz_Database,2026-08-31
Enuff Z’Nuff,Enuff Z’Nuff at Cooters’s Pub,,Cooters’s Pub,2020-01-12,待定,待定,公开数据集,https://musicbrainz.org/doc/MusicBrainz_Database,2026-08-31
Enuff Z’Nuff,Enuff Z’Nuff at The Riff,,The Riff,2020-01-19,待定,待定,公开数据集,https://musicbrainz.org/doc/MusicBrainz_Database,2026-08-31
Bill Dunn,Bill Dunn at Cafe on the Park,,Cafe on the Park,1981-09-23,待定,待定,公开数据集,https://musicbrainz.org/doc/MusicBrainz_Database,2026-08-31
Rüdiger Bierhorst,Rüdiger Bierhorst at Mikado,,Kulturhaus Mikado,2019-01-19,待定,待定,公开数据集,https://musicbrainz.org/doc/MusicBrainz_Database,2026-08-31
Little Dragon,P3 Guld 2019,,Partille Arena,2019-01-19,待定,待定,公开数据集,https://musicbrainz.org/doc/MusicBrainz_Database,2026-08-31
Manic Street Preachers,Later Live 250... with Jools Holland,,BBC Television Centre,2010-09-15,待定,待定,公开数据集,https://musicbrainz.org/doc/MusicBrainz_Database,2026-08-31
Camille Chevillard,[concert],,,1915-10-26,待定,待定,公开数据集,https://musicbrainz.org/doc/MusicBrainz_Database,2026-08-31
DIR EN GREY,TOUR19 The Insulated World,,Zepp Nagoya,2019-04-19,待定,待定,公开数据集,https://musicbrainz.org/doc/MusicBrainz_Database,2026-08-31
I Mother Earth,I Mother Earth at Loyalist College,,Loyalist College,2000-01-20,待定,待定,公开数据集,https://musicbrainz.org/doc/MusicBrainz_Database,2026-08-31
KISS,KISS at Saalbau Rosengarten,,Rosengarten Mannheim,1976-05-18,待定,待定,公开数据集,https://musicbrainz.org/doc/MusicBrainz_Database,2026-08-31
,Eurovision Song Contest 2018,,MEO Arena,2018-05-08,待定,待定,公开数据集,https://musicbrainz.org/doc/MusicBrainz_Database,2026-08-31
Trans‐Siberian Orchestra,Trans‐Siberian Orchestra at Allstate Arena,,Allstate Arena,2006-12-09,待定,待定,公开数据集,https://musicbrainz.org/doc/MusicBrainz_Database,2026-08-31
,Avanti! XX Suvisoitto,,,1995,待定,待定,公开数据集,https://musicbrainz.org/doc/MusicBrainz_Database,2026-08-31
Trans‐Siberian Orchestra,Trans‐Siberian Orchestra at Colorado Springs World Arena,,Broadmoor World Arena,2006-12-13,待定,待定,公开数据集,https://musicbrainz.org/doc/MusicBrainz_Database,2026-08-31
Bloodbags,"Newtown Festival 2019, Death Ray's Curb Stage",,,2019-03-03,待定,待定,公开数据集,https://musicbrainz.org/doc/MusicBrainz_Database,2026-08-31
Aloe Blacc,"Later Live… with Jools Holland: Series 44, Episode 4",,Maidstone Studios,2014-05-06,待定,待定,公开数据集,https://musicbrainz.org/doc/MusicBrainz_Database,2026-08-31
Queen + Adam Lambert,Queen + Adam Lambert at BB&T Center,,Amerant Bank Arena,2019-08-17,待定,待定,公开数据集,https://musicbrainz.org/doc/MusicBrainz_Database,2026-08-31
Josu Okiñena,I Ciclo de Conciertos de los Hermanos Menores Capuchinos,,Iglesia parroquial de San Antonio de Padua,2020-01-11,待定,待定,公开数据集,https://musicbrainz.org/doc/MusicBrainz_Database,2026-08-31
The Full Nine,"Canadian Music Week 2003, day 3: Reverb",,Reverb,2003-02-28,待定,待定,公开数据集,https://musicbrainz.org/doc/MusicBrainz_Database,2026-08-31
Holger,"Lollapalooza Brazil 2013, dias 1: Butantã",,Jockey Club de São Paulo,2013-03-29,待定,待定,公开数据集,https://musicbrainz.org/doc/MusicBrainz_Database,2026-08-31
Biirdie,"SXSW 2005, day 2: Eternal",,Eternal,2005-03-17,待定,待定,公开数据集,https://musicbrainz.org/doc/MusicBrainz_Database,2026-08-31
Björk,"Björk at Craneway Pavilion, 1st show",,Craneway Pavilion,2013-05-22,待定,待定,公开数据集,https://musicbrainz.org/doc/MusicBrainz_Database,2026-08-31
Lorde,"Melodrama World Tour: Wellington, New Zealand",,Michael Fowler Centre,2017-11-11,待定,待定,公开数据集,https://musicbrainz.org/doc/MusicBrainz_Database,2026-08-31
Пётр Ильич Чайковский,Saint Petersburg Philharmonic Society: [concert],,,1888-11-17,待定,待定,公开数据集,https://musicbrainz.org/doc/MusicBrainz_Database,2026-08-31
Santana,Santana at Sprint Center,,T‐Mobile Center,2019-07-11,待定,待定,公开数据集,https://musicbrainz.org/doc/MusicBrainz_Database,2026-08-31
Ray Wilson,"Duisburger Stadtfest, Tag 2, Stadtwerke‐Bühne",,Open Air Stage Königstraße 39,2017-07-21,待定,待定,公开数据集,https://musicbrainz.org/doc/MusicBrainz_Database,2026-08-31
Ylioppilaskunnan Laulajat,50th anniversary of the Finnish Library Association,,,1979-09-03,待定,待定,公开数据集,https://musicbrainz.org/doc/MusicBrainz_Database,2026-08-31
Santana,Santana at Hollywood Casino Amphitheatre,,Hollywood Casino Amphitheatre,2019-07-12,待定,待定,公开数据集,https://musicbrainz.org/doc/MusicBrainz_Database,2026-08-31
KISS,KISS at Dane County Expo Center Coliseum,,Alliant Energy Center: Veterans Memorial Coliseum,1977-02-04,待定,待定,公开数据集,https://musicbrainz.org/doc/MusicBrainz_Database,2026-08-31
Einojuhani Rautavaara,75th Anniversary Concert of the Sibelius Academy,,Sibelius-Akatemian konserttisali,1957-10-27,待定,待定,公开数据集,https://musicbrainz.org/doc/MusicBrainz_Database,2026-08-31
Marillion,Marillion at Le Phoenix,,Le Phoenix,1990-03-30,待定,待定,公开数据集,https://musicbrainz.org/doc/MusicBrainz_Database,2026-08-31
,"Talking Heads Concert at Capital Theater, Passaic, N.J. (Fear of Music Tour)",,Capitol Theatre,1979-11-17,待定,待定,公开数据集,https://musicbrainz.org/doc/MusicBrainz_Database,2026-08-31
Go Man Go,Go Man Go at HOP,,,1987-10-21,待定,待定,公开数据集,https://musicbrainz.org/doc/MusicBrainz_Database,2026-08-31
Dick Dale,Jools’ 3rd Annual Hootenanny,,BBC Television Centre,1996-01-01,待定,待定,公开数据集,https://musicbrainz.org/doc/MusicBrainz_Database,2026-08-31
,"Now, More Than Ever CD release party",,Horseshoe Tavern,2004-01-17,待定,待定,公开数据集,https://musicbrainz.org/doc/MusicBrainz_Database,2026-08-31
Spirit Animal Sound System,"SXSW 2010, day 1: Club 1808",,Club 1808,2010-03-17,待定,待定,公开数据集,https://musicbrainz.org/doc/MusicBrainz_Database,2026-08-31
,Jools' 13th Annual Hootenanny,,BBC Television Centre,2005-12-31,待定,待定,公开数据集,https://musicbrainz.org/doc/MusicBrainz_Database,2026-08-31
Tuija Hakkila,[concert],,,2003-04-02,待定,待定,公开数据集,https://musicbrainz.org/doc/MusicBrainz_Database,2026-08-31
Lambert,Lambert at Die Börse,,Die Börse,2017-11-16,待定,待定,公开数据集,https://musicbrainz.org/doc/MusicBrainz_Database,2026-08-31
Simone Schwark,Johann Sebastian Bach: Messe h-Moll,,Jacobikirche,2014-11-16,待定,待定,公开数据集,https://musicbrainz.org/doc/MusicBrainz_Database,2026-08-31
KISS,KISS at Kitchener Memorial Auditorium,,Kitchener Memorial Auditorium,1977-07-15,待定,待定,公开数据集,https://musicbrainz.org/doc/MusicBrainz_Database,2026-08-31
Brandon Heath,Brandon Heath at California Mid-State Fair 2016,,Fort Frontier Stage,2016-07-21,待定,待定,公开数据集,https://musicbrainz.org/doc/MusicBrainz_Database,2026-08-31
Shakespeare Company Berlin,Shakespeare Company Berlin at Ilmbühne,,Ilmbühne,2014-08-15,待定,待定,公开数据集,https://musicbrainz.org/doc/MusicBrainz_Database,2026-08-31
David Wilcox,David Wilcox at Nags Head 4,,Nags Head 4,1981-09-24,待定,待定,公开数据集,https://musicbrainz.org/doc/MusicBrainz_Database,2026-08-31
Yellow House Orchestra,Yellow House Orchestra at California Mid-State Fair 2016,,Mission Square,2016-07-22,待定,待定,公开数据集,https://musicbrainz.org/doc/MusicBrainz_Database,2026-08-31
KISS,KISS at Kiel Auditorium,,Kiel Auditorium,1976-07-29,待定,待定,公开数据集,https://musicbrainz.org/doc/MusicBrainz_Database,2026-08-31
KISS,KISS at Roberts Municipal Stadium,,Roberts Municipal Stadium,1976-08-06,待定,待定,公开数据集,https://musicbrainz.org/doc/MusicBrainz_Database,2026-08-31
Linkin Park,Linkin Park at Pepsi Live at Rogers Arena,,Rogers Arena,2017-10-15,待定,待定,公开数据集,https://musicbrainz.org/doc/MusicBrainz_Database,2026-08-31
Bernard Butler,Bernard Butler in London,,Noël Coward Theatre,1998-04-19,待定,待定,公开数据集,https://musicbrainz.org/doc/MusicBrainz_Database,2026-08-31
Wild Asparagus,Wild Asparagus at Guiding Star Grange,,Guiding Star Grange,,待定,待定,公开数据集,https://musicbrainz.org/doc/MusicBrainz_Database,2026-08-31
Lambert,"Lambert at St Pancras Old Church, Show 2",,St Pancras Old Church,2017-11-30,待定,待定,公开数据集,https://musicbrainz.org/doc/MusicBrainz_Database,2026-08-31
Los Mismos,Los Mismos at California Mid-State Fair 2016,,Fort Frontier Stage,2016-07-24,待定,待定,公开数据集,https://musicbrainz.org/doc/MusicBrainz_Database,2026-08-31
Death Grips,"Fuji Rock Festival 2013, day 1: Red Marquee: Planet Groove",,苗場スキー場,2013-07-26,待定,待定,公开数据集,https://musicbrainz.org/doc/MusicBrainz_Database,2026-08-31
Cologne Saxophone Quintet,Cologne Saxophone Quintet at Universität/Markt,,Universität/Markt,2014-09-26,待定,待定,公开数据集,https://musicbrainz.org/doc/MusicBrainz_Database,2026-08-31
Alanna Royale,"2013 Bonnaroo Music Festival, day 2: New Music On Tap Lounge brewed by Miller Lite",,Great Stage Park,2013-06-14,待定,待定,公开数据集,https://musicbrainz.org/doc/MusicBrainz_Database,2026-08-31
Noel Torres,Noel Torres at California Mid-State Fair 2016,,Fort Frontier Stage,2016-07-31,待定,待定,公开数据集,https://musicbrainz.org/doc/MusicBrainz_Database,2026-08-31
KISS,KISS at Atlanta/Fulton County Stadium,,Atlanta-Fulton County Stadium,1976-08-29,待定,待定,公开数据集,https://musicbrainz.org/doc/MusicBrainz_Database,2026-08-31
Wild Asparagus,Wild Asparagus at Glen Echo Park,,Glen Echo Park,2011-09-25,待定,待定,公开数据集,https://musicbrainz.org/doc/MusicBrainz_Database,2026-08-31
,Masters of Rock 2017,,Areál likérky Rudolf Jelínek,2017-07-13,待定,待定,公开数据集,https://musicbrainz.org/doc/MusicBrainz_Database,2026-08-31
,"Later Live... with Jools Holland: Series 34, Episode 7",,BBC Television Centre,2009-05-19,待定,待定,公开数据集,https://musicbrainz.org/doc/MusicBrainz_Database,2026-08-31
Agnostic Fiddle Insurgency,Agnostic Fiddle Insurgency at Concord Scout House,,Concord Scout House,2012-11-02,待定,待定,公开数据集,https://musicbrainz.org/doc/MusicBrainz_Database,2026-08-31
Primal Scream,Primal Scream in Brixton,,O₂ Academy Brixton,1998-02-14,待定,待定,公开数据集,https://musicbrainz.org/doc/MusicBrainz_Database,2026-08-31
KISS,KISS at Freedom Hall,,Freedom Hall,1976-09-08,待定,待定,公开数据集,https://musicbrainz.org/doc/MusicBrainz_Database,2026-08-31
Giant Robot Dance,Giant Robot Dance at Glen Echo Park,,Glen Echo Park,,待定,待定,公开数据集,https://musicbrainz.org/doc/MusicBrainz_Database,2026-08-31
Linkin Park,Linkin Park at Save Mart Center,,Save Mart Center at Fresno State,2017-10-17,待定,待定,公开数据集,https://musicbrainz.org/doc/MusicBrainz_Database,2026-08-31
Santana,Santana at Austin360 Amphitheater,,Germania Insurance Amphitheater,2019-07-09,待定,待定,公开数据集,https://musicbrainz.org/doc/MusicBrainz_Database,2026-08-31
B.J. Thomas,BJ Thomas at California Mid-State Fair 2016,,Fort Frontier Stage,2016-07-26,待定,待定,公开数据集,https://musicbrainz.org/doc/MusicBrainz_Database,2026-08-31
Duran Duran,Duran Duran with CHIC at California Mid-State Fair 2016,,Chumash Grandstand Arena,2016-07-27,待定,待定,公开数据集,https://musicbrainz.org/doc/MusicBrainz_Database,2026-08-31
Esteban Trio,Esteban Trio at Terminus,,Terminus,2016-06-03,待定,待定,公开数据集,https://musicbrainz.org/doc/MusicBrainz_Database,2026-08-31
Perpetual e‐Motion,Perpetual e-Motion at Guiding Star Grange,,Guiding Star Grange,,待定,待定,公开数据集,https://musicbrainz.org/doc/MusicBrainz_Database,2026-08-31
Hayden,Hayden at The Rivoli,,Rivoli,2013-02-22,待定,待定,公开数据集,https://musicbrainz.org/doc/MusicBrainz_Database,2026-08-31
KISS,KISS at Mid‐South Coliseum,,Mid‐South Coliseum,1976-12-02,待定,待定,公开数据集,https://musicbrainz.org/doc/MusicBrainz_Database,2026-08-31
KISS,KISS at Hulman Civic University Center,,Hulman Center,1977-01-25,待定,待定,公开数据集,https://musicbrainz.org/doc/MusicBrainz_Database,2026-08-31
Lambert,"Lambert at St Pancras Old Church, Show 1",,St Pancras Old Church,2017-11-30,待定,待定,公开数据集,https://musicbrainz.org/doc/MusicBrainz_Database,2026-08-31
Patafunk,"SXSW 2010, day 1: Billboard.com Bungalow",,Billboard.com Bungalow,2010-03-17,待定,待定,公开数据集,https://musicbrainz.org/doc/MusicBrainz_Database,2026-08-31
KISS,KISS at Civic Center,,Martin Luther King Arena,1976-11-24,待定,待定,公开数据集,https://musicbrainz.org/doc/MusicBrainz_Database,2026-08-31
Gigmeisters,Gigmeisters at Glen Echo Park,,Glen Echo Park,2014-02-07,待定,待定,公开数据集,https://musicbrainz.org/doc/MusicBrainz_Database,2026-08-31
KISS,KISS at The Sportatorium,,Hollywood Sportatorium,1976-12-11,待定,待定,公开数据集,https://musicbrainz.org/doc/MusicBrainz_Database,2026-08-31
Noel Torres,Noel Torres at California Mid-State Fair 2016,,Fort Frontier Stage,2016-07-31,待定,待定,公开数据集,https://musicbrainz.org/doc/MusicBrainz_Database,2026-08-31
Anastacia,Anastacia at „Sommermusik Schloss Rheydt“,,Schloss Rheydt: Bühne Innenhof,2018-08-26,待定,待定,公开数据集,https://musicbrainz.org/doc/MusicBrainz_Database,2026-08-31
KISS,KISS at Bismarck Civic Center,,Bismarck Event Center Arena,1977-02-12,待定,待定,公开数据集,https://musicbrainz.org/doc/MusicBrainz_Database,2026-08-31
Swallowtail,Swallowtail at Glen Echo Park in 2012,,Glen Echo Park,2012-05-18,待定,待定,公开数据集,https://musicbrainz.org/doc/MusicBrainz_Database,2026-08-31
The Great Bear Trio,"The Great Bear Trio at Willard Straight Hall, Cornell in 2011",,"Willard Straight Hall, Cornell",2011-01-29,待定,待定,公开数据集,https://musicbrainz.org/doc/MusicBrainz_Database,2026-08-31
,"Later… with Jools Holland: Series 42, Episode 5",,Maidstone Studios,2013-05-17,待定,待定,公开数据集,https://musicbrainz.org/doc/MusicBrainz_Database,2026-08-31
Whitehorse,Whitehorse at Massey Hall,,Massey Hall,2013-03-02,待定,待定,公开数据集,https://musicbrainz.org/doc/MusicBrainz_Database,2026-08-31
Santana,Santana at Ak‐Chin Pavilion,,Talking Stick Resort Amphitheatre,2019-06-22,待定,待定,公开数据集,https://musicbrainz.org/doc/MusicBrainz_Database,2026-08-31
Die Toten Hosen,Die Toten Hosen at Schlachthof Wiesbaden,,Schlachthof Wiesbaden: Halle,2014-12-02,待定,待定,公开数据集,https://musicbrainz.org/doc/MusicBrainz_Database,2026-08-31
The Great Bear Trio,The Great Bear Trio at Pomeroy Recreation & Rehabilitation Center,,Pomeroy Recreation & Rehabilitation Center,,待定,待定,公开数据集,https://musicbrainz.org/doc/MusicBrainz_Database,2026-08-31
Waverley Station,Waverley Station at Glen Echo Park,,Glen Echo Park,2012-02-24,待定,待定,公开数据集,https://musicbrainz.org/doc/MusicBrainz_Database,2026-08-31
,"Later Live… with Jools Holland: Series 43, Episode 8",,Maidstone Studios,2013-11-05,待定,待定,公开数据集,https://musicbrainz.org/doc/MusicBrainz_Database,2026-08-31
,"Alexander Krichel at ""Radio Hall"" Romania",,,2015-12-02,待定,待定,公开数据集,https://musicbrainz.org/doc/MusicBrainz_Database,2026-08-31
,Jools' Millennium Hootenanny,,BBC Television Centre,1999-12-30,待定,待定,公开数据集,https://musicbrainz.org/doc/MusicBrainz_Database,2026-08-31
Black Spider Stomp,Black Spider Stomp,,Hashigo Zake,2017-07-08,待定,待定,公开数据集,https://musicbrainz.org/doc/MusicBrainz_Database,2026-08-31
Teleferik,Teleferik at Terminus,,Terminus,2016-05-27,待定,待定,公开数据集,https://musicbrainz.org/doc/MusicBrainz_Database,2026-08-31
,ABC 27 Television Appearance,,,2017-07-05,待定,待定,公开数据集,https://musicbrainz.org/doc/MusicBrainz_Database,2026-08-31
KISS,KISS at Tulsa Assembly Center,,Cox Business Center Arena,1977-01-06,待定,待定,公开数据集,https://musicbrainz.org/doc/MusicBrainz_Database,2026-08-31
Lennex,Lennex at the Rondun,,Rondun,1981-09-21,待定,待定,公开数据集,https://musicbrainz.org/doc/MusicBrainz_Database,2026-08-31
,2014/15 Hootenanny,,Maidstone Studios,2014-12-31,待定,待定,公开数据集,https://musicbrainz.org/doc/MusicBrainz_Database,2026-08-31
Guaranteed Pure,Guaranteed Pure at Fingers Piano Bar,,Fingers Piano Bar,1991-11-02,待定,待定,公开数据集,https://musicbrainz.org/doc/MusicBrainz_Database,2026-08-31
When Dinosaurs Ruled the Earth,"SXSW 2010, day 1: Club 1808 II",,"Club 1808, 2nd Floor",2010-03-17,待定,待定,公开数据集,https://musicbrainz.org/doc/MusicBrainz_Database,2026-08-31
Carl Henry,"Canadian Music Week 2003, day 4: Opera House",,The Opera House,2003-03-01,待定,待定,公开数据集,https://musicbrainz.org/doc/MusicBrainz_Database,2026-08-31
,Warszawska Jesień 1990,,,1990,待定,待定,公开数据集,https://musicbrainz.org/doc/MusicBrainz_Database,2026-08-31
,月の宴2,,東京都立産業貿易センター,2009-09-22,待定,待定,公开数据集,https://musicbrainz.org/doc/MusicBrainz_Database,2026-08-31
BlackY,EDP presents Force of The 4th Release Party,,,2020-10-31,待定,待定,公开数据集,https://musicbrainz.org/doc/MusicBrainz_Database,2026-08-31
,平成二十二年度 御射宮司祭,,,2010-10-09,待定,待定,公开数据集,https://musicbrainz.org/doc/MusicBrainz_Database,2026-08-31
NAH,NAH/Ghösh/Machine Girl/Cloning,,Collision,2020-01-13,待定,待定,公开数据集,https://musicbrainz.org/doc/MusicBrainz_Database,2026-08-31
Wold Singers,Wold Singers at Angel Suite,,Angel Suite,2012-07-20,待定,待定,公开数据集,https://musicbrainz.org/doc/MusicBrainz_Database,2026-08-31
,"Triptych Festival 2007, Day 1",,,2007-04-25,待定,待定,公开数据集,https://musicbrainz.org/doc/MusicBrainz_Database,2026-08-31
Straight Lines,"SXSW 2010, day 1: Austin Music Hall",,Austin Music Hall,2010-03-17,待定,待定,公开数据集,https://musicbrainz.org/doc/MusicBrainz_Database,2026-08-31
David Wilcox,David Wilcox at Nags Head 4,,Nags Head 4,1981-09-21,待定,待定,公开数据集,https://musicbrainz.org/doc/MusicBrainz_Database,2026-08-31
,Terraforma 2017,,Villa Arconati,2017-06-23,待定,待定,公开数据集,https://musicbrainz.org/doc/MusicBrainz_Database,2026-08-31
,境界から視えた外界,,,2010-11-28,待定,待定,公开数据集,https://musicbrainz.org/doc/MusicBrainz_Database,2026-08-31
Aurelio Voltaire,Aurelio Voltaire/Bella Morte/Seeming/The Long Losts,,Cattivo,2017-08-01,待定,待定,公开数据集,https://musicbrainz.org/doc/MusicBrainz_Database,2026-08-31
Strap on Halo,"StrapOn Halo, Adrian H & The Wounds, MorpheusLaughing, Erica Scary",,Spirit,2017-08-11,待定,待定,公开数据集,https://musicbrainz.org/doc/MusicBrainz_Database,2026-08-31
David Wilcox,David Wilcox at Nags Head 4,,Nags Head 4,1981-09-23,待定,待定,公开数据集,https://musicbrainz.org/doc/MusicBrainz_Database,2026-08-31
Wold Singers,Wold Singers at Barnetby Village Hall,,Barnetby Village Hall,2012-06-26,待定,待定,公开数据集,https://musicbrainz.org/doc/MusicBrainz_Database,2026-08-31
KISS,KISS at The Summit,,Lakewood Church Central Campus,1977-09-02,待定,待定,公开数据集,https://musicbrainz.org/doc/MusicBrainz_Database,2026-08-31
Tuuliki Jürjo,Kodumaine viis,,Niguliste kirik,2014-11-09,待定,待定,公开数据集,https://musicbrainz.org/doc/MusicBrainz_Database,2026-08-31
Mr. Bungle,The Night They Came Home!,,Eureka Public Library,2020-10-31,待定,待定,公开数据集,https://musicbrainz.org/doc/MusicBrainz_Database,2026-08-31
,Party.San Open Air 2019,,,,待定,待定,公开数据集,https://musicbrainz.org/doc/MusicBrainz_Database,2026-08-31
Bone Six,Bone Six at Universität/Markt,,Universität/Markt,2014-05-23,待定,待定,公开数据集,https://musicbrainz.org/doc/MusicBrainz_Database,2026-08-31
,東方素芸祭,,,2010-06-13,待定,待定,公开数据集,https://musicbrainz.org/doc/MusicBrainz_Database,2026-08-31
Colin Linden,Colin Linden at Nickelodeon,,Nickelodeon,1981-09-24,待定,待定,公开数据集,https://musicbrainz.org/doc/MusicBrainz_Database,2026-08-31
Chen Halevi,[concert],,,2008-02-06,待定,待定,公开数据集,https://musicbrainz.org/doc/MusicBrainz_Database,2026-08-31
Brian Katz,Brian Katz and Friends at Pears,,Pears Cabaret,1981-09-21,待定,待定,公开数据集,https://musicbrainz.org/doc/MusicBrainz_Database,2026-08-31
KISS,KISS at Anaheim Stadium,,Angel Stadium of Anaheim,1976-08-20,待定,待定,公开数据集,https://musicbrainz.org/doc/MusicBrainz_Database,2026-08-31
When People Had Computers,When People Had Computers at KUNST!GARTEN,,KUNST!GARTEN,2014-07-30,待定,待定,公开数据集,https://musicbrainz.org/doc/MusicBrainz_Database,2026-08-31
KISS,KISS at Tarrant County Convention Center,,Fort Worth Convention Center,1977-09-05,待定,待定,公开数据集,https://musicbrainz.org/doc/MusicBrainz_Database,2026-08-31
KISS,KISS at Civic Arena,,Civic Arena,1976-09-04,待定,待定,公开数据集,https://musicbrainz.org/doc/MusicBrainz_Database,2026-08-31
Linkin Park,Linkin Park at SAP Center,,SAP Center at San Jose,2017-10-18,待定,待定,公开数据集,https://musicbrainz.org/doc/MusicBrainz_Database,2026-08-31
Lambert,Lambert at LenDok,,LenDok,2017-11-05,待定,待定,公开数据集,https://musicbrainz.org/doc/MusicBrainz_Database,2026-08-31
Final Four,"Canadian Music Week 2003, day 4: Sneaky Dee's",,Sneaky Dee’s,2003-03-01,待定,待定,公开数据集,https://musicbrainz.org/doc/MusicBrainz_Database,2026-08-31
KISS,KISS at Myriad Convention Center,,Cox Convention Center Arena,1977-11-15,待定,待定,公开数据集,https://musicbrainz.org/doc/MusicBrainz_Database,2026-08-31
,"Later… with Jools Holland: Series 43, Episode 8",,,,待定,待定,公开数据集,https://musicbrainz.org/doc/MusicBrainz_Database,2026-08-31
KISS,KISS at Mississippi Coliseum,,Mississippi Coliseum,1976-12-03,待定,待定,公开数据集,https://musicbrainz.org/doc/MusicBrainz_Database,2026-08-31
ハニーストラップ,Honey Feast 2杯目 - おかえりなさい！靴はそろえて上がってね -,,伏見ミリオン座,2019-12-22,待定,待定,公开数据集,https://musicbrainz.org/doc/MusicBrainz_Database,2026-08-31
KISS,KISS at Mobile Municipal Auditorium,,Mobile Civic Center,1976-12-05,待定,待定,公开数据集,https://musicbrainz.org/doc/MusicBrainz_Database,2026-08-31
Fil Bo Riva,"Skandaløs Festival 2017, Day 1",,Festivalgelände am Hülltofter Tief,2017-08-03,待定,待定,公开数据集,https://musicbrainz.org/doc/MusicBrainz_Database,2026-08-31
Honeysuckle Rose,Honeysuckle Rose at Glen Echo Park in 2012,,Glen Echo Park,2012-05-04,待定,待定,公开数据集,https://musicbrainz.org/doc/MusicBrainz_Database,2026-08-31
Mieskuoro Sirkat,Klemetti Competition 1975: [concert],,,1976-06-12,待定,待定,公开数据集,https://musicbrainz.org/doc/MusicBrainz_Database,2026-08-31
Human Design,G4 Epic Emotions,,Skafferiet at Ritz,2018-03-10,待定,待定,公开数据集,https://musicbrainz.org/doc/MusicBrainz_Database,2026-08-31
Juliette Borghèse,[concert],,Salle de la Bourse,1840-02-11,待定,待定,公开数据集,https://musicbrainz.org/doc/MusicBrainz_Database,2026-08-31
Human Design,G2,,Leipätehdas / D.O.M.,2016-05-27,待定,待定,公开数据集,https://musicbrainz.org/doc/MusicBrainz_Database,2026-08-31
Be Your Own Pet,"SXSW 2005, day 2: La Zona Rosa",,La Zona Rosa,2005-03-17,待定,待定,公开数据集,https://musicbrainz.org/doc/MusicBrainz_Database,2026-08-31
KISS,KISS at Hampton Coliseum,,Hampton Coliseum,1977-02-23,待定,待定,公开数据集,https://musicbrainz.org/doc/MusicBrainz_Database,2026-08-31
Three Sounds Groove,Concert del Correllengua: Three Sounds Groove + Maluks,,Plaça de l’Amistat,2019-10-05,待定,待定,公开数据集,https://musicbrainz.org/doc/MusicBrainz_Database,2026-08-31
Marillion,Marillion at Le Zénith,,Zénith de Paris,1990-04-01,待定,待定,公开数据集,https://musicbrainz.org/doc/MusicBrainz_Database,2026-08-31
Toronto Symphony Orchestra,Toronto Symphony Orchestra at Massey Hall,,Massey Hall,1981-09-22,待定,待定,公开数据集,https://musicbrainz.org/doc/MusicBrainz_Database,2026-08-31
Jaune Toujours,Jaune Toujours @ Balabam London,,,2019-03-20,待定,待定,公开数据集,https://musicbrainz.org/doc/MusicBrainz_Database,2026-08-31
Toronto Symphony Orchestra,Toronto Symphony Orchestra at Massey Hall,,Massey Hall,1981-09-23,待定,待定,公开数据集,https://musicbrainz.org/doc/MusicBrainz_Database,2026-08-31
,Jaune Toujours @ Hootananny Brixton,,,2019-04-06,待定,待定,公开数据集,https://musicbrainz.org/doc/MusicBrainz_Database,2026-08-31
The E Street Band,"2016‐06‐03: Ricoh Arena, Coventry, England, UK",,Coventry Building Society Arena,2016-06-03,待定,待定,公开数据集,https://musicbrainz.org/doc/MusicBrainz_Database,2026-08-31
Gene Simmons Band,Gene Simmons Band at North Star Mohican Casino Resort,,North Star Mohican Casino Resort: Event Center,2017-08-12,待定,待定,公开数据集,https://musicbrainz.org/doc/MusicBrainz_Database,2026-08-31
Linkin Park,Linkin Park at Makuhari Messe,,幕張メッセ 国際展示場9-11ホール,2017-11-02,待定,待定,公开数据集,https://musicbrainz.org/doc/MusicBrainz_Database,2026-08-31
The E Street Band,"2016‐06‐14: Malieveld, The Hague, The Netherlands",,Malieveld,2016-06-14,待定,待定,公开数据集,https://musicbrainz.org/doc/MusicBrainz_Database,2026-08-31
The E Street Band,"2016‐06‐17: Olympiastadion, Munich, Germany",,Olympiastadion München,2016-06-17,待定,待定,公开数据集,https://musicbrainz.org/doc/MusicBrainz_Database,2026-08-31
中山博之,PIANO OPERA: music from FINAL FANTASY,,Teatro Gamaro,2016-03-02,待定,待定,公开数据集,https://musicbrainz.org/doc/MusicBrainz_Database,2026-08-31
KISS,KISS at Market Square Arena,,Market Square Arena,1977-12-11,待定,待定,公开数据集,https://musicbrainz.org/doc/MusicBrainz_Database,2026-08-31
Kari Kriikku,Warszawska Jesień 1990: [concert],,,1990-09-15,待定,待定,公开数据集,https://musicbrainz.org/doc/MusicBrainz_Database,2026-08-31
Ayn Randy,Ayn Randy's Tape Release,,Newtown Bowling Club,2017-08-05,待定,待定,公开数据集,https://musicbrainz.org/doc/MusicBrainz_Database,2026-08-31
Sakari Oramo,Avanti! Summer Sounds 1995: [concert],,,1995-06-30,待定,待定,公开数据集,https://musicbrainz.org/doc/MusicBrainz_Database,2026-08-31
AC/DC,AC/DC at Air Canada Centre,,Scotiabank Arena,2000-08-10,待定,待定,公开数据集,https://musicbrainz.org/doc/MusicBrainz_Database,2026-08-31
Saint Snow,ブライブ！サンシャイン!! Saint Snow 1st GIG 〜Welcome to Dazzling White Town〜,,真駒内セキスイハイムアイスアリーナ,2020-11-07,待定,待定,公开数据集,https://musicbrainz.org/doc/MusicBrainz_Database,2026-08-31
,"The Great New York State Fair 2017, Day 1",,NY State Fairgrounds,2017-08-23,待定,待定,公开数据集,https://musicbrainz.org/doc/MusicBrainz_Database,2026-08-31
,"The Great New York State Fair 2017, Day 4",,NY State Fairgrounds,2017-08-26,待定,待定,公开数据集,https://musicbrainz.org/doc/MusicBrainz_Database,2026-08-31
Clarence Clemons,"2001‐09‐01: The Stone Pony, Asbury Park, NJ, USA",,The Stone Pony,2001-09-01,待定,待定,公开数据集,https://musicbrainz.org/doc/MusicBrainz_Database,2026-08-31
,Decibel Festival 2015,,,2015-09-23,待定,待定,公开数据集,https://musicbrainz.org/doc/MusicBrainz_Database,2026-08-31
,"The Great New York State Fair 2017, Day 13",,NY State Fairgrounds,2017-09-04,待定,待定,公开数据集,https://musicbrainz.org/doc/MusicBrainz_Database,2026-08-31
Fouled Out,"SXSW 2010, day 1: Headhunters",,Headhunters,2010-03-17,待定,待定,公开数据集,https://musicbrainz.org/doc/MusicBrainz_Database,2026-08-31
Autechre,Autechre at Metro,,Metro,2015-09-29,待定,待定,公开数据集,https://musicbrainz.org/doc/MusicBrainz_Database,2026-08-31
Autechre,Autechre at Phoenix Concert Theatre,,Phoenix Concert Theatre,2015-10-01,待定,待定,公开数据集,https://musicbrainz.org/doc/MusicBrainz_Database,2026-08-31
,サンシャインクリエイション23,,サンシャインシティ,2004-03-14,待定,待定,公开数据集,https://musicbrainz.org/doc/MusicBrainz_Database,2026-08-31
,コミックレヴォリューション35,,,2004-04-29,待定,待定,公开数据集,https://musicbrainz.org/doc/MusicBrainz_Database,2026-08-31
Roshan Tanha,Face Off Rap Battle,,,2020-11-22,待定,待定,公开数据集,https://musicbrainz.org/doc/MusicBrainz_Database,2026-08-31
,M3-大阪,,大阪府立国際会議場,2008-03-09,待定,待定,公开数据集,https://musicbrainz.org/doc/MusicBrainz_Database,2026-08-31
,サンシャインクリエイション27,,サンシャインシティ,2005-03-13,待定,待定,公开数据集,https://musicbrainz.org/doc/MusicBrainz_Database,2026-08-31
,コミックコミュニケーション10,,,2006-06-11,待定,待定,公开数据集,https://musicbrainz.org/doc/MusicBrainz_Database,2026-08-31
,東京ゲームショウ2009,,幕張メッセ,2009-09-24,待定,待定,公开数据集,https://musicbrainz.org/doc/MusicBrainz_Database,2026-08-31
Autechre,Autechre at Brooklyn Masonic Temple,,Brooklyn Masonic Temple,2015-10-03,待定,待定,公开数据集,https://musicbrainz.org/doc/MusicBrainz_Database,2026-08-31
,M3-2006秋,,大田区産業プラザ,2006-10-09,待定,待定,公开数据集,https://musicbrainz.org/doc/MusicBrainz_Database,2026-08-31
Autechre,Autechre at Paradise Rock Club,,Paradise Rock Club,2015-10-04,待定,待定,公开数据集,https://musicbrainz.org/doc/MusicBrainz_Database,2026-08-31
Andrea Belfi,SKIF XXII,,Александринский театр,2018-05-18,待定,待定,公开数据集,https://musicbrainz.org/doc/MusicBrainz_Database,2026-08-31
,東方紅楼夢(第五回),,インテックス大阪,2009-10-11,待定,待定,公开数据集,https://musicbrainz.org/doc/MusicBrainz_Database,2026-08-31
,Provinssirock,,,2008-06-13,待定,待定,公开数据集,https://musicbrainz.org/doc/MusicBrainz_Database,2026-08-31
Autechre,Autechre at The Orange Peel,,The Orange Peel,2015-10-08,待定,待定,公开数据集,https://musicbrainz.org/doc/MusicBrainz_Database,2026-08-31
Min Flickvän Ken,Rockkväll med Klotty,,,2020-01-10,待定,待定,公开数据集,https://musicbrainz.org/doc/MusicBrainz_Database,2026-08-31
Lambert,Lambert with Michael Peter Olsen at Polish Combatants’ Hall,,Polish Combatants’ Hall,2020-03-26,待定,待定,公开数据集,https://musicbrainz.org/doc/MusicBrainz_Database,2026-08-31
,Provinssi‐rock ’80,,,1980-06-06,待定,待定,公开数据集,https://musicbrainz.org/doc/MusicBrainz_Database,2026-08-31
Lambert,Lambert at Jazzhaus Freiburg,,Jazzhaus Freiburg,2020-04-22,待定,待定,公开数据集,https://musicbrainz.org/doc/MusicBrainz_Database,2026-08-31
Bourbon Baroque,Nicolas Fortin Scholarship,,,2016,待定,待定,公开数据集,https://musicbrainz.org/doc/MusicBrainz_Database,2026-08-31
Autechre,Autechre at The Hangar,,The Hangar,2015-10-11,待定,待定,公开数据集,https://musicbrainz.org/doc/MusicBrainz_Database,2026-08-31
,Provinssi‐rock,,,1981-06-06,待定,待定,公开数据集,https://musicbrainz.org/doc/MusicBrainz_Database,2026-08-31
,東方紅楼夢,,Shin-Osaka Stars Hotel in Seni City,2005-09-11,待定,待定,公开数据集,https://musicbrainz.org/doc/MusicBrainz_Database,2026-08-31
Eighties4ever,Eighties4ever at Quasimodo,,Quasimodo,2015-09-26,待定,待定,公开数据集,https://musicbrainz.org/doc/MusicBrainz_Database,2026-08-31
KISS,KISS at The Sportatorium,,Hollywood Sportatorium,1978-01-03,待定,待定,公开数据集,https://musicbrainz.org/doc/MusicBrainz_Database,2026-08-31
,M3-2000春,,東京卸商センター,2000-04-23,待定,待定,公开数据集,https://musicbrainz.org/doc/MusicBrainz_Database,2026-08-31
,V Provinssi‐rock,,,1983-06-04,待定,待定,公开数据集,https://musicbrainz.org/doc/MusicBrainz_Database,2026-08-31
If He Dies He Dies,Killfest 2018,,The Local Te Rapa,2018-06-30,待定,待定,公开数据集,https://musicbrainz.org/doc/MusicBrainz_Database,2026-08-31
KISS,KISS at Egypt Shrine Auditorium,,Egypt Shrine Auditorium,1978-01-04,待定,待定,公开数据集,https://musicbrainz.org/doc/MusicBrainz_Database,2026-08-31
Sere,Sere LP Release,,Newtown Bowling Club,2016-07-30,待定,待定,公开数据集,https://musicbrainz.org/doc/MusicBrainz_Database,2026-08-31
,サンシャインクリエイション39,,サンシャインシティ,2008-04-20,待定,待定,公开数据集,https://musicbrainz.org/doc/MusicBrainz_Database,2026-08-31
Hard Target,"Full Noise 2019, Day 1",,UFO,2019-03-08,待定,待定,公开数据集,https://musicbrainz.org/doc/MusicBrainz_Database,2026-08-31
,August Monthly Synth Playground,,Spirit Lodge (1st floor),2017-08-02,待定,待定,公开数据集,https://musicbrainz.org/doc/MusicBrainz_Database,2026-08-31
,Provinssi‐rock,,,1985-06-01,待定,待定,公开数据集,https://musicbrainz.org/doc/MusicBrainz_Database,2026-08-31
LoVendoЯ,LoVendoЯ at 甲府CONVICTION,,甲府CONVICTION,2013-08-11,待定,待定,公开数据集,https://musicbrainz.org/doc/MusicBrainz_Database,2026-08-31
Tiktak,Tiktak at Sirkus,,Sirkus,2004-01-24,待定,待定,公开数据集,https://musicbrainz.org/doc/MusicBrainz_Database,2026-08-31
,Festival de Lille 1993,,,1993,待定,待定,公开数据集,https://musicbrainz.org/doc/MusicBrainz_Database,2026-08-31
Damien Rice,Damien Rice at Bowery Ballroom,,Bowery Ballroom,2003-06-11,待定,待定,公开数据集,https://musicbrainz.org/doc/MusicBrainz_Database,2026-08-31
,東方崇敬祭,,,2009-06-21,待定,待定,公开数据集,https://musicbrainz.org/doc/MusicBrainz_Database,2026-08-31
,Provinssirock 87,,,1987-06-06,待定,待定,公开数据集,https://musicbrainz.org/doc/MusicBrainz_Database,2026-08-31
KISS,KISS at Carolina Coliseum,,Carolina Coliseum,1978-01-06,待定,待定,公开数据集,https://musicbrainz.org/doc/MusicBrainz_Database,2026-08-31
,Akatsuki no Utage 3,,,2009-05-06,待定,待定,公开数据集,https://musicbrainz.org/doc/MusicBrainz_Database,2026-08-31
,Provinssirock 89,,,1989-06-03,待定,待定,公开数据集,https://musicbrainz.org/doc/MusicBrainz_Database,2026-08-31
,Provinssirock 90,,,1990-06-02,待定,待定,公开数据集,https://musicbrainz.org/doc/MusicBrainz_Database,2026-08-31
Jorma Panula,[concert],,,1968-05-30,待定,待定,公开数据集,https://musicbrainz.org/doc/MusicBrainz_Database,2026-08-31
Stratovarius,Stratovarius at Sirkus,,Sirkus,2013-11-23,待定,待定,公开数据集,https://musicbrainz.org/doc/MusicBrainz_Database,2026-08-31
Daryl Hall & John Oates,Daryl Hall & John Oates at Madison Square Garden,,Madison Square Garden,2020-02-28,待定,待定,公开数据集,https://musicbrainz.org/doc/MusicBrainz_Database,2026-08-31
THE ALFEE,Best Hit Alfee Autumn 2015 @ 広島上野学園ホール,,上野学園ホール,2015-10-18,待定,待定,公开数据集,https://musicbrainz.org/doc/MusicBrainz_Database,2026-08-31
,東方不敗小町4,,,2007-11-24,待定,待定,公开数据集,https://musicbrainz.org/doc/MusicBrainz_Database,2026-08-31
THE ALFEE,Best Hit Alfee Autumn 2015 @ 東京国際フォーラム・ホールA,,東京国際フォーラム・ホールA,2015-10-25,待定,待定,公开数据集,https://musicbrainz.org/doc/MusicBrainz_Database,2026-08-31
工藤静香,静香のコンサート’89 秋スペシャル,,東京厚生年金会館 大ホール,1989-11-05,待定,待定,公开数据集,https://musicbrainz.org/doc/MusicBrainz_Database,2026-08-31
,Provinssirock,,,1994-06-11,待定,待定,公开数据集,https://musicbrainz.org/doc/MusicBrainz_Database,2026-08-31
Status Abnormis,Industrial Summer Blast,,Bäkkäri Club,2016-06-03,待定,待定,公开数据集,https://musicbrainz.org/doc/MusicBrainz_Database,2026-08-31
redhalo,Project redhalo dissolved.,,,2019-02-01,待定,待定,公开数据集,https://musicbrainz.org/doc/MusicBrainz_Database,2026-08-31
THE ALFEE,Best Hit Alfee Autumn 2015 @ 相模女子大学グリーンホール,,相模原市立文化会館,2015-10-28,待定,待定,公开数据集,https://musicbrainz.org/doc/MusicBrainz_Database,2026-08-31
,Provinssirock 95,,,1995-06-10,待定,待定,公开数据集,https://musicbrainz.org/doc/MusicBrainz_Database,2026-08-31
工藤静香,静香のコンサート’91,,NHKホール,1991-07-11,待定,待定,公开数据集,https://musicbrainz.org/doc/MusicBrainz_Database,2026-08-31
Death Sentence,Death Sentence Not a Pretty Sight Tour,,Savoy Club,1986-03-01,待定,待定,公开数据集,https://musicbrainz.org/doc/MusicBrainz_Database,2026-08-31
Bridgit Mendler,Bridgit Mendler at The Big E,,Big E Xfinity Arena,2015-10-03,待定,待定,公开数据集,https://musicbrainz.org/doc/MusicBrainz_Database,2026-08-31
,Provinssirock 97,,,1997-06-13,待定,待定,公开数据集,https://musicbrainz.org/doc/MusicBrainz_Database,2026-08-31
Cocroaches,Cocroaches at Cabana Room,,Cabana Room,1981-09-24,待定,待定,公开数据集,https://musicbrainz.org/doc/MusicBrainz_Database,2026-08-31
Leave the Dead,Killfest 2019,,The Local Te Rapa,2019-07-06,待定,待定,公开数据集,https://musicbrainz.org/doc/MusicBrainz_Database,2026-08-31
THE ALFEE,Best Hit Alfee Autumn 2015 @ びわ湖ホール,,滋賀県立芸術劇場 びわ湖ホール,2015-10-31,待定,待定,公开数据集,https://musicbrainz.org/doc/MusicBrainz_Database,2026-08-31
Aberfeldy,"SXSW 2005, day 2: Nuno's",,Nuno’s Bar & Grill,2005-03-17,待定,待定,公开数据集,https://musicbrainz.org/doc/MusicBrainz_Database,2026-08-31
Hot 8 Brass Band,"Fuji Rock Festival 2013, day 2: Crystal Palace Tent",,苗場スキー場,2013-07-27,待定,待定,公开数据集,https://musicbrainz.org/doc/MusicBrainz_Database,2026-08-31
工藤静香,静香のコンサート’93 Rise me,,東京ベイNKホール,1993-07-10,待定,待定,公开数据集,https://musicbrainz.org/doc/MusicBrainz_Database,2026-08-31
獅子神レオナ,Re:A projecT -THE LIVE-,,恵比寿CreAto,2019-05-27,待定,待定,公开数据集,https://musicbrainz.org/doc/MusicBrainz_Database,2026-08-31
Kraftwerk,"Stockholm Music & Arts 2016, day 3",,,2016-07-31,待定,待定,公开数据集,https://musicbrainz.org/doc/MusicBrainz_Database,2026-08-31
,Provinssirock,,,2003-06-13,待定,待定,公开数据集,https://musicbrainz.org/doc/MusicBrainz_Database,2026-08-31
,"Later Live... with Jools Holland: Series 47, Episode 4",,Maidstone Studios,2015-10-06,待定,待定,公开数据集,https://musicbrainz.org/doc/MusicBrainz_Database,2026-08-31
Vysokoškolský umělecký soubor Univerzity Karlovy v Praze,Der Herr der Ringe: Die zwei Türme,,Liederhalle: Beethovensaal,2017-04-18,待定,待定,公开数据集,https://musicbrainz.org/doc/MusicBrainz_Database,2026-08-31
,"Later Live... with Jools Holland: Series 47, Episode 5",,Maidstone Studios,2015-10-13,待定,待定,公开数据集,https://musicbrainz.org/doc/MusicBrainz_Database,2026-08-31
Vysokoškolský umělecký soubor Univerzity Karlovy v Praze,Der Herr der Ringe: Die Rückkehr des Königs,,Liederhalle: Beethovensaal,2017-04-20,待定,待定,公开数据集,https://musicbrainz.org/doc/MusicBrainz_Database,2026-08-31
,"Later Live... with Jools Holland: Series 47, Episode 6",,Maidstone Studios,2015-10-20,待定,待定,公开数据集,https://musicbrainz.org/doc/MusicBrainz_Database,2026-08-31
,"Hellfest 2014, Day 1",,,2014-06-20,待定,待定,公开数据集,https://musicbrainz.org/doc/MusicBrainz_Database,2026-08-31
,"Hellfest 2014, Day 2",,,2014-06-21,待定,待定,公开数据集,https://musicbrainz.org/doc/MusicBrainz_Database,2026-08-31
,"Hellfest 2014, Day 3",,,2014-06-22,待定,待定,公开数据集,https://musicbrainz.org/doc/MusicBrainz_Database,2026-08-31
,"Later Live... with Jools Holland: Series 47, Episode 7",,Maidstone Studios,2015-10-27,待定,待定,公开数据集,https://musicbrainz.org/doc/MusicBrainz_Database,2026-08-31
,Hellfest 2014,,"Hellfest, Val de Moine",2014-06-20,待定,待定,公开数据集,https://musicbrainz.org/doc/MusicBrainz_Database,2026-08-31
Deep Purple,Deep Purple at Festival Hall,,フェスティバルホール,1972-08-15,待定,待定,公开数据集,https://musicbrainz.org/doc/MusicBrainz_Database,2026-08-31
,"Later Live... with Jools Holland: Series 47, Episode 8",,Maidstone Studios,2015-11-03,待定,待定,公开数据集,https://musicbrainz.org/doc/MusicBrainz_Database,2026-08-31
Howlies,"SXSW 2010, day 1: Galaxy Room",,Galaxy Room,2010-03-17,待定,待定,公开数据集,https://musicbrainz.org/doc/MusicBrainz_Database,2026-08-31
Meat Loaf,Meat Loaf at Nassau Veterans Memorial Coliseum,,Nassau Veterans Memorial Coliseum,1978-01-09,待定,待定,公开数据集,https://musicbrainz.org/doc/MusicBrainz_Database,2026-08-31
,"Later Live... with Jools Holland: Series 48, Episode 1",,Maidstone Studios,2016-04-19,待定,待定,公开数据集,https://musicbrainz.org/doc/MusicBrainz_Database,2026-08-31
James McCartney,"2013 Bonnaroo Music Festival, day 3: New Music On Tap Lounge brewed by Miller Lite",,Great Stage Park,2013-06-15,待定,待定,公开数据集,https://musicbrainz.org/doc/MusicBrainz_Database,2026-08-31
,"Later Live... with Jools Holland: Series 48, Episode 2",,Maidstone Studios,2016-04-26,待定,待定,公开数据集,https://musicbrainz.org/doc/MusicBrainz_Database,2026-08-31
,"Later Live... with Jools Holland: Series 48, Episode 3",,Maidstone Studios,2016-05-03,待定,待定,公开数据集,https://musicbrainz.org/doc/MusicBrainz_Database,2026-08-31
Moses Mayfield,"SXSW 2005, day 2: Maggie Mae's",,Maggie Mae’s,2005-03-17,待定,待定,公开数据集,https://musicbrainz.org/doc/MusicBrainz_Database,2026-08-31
,"Later Live... with Jools Holland: Series 48, Episode 4",,Maidstone Studios,2016-05-10,待定,待定,公开数据集,https://musicbrainz.org/doc/MusicBrainz_Database,2026-08-31
,M3-2008秋,,大田区産業プラザ,2008-10-13,待定,待定,公开数据集,https://musicbrainz.org/doc/MusicBrainz_Database,2026-08-31
,DreamParty東京2008秋,,,2008-10-12,待定,待定,公开数据集,https://musicbrainz.org/doc/MusicBrainz_Database,2026-08-31
Richard Dawson,Richard Dawson // Paal Nilssen-Love och Sten Sandell Duo at Fasching,,Fasching,2020-01-21,待定,待定,公开数据集,https://musicbrainz.org/doc/MusicBrainz_Database,2026-08-31
,DreamParty東京2008春,,,2008-05-03,待定,待定,公开数据集,https://musicbrainz.org/doc/MusicBrainz_Database,2026-08-31
Choir of Young Believers,"SXSW 2010, day 1: Galaxy Room Backyard",,Galaxy Room Backyard,2010-03-17,待定,待定,公开数据集,https://musicbrainz.org/doc/MusicBrainz_Database,2026-08-31
,コミックコミュニケーション7,,,2004-10-10,待定,待定,公开数据集,https://musicbrainz.org/doc/MusicBrainz_Database,2026-08-31
,真・東方神居祭,,札幌テイセンホール,2013-09-01,待定,待定,公开数据集,https://musicbrainz.org/doc/MusicBrainz_Database,2026-08-31
,"Later... with Jools Holland: Series 48 Live, Episode 5",,Maidstone Studios,2016-05-17,待定,待定,公开数据集,https://musicbrainz.org/doc/MusicBrainz_Database,2026-08-31
,まったり札幌ゲームショー#8,,,2008-02-10,待定,待定,公开数据集,https://musicbrainz.org/doc/MusicBrainz_Database,2026-08-31
Cosmic Suckerpunch,"Life Is Beautiful 2013, day 2: Huntridge Stage",,,2013-10-27,待定,待定,公开数据集,https://musicbrainz.org/doc/MusicBrainz_Database,2026-08-31
Danny Malone,"SXSW 2010, day 1: The Ghost Room",,The Ghost Room,2010-03-17,待定,待定,公开数据集,https://musicbrainz.org/doc/MusicBrainz_Database,2026-08-31
Minibosses,Mid-Atlantic Gaming Festival,,Holiday Inn Roanoke-Tanglewood,2002-09-27,待定,待定,公开数据集,https://musicbrainz.org/doc/MusicBrainz_Database,2026-08-31
Motörhead,Motörhead at Philipshalle,,Mitsubishi Electric Halle,2004-12-07,待定,待定,公开数据集,https://musicbrainz.org/doc/MusicBrainz_Database,2026-08-31
Mettis Quartet,Festival dos Quartetos de Cordas: Mettis Quartet,,Fundação Calouste Gulbenkian: Grande Auditório,2020-01-25,待定,待定,公开数据集,https://musicbrainz.org/doc/MusicBrainz_Database,2026-08-31
KISS,KISS Indoor Show #2,,Norwegian Pearl: Stardust Theater,2014-11-03,待定,待定,公开数据集,https://musicbrainz.org/doc/MusicBrainz_Database,2026-08-31
Thérèse Chaigneau,[concert],,Fondation Singer-Polignac,1916-01-22,待定,待定,公开数据集,https://musicbrainz.org/doc/MusicBrainz_Database,2026-08-31
Paul Stanley’s Soul Station,Paul Stanley’s Soul Station at the Roxy Theatre,,The Roxy Theatre,2015-09-11,待定,待定,公开数据集,https://musicbrainz.org/doc/MusicBrainz_Database,2026-08-31
KISS,KISS at Rupp Arena,,Rupp Arena at Central Bank Center,1979-07-16,待定,待定,公开数据集,https://musicbrainz.org/doc/MusicBrainz_Database,2026-08-31
Terry Bozzio,Terry Bozzio Solo,,Bundeskunsthalle,2013-10-20,待定,待定,公开数据集,https://musicbrainz.org/doc/MusicBrainz_Database,2026-08-31
Stressface,"SXSW 2005, day 2: Redrum",,Redrum,2005-03-17,待定,待定,公开数据集,https://musicbrainz.org/doc/MusicBrainz_Database,2026-08-31
Hirameka Hi-Fi,Hirameka Hi-Fi in London 1999,,The Garage,1999-02-19,待定,待定,公开数据集,https://musicbrainz.org/doc/MusicBrainz_Database,2026-08-31
容祖兒,《答案之書》新歌首唱會,,大隐剧院,2018-10-19,待定,待定,公开数据集,https://musicbrainz.org/doc/MusicBrainz_Database,2026-08-31
Ritva Arjava,[concert],,,1958-03-20,待定,待定,公开数据集,https://musicbrainz.org/doc/MusicBrainz_Database,2026-08-31
Liisa Karhilo,[concert],,,1970-11-08,待定,待定,公开数据集,https://musicbrainz.org/doc/MusicBrainz_Database,2026-08-31
Vintage Mix,Our Journey Continues,,Harris Center for the Arts,2020-03-28,待定,待定,公开数据集,https://musicbrainz.org/doc/MusicBrainz_Database,2026-08-31
Shaggy,"FEZEN Fesztivál 2017, Day 3: Harman Színpad",,Harman Színpad,2017-08-04,待定,待定,公开数据集,https://musicbrainz.org/doc/MusicBrainz_Database,2026-08-31
Kotiteollisuus,Kotiteollisuus at Virgin Oil Co.,,Virgin Oil Co.,2015-08-07,待定,待定,公开数据集,https://musicbrainz.org/doc/MusicBrainz_Database,2026-08-31
Kansas,Kansas at Maxwell C. King Center for the Performing Arts,,Main Stage,2020-02-07,待定,待定,公开数据集,https://musicbrainz.org/doc/MusicBrainz_Database,2026-08-31
Daryl Hall & John Oates,Daryl Hall & John Oates at North Island Credit Union Amphitheatre,,North Island Credit Union Amphitheatre,2020-05-31,待定,待定,公开数据集,https://musicbrainz.org/doc/MusicBrainz_Database,2026-08-31
Southside Johnny,"2001‐12‐04: Convention Hall, Asbury Park, NJ, USA",,Asbury Park Convention Hall,2001-12-04,待定,待定,公开数据集,https://musicbrainz.org/doc/MusicBrainz_Database,2026-08-31
The Amorettes,"TRNSMT Festival 2018, Day 4: King Tut's Stage",,,2018-07-06,待定,待定,公开数据集,https://musicbrainz.org/doc/MusicBrainz_Database,2026-08-31
Dokken,Dokken at Starland Ballroom,,Starland Ballroom,2004-07-09,待定,待定,公开数据集,https://musicbrainz.org/doc/MusicBrainz_Database,2026-08-31
The E Street Band,"2016‐06‐27: Ullevi, Gothenburg, Sweden",,Ullevi,2016-06-27,待定,待定,公开数据集,https://musicbrainz.org/doc/MusicBrainz_Database,2026-08-31
,Ruisrock 1971,,Ruissalon kansallispuisto,1971-08-20,待定,待定,公开数据集,https://musicbrainz.org/doc/MusicBrainz_Database,2026-08-31
Carlos Lopez Quartet,Carlos Lopez Quartet at Beach Gallery Cafe,,Beach Gallery Cafe,1981-09-26,待定,待定,公开数据集,https://musicbrainz.org/doc/MusicBrainz_Database,2026-08-31
LoVendoЯ,LoVendoЯ at U★STONE,,U★STONE,2013-08-25,待定,待定,公开数据集,https://musicbrainz.org/doc/MusicBrainz_Database,2026-08-31
,Provinssi XXXI,,,2009-06-12,待定,待定,公开数据集,https://musicbrainz.org/doc/MusicBrainz_Database,2026-08-31
The E Street Band,"1985‐09‐30: Los Angeles Memorial Coliseum, Los Angeles, CA, USA",,Los Angeles Memorial Coliseum,1985-09-30,待定,待定,公开数据集,https://musicbrainz.org/doc/MusicBrainz_Database,2026-08-31
Apulanta,Apulanta at Sirkus,,Sirkus,2013-11-15,待定,待定,公开数据集,https://musicbrainz.org/doc/MusicBrainz_Database,2026-08-31
Southside Johnny,"2001‐12‐07: Convention Hall, Asbury Park, NJ, USA",,Asbury Park Convention Hall,2001-12-07,待定,待定,公开数据集,https://musicbrainz.org/doc/MusicBrainz_Database,2026-08-31
Emilio Parrilla Acoustic Band,Emillio Parrilla Acoustic Band at Terminus,,Terminus,2017-08-05,待定,待定,公开数据集,https://musicbrainz.org/doc/MusicBrainz_Database,2026-08-31
,Ruisrock 1971,,,1971-08-20,待定,待定,公开数据集,https://musicbrainz.org/doc/MusicBrainz_Database,2026-08-31
THE ALFEE,Best Hit Alfee Autumn 2015 @ 市川市文化会館,,市川市文化会館,2015-11-15,待定,待定,公开数据集,https://musicbrainz.org/doc/MusicBrainz_Database,2026-08-31
Canine,Canine: Wellington,,Valhalla,2020-02-01,待定,待定,公开数据集,https://musicbrainz.org/doc/MusicBrainz_Database,2026-08-31
,Pavarotti & Friends: Together for the Children of Bosnia,,,1995-09-12,待定,待定,公开数据集,https://musicbrainz.org/doc/MusicBrainz_Database,2026-08-31
Paradise Lost,Paradise Lost at O2 Shepherd’s Bush Empire,,O₂ Shepherd’s Bush Empire,1998-01-26,待定,待定,公开数据集,https://musicbrainz.org/doc/MusicBrainz_Database,2026-08-31
Linen,Death Ray's Witch Freak Out!,,MOON 1,2019-02-23,待定,待定,公开数据集,https://musicbrainz.org/doc/MusicBrainz_Database,2026-08-31
KISS,KISS at Lakeland Civic Center,,Jenkins Arena,1979-06-15,待定,待定,公开数据集,https://musicbrainz.org/doc/MusicBrainz_Database,2026-08-31
Salut c’est cool,"Lokerse Feesten 2017, Day 1: Red Bull Elektropedia Room",,Red Bull Elektropedia Room,2017-08-04,待定,待定,公开数据集,https://musicbrainz.org/doc/MusicBrainz_Database,2026-08-31
,Ruisrock 1971,,,1971-08-22,待定,待定,公开数据集,https://musicbrainz.org/doc/MusicBrainz_Database,2026-08-31
,Provinssirock,,,2011-06-17,待定,待定,公开数据集,https://musicbrainz.org/doc/MusicBrainz_Database,2026-08-31
Kari Kriikku,Helsinki Biennale 1991: [concert],,,1991-03-15,待定,待定,公开数据集,https://musicbrainz.org/doc/MusicBrainz_Database,2026-08-31
The Stranglers,"The Stranglers at Le Zénith, Paris, France",,Zénith de Paris,1985-04-29,待定,待定,公开数据集,https://musicbrainz.org/doc/MusicBrainz_Database,2026-08-31
THE ALFEE,Best Hit Alfee Autumn 2015 @ 広島上野学園ホール,,上野学園ホール,2015-10-17,待定,待定,公开数据集,https://musicbrainz.org/doc/MusicBrainz_Database,2026-08-31
,Recon EP Launch Party,,,2015-08-09,待定,待定,公开数据集,https://musicbrainz.org/doc/MusicBrainz_Database,2026-08-31
,東方合同祭事参,,,2015-02-21,待定,待定,公开数据集,https://musicbrainz.org/doc/MusicBrainz_Database,2026-08-31
,Ozora Festival 2019,,,2019-07-29,待定,待定,公开数据集,https://musicbrainz.org/doc/MusicBrainz_Database,2026-08-31
Swollen Members,Family Reunion Tour 2018,,Upstairs Cabaret,2018-10-29,待定,待定,公开数据集,https://musicbrainz.org/doc/MusicBrainz_Database,2026-08-31
射貫まとい,#ふぁにすぺ！,,ファニスペース原宿,2019-06-15,待定,待定,公开数据集,https://musicbrainz.org/doc/MusicBrainz_Database,2026-08-31
Roger Hodgson,Roger Hodgson at Mitsubishi Electric Halle,,Mitsubishi Electric Halle,2019-11-13,待定,待定,公开数据集,https://musicbrainz.org/doc/MusicBrainz_Database,2026-08-31
,Provinssi,,,2013-06-14,待定,待定,公开数据集,https://musicbrainz.org/doc/MusicBrainz_Database,2026-08-31
David Bendeth,David Bendeth at DJ's,,DJ's,1981-09-25,待定,待定,公开数据集,https://musicbrainz.org/doc/MusicBrainz_Database,2026-08-31
Public Image Ltd,"Public Image Ltd at Terminal 5, New York, NY, USA",,Terminal 5,2010-05-18,待定,待定,公开数据集,https://musicbrainz.org/doc/MusicBrainz_Database,2026-08-31
,"Party.San Metal Open Air 2008, Day 3",,Tiefengruben,2008-08-09,待定,待定,公开数据集,https://musicbrainz.org/doc/MusicBrainz_Database,2026-08-31
THE ALFEE,Best Hit Alfee Autumn 2015 @ 神奈川県民ホール,,神奈川県民ホール,2015-11-25,待定,待定,公开数据集,https://musicbrainz.org/doc/MusicBrainz_Database,2026-08-31
,Provinssi,,,2014-06-27,待定,待定,公开数据集,https://musicbrainz.org/doc/MusicBrainz_Database,2026-08-31
Armas Järnefelt,[concert],,Kungliga Operan,1910-03-27,待定,待定,公开数据集,https://musicbrainz.org/doc/MusicBrainz_Database,2026-08-31
,Rock Werchter 2004,,Festivalpark Werchter,2004-07-01,待定,待定,公开数据集,https://musicbrainz.org/doc/MusicBrainz_Database,2026-08-31
THE ALFEE,Best Hit Alfee Autumn 2015 @ 静岡市民文化会館,,静岡市民文化会館,2015-11-29,待定,待定,公开数据集,https://musicbrainz.org/doc/MusicBrainz_Database,2026-08-31
Lostprophets,"Rock Werchter 2004, Friday: Main Stage",,Festivalpark Werchter,2004-07-02,待定,待定,公开数据集,https://musicbrainz.org/doc/MusicBrainz_Database,2026-08-31
KISS,KISS at Civic Center,,Martin Luther King Arena,1979-06-20,待定,待定,公开数据集,https://musicbrainz.org/doc/MusicBrainz_Database,2026-08-31
Six Foot Sloth,"SXSW 2000, day 1: Ruta Maya Coffee House",,Ruta Maya Coffee House,2000-03-15,待定,待定,公开数据集,https://musicbrainz.org/doc/MusicBrainz_Database,2026-08-31
,TRNSMT Festival 2017,,Glasgow Green,2017-07-07,待定,待定,公开数据集,https://musicbrainz.org/doc/MusicBrainz_Database,2026-08-31
ドリーム モーニング娘。,ドリーム モーニング娘。 at 日本武道館,,日本武道館,2012-03-10,待定,待定,公开数据集,https://musicbrainz.org/doc/MusicBrainz_Database,2026-08-31
宗谷いちか,Souya Ichika 1st Q 「 Re : 72 : 7 」,,池袋HUMAXシネマズ,2019-11-02,待定,待定,公开数据集,https://musicbrainz.org/doc/MusicBrainz_Database,2026-08-31
Flowjet,Flowjet at Zum Köhlerliesel,,Zum Köhlerliesel,2005-04-10,待定,待定,公开数据集,https://musicbrainz.org/doc/MusicBrainz_Database,2026-08-31
Lance Anderson,Lance Anderson at Magic Maker's Jazz Cafe,,Magic Maker's Jazz Cafe,1981-09-24,待定,待定,公开数据集,https://musicbrainz.org/doc/MusicBrainz_Database,2026-08-31
Bob Dylan,"Coliseum, Oakland, California",,Oakland Arena,1974-02-11,待定,待定,公开数据集,https://musicbrainz.org/doc/MusicBrainz_Database,2026-08-31
Александр Константинович Глазунов,[concert],,Palais du Trocadéro,1889-06-29,待定,待定,公开数据集,https://musicbrainz.org/doc/MusicBrainz_Database,2026-08-31
Steve Hackett,Steve Hackett at Pavillon de Paris,,Pavillon de Paris,1979-06-11,待定,待定,公开数据集,https://musicbrainz.org/doc/MusicBrainz_Database,2026-08-31
Marcus Money,H-Town Luv Food Drive,,The White Swan Live,2016-08-25,待定,待定,公开数据集,https://musicbrainz.org/doc/MusicBrainz_Database,2026-08-31
Blechblos’n,"Wacken Open Air 2017, Day 0: Beer Garden",,Beer Garden,2017-08-02,待定,待定,公开数据集,https://musicbrainz.org/doc/MusicBrainz_Database,2026-08-31
Trans‐Siberian Orchestra,Trans‐Siberian Orchestra at Mellon Arena,,Civic Arena,2007-11-18,待定,待定,公开数据集,https://musicbrainz.org/doc/MusicBrainz_Database,2026-08-31
KISS,KISS at Hallenstadion,,Hallenstadion,1980-06-14,待定,待定,公开数据集,https://musicbrainz.org/doc/MusicBrainz_Database,2026-08-31
Marten Kuningas,"""Praktiline mees"" esitlus",,Kohvik Sinilind,2014-09-11,待定,待定,公开数据集,https://musicbrainz.org/doc/MusicBrainz_Database,2026-08-31
Buddy Tate,Buddy Tate at Lytes,,Lytes,1981-10-05,待定,待定,公开数据集,https://musicbrainz.org/doc/MusicBrainz_Database,2026-08-31
,Musica nova Helsinki 2009,,,2009-02-07,待定,待定,公开数据集,https://musicbrainz.org/doc/MusicBrainz_Database,2026-08-31
KISS,KISS at Messehalle,,Messehalle,1980-06-15,待定,待定,公开数据集,https://musicbrainz.org/doc/MusicBrainz_Database,2026-08-31
Buddy Tate,Buddy Tate at Lytes,,Lytes,1981-10-06,待定,待定,公开数据集,https://musicbrainz.org/doc/MusicBrainz_Database,2026-08-31
The E Street Band,"2014‐04‐12: Farm Bureau Live at Virginia Beach, Virginia Beach, VA, USA",,Veterans United Home Loans Amphitheater at Virginia Beach,2014-04-12,待定,待定,公开数据集,https://musicbrainz.org/doc/MusicBrainz_Database,2026-08-31
KISS,KISS at Festehalle,,Festhalle Frankfurt,1980-06-16,待定,待定,公开数据集,https://musicbrainz.org/doc/MusicBrainz_Database,2026-08-31
,Musica nova Helsinki 2015,,,2015-02-06,待定,待定,公开数据集,https://musicbrainz.org/doc/MusicBrainz_Database,2026-08-31
Doughbeezy,Southeast Beast Takeover: Doughbeezy / Marcus Money (as Real Flow),,18th Street Pier,2014-12-31,待定,待定,公开数据集,https://musicbrainz.org/doc/MusicBrainz_Database,2026-08-31
Def Leppard,Def Leppard at Hollywood Casino Amphitheatre,,Hollywood Casino Amphitheatre,2017-06-22,待定,待定,公开数据集,https://musicbrainz.org/doc/MusicBrainz_Database,2026-08-31
Jukka Tiensuu,[concert],,,1976-06-15,待定,待定,公开数据集,https://musicbrainz.org/doc/MusicBrainz_Database,2026-08-31
Stereophonics,Stereophonics at Portsmouth Pyramids,,Pyramids,1998-11-04,待定,待定,公开数据集,https://musicbrainz.org/doc/MusicBrainz_Database,2026-08-31
Slim Thug,Slim Thug / Marcus Money / Young Kro / Silk Chamberlain / Nicky Barz / Young Snipe / Mr. Flo,,18th Street Pier,2014-05-16,待定,待定,公开数据集,https://musicbrainz.org/doc/MusicBrainz_Database,2026-08-31
KISS,KISS at Westfalenhalle,,Westfalenhalle 1,1980-06-21,待定,待定,公开数据集,https://musicbrainz.org/doc/MusicBrainz_Database,2026-08-31
Buddy Tate,Buddy Tate at Lytes,,Lytes,1981-10-10,待定,待定,公开数据集,https://musicbrainz.org/doc/MusicBrainz_Database,2026-08-31
Horace Andy,Dub Club Presents a special Friday night show with Horace Andy,,Dub Club,2013-05-31,待定,待定,公开数据集,https://musicbrainz.org/doc/MusicBrainz_Database,2026-08-31
Def Leppard,Def Leppard at Klipsch Music Center,,Ruoff Music Center,2017-06-25,待定,待定,公开数据集,https://musicbrainz.org/doc/MusicBrainz_Database,2026-08-31
,"Greenbelt Festival 1985, Day 1",,Greenbelt Festival Grounds,1985-08-22,待定,待定,公开数据集,https://musicbrainz.org/doc/MusicBrainz_Database,2026-08-31
Slim Thug,Debbie Deb's Birthday Bash,,Toc Bar,2013-01-31,待定,待定,公开数据集,https://musicbrainz.org/doc/MusicBrainz_Database,2026-08-31
Dr. McJazz,Dr. McJazz at Chick 'n' Deli,,Chick 'n' Deli,1981-09-29,待定,待定,公开数据集,https://musicbrainz.org/doc/MusicBrainz_Database,2026-08-31
,"Greenbelt Festival 1985, Day 2",,Greenbelt Festival Grounds,1985-08-23,待定,待定,公开数据集,https://musicbrainz.org/doc/MusicBrainz_Database,2026-08-31
Trans‐Siberian Orchestra,Trans‐Siberian Orchestra at EnergySolutions Arena,,Delta Center,2007-11-27,待定,待定,公开数据集,https://musicbrainz.org/doc/MusicBrainz_Database,2026-08-31
Dr. McJazz,Dr. McJazz at Chick 'n' Deli,,Chick 'n' Deli,1981-09-30,待定,待定,公开数据集,https://musicbrainz.org/doc/MusicBrainz_Database,2026-08-31
Tom Cochrane,Tom Cochrane: CNE Bandshell,,CNE Bandshell,1999-09-01,待定,待定,公开数据集,https://musicbrainz.org/doc/MusicBrainz_Database,2026-08-31
,"Greenbelt Festival 1985, Day 3",,Greenbelt Festival Grounds,1985-08-24,待定,待定,公开数据集,https://musicbrainz.org/doc/MusicBrainz_Database,2026-08-31
Dr. McJazz,Dr. McJazz at Chick 'n' Deli,,Chick 'n' Deli,1981-10-01,待定,待定,公开数据集,https://musicbrainz.org/doc/MusicBrainz_Database,2026-08-31
KISS,KISS at Ernst-Merck-Halle,,Ernst‐Merck‐Halle,1980-06-23,待定,待定,公开数据集,https://musicbrainz.org/doc/MusicBrainz_Database,2026-08-31
Cowboy Junkies,Cowboy Junkies: CNE Bandshell,,CNE Bandshell,1999-09-02,待定,待定,公开数据集,https://musicbrainz.org/doc/MusicBrainz_Database,2026-08-31
,"Greenbelt Festival 1985, Day 4",,Greenbelt Festival Grounds,1985-08-25,待定,待定,公开数据集,https://musicbrainz.org/doc/MusicBrainz_Database,2026-08-31
Ziggy Marley,The Roxy Theatre presents Ziggy Marley plus Canyon Cody,,The Roxy Theatre,2014-04-24,待定,待定,公开数据集,https://musicbrainz.org/doc/MusicBrainz_Database,2026-08-31
Trans‐Siberian Orchestra,Trans‐Siberian Orchestra at Idaho Center Arena,,Ford Idaho Center Arena,2007-11-28,待定,待定,公开数据集,https://musicbrainz.org/doc/MusicBrainz_Database,2026-08-31
,[concert],,,1977-05-11,待定,待定,公开数据集,https://musicbrainz.org/doc/MusicBrainz_Database,2026-08-31
Marten Kuningas,"""Praktiline mees"" esitlus",,Käsmu rahvamaja,2014-09-16,待定,待定,公开数据集,https://musicbrainz.org/doc/MusicBrainz_Database,2026-08-31
BackToStonia,Eesti Hip-Hop Festival 2014: Day 1,,Tartumaa Tervisespordikeskus,2014-08-15,待定,待定,公开数据集,https://musicbrainz.org/doc/MusicBrainz_Database,2026-08-31
Def Leppard,Def Leppard at Moda Center,,Moda Center,2017-06-10,待定,待定,公开数据集,https://musicbrainz.org/doc/MusicBrainz_Database,2026-08-31
Jussi Särkkä,[concert],,,1999-08-07,待定,待定,公开数据集,https://musicbrainz.org/doc/MusicBrainz_Database,2026-08-31
KISS,KISS at Bismarck Civic Center,,Bismarck Event Center Arena,1982-12-29,待定,待定,公开数据集,https://musicbrainz.org/doc/MusicBrainz_Database,2026-08-31
Peter Gabriel,Peter Gabriel at Arena,,Rudolf Weber‐Arena,2003-04-30,待定,待定,公开数据集,https://musicbrainz.org/doc/MusicBrainz_Database,2026-08-31
,"Barclaycard presents British Summer Time Hyde Park 2018, Day 5",,Hyde Park,2018-07-14,待定,待定,公开数据集,https://musicbrainz.org/doc/MusicBrainz_Database,2026-08-31
KISS,KISS at Keystone Centre,,Keystone Centre,2013-07-17,待定,待定,公开数据集,https://musicbrainz.org/doc/MusicBrainz_Database,2026-08-31
Def Leppard,Def Leppard at Citizens Business Bank Arena,,Toyota Arena,2017-06-14,待定,待定,公开数据集,https://musicbrainz.org/doc/MusicBrainz_Database,2026-08-31
Buddy Tate,Buddy Tate at Lytes,,Lytes,1981-09-30,待定,待定,公开数据集,https://musicbrainz.org/doc/MusicBrainz_Database,2026-08-31
Die Ärzte,Die Ärzte at Hunky Dory,,Hunky Dory,1985-02-10,待定,待定,公开数据集,https://musicbrainz.org/doc/MusicBrainz_Database,2026-08-31
Trans‐Siberian Orchestra,Trans‐Siberian Orchestra at HP Pavilion,,SAP Center at San Jose,2007-11-21,待定,待定,公开数据集,https://musicbrainz.org/doc/MusicBrainz_Database,2026-08-31
KISS,KISS at Olympiahalle at Olympiapark München,,Olympiahalle München,1980-05-27,待定,待定,公开数据集,https://musicbrainz.org/doc/MusicBrainz_Database,2026-08-31
Buddy Tate,Buddy Tate at Lytes,,Lytes,1981-10-01,待定,待定,公开数据集,https://musicbrainz.org/doc/MusicBrainz_Database,2026-08-31
Thinly Veiled Double Entendres,"Canadian Music Fest 2010, day 2: Bovine Sex Club",,Bovine Sex Club,2010-03-11,待定,待定,公开数据集,https://musicbrainz.org/doc/MusicBrainz_Database,2026-08-31
Logistics,Sin City,,Club Illusion,2014-10-11,待定,待定,公开数据集,https://musicbrainz.org/doc/MusicBrainz_Database,2026-08-31
La Makita Soma,"SXSW 2000, day 2: Buffalo Club Patio",,Buffalo Club Patio,2000-03-16,待定,待定,公开数据集,https://musicbrainz.org/doc/MusicBrainz_Database,2026-08-31
Foo Fighters,Rock am Ring 2015,,Flugplatz Mendig,2015-06-05,待定,待定,公开数据集,https://musicbrainz.org/doc/MusicBrainz_Database,2026-08-31
Acid Mothers Temple & The Melting Paraiso U.F.O.,Reverse of Rebirth in Universe Tour 2019,,Fox Cabaret,2019-04-03,待定,待定,公开数据集,https://musicbrainz.org/doc/MusicBrainz_Database,2026-08-31
Marten Kuningas,"""Praktiline mees"" esitlus",,Fookus,2014-09-05,待定,待定,公开数据集,https://musicbrainz.org/doc/MusicBrainz_Database,2026-08-31
Iron City Houserockers,"1982‐07‐17: Big Man’s West, Red Bank, NJ, USA",,Big Man’s West,1982-07-17,待定,待定,公开数据集,https://musicbrainz.org/doc/MusicBrainz_Database,2026-08-31
コーサカ,TUBEOUT! SESSIONS,,池袋HUMAXシネマズ,2019-03-23,待定,待定,公开数据集,https://musicbrainz.org/doc/MusicBrainz_Database,2026-08-31
Maestro Fresh‐Wes,Maestro: CNE Bandshell,,CNE Bandshell,1999-09-03,待定,待定,公开数据集,https://musicbrainz.org/doc/MusicBrainz_Database,2026-08-31
KISS,KISS at Hulman Center,,Hulman Center,1983-01-01,待定,待定,公开数据集,https://musicbrainz.org/doc/MusicBrainz_Database,2026-08-31
Lambert,Lambert at Christuskirche,,Christuskirche,2016-11-02,待定,待定,公开数据集,https://musicbrainz.org/doc/MusicBrainz_Database,2026-08-31
The Carl Fontana Quartet,The Carl Fontana Quartet at Bourbon Street,,Bourbon Street,1981-09-29,待定,待定,公开数据集,https://musicbrainz.org/doc/MusicBrainz_Database,2026-08-31
Хор Большого театра,[concert],,,1933-01-11,待定,待定,公开数据集,https://musicbrainz.org/doc/MusicBrainz_Database,2026-08-31
Shed Seven,Shed Seven at Warrington Parr Hall,,Parr Hall,1998-10-17,待定,待定,公开数据集,https://musicbrainz.org/doc/MusicBrainz_Database,2026-08-31
Peter Gabriel,Peter Gabriel & Crowded House at Marlay Park,,Marlay Park,2007-06-22,待定,待定,公开数据集,https://musicbrainz.org/doc/MusicBrainz_Database,2026-08-31
Shed Seven,Shed Seven at Nottingham Rock City,,Rock City,1998-10-18,待定,待定,公开数据集,https://musicbrainz.org/doc/MusicBrainz_Database,2026-08-31
,Greenbelt Festival 1985,,Greenbelt Festival Grounds,1985-08-22,待定,待定,公开数据集,https://musicbrainz.org/doc/MusicBrainz_Database,2026-08-31
,Autunnale 1997,,,1997,待定,待定,公开数据集,https://musicbrainz.org/doc/MusicBrainz_Database,2026-08-31
Trans‐Siberian Orchestra,Trans‐Siberian Orchestra at HSBC Arena,,KeyBank Center,2007-11-25,待定,待定,公开数据集,https://musicbrainz.org/doc/MusicBrainz_Database,2026-08-31
Lil’ KeKe,Lil Keke CD Release Party,,18th Street Pier,2014-04-11,待定,待定,公开数据集,https://musicbrainz.org/doc/MusicBrainz_Database,2026-08-31
KISS,KISS at Stadthalle,,ÖVB-Arena,1980-06-22,待定,待定,公开数据集,https://musicbrainz.org/doc/MusicBrainz_Database,2026-08-31
Dan Bubien,Deutschtown Music Festival 2016 Saturday @ Penn Brewery - Courtyard,,Penn Brewery - Courtyard,2016-07-09,待定,待定,公开数据集,https://musicbrainz.org/doc/MusicBrainz_Database,2026-08-31
DIR EN GREY,TOUR18 真世界,,なんばHatch,2018-04-26,待定,待定,公开数据集,https://musicbrainz.org/doc/MusicBrainz_Database,2026-08-31
The Rita Johns Quartet,The Rita Johns Quartet at Black Knight Dining Room,,Black Knight Dining Room,1981-10-14,待定,待定,公开数据集,https://musicbrainz.org/doc/MusicBrainz_Database,2026-08-31
The Mau Mau Chaplains,"SXSW 2005, day 2: Town Lake Stage at Auditorium Shores",,Auditorium Shores,2005-03-17,待定,待定,公开数据集,https://musicbrainz.org/doc/MusicBrainz_Database,2026-08-31
Shed Seven,Shed Seven at The Victoria Theatre,,The Victoria Theatre,1998-10-19,待定,待定,公开数据集,https://musicbrainz.org/doc/MusicBrainz_Database,2026-08-31
Medina Azahara,Medina Azahara at Fiesta de Monforte de Lemos,,Campo de Compañía,2002-08-14,待定,待定,公开数据集,https://musicbrainz.org/doc/MusicBrainz_Database,2026-08-31
Blechblos’n,"Wacken Open Air 2017, Day 1: Beer Garden",,Beer Garden,2017-08-03,待定,待定,公开数据集,https://musicbrainz.org/doc/MusicBrainz_Database,2026-08-31
Paul Wall,H-Town Labor Day Bash,,Toc Bar,2013-08-30,待定,待定,公开数据集,https://musicbrainz.org/doc/MusicBrainz_Database,2026-08-31
Denis Patković,[concert],,,2006-06-11,待定,待定,公开数据集,https://musicbrainz.org/doc/MusicBrainz_Database,2026-08-31
Black Uhuru,"The Roxy Theatre presents Black Uhuru With Mike Pinto, Magic!",,The Roxy Theatre,2013-11-30,待定,待定,公开数据集,https://musicbrainz.org/doc/MusicBrainz_Database,2026-08-31
Mari Boine,Mari Boine at Herr Nilsen,,Herr Nilsen,2013-06-20,待定,待定,公开数据集,https://musicbrainz.org/doc/MusicBrainz_Database,2026-08-31
Ezio,Ezio at Getaway,,Getaway!,1998-12-05,待定,待定,公开数据集,https://musicbrainz.org/doc/MusicBrainz_Database,2026-08-31
Trans‐Siberian Orchestra,Trans‐Siberian Orchestra at SeaGate Convention Centre,,SeaGate Convention Centre,2007-11-28,待定,待定,公开数据集,https://musicbrainz.org/doc/MusicBrainz_Database,2026-08-31
KISS,KISS at Indianapolis Convention Center,,Indiana Convention Center,1983-01-02,待定,待定,公开数据集,https://musicbrainz.org/doc/MusicBrainz_Database,2026-08-31
Antwood,CTM 2018-01-27 Designed Disarray,,,2018-01-27,待定,待定,公开数据集,https://musicbrainz.org/doc/MusicBrainz_Database,2026-08-31
The Rita Johns Quartet,The Rita Johns Quartet at Black Knight Dining Room,,Black Knight Dining Room,1981-10-21,待定,待定,公开数据集,https://musicbrainz.org/doc/MusicBrainz_Database,2026-08-31
The Midnight,The Midnight at Scala,,Scala,2019-03-06,待定,待定,公开数据集,https://musicbrainz.org/doc/MusicBrainz_Database,2026-08-31
Shed Seven,Shed Seven at Shepherd’s Bush Empire,,O₂ Shepherd’s Bush Empire,1998-10-30,待定,待定,公开数据集,https://musicbrainz.org/doc/MusicBrainz_Database,2026-08-31
KISS,KISS at Castel Sant’Angelo,,Castel Sant’Angelo,1980-08-29,待定,待定,公开数据集,https://musicbrainz.org/doc/MusicBrainz_Database,2026-08-31
Marie Blanc-Audra,[Concert organised by La Revue musicale],,,1939-03-14,待定,待定,公开数据集,https://musicbrainz.org/doc/MusicBrainz_Database,2026-08-31
,Southside 2010,,Flugplatz Neuhausen ob Eck,2010-06-18,待定,待定,公开数据集,https://musicbrainz.org/doc/MusicBrainz_Database,2026-08-31
Lisa Stansfield,Lisa Stansfield at The Baths Hall,,The Baths Hall,2018-04-14,待定,待定,公开数据集,https://musicbrainz.org/doc/MusicBrainz_Database,2026-08-31
The Midnight,The Midnight at The Orange Peel,,The Orange Peel,2019-03-30,待定,待定,公开数据集,https://musicbrainz.org/doc/MusicBrainz_Database,2026-08-31
Мстислав Ростропович,[concert],,Moscow Conservatory: The Small Hall,1961-11-05,待定,待定,公开数据集,https://musicbrainz.org/doc/MusicBrainz_Database,2026-08-31
,メインステージ,,,2020-02-15,待定,待定,公开数据集,https://musicbrainz.org/doc/MusicBrainz_Database,2026-08-31
The Whiskey River Panhandlers,Deutschtown Music Festival 2016 Saturday @ Penn Brewery - Restaurant,,Penn Brewery - Restaurant,2016-07-09,待定,待定,公开数据集,https://musicbrainz.org/doc/MusicBrainz_Database,2026-08-31
Lisa Stansfield,Lisa Stansfield at The Sage Gateshead,,Sage Gateshead: Sage One,2018-04-12,待定,待定,公开数据集,https://musicbrainz.org/doc/MusicBrainz_Database,2026-08-31
Александр Зилоти,[concert],,,1909-01-23,待定,待定,公开数据集,https://musicbrainz.org/doc/MusicBrainz_Database,2026-08-31
The Rita Johns Quartet,The Rita Johns Quartet at Black Knight Dining Room,,Black Knight Dining Room,1981-10-16,待定,待定,公开数据集,https://musicbrainz.org/doc/MusicBrainz_Database,2026-08-31
KISS,KISS Indoor Show #1,,Norwegian Pearl: Stardust Theater,2014-11-02,待定,待定,公开数据集,https://musicbrainz.org/doc/MusicBrainz_Database,2026-08-31
Broken Social Scene,Broken Social Scene at Cabaret,,Le Cabaret du Musée Juste Pour Rire,2003-09-26,待定,待定,公开数据集,https://musicbrainz.org/doc/MusicBrainz_Database,2026-08-31
Indiscriminate,"Elimination Fest 2020, Day 1",,Aro Valley Hall,2020-01-31,待定,待定,公开数据集,https://musicbrainz.org/doc/MusicBrainz_Database,2026-08-31
KISS,KISS at Sudbury Community Arena,,Sudbury Community Arena,2013-07-23,待定,待定,公开数据集,https://musicbrainz.org/doc/MusicBrainz_Database,2026-08-31
THE ALFEE,THE ALFEE at まつもと市民芸術館,,まつもと市民芸術館,2017-11-19,待定,待定,公开数据集,https://musicbrainz.org/doc/MusicBrainz_Database,2026-08-31
KISS,KISS at Riverfront Coliseum,,Heritage Bank Center,1979-09-14,待定,待定,公开数据集,https://musicbrainz.org/doc/MusicBrainz_Database,2026-08-31
Ted Leo and the Pharmacists,Ted Leo and the Pharmacists in Brooklyn,,The Hook,2006-03-02,待定,待定,公开数据集,https://musicbrainz.org/doc/MusicBrainz_Database,2026-08-31
Die Ärzte,Die Zu Späten at Conne Island,,Conne Island,2000-03-29,待定,待定,公开数据集,https://musicbrainz.org/doc/MusicBrainz_Database,2026-08-31
KISS,KISS at Freedom Hall,,Freedom Hall,1979-09-16,待定,待定,公开数据集,https://musicbrainz.org/doc/MusicBrainz_Database,2026-08-31
Canine,Take Shelter,,,2020-02-02,待定,待定,公开数据集,https://musicbrainz.org/doc/MusicBrainz_Database,2026-08-31
Cross ’n’ Crazy,Cross ’n’ Crazy at Logo,,Logo,1993-10-08,待定,待定,公开数据集,https://musicbrainz.org/doc/MusicBrainz_Database,2026-08-31
Cabbage,"TRNSMT Festival 2017, Day 2: Main Stage",,,2017-07-08,待定,待定,公开数据集,https://musicbrainz.org/doc/MusicBrainz_Database,2026-08-31
The E Street Band,"1978‐05‐30: Music Hall, Boston, MA, USA",,Wang Theatre,1978-05-30,待定,待定,公开数据集,https://musicbrainz.org/doc/MusicBrainz_Database,2026-08-31
KISS,KISS at Chicago Stadium,,Chicago Stadium,1978-01-15,待定,待定,公开数据集,https://musicbrainz.org/doc/MusicBrainz_Database,2026-08-31
GTR,GTR at Alabamahalle,,Alabamahalle,1986-09-22,待定,待定,公开数据集,https://musicbrainz.org/doc/MusicBrainz_Database,2026-08-31
Daryl Hall & John Oates,Daryl Hall & John Oates at Foxwoods Resort Casino,,The Grand Theater at Foxwoods Casino,2020-05-15,待定,待定,公开数据集,https://musicbrainz.org/doc/MusicBrainz_Database,2026-08-31
Александр Константинович Глазунов,[concert],,Hall of the Nobility,1896-11-17,待定,待定,公开数据集,https://musicbrainz.org/doc/MusicBrainz_Database,2026-08-31
Daryl Hall & John Oates,Daryl Hall & John Oates at Foxwoods Resort Casino,,The Grand Theater at Foxwoods Casino,2020-05-16,待定,待定,公开数据集,https://musicbrainz.org/doc/MusicBrainz_Database,2026-08-31
Stuff,Stuff at Montreux Jazz Festival 1976,,Casino Barrière Montreux,1976-07-02,待定,待定,公开数据集,https://musicbrainz.org/doc/MusicBrainz_Database,2026-08-31
,Theatertour 'Over Leven',,,1998,待定,待定,公开数据集,https://musicbrainz.org/doc/MusicBrainz_Database,2026-08-31
Line,Line at Kulturhaus,,Kulturhaus Überherrn,1993-11-06,待定,待定,公开数据集,https://musicbrainz.org/doc/MusicBrainz_Database,2026-08-31
Embrace,Embrace at Liverpool Royal Court,,Royal Court Theatre,1998-09-10,待定,待定,公开数据集,https://musicbrainz.org/doc/MusicBrainz_Database,2026-08-31
Queens of the Stone Age,Queens of the Stone Age in Saskatoon,,Prairieland Park,2007-08-27,待定,待定,公开数据集,https://musicbrainz.org/doc/MusicBrainz_Database,2026-08-31
KISS,KISS at Greenville Memorial Auditorium,,Greenville Memorial Auditorium,1979-06-26,待定,待定,公开数据集,https://musicbrainz.org/doc/MusicBrainz_Database,2026-08-31
Richie Ramone,"The Richie Ramone Band: Somebody Put Something in My Drink: NZ Tour, Wellington",,Valhalla,2016-10-29,待定,待定,公开数据集,https://musicbrainz.org/doc/MusicBrainz_Database,2026-08-31
Murgeli,Murgeli at Hämeenlinnan kaupunginpuisto,,Hämeenlinnan kaupunginpuisto,2001-06-30,待定,待定,公开数据集,https://musicbrainz.org/doc/MusicBrainz_Database,2026-08-31
Die Ärzte,Die Ärzte at Markthalle,,Markthalle,1985-02-05,待定,待定,公开数据集,https://musicbrainz.org/doc/MusicBrainz_Database,2026-08-31
Enuff Z’Nuff,Enuff Z’Nuff at Prince Bandroom,,Prince Bandroom,2020-03-04,待定,待定,公开数据集,https://musicbrainz.org/doc/MusicBrainz_Database,2026-08-31
Embrace,Embrace at Cardiff University,,Cardiff University,1998-09-13,待定,待定,公开数据集,https://musicbrainz.org/doc/MusicBrainz_Database,2026-08-31
LoVendoЯ,LoVendoЯ at club KNOT,,club KNOT,2013-08-30,待定,待定,公开数据集,https://musicbrainz.org/doc/MusicBrainz_Database,2026-08-31
Kashy Keegan,Kashy's HK Dreams Come True Concert,,,2014-02-28,待定,待定,公开数据集,https://musicbrainz.org/doc/MusicBrainz_Database,2026-08-31
KISS,KISS at Capital Centre,,Capital Centre,1979-07-07,待定,待定,公开数据集,https://musicbrainz.org/doc/MusicBrainz_Database,2026-08-31
The Domestics,"Saturday Night Live, The Dalriada, 77,Promenade, Portobello, Edinburgh",,,2015-08-15,待定,待定,公开数据集,https://musicbrainz.org/doc/MusicBrainz_Database,2026-08-31
Diddy,Puff Daddy in Tacoma,,Tacoma Dome,1997-12-12,待定,待定,公开数据集,https://musicbrainz.org/doc/MusicBrainz_Database,2026-08-31
Peter Gabriel,Peter Gabriel at AWD-Halle,,Swiss Life Hall,2007-06-26,待定,待定,公开数据集,https://musicbrainz.org/doc/MusicBrainz_Database,2026-08-31
Paradise Lost,Paradise Lost at LKA Longhorn,,LKA Longhorn,1993-09-05,待定,待定,公开数据集,https://musicbrainz.org/doc/MusicBrainz_Database,2026-08-31
Bruce Springsteen,"1965‐06: Tex & Marion Vinyard Residence, Freehold, NJ, USA",,Tex & Marion Vinyard Residence,1965-06,待定,待定,公开数据集,https://musicbrainz.org/doc/MusicBrainz_Database,2026-08-31
KISS,KISS at San Diego Sports Arena,,Pechanga Arena,1979-11-29,待定,待定,公开数据集,https://musicbrainz.org/doc/MusicBrainz_Database,2026-08-31
KISS,KISS at Enmax Centre,,ENMAX Centre,2013-07-10,待定,待定,公开数据集,https://musicbrainz.org/doc/MusicBrainz_Database,2026-08-31
KISS,KISS at Tingley Coliseum,,Tingley Coliseum,1979-12-01,待定,待定,公开数据集,https://musicbrainz.org/doc/MusicBrainz_Database,2026-08-31
,Black Hills Stock Show and Rodeo,,The Monument,2020-02-08,待定,待定,公开数据集,https://musicbrainz.org/doc/MusicBrainz_Database,2026-08-31
Die Ärzte,Die Ärzte at Batschkapp,,Batschkapp,1985-02-21,待定,待定,公开数据集,https://musicbrainz.org/doc/MusicBrainz_Database,2026-08-31
KISS,KISS at Deeside Leisure Centre,,Deeside Leisure Centre,1980-09-06,待定,待定,公开数据集,https://musicbrainz.org/doc/MusicBrainz_Database,2026-08-31
Shed Seven,Shed Seven at Oxford Brookes University,,Oxford Brookes University,1998-10-21,待定,待定,公开数据集,https://musicbrainz.org/doc/MusicBrainz_Database,2026-08-31
Koriass,Koriass at Festival Urbain,,Festival Urbain,2012-08-18,待定,待定,公开数据集,https://musicbrainz.org/doc/MusicBrainz_Database,2026-08-31
Die Ärzte,Laternen-Joe at Stadtsaal,,Stadtsaal Fürstenfeldbruck,2011-04-19,待定,待定,公开数据集,https://musicbrainz.org/doc/MusicBrainz_Database,2026-08-31
Koriass,Koriass at Le Théâtre Granada,,Le Théâtre Granada,2013-08-29,待定,待定,公开数据集,https://musicbrainz.org/doc/MusicBrainz_Database,2026-08-31
The Sherlocks,"TRNSMT Festival 2018, Day 2: King Tut's Stage",,,2018-06-30,待定,待定,公开数据集,https://musicbrainz.org/doc/MusicBrainz_Database,2026-08-31
LoVendoЯ,LoVendoЯ at KRAPS HALL,,KRAPS HALL,2013-12-12,待定,待定,公开数据集,https://musicbrainz.org/doc/MusicBrainz_Database,2026-08-31
June Millington,June Millington at Brigantine Room,,Brigantine Room,1981-09-24,待定,待定,公开数据集,https://musicbrainz.org/doc/MusicBrainz_Database,2026-08-31
KISS,KISS at Pontiac Mini-Dome,,Pontiac Silverdome,1979-07-13,待定,待定,公开数据集,https://musicbrainz.org/doc/MusicBrainz_Database,2026-08-31
LoVendoЯ,LoVendoЯ at HEAVEN’S ROCK さいたま新都心 VJ-3,,HEAVEN’S ROCK さいたま新都心 VJ-3,2013-07-17,待定,待定,公开数据集,https://musicbrainz.org/doc/MusicBrainz_Database,2026-08-31
LoVendoЯ,LoVendoЯ at HEAVEN'S ROCK 宇都宮 VJ-2,,HEAVEN’S ROCK 宇都宮 VJ‐2,2013-04-23,待定,待定,公开数据集,https://musicbrainz.org/doc/MusicBrainz_Database,2026-08-31
,Intoxication Tour,,,2019-03-17,待定,待定,公开数据集,https://musicbrainz.org/doc/MusicBrainz_Database,2026-08-31
Tricky,Maxinquaye Tour 1995,,Starfish Room,1995-09-23,待定,待定,公开数据集,https://musicbrainz.org/doc/MusicBrainz_Database,2026-08-31
Andrea Gioe,L'ultima goccia di utopia (...Ginevra Maria) - Out on 10 Aprile 2020,,,2020-04-10,待定,待定,公开数据集,https://musicbrainz.org/doc/MusicBrainz_Database,2026-08-31
,[stage performance],,Мариинский театр,1908-03-21,待定,待定,公开数据集,https://musicbrainz.org/doc/MusicBrainz_Database,2026-08-31
The E Street Band,"2016‐01: Expo Theater, Fort Monmouth, NJ, USA",,Expo Theater,2016-01,待定,待定,公开数据集,https://musicbrainz.org/doc/MusicBrainz_Database,2026-08-31
Kae Tempest,Kate Tempest,,Michael Fowler Centre,2020-02-24,待定,待定,公开数据集,https://musicbrainz.org/doc/MusicBrainz_Database,2026-08-31
Aldous Harding,"Aldous Harding, Weyes Blood, Purple Pilgrims | Wellington",,Michael Fowler Centre,2020-03-13,待定,待定,公开数据集,https://musicbrainz.org/doc/MusicBrainz_Database,2026-08-31
かしこまり,MARism Vol.4 - BiiRTHDAY:Party -,,,2020-02-14,待定,待定,公开数据集,https://musicbrainz.org/doc/MusicBrainz_Database,2026-08-31
,"Kane Ian @ Tanjong Beach Club, Singapore",,,2015-08-15,待定,待定,公开数据集,https://musicbrainz.org/doc/MusicBrainz_Database,2026-08-31
Memoriam,"Wacken Open Air 2017, Day 2: Faster",,Faster,2017-08-04,待定,待定,公开数据集,https://musicbrainz.org/doc/MusicBrainz_Database,2026-08-31
KISS,KISS at Sports Arena,,Toledo Sports Arena,1979-12-16,待定,待定,公开数据集,https://musicbrainz.org/doc/MusicBrainz_Database,2026-08-31
Shed Seven,Shed Seven at Cardiff University,,Cardiff University,1998-10-27,待定,待定,公开数据集,https://musicbrainz.org/doc/MusicBrainz_Database,2026-08-31
Gentlemen of Few,Gentlemen of Few - Sunday Session,,Deepdale Camping & Rooms,2019-03-17,待定,待定,公开数据集,https://musicbrainz.org/doc/MusicBrainz_Database,2026-08-31
Kiveskives,Naapurikisa,,Genialistide Klubi,2013-11-28,待定,待定,公开数据集,https://musicbrainz.org/doc/MusicBrainz_Database,2026-08-31
Lacuna Coil,"Wacken Open Air 2017, Day 2: Harder",,Harder,2017-08-04,待定,待定,公开数据集,https://musicbrainz.org/doc/MusicBrainz_Database,2026-08-31
Peter Gabriel,Peter Gabriel at Brescia Summer Festival,,Piazza Duomo,2007-07-02,待定,待定,公开数据集,https://musicbrainz.org/doc/MusicBrainz_Database,2026-08-31
"Blood, Sweat & Tears","1973‐03‐02: Berkeley Community Theatre, Berkeley, CA, USA",,Berkeley Community Theatre,1973-03-02,待定,待定,公开数据集,https://musicbrainz.org/doc/MusicBrainz_Database,2026-08-31
,Hyde Park Calling 2007,,Hyde Park,2007-06-23,待定,待定,公开数据集,https://musicbrainz.org/doc/MusicBrainz_Database,2026-08-31
The Rogues,"1965: Freehold Elks Lodge, Freehold, NJ, USA",,Freehold Elks Lodge,1965,待定,待定,公开数据集,https://musicbrainz.org/doc/MusicBrainz_Database,2026-08-31
Embrace,Emrbace at Leas Cliffe Hall,,Leas Cliff Hall,1998-09-17,待定,待定,公开数据集,https://musicbrainz.org/doc/MusicBrainz_Database,2026-08-31
KISS,KISS at Palasport,,Palasport di Genova,1980-08-31,待定,待定,公开数据集,https://musicbrainz.org/doc/MusicBrainz_Database,2026-08-31
Peter Gabriel,"Hyde Park Calling 2007, Day 1: Main Stage",,Hyde Park,2007-06-23,待定,待定,公开数据集,https://musicbrainz.org/doc/MusicBrainz_Database,2026-08-31
,Night of the Prog Festival XII,,Freilichtbühne Loreley,2017-07-14,待定,待定,公开数据集,https://musicbrainz.org/doc/MusicBrainz_Database,2026-08-31
KISS,KISS at Hessehalle,,Hessenhalle Alsfeld,1980-09-11,待定,待定,公开数据集,https://musicbrainz.org/doc/MusicBrainz_Database,2026-08-31
Jean Sibelius,[concert],,,1906-12-29,待定,待定,公开数据集,https://musicbrainz.org/doc/MusicBrainz_Database,2026-08-31
Android Vasja,Android Vasja at Purple Orchid,,Purple Orchid,2011-03-25,待定,待定,公开数据集,https://musicbrainz.org/doc/MusicBrainz_Database,2026-08-31
Teenage X,"Canadian Music Fest 2010, day 1: Bovine Sex Club",,Bovine Sex Club,2010-03-10,待定,待定,公开数据集,https://musicbrainz.org/doc/MusicBrainz_Database,2026-08-31
Deicide,Deicide in London,,LA2,1999-02-14,待定,待定,公开数据集,https://musicbrainz.org/doc/MusicBrainz_Database,2026-08-31
Caïman Fu,Caïman Fu at Le Gambrinus,,Le Gambrinus,2013-12-10,待定,待定,公开数据集,https://musicbrainz.org/doc/MusicBrainz_Database,2026-08-31
Shed Seven,Shed Seven at Glasgow Barrowlands,,Barrowland Ballroom,1998-11-10,待定,待定,公开数据集,https://musicbrainz.org/doc/MusicBrainz_Database,2026-08-31
Birdy Num Num,"MusicfestNW 2001, day 2: Berbati's Pan",,Berbati’s Pan,2001-09-21,待定,待定,公开数据集,https://musicbrainz.org/doc/MusicBrainz_Database,2026-08-31
Peter Gabriel,Peter Gabriel at PLAY: Arezzo Art Festival,,Piazza Grande,2007-07-05,待定,待定,公开数据集,https://musicbrainz.org/doc/MusicBrainz_Database,2026-08-31
Emily and Jake,Emily and Jake at Bayside Bowl,,,2018,待定,待定,公开数据集,https://musicbrainz.org/doc/MusicBrainz_Database,2026-08-31
East Angles Brass,East Angles Brass - Sunday Session,,Deepdale Camping & Rooms,2019-06-16,待定,待定,公开数据集,https://musicbrainz.org/doc/MusicBrainz_Database,2026-08-31
Edward W. Hardy,Valentine's Day in July,,Joe’s Pub at The Public,2020-07-30,待定,待定,公开数据集,https://musicbrainz.org/doc/MusicBrainz_Database,2026-08-31
Goldie Sherman's Dance and Drum Collective,"Hillside Festival 2003, day 3: Main Stage",,Guelph Lake Island,2003-07-27,待定,待定,公开数据集,https://musicbrainz.org/doc/MusicBrainz_Database,2026-08-31
Propofol,"Osheaga Festival 2012, day 2: Scène des Arbres",,Parc Jean-Drapeau,2012-08-04,待定,待定,公开数据集,https://musicbrainz.org/doc/MusicBrainz_Database,2026-08-31
KISS,KISS at Philipshalle,,Mitsubishi Electric Halle,1980-09-12,待定,待定,公开数据集,https://musicbrainz.org/doc/MusicBrainz_Database,2026-08-31
Shed Seven,Shed Seven in Newcastle,,Mayfair Ballroom,1998-11-12,待定,待定,公开数据集,https://musicbrainz.org/doc/MusicBrainz_Database,2026-08-31
Yuri Fayer,[stage performance],,Большой театр,1927-06-14,待定,待定,公开数据集,https://musicbrainz.org/doc/MusicBrainz_Database,2026-08-31
Pretty Lights,Pretty Lights at Bill Graham Civic Auditorium,,Bill Graham Civic Auditorium,2013-11-30,待定,待定,公开数据集,https://musicbrainz.org/doc/MusicBrainz_Database,2026-08-31
STINGER,"Wacken Open Air 2017, Day 2: Beer Garden",,Beer Garden,2017-08-04,待定,待定,公开数据集,https://musicbrainz.org/doc/MusicBrainz_Database,2026-08-31
Emily and Jake,Emily and Jake at Paddy O's,,,2017-02-04,待定,待定,公开数据集,https://musicbrainz.org/doc/MusicBrainz_Database,2026-08-31
ドリーム モーニング娘。,ドリーム モーニング娘。 at よこすか芸術劇場,,よこすか芸術劇場,2011-05-15,待定,待定,公开数据集,https://musicbrainz.org/doc/MusicBrainz_Database,2026-08-31
Sleater‐Kinney,Sleater-Kinney in Highbury,,The Garage,1997-11-01,待定,待定,公开数据集,https://musicbrainz.org/doc/MusicBrainz_Database,2026-08-31
Embrace,Embrace at Glasgow Barrowlands,,Barrowland Ballroom,1998-09-04,待定,待定,公开数据集,https://musicbrainz.org/doc/MusicBrainz_Database,2026-08-31
有閑喫茶あにまーれ,あにまーれにあつまーれ 1集目 -季節外れの大運動会-,,109シネマズ大阪エキスポシティ,2020-02-08,待定,待定,公开数据集,https://musicbrainz.org/doc/MusicBrainz_Database,2026-08-31
Peter Gabriel,Peter Gabriel at Palais Omnisports de Paris-Bercy,,Accor Arena,2004-05-27,待定,待定,公开数据集,https://musicbrainz.org/doc/MusicBrainz_Database,2026-08-31
,Cork International Choral Festival 2016,,,2016-04-27,待定,待定,公开数据集,https://musicbrainz.org/doc/MusicBrainz_Database,2026-08-31
,Night of the Prog Festival IX,,Freilichtbühne Loreley,2014-07-18,待定,待定,公开数据集,https://musicbrainz.org/doc/MusicBrainz_Database,2026-08-31
Boka Marimba,"MusicfestNW 2001, day 2: Roseland Grill",,Roseland Grill,2001-09-21,待定,待定,公开数据集,https://musicbrainz.org/doc/MusicBrainz_Database,2026-08-31
Dr. McJazz,Dr. McJazz at Chick 'n' Deli,,Chick 'n' Deli,1981-10-04,待定,待定,公开数据集,https://musicbrainz.org/doc/MusicBrainz_Database,2026-08-31
The E Street Band,"2014‐04‐15: Nationwide Arena, Columbus, OH, USA",,Nationwide Arena,2014-04-15,待定,待定,公开数据集,https://musicbrainz.org/doc/MusicBrainz_Database,2026-08-31
,Night of the Prog Festival X,,Freilichtbühne Loreley,2015-07-17,待定,待定,公开数据集,https://musicbrainz.org/doc/MusicBrainz_Database,2026-08-31
Trans‐Siberian Orchestra,Trans‐Siberian Orchestra at Breslin Student Center,,Breslin Student Events Center,2007-11-30,待定,待定,公开数据集,https://musicbrainz.org/doc/MusicBrainz_Database,2026-08-31
Peter Gabriel,Peter Gabriel at Scottish Exhibition and Conference Centre,,SEC Centre,2004-06-05,待定,待定,公开数据集,https://musicbrainz.org/doc/MusicBrainz_Database,2026-08-31
,"Hellfest 2013, Day 1",,"Hellfest, Val de Moine",2013-06-21,待定,待定,公开数据集,https://musicbrainz.org/doc/MusicBrainz_Database,2026-08-31
Roulette Waves,RANT 2015 @ Spirit Hall,,Spirit Hall (upstairs),2015-08-15,待定,待定,公开数据集,https://musicbrainz.org/doc/MusicBrainz_Database,2026-08-31
Heidi,"Lokerse Feesten 2017, Day 4: Red Bull Elektropedia Room",,Red Bull Elektropedia Room,2017-08-07,待定,待定,公开数据集,https://musicbrainz.org/doc/MusicBrainz_Database,2026-08-31
,The Age of Reason launch event at Best Buy Theater,,Palladium Times Square,2014-01-25,待定,待定,公开数据集,https://musicbrainz.org/doc/MusicBrainz_Database,2026-08-31
Peter Gabriel,Peter Gabriel at Wembley Arena,,OVO Arena Wembley,2004-06-07,待定,待定,公开数据集,https://musicbrainz.org/doc/MusicBrainz_Database,2026-08-31
,DECADENCE: The EP Launch and Art Exhibition,,,2017-08-21,待定,待定,公开数据集,https://musicbrainz.org/doc/MusicBrainz_Database,2026-08-31
Nashville Pussy,Southside 2001,,Flugplatz Neuhausen ob Eck,2001-06-23,待定,待定,公开数据集,https://musicbrainz.org/doc/MusicBrainz_Database,2026-08-31
,Southside 2008,,Flugplatz Neuhausen ob Eck,2008-06-20,待定,待定,公开数据集,https://musicbrainz.org/doc/MusicBrainz_Database,2026-08-31
,[stage performance],,Большой театр,1899-02,待定,待定,公开数据集,https://musicbrainz.org/doc/MusicBrainz_Database,2026-08-31
KISS,KISS at Prairie Capital Convention Center,,Bank of Springfield Center,1983-02-26,待定,待定,公开数据集,https://musicbrainz.org/doc/MusicBrainz_Database,2026-08-31
Florence + the Machine,Southside 2009,,Flugplatz Neuhausen ob Eck,2009-06-19,待定,待定,公开数据集,https://musicbrainz.org/doc/MusicBrainz_Database,2026-08-31
The E Street Band,"2002‐10‐16: Palau Sant Jordi, Barcelona, Spain",,Palau Sant Jordi,2002-10-16,待定,待定,公开数据集,https://musicbrainz.org/doc/MusicBrainz_Database,2026-08-31
Lucero,"2006 Bonnaroo Music Festival, Day 1: This Tent",,Great Stage Park,2006-06-15,待定,待定,公开数据集,https://musicbrainz.org/doc/MusicBrainz_Database,2026-08-31
The Rita Johns Quartet,The Rita Johns Quartet at Black Knight Dining Room,,Black Knight Dining Room,1981-10-22,待定,待定,公开数据集,https://musicbrainz.org/doc/MusicBrainz_Database,2026-08-31
,Helsinki Biennale 1985: [concert],,,1985-03-13,待定,待定,公开数据集,https://musicbrainz.org/doc/MusicBrainz_Database,2026-08-31
Dancing With Paris,"Canadian Music Fest 2010, day 5: Bovine Sex Club",,Bovine Sex Club,2010-03-14,待定,待定,公开数据集,https://musicbrainz.org/doc/MusicBrainz_Database,2026-08-31
Elton John,Farewell Yellow Brick Road Tour: Brooklyn,,Barclays Center,2019-03-09,待定,待定,公开数据集,https://musicbrainz.org/doc/MusicBrainz_Database,2026-08-31
Claim,GPS9: Claim en Valencia (Espai Octubre Concerts),,Espai Octubre,2019-03-08,待定,待定,公开数据集,https://musicbrainz.org/doc/MusicBrainz_Database,2026-08-31
Sylvan,Sylvan at Night of the Prog Festival I,,Freilichtbühne Loreley,2006-07-28,待定,待定,公开数据集,https://musicbrainz.org/doc/MusicBrainz_Database,2026-08-31
Chillent,Deutschtown Music Festival 2016 Saturday @ Park House,,The Park House,2016-07-09,待定,待定,公开数据集,https://musicbrainz.org/doc/MusicBrainz_Database,2026-08-31
George Benson,George Benson at The Roxy,,The Roxy Theatre,1977-09-30,待定,待定,公开数据集,https://musicbrainz.org/doc/MusicBrainz_Database,2026-08-31
KISS,KISS at Boca Juniors Stadium,,Estadio Alberto J. Armando,1983-08-20,待定,待定,公开数据集,https://musicbrainz.org/doc/MusicBrainz_Database,2026-08-31
George Benson,George Benson at The Roxy,,The Roxy Theatre,1977-10-01,待定,待定,公开数据集,https://musicbrainz.org/doc/MusicBrainz_Database,2026-08-31
KISS,KISS at Boca Juniors Stadium,,Estadio Alberto J. Armando,1983-08-21,待定,待定,公开数据集,https://musicbrainz.org/doc/MusicBrainz_Database,2026-08-31
Toubab Krewe,"2006 Bonnaroo Music Festival, Day 1: That Tent",,Great Stage Park,2006-06-15,待定,待定,公开数据集,https://musicbrainz.org/doc/MusicBrainz_Database,2026-08-31
KISS,KISS at Estadio do Mineirão,,Estádio Governador Magalhães Pinto,1983-06-20,待定,待定,公开数据集,https://musicbrainz.org/doc/MusicBrainz_Database,2026-08-31
KISS,KISS at Estádio do Morumbi,,Estádio Cícero Pompeu de Toledo,1983-06-24,待定,待定,公开数据集,https://musicbrainz.org/doc/MusicBrainz_Database,2026-08-31
Merzbow,｢Los Apson? 12th Anivasary - !!!!!MERZFATHER2006!!!!!｣ <MERZBOW x GODFATHER / DEEP NOISE x HARSH HOUSE>,,Mixrooffice,2006-08-27,待定,待定,公开数据集,https://musicbrainz.org/doc/MusicBrainz_Database,2026-08-31
The Midnight,The Midnight at Baltimore Soundstage,,Baltimore Sound Stage,2019-04-02,待定,待定,公开数据集,https://musicbrainz.org/doc/MusicBrainz_Database,2026-08-31
KISS,KISS at Stadthalle,,TipsArena,1983-11-07,待定,待定,公开数据集,https://musicbrainz.org/doc/MusicBrainz_Database,2026-08-31
Patton Oswalt,"2006 Bonnaroo Music Festival, Day 2: The Bonnaroo Comedy Theatre",,Great Stage Park,2006-06-16,待定,待定,公开数据集,https://musicbrainz.org/doc/MusicBrainz_Database,2026-08-31
Billy Rancher and The Unreal Gods,"1982‐09‐29: On Broadway, Westwood, NJ, USA",,On Broadway,1982-09-29,待定,待定,公开数据集,https://musicbrainz.org/doc/MusicBrainz_Database,2026-08-31
,McPEAKE at Down Arts Centre,,,2017-09-15,待定,待定,公开数据集,https://musicbrainz.org/doc/MusicBrainz_Database,2026-08-31
Gem,Acoustic concert: Gem at Electropura,,Electropura,2018-06-30,待定,待定,公开数据集,https://musicbrainz.org/doc/MusicBrainz_Database,2026-08-31
THE ALFEE,THE ALFEE at フェスティバルホール,,フェスティバルホール,2018-06-02,待定,待定,公开数据集,https://musicbrainz.org/doc/MusicBrainz_Database,2026-08-31
,Eurofolies 2011,,,2011-08-26,待定,待定,公开数据集,https://musicbrainz.org/doc/MusicBrainz_Database,2026-08-31
Heart,Heart at Ruoff Home Mortgage Music Center,,Ruoff Music Center,2019-08-07,待定,待定,公开数据集,https://musicbrainz.org/doc/MusicBrainz_Database,2026-08-31
,McPEAKE at Ranfurly House,,,2017-09-16,待定,待定,公开数据集,https://musicbrainz.org/doc/MusicBrainz_Database,2026-08-31
Luke Janela,"MusicfestNW 2001, day 3: Ohm",,Ohm,2001-09-22,待定,待定,公开数据集,https://musicbrainz.org/doc/MusicBrainz_Database,2026-08-31
,Earthquake Festival 1986,,Manege de Kegelaar,1986-04-01,待定,待定,公开数据集,https://musicbrainz.org/doc/MusicBrainz_Database,2026-08-31
Gin Lemon’s,Gin Lemon’s en la sala Es Polvorí,,Es Polvorí,2017-10-07,待定,待定,公开数据集,https://musicbrainz.org/doc/MusicBrainz_Database,2026-08-31
Bruce Springsteen,"2016‐12‐01: BookPeople, Austin, TX, USA",,BookPeople,2016-12-01,待定,待定,公开数据集,https://musicbrainz.org/doc/MusicBrainz_Database,2026-08-31
Kansas,Kansas at State Theatre,,State Theatre,2017-11-18,待定,待定,公开数据集,https://musicbrainz.org/doc/MusicBrainz_Database,2026-08-31
,"Proms 2011 Prom 10: Debussy, Ravel & Falla",,,2011-07-22,待定,待定,公开数据集,https://musicbrainz.org/doc/MusicBrainz_Database,2026-08-31
,東京ゲームショウ2019,,幕張メッセ,2019-09-12,待定,待定,公开数据集,https://musicbrainz.org/doc/MusicBrainz_Database,2026-08-31
Cats on a Smooth Surface,"1982‐10‐03: The Stone Pony, Asbury Park, NJ, USA",,The Stone Pony,1982-10-03,待定,待定,公开数据集,https://musicbrainz.org/doc/MusicBrainz_Database,2026-08-31
Teddy Boys,Teddy Boys at DJ's,,DJ's,1981-09-28,待定,待定,公开数据集,https://musicbrainz.org/doc/MusicBrainz_Database,2026-08-31
Kansas,Kansas at University at Buffalo Center for the Arts,,Center for the Arts at the University at Buffalo,2017-11-24,待定,待定,公开数据集,https://musicbrainz.org/doc/MusicBrainz_Database,2026-08-31
吉岡裕子,Yuko Yoshioka at Elleri saal,,Elleri saal,2014-08-05,待定,待定,公开数据集,https://musicbrainz.org/doc/MusicBrainz_Database,2026-08-31
關尚峰,Nordic Memoria,,JC Cube,2019-06-24,待定,待定,公开数据集,https://musicbrainz.org/doc/MusicBrainz_Database,2026-08-31
Heart,Heart at Ascend Amphitheater,,Ascend Amphitheater,2019-08-08,待定,待定,公开数据集,https://musicbrainz.org/doc/MusicBrainz_Database,2026-08-31
THE ALFEE,THE ALFEE at だて歴史の杜カルチャーセンター,,だて歴史の杜カルチャーセンター,2018-06-09,待定,待定,公开数据集,https://musicbrainz.org/doc/MusicBrainz_Database,2026-08-31
Casey Comeau & The Halfmilers,"Cisco Ottawa Bluesfest 2003, day 1: Roots Americana Stage",,Marion Dewar Plaza,2003-07-04,待定,待定,公开数据集,https://musicbrainz.org/doc/MusicBrainz_Database,2026-08-31
Kill the Client,"SXSW 2010, day 1: Red 7 Patio",,Sony Club @ Red 7 Patio,2010-03-17,待定,待定,公开数据集,https://musicbrainz.org/doc/MusicBrainz_Database,2026-08-31
Deadwing,"The Feral Kings ""20:20"" EP Launch",,Night People and The Twisted Wheel Club,2020-01-24,待定,待定,公开数据集,https://musicbrainz.org/doc/MusicBrainz_Database,2026-08-31
,Borlänge Peace & Love Festival 2013: Time for Peace,,,2013-06-25,待定,待定,公开数据集,https://musicbrainz.org/doc/MusicBrainz_Database,2026-08-31
Teddy Boys,Teddy Boys at DJ's,,DJ's,1981-09-30,待定,待定,公开数据集,https://musicbrainz.org/doc/MusicBrainz_Database,2026-08-31
KISS,KISS at Stadthalle,,"Wiener Stadthalle, Halle D",1983-11-08,待定,待定,公开数据集,https://musicbrainz.org/doc/MusicBrainz_Database,2026-08-31
Sienna,Sienna at Loco Club,,Loco Club,2019-05-04,待定,待定,公开数据集,https://musicbrainz.org/doc/MusicBrainz_Database,2026-08-31
,Donauinselfest 2007,,Donauinsel,2007-06-22,待定,待定,公开数据集,https://musicbrainz.org/doc/MusicBrainz_Database,2026-08-31
Patton Oswalt,"2006 Bonnaroo Music Festival, Day 1: The Bonnaroo Comedy Theatre",,Great Stage Park,2006-06-15,待定,待定,公开数据集,https://musicbrainz.org/doc/MusicBrainz_Database,2026-08-31
Petrona Martínez,"Cisco Ottawa Bluesfest 2003, day 1: Black Sheep Stage",,Marion Dewar Plaza,2003-07-04,待定,待定,公开数据集,https://musicbrainz.org/doc/MusicBrainz_Database,2026-08-31
Jimmy and the Mustangs,"1982‐11‐27: Club Lingerie, Hollywood, CA, USA",,Club Lingerie,1982-11-27,待定,待定,公开数据集,https://musicbrainz.org/doc/MusicBrainz_Database,2026-08-31
Teddy Boys,Teddy Boys at DJ's,,DJ's,1981-10-01,待定,待定,公开数据集,https://musicbrainz.org/doc/MusicBrainz_Database,2026-08-31
Cheeto’s Magazine,Cheeto’s Magazine + Nomad’s Grin at Magazine Club,,Magazine Club,2019-05-17,待定,待定,公开数据集,https://musicbrainz.org/doc/MusicBrainz_Database,2026-08-31
,Donauinselfest 2007,,Donauinsel,2007-06-23,待定,待定,公开数据集,https://musicbrainz.org/doc/MusicBrainz_Database,2026-08-31
Deadwing,Tay Temple Millennials Single Launch + Special Guests,,Gullivers,2020-03-09,待定,待定,公开数据集,https://musicbrainz.org/doc/MusicBrainz_Database,2026-08-31
Teddy Boys,Teddy Boys at DJ's,,DJ's,1981-10-02,待定,待定,公开数据集,https://musicbrainz.org/doc/MusicBrainz_Database,2026-08-31
THE ALFEE,THE ALFEE at ニトリ文化ホール,,ニトリ文化ホール,2018-06-10,待定,待定,公开数据集,https://musicbrainz.org/doc/MusicBrainz_Database,2026-08-31
,8. Grammo-Festival Leichlingen,,Alter Stadtpark,2016-05-13,待定,待定,公开数据集,https://musicbrainz.org/doc/MusicBrainz_Database,2026-08-31
,Donauinselfest 2007,,Donauinsel,2007-06-24,待定,待定,公开数据集,https://musicbrainz.org/doc/MusicBrainz_Database,2026-08-31
The E Street Band,"1975‐12‐31: Tower Theater, Upper Darby, Philadelphia, PA, USA",,Tower Theater,1975-12-31,待定,待定,公开数据集,https://musicbrainz.org/doc/MusicBrainz_Database,2026-08-31
David Maxwell,"Cisco Ottawa Bluesfest 2003, day 1: Acoustic Stage",,Marion Dewar Plaza,2003-07-04,待定,待定,公开数据集,https://musicbrainz.org/doc/MusicBrainz_Database,2026-08-31
Coma Rossi,Coma Rossi // Deadwing,,Night People and The Twisted Wheel Club,2020-03-16,待定,待定,公开数据集,https://musicbrainz.org/doc/MusicBrainz_Database,2026-08-31
Teddy Boys,Teddy Boys at DJ's,,DJ's,1981-10-03,待定,待定,公开数据集,https://musicbrainz.org/doc/MusicBrainz_Database,2026-08-31
The Midnight,The Midnight at Newport Music Hall,,Newport Music Hall,2019-04-03,待定,待定,公开数据集,https://musicbrainz.org/doc/MusicBrainz_Database,2026-08-31
R.J. McEwan & Committed Praise,"Cisco Ottawa Bluesfest 2003, day 1: Sacred Stage",,Marion Dewar Plaza,2003-07-04,待定,待定,公开数据集,https://musicbrainz.org/doc/MusicBrainz_Database,2026-08-31
Lee Robinson,Deutschtown Music Festival 2016 Saturday @ Carmi,,Carmi,2016-07-09,待定,待定,公开数据集,https://musicbrainz.org/doc/MusicBrainz_Database,2026-08-31
The Fireants,"SXSW 2010, day 1: Momo's",,Momo’s,2010-03-17,待定,待定,公开数据集,https://musicbrainz.org/doc/MusicBrainz_Database,2026-08-31
Kansas,Kansas at Selena Auditorium,,Selena Auditorium,2017-09-29,待定,待定,公开数据集,https://musicbrainz.org/doc/MusicBrainz_Database,2026-08-31
Kansas,Kansas at Cullen Performance Hall,,Cullen Performance Hall,2017-09-30,待定,待定,公开数据集,https://musicbrainz.org/doc/MusicBrainz_Database,2026-08-31
,Paléo Festival de Nyon 2002,,L’Asse,2002-07-23,待定,待定,公开数据集,https://musicbrainz.org/doc/MusicBrainz_Database,2026-08-31
Black Spider Stomp,Black Spider Trio at Arcimboldi,,Arcimboldi,2019-03-02,待定,待定,公开数据集,https://musicbrainz.org/doc/MusicBrainz_Database,2026-08-31
l’Emperador,L’Emperador at La Pérgola de la Marina,,La Pèrgola de la Marina,2019-04-20,待定,待定,公开数据集,https://musicbrainz.org/doc/MusicBrainz_Database,2026-08-31
Heart,Heart at Coastal Credit Union Music Park at Walnut Creek,,Coastal Credit Union Music Park at Walnut Creek,2019-08-10,待定,待定,公开数据集,https://musicbrainz.org/doc/MusicBrainz_Database,2026-08-31
,"Paléo Festival de Nyon 2001, Day 3",,L’Asse,2001-07-26,待定,待定,公开数据集,https://musicbrainz.org/doc/MusicBrainz_Database,2026-08-31
Deadly Dragon Sound,"SXSW 2010, day 1: Speakeasy",,Speakeasy,2010-03-17,待定,待定,公开数据集,https://musicbrainz.org/doc/MusicBrainz_Database,2026-08-31
KISS,KISS at Civic Center,,Civic Center,1983-02-06,待定,待定,公开数据集,https://musicbrainz.org/doc/MusicBrainz_Database,2026-08-31
Cody Templeton Band,Tyler Farr and Cody Templeton Band at One Center Square Easton PA,,,2020-04-11,待定,待定,公开数据集,https://musicbrainz.org/doc/MusicBrainz_Database,2026-08-31
,"Netmage 09, Day 2",,Palazzo Re Enzo,2009-01-23,待定,待定,公开数据集,https://musicbrainz.org/doc/MusicBrainz_Database,2026-08-31
Marcus Schmickler,CTM 2018-02-02 Mind Reader / Voyager,,HAU1,2018-02-02,待定,待定,公开数据集,https://musicbrainz.org/doc/MusicBrainz_Database,2026-08-31
,LA County Fair 2017,,Fairplex,2017-09-01,待定,待定,公开数据集,https://musicbrainz.org/doc/MusicBrainz_Database,2026-08-31
Saez,Saez / Tournée God Blesse,,L’Aéronef,2002-11-19,待定,待定,公开数据集,https://musicbrainz.org/doc/MusicBrainz_Database,2026-08-31
Maronda,Acoustic concert: Maronda at Electropura,,Electropura,2018-09-22,待定,待定,公开数据集,https://musicbrainz.org/doc/MusicBrainz_Database,2026-08-31
,Linz Europa Hafenfest,,,2009-07-03,待定,待定,公开数据集,https://musicbrainz.org/doc/MusicBrainz_Database,2026-08-31
Cats on a Smooth Surface,"1983‐04‐24: The Stone Pony, Asbury Park, NJ, USA",,The Stone Pony,1983-04-24,待定,待定,公开数据集,https://musicbrainz.org/doc/MusicBrainz_Database,2026-08-31
Hubert von Goisern,Linz Europa Hafenfest,,,2009-07-04,待定,待定,公开数据集,https://musicbrainz.org/doc/MusicBrainz_Database,2026-08-31
Kansas,Kansas at Raleigh Memorial Auditorium,,Raleigh Memorial Auditorium,2017-12-13,待定,待定,公开数据集,https://musicbrainz.org/doc/MusicBrainz_Database,2026-08-31
The Rita Johns Quartet,The Rita Johns Quartet at Black Knight Dining Room,,Black Knight Dining Room,1981-10-04,待定,待定,公开数据集,https://musicbrainz.org/doc/MusicBrainz_Database,2026-08-31
Atmosphere,"2006 Bonnaroo Music Festival, Day 4: This Tent",,Great Stage Park,2006-06-18,待定,待定,公开数据集,https://musicbrainz.org/doc/MusicBrainz_Database,2026-08-31
,Justin Charles,,Legion,2018-05-05,待定,待定,公开数据集,https://musicbrainz.org/doc/MusicBrainz_Database,2026-08-31
KISS,KISS at Asheville Civic Center Auditorium,,Thomas Wolfe Auditorium,1983-02-08,待定,待定,公开数据集,https://musicbrainz.org/doc/MusicBrainz_Database,2026-08-31
The Diamonds,"1983‐04‐27: The Stone Pony, Asbury Park, NJ, USA",,The Stone Pony,1983-04-27,待定,待定,公开数据集,https://musicbrainz.org/doc/MusicBrainz_Database,2026-08-31
Bruce Springsteen,"2014‐05‐07: Hyatt Regency Century Plaza, Los Angeles, CA, USA",,Hyatt Regency Century Plaza,2014-05-07,待定,待定,公开数据集,https://musicbrainz.org/doc/MusicBrainz_Database,2026-08-31
Six-Traxx,"7. Grammo-Festival Leichlingen, Day 3",,Alter Stadtpark,2015-05-24,待定,待定,公开数据集,https://musicbrainz.org/doc/MusicBrainz_Database,2026-08-31
Kansas,Kansas at Poway Center for the Performing Arts,,Poway Center for the Performing Arts,2017-09-19,待定,待定,公开数据集,https://musicbrainz.org/doc/MusicBrainz_Database,2026-08-31
Phil Nimmons Quartet,Phil Nimmons Quartet at George's Spaghetti House,,George's Spaghetti House,1981-09-28,待定,待定,公开数据集,https://musicbrainz.org/doc/MusicBrainz_Database,2026-08-31
Kansas,Kansas at Santander Performing Arts Center,,Santander Performing Arts Center,2017-12-16,待定,待定,公开数据集,https://musicbrainz.org/doc/MusicBrainz_Database,2026-08-31
Stephanie Schneiderman,"MusicfestNW 2001, day 3: Roseland Theater",,Roseland Theater,2001-09-22,待定,待定,公开数据集,https://musicbrainz.org/doc/MusicBrainz_Database,2026-08-31
Majeure,"Ortrotasce with Majeure, Cloning & Holy Kingdom Hammer",,Brillobox,2019-03-16,待定,待定,公开数据集,https://musicbrainz.org/doc/MusicBrainz_Database,2026-08-31
Cats on a Smooth Surface,"1983‐07‐10: The Stone Pony, Asbury Park, NJ, USA",,The Stone Pony,1983-07-10,待定,待定,公开数据集,https://musicbrainz.org/doc/MusicBrainz_Database,2026-08-31
,Justin Charles,,Smiling Moose,2018-05-19,待定,待定,公开数据集,https://musicbrainz.org/doc/MusicBrainz_Database,2026-08-31
,Edinburgh International Festival 2013,,,2013-08-09,待定,待定,公开数据集,https://musicbrainz.org/doc/MusicBrainz_Database,2026-08-31
UHT°,Rock La Pop,,Salle André Wauquier,2002-11-22,待定,待定,公开数据集,https://musicbrainz.org/doc/MusicBrainz_Database,2026-08-31
Sonic Youth,"2006 Bonnaroo Music Festival, Day 4: That Tent",,Great Stage Park,2006-06-18,待定,待定,公开数据集,https://musicbrainz.org/doc/MusicBrainz_Database,2026-08-31
Dubians,Le Père Noël est un Rockeur,,Le Splendid,2002-12-05,待定,待定,公开数据集,https://musicbrainz.org/doc/MusicBrainz_Database,2026-08-31
IQ,"IQ at Spirit of 66, Verviers",,Spirit of 66,2010-06-18,待定,待定,公开数据集,https://musicbrainz.org/doc/MusicBrainz_Database,2026-08-31
Kansas,Kansas at Memorial Auditorium Wichita Falls,,Memorial Auditorium,2017-09-21,待定,待定,公开数据集,https://musicbrainz.org/doc/MusicBrainz_Database,2026-08-31
Heart,Heart at Ak‐Chin Pavilion,,Talking Stick Resort Amphitheatre,2019-08-28,待定,待定,公开数据集,https://musicbrainz.org/doc/MusicBrainz_Database,2026-08-31
The Rita Johns Quartet,The Rita Johns Quartet at Black Knight Dining Room,,Black Knight Dining Room,1981-10-06,待定,待定,公开数据集,https://musicbrainz.org/doc/MusicBrainz_Database,2026-08-31
Bruce Springsteen,"2014‐05‐13: Times Union Center, Albany, NY, USA",,MVP Arena,2014-05-13,待定,待定,公开数据集,https://musicbrainz.org/doc/MusicBrainz_Database,2026-08-31
Phil Nimmons Quartet,Phil Nimmons Quartet at George's Spaghetti House,,George's Spaghetti House,1981-09-30,待定,待定,公开数据集,https://musicbrainz.org/doc/MusicBrainz_Database,2026-08-31
,M’era Luna Festival 2000,,Airport Hildesheim,2000-08-12,待定,待定,公开数据集,https://musicbrainz.org/doc/MusicBrainz_Database,2026-08-31
,Monterey Jazz Festival 1963,,,1963-09-20,待定,待定,公开数据集,https://musicbrainz.org/doc/MusicBrainz_Database,2026-08-31
Heart,Heart at Hollywood Casino Amphitheatre,,Credit Union 1 Amphitheatre,2019-07-11,待定,待定,公开数据集,https://musicbrainz.org/doc/MusicBrainz_Database,2026-08-31
Tom Petty and the Heartbreakers,"2006 Bonnaroo Music Festival, Day 2: What Stage",,Great Stage Park,2006-06-16,待定,待定,公开数据集,https://musicbrainz.org/doc/MusicBrainz_Database,2026-08-31
Tommy Reilly,"SXSW 2010, day 1: The Parish",,Parish,2010-03-17,待定,待定,公开数据集,https://musicbrainz.org/doc/MusicBrainz_Database,2026-08-31
Stoppok,Stoppok mit Band,,Kulturzentrum Pavillon,2014-11-10,待定,待定,公开数据集,https://musicbrainz.org/doc/MusicBrainz_Database,2026-08-31
Death Cab for Cutie,"2006 Bonnaroo Music Festival, Day 2: Which Stage",,Great Stage Park,2006-06-16,待定,待定,公开数据集,https://musicbrainz.org/doc/MusicBrainz_Database,2026-08-31
Cats on a Smooth Surface,"1983‐08‐14: The Stone Pony, Asbury Park, NJ, USA",,The Stone Pony,1983-08-14,待定,待定,公开数据集,https://musicbrainz.org/doc/MusicBrainz_Database,2026-08-31
Stoppok,Stoppok mit Band,,Kultur- und Kommunikationszentrum Lindenbrauerei,2014-11-11,待定,待定,公开数据集,https://musicbrainz.org/doc/MusicBrainz_Database,2026-08-31
Moon Lander,Moon Lander album release show with Tidal Rave and Transistor,,,2017-08-11,待定,待定,公开数据集,https://musicbrainz.org/doc/MusicBrainz_Database,2026-08-31
Kansas,Kansas at Amarillo Civic Center,,Amarillo Civic Center Complex Auditorium,2017-09-22,待定,待定,公开数据集,https://musicbrainz.org/doc/MusicBrainz_Database,2026-08-31
Die Toten Hosen,Die Toten Hosen at RheinEnergieStadion,,RheinEnergieStadion,2013-06-29,待定,待定,公开数据集,https://musicbrainz.org/doc/MusicBrainz_Database,2026-08-31
Dead Can Dance,"Dead Can Dance, Reunion Tour, Sala Kongresowa",,Sala Kongresowa,2005-03-31,待定,待定,公开数据集,https://musicbrainz.org/doc/MusicBrainz_Database,2026-08-31
Sea Wolf,"SXSW 2007, day 2: Blender Bar at the Ritz",,Blender Bar at the Ritz,2007-03-14,待定,待定,公开数据集,https://musicbrainz.org/doc/MusicBrainz_Database,2026-08-31
,TFF Rudolstadt 2008,,,2008-07-04,待定,待定,公开数据集,https://musicbrainz.org/doc/MusicBrainz_Database,2026-08-31
,No Mercy 2006,,,,待定,待定,公开数据集,https://musicbrainz.org/doc/MusicBrainz_Database,2026-08-31
Lisa Gerrard,Lisa Gerrard,,Salle Vauban,2007-11-11,待定,待定,公开数据集,https://musicbrainz.org/doc/MusicBrainz_Database,2026-08-31
Emerald Edge,Emerald Edge at Haaner Sommer 2014,,Bühne am Neuen Markt,2014-08-09,待定,待定,公开数据集,https://musicbrainz.org/doc/MusicBrainz_Database,2026-08-31
AZZiL,LGO Fest #7,,Salle Henninot,2007-12-07,待定,待定,公开数据集,https://musicbrainz.org/doc/MusicBrainz_Database,2026-08-31
,TFF Rudolstadt 2007,,,2007-07-06,待定,待定,公开数据集,https://musicbrainz.org/doc/MusicBrainz_Database,2026-08-31
Journey,Journey at Don Haskins Center,,Don Haskins Center,2017-07-15,待定,待定,公开数据集,https://musicbrainz.org/doc/MusicBrainz_Database,2026-08-31
Metallica,"Rock Werchter 2003, day 3: Main Stage",,Festivalpark Werchter,2003-06-28,待定,待定,公开数据集,https://musicbrainz.org/doc/MusicBrainz_Database,2026-08-31
J Star,Bootleg Inna Jungle,,Glazart,2007-03-15,待定,待定,公开数据集,https://musicbrainz.org/doc/MusicBrainz_Database,2026-08-31
Die Toten Hosen,Die Toten Hosen at Flughafen Tempelhof,,Flughafen Berlin-Tempelhof,2013-08-09,待定,待定,公开数据集,https://musicbrainz.org/doc/MusicBrainz_Database,2026-08-31
Honk,Live Concert,,,1974,待定,待定,公开数据集,https://musicbrainz.org/doc/MusicBrainz_Database,2026-08-31
Bruce Springsteen,"2013‐05‐03: Friends Arena, Solna, Sweden",,Strawberry Arena,2013-05-03,待定,待定,公开数据集,https://musicbrainz.org/doc/MusicBrainz_Database,2026-08-31
Bruce Springsteen,"2016‐11‐14: Maialino, New York City, NY, USA",,Maialino,2016-11-14,待定,待定,公开数据集,https://musicbrainz.org/doc/MusicBrainz_Database,2026-08-31
Unsanitary Napkin,RATATATT-TATT Black Sheep Animal Sanctuary Fundraiser,,Workingmens Bowling Club,2017-08-20,待定,待定,公开数据集,https://musicbrainz.org/doc/MusicBrainz_Database,2026-08-31
Amos the Transparent,Amos the Transparent Holiday Concert,,Zaphod Beeblebrox,2014-12-23,待定,待定,公开数据集,https://musicbrainz.org/doc/MusicBrainz_Database,2026-08-31
THE ALFEE,THE ALFEE at オリンパスホール八王子,,J:COMホール八王子,2018-04-17,待定,待定,公开数据集,https://musicbrainz.org/doc/MusicBrainz_Database,2026-08-31
国府弘子,岩崎宏美 & 国府弘子 Piano Songs Special,,東京国際フォーラム・ホールC,2016-10-01,待定,待定,公开数据集,https://musicbrainz.org/doc/MusicBrainz_Database,2026-08-31
,Fuck the Commerce 1998,,,,待定,待定,公开数据集,https://musicbrainz.org/doc/MusicBrainz_Database,2026-08-31
High Tone,High Tone,,Le Grand Mix,2003-04-09,待定,待定,公开数据集,https://musicbrainz.org/doc/MusicBrainz_Database,2026-08-31
KISS,KISS at Sindelfingen Messehalle,,Messe Sindelfingen,1983-11-04,待定,待定,公开数据集,https://musicbrainz.org/doc/MusicBrainz_Database,2026-08-31
THE ALFEE,THE ALFEE at 仙台サンプラザホール,,仙台サンプラザホール,2018-04-22,待定,待定,公开数据集,https://musicbrainz.org/doc/MusicBrainz_Database,2026-08-31
Journey,Journey at Pinnacle Bank Arena,,Pinnacle Bank Arena,2017-03-25,待定,待定,公开数据集,https://musicbrainz.org/doc/MusicBrainz_Database,2026-08-31
,Présences électroniques 2008,,Maison de la radio et de la musique,2008-03-27,待定,待定,公开数据集,https://musicbrainz.org/doc/MusicBrainz_Database,2026-08-31
The Flaming Lips,"Glastonbury Festival 2017, Day 1: The Park Stage",,Worthy Farm,2017-06-23,待定,待定,公开数据集,https://musicbrainz.org/doc/MusicBrainz_Database,2026-08-31
KISS,KISS at Universal Amphitheatre,,Gibson Amphitheatre,1983-03-27,待定,待定,公开数据集,https://musicbrainz.org/doc/MusicBrainz_Database,2026-08-31
KISS,KISS at Arizona Veterans Memorial Coliseum,,Arizona Veterans Memorial Coliseum,1983-03-28,待定,待定,公开数据集,https://musicbrainz.org/doc/MusicBrainz_Database,2026-08-31
James DePreist,[concert],,,1997-10-12,待定,待定,公开数据集,https://musicbrainz.org/doc/MusicBrainz_Database,2026-08-31
Iron Maiden,Iron Maiden at Estadio Mario Alberto Kempes,,Estadio Mario Alberto Kempes,2016-03-13,待定,待定,公开数据集,https://musicbrainz.org/doc/MusicBrainz_Database,2026-08-31
,TFF Rudolstadt 2012,,,2012-07-05,待定,待定,公开数据集,https://musicbrainz.org/doc/MusicBrainz_Database,2026-08-31
,バーチャルマーケット,,,2018-08-26,待定,待定,公开数据集,https://musicbrainz.org/doc/MusicBrainz_Database,2026-08-31
IQ,"IQ at Weststadthalle, Essen",,Weststadthalle Essen,2009-04-24,待定,待定,公开数据集,https://musicbrainz.org/doc/MusicBrainz_Database,2026-08-31
EMA,"2012 Bonnaroo Music Festival, Day 1: The Other Tent",,The Other Tent,2012-06-07,待定,待定,公开数据集,https://musicbrainz.org/doc/MusicBrainz_Database,2026-08-31
Karla Lee,Karla Lee at Terminus,,Terminus,2017-08-19,待定,待定,公开数据集,https://musicbrainz.org/doc/MusicBrainz_Database,2026-08-31
Kaitlyn Aurelia Smith,Kaitlyn Aurelia Smith at Fasching,,Fasching,2017-08-16,待定,待定,公开数据集,https://musicbrainz.org/doc/MusicBrainz_Database,2026-08-31
Clarence Clemons & The Red Bank Rockers,"1984‐05‐19: The Stone Pony, Asbury Park, NJ, USA",,The Stone Pony,1984-05-19,待定,待定,公开数据集,https://musicbrainz.org/doc/MusicBrainz_Database,2026-08-31
Gutta Gang,"SXSW 2007, day 1: Carver Museum Backporch",,Carver Museum Backporch,2007-03-13,待定,待定,公开数据集,https://musicbrainz.org/doc/MusicBrainz_Database,2026-08-31
,Mothership Fest,,,2017-10-14,待定,待定,公开数据集,https://musicbrainz.org/doc/MusicBrainz_Database,2026-08-31
The E Street Band,"1984‐05‐22: 129 Monmouth Street, Red Bank, NJ, USA",,129 Monmouth Street,1984-05-22,待定,待定,公开数据集,https://musicbrainz.org/doc/MusicBrainz_Database,2026-08-31
Lisa Stansfield,Lisa Stansfield at G Live,,G Live,2018-04-07,待定,待定,公开数据集,https://musicbrainz.org/doc/MusicBrainz_Database,2026-08-31
,Tanz & Folkfest Rudolstadt '93,,,1993-07-02,待定,待定,公开数据集,https://musicbrainz.org/doc/MusicBrainz_Database,2026-08-31
Die Apokalyptischen Reiter,"Eisheilige Nacht 2012, RuhrCongress Bochum",,RuhrCongress Bochum,2012-12-26,待定,待定,公开数据集,https://musicbrainz.org/doc/MusicBrainz_Database,2026-08-31
,Tanz & Folkfest Rudolstadt '91,,,1991-07-05,待定,待定,公开数据集,https://musicbrainz.org/doc/MusicBrainz_Database,2026-08-31
Beck,Beck in Grand Prairie,,Texas Trust CU Theatre at Grand Prairie,2006-06-21,待定,待定,公开数据集,https://musicbrainz.org/doc/MusicBrainz_Database,2026-08-31
Ottawa Adventist Youth Choirs,"Cisco Ottawa Bluesfest 2003, day 3: Sacred Stage",,Marion Dewar Plaza,2003-07-06,待定,待定,公开数据集,https://musicbrainz.org/doc/MusicBrainz_Database,2026-08-31
,TFF Rudolstadt 2009,,,2009-07-05,待定,待定,公开数据集,https://musicbrainz.org/doc/MusicBrainz_Database,2026-08-31
The E Street Band,"1984‐06: Clair Brothers Audio, Lititz, PA, USA",,Clair Global,1984-06,待定,待定,公开数据集,https://musicbrainz.org/doc/MusicBrainz_Database,2026-08-31
,TFF Rudolstadt 2010,,,2010-07-03,待定,待定,公开数据集,https://musicbrainz.org/doc/MusicBrainz_Database,2026-08-31
The E Street Band,"1984‐06‐24: 129 Monmouth Street, Red Bank, NJ, USA",,129 Monmouth Street,1984-06-24,待定,待定,公开数据集,https://musicbrainz.org/doc/MusicBrainz_Database,2026-08-31
Blackmarket,"SXSW 2007, day 2: Bourbon Rocks",,Bourbon Rocks,2007-03-14,待定,待定,公开数据集,https://musicbrainz.org/doc/MusicBrainz_Database,2026-08-31
Pierre Schaeffer,Présences électroniques 2008 : day 1,,"Studio 104, Radio France",2008-03-27,待定,待定,公开数据集,https://musicbrainz.org/doc/MusicBrainz_Database,2026-08-31
The E Street Band,"1984‐06‐25: 129 Monmouth Street, Red Bank, NJ, USA",,129 Monmouth Street,1984-06-25,待定,待定,公开数据集,https://musicbrainz.org/doc/MusicBrainz_Database,2026-08-31
Flashlight Brown,"Cisco Ottawa Bluesfest 2003, day 4: Main Stage",,Marion Dewar Plaza,2003-07-07,待定,待定,公开数据集,https://musicbrainz.org/doc/MusicBrainz_Database,2026-08-31
℃‐ute,℃-ute Cutie Circuit 〜Voyage à Paris〜,,La Cigale,2013-07-05,待定,待定,公开数据集,https://musicbrainz.org/doc/MusicBrainz_Database,2026-08-31
The E Street Band,"1984‐06‐28: St. Paul Civic Center Arena, St. Paul, MN, USA",,St. Paul Civic Center,1984-06-28,待定,待定,公开数据集,https://musicbrainz.org/doc/MusicBrainz_Database,2026-08-31
The E Street Band,"1976‐08‐22: Springfield Civic Center, Springfield, MA, USA",,MassMutual Center,1976-08-22,待定,待定,公开数据集,https://musicbrainz.org/doc/MusicBrainz_Database,2026-08-31
,Edinburgh International Festival 2013,,,2013-08-09,待定,待定,公开数据集,https://musicbrainz.org/doc/MusicBrainz_Database,2026-08-31
UHT°,Rock La Pop,,Salle André Wauquier,2002-11-22,待定,待定,公开数据集,https://musicbrainz.org/doc/MusicBrainz_Database,2026-08-31
Sonic Youth,"2006 Bonnaroo Music Festival, Day 4: That Tent",,Great Stage Park,2006-06-18,待定,待定,公开数据集,https://musicbrainz.org/doc/MusicBrainz_Database,2026-08-31
Dubians,Le Père Noël est un Rockeur,,Le Splendid,2002-12-05,待定,待定,公开数据集,https://musicbrainz.org/doc/MusicBrainz_Database,2026-08-31
IQ,"IQ at Spirit of 66, Verviers",,Spirit of 66,2010-06-18,待定,待定,公开数据集,https://musicbrainz.org/doc/MusicBrainz_Database,2026-08-31
Sound Without,Sound Without 2013-02-07,,Garfield Artworks,2013-02-07,待定,待定,公开数据集,https://musicbrainz.org/doc/MusicBrainz_Database,2026-08-31
,"Psycho Las Vegas 2017, Day 3",,Virgin Hotels Las Vegas,2017-08-20,待定,待定,公开数据集,https://musicbrainz.org/doc/MusicBrainz_Database,2026-08-31
Still Collins,"Still Collins at Kubana, Siegburg",,Kubana,2016-01-30,待定,待定,公开数据集,https://musicbrainz.org/doc/MusicBrainz_Database,2026-08-31
Dawn Upshaw,Wien Modern Festival 1996: [concert],,,1996-10-20,待定,待定,公开数据集,https://musicbrainz.org/doc/MusicBrainz_Database,2026-08-31
,Smukfest Skanderborg 2006,,Dyrehaven,2006-08-09,待定,待定,公开数据集,https://musicbrainz.org/doc/MusicBrainz_Database,2026-08-31
The Prodigy,Rock im Park 2015,,Zeppelinfeld,2015-06-05,待定,待定,公开数据集,https://musicbrainz.org/doc/MusicBrainz_Database,2026-08-31
,Wien Modern Festival 1996,,,1996,待定,待定,公开数据集,https://musicbrainz.org/doc/MusicBrainz_Database,2026-08-31
Steve Rothery,"Steve Rothery at Kubana, Siegburg",,Kubana,2014-10-19,待定,待定,公开数据集,https://musicbrainz.org/doc/MusicBrainz_Database,2026-08-31
Die Toten Hosen,Die Toten Hosen in Myanmar - A Somewhat Different Anniversary,,Kandawgyi Park,2014-12-06,待定,待定,公开数据集,https://musicbrainz.org/doc/MusicBrainz_Database,2026-08-31
Johannes Brahms,[concert],,Redoutensaal,1881-11-09,待定,待定,公开数据集,https://musicbrainz.org/doc/MusicBrainz_Database,2026-08-31
Peel,"SXSW 2007, day 2: Blender Balcony at the Ritz",,Blender Balcony at the Ritz,2007-03-14,待定,待定,公开数据集,https://musicbrainz.org/doc/MusicBrainz_Database,2026-08-31
Journey,Journey at Smart Financial Centre at Sugar Land,,Smart Financial Centre at Sugar Land,2017-07-12,待定,待定,公开数据集,https://musicbrainz.org/doc/MusicBrainz_Database,2026-08-31
,TFF Rudolstadt 2006,,,2006-07-08,待定,待定,公开数据集,https://musicbrainz.org/doc/MusicBrainz_Database,2026-08-31
,TFF Rudolstadt 2006,,,2006-07-09,待定,待定,公开数据集,https://musicbrainz.org/doc/MusicBrainz_Database,2026-08-31
Heart,Heart at Hollywood Casino Amphitheatre,,Hollywood Casino Amphitheatre,2019-07-09,待定,待定,公开数据集,https://musicbrainz.org/doc/MusicBrainz_Database,2026-08-31
Phil Nimmons Quartet,Phil Nimmons Quartet at George's Spaghetti House,,George's Spaghetti House,1981-09-30,待定,待定,公开数据集,https://musicbrainz.org/doc/MusicBrainz_Database,2026-08-31
,M’era Luna Festival 2000,,Airport Hildesheim,2000-08-12,待定,待定,公开数据集,https://musicbrainz.org/doc/MusicBrainz_Database,2026-08-31
Paul Kalkbrenner,Paul Kalkbrenner,,Flex,2007-08-14,待定,待定,公开数据集,https://musicbrainz.org/doc/MusicBrainz_Database,2026-08-31
Tom Petty and the Heartbreakers,"2006 Bonnaroo Music Festival, Day 2: What Stage",,Great Stage Park,2006-06-16,待定,待定,公开数据集,https://musicbrainz.org/doc/MusicBrainz_Database,2026-08-31
,J-Funk,,Le Biplan,2007-10-18,待定,待定,公开数据集,https://musicbrainz.org/doc/MusicBrainz_Database,2026-08-31
,TFF Rudolstadt 2006,,,2006-07-07,待定,待定,公开数据集,https://musicbrainz.org/doc/MusicBrainz_Database,2026-08-31
Tommy Reilly,"SXSW 2010, day 1: The Parish",,Parish,2010-03-17,待定,待定,公开数据集,https://musicbrainz.org/doc/MusicBrainz_Database,2026-08-31
,TFF Rudolstadt 2007,,,2007-07-08,待定,待定,公开数据集,https://musicbrainz.org/doc/MusicBrainz_Database,2026-08-31
Death Cab for Cutie,"2006 Bonnaroo Music Festival, Day 2: Which Stage",,Great Stage Park,2006-06-16,待定,待定,公开数据集,https://musicbrainz.org/doc/MusicBrainz_Database,2026-08-31
Cats on a Smooth Surface,"1983‐08‐14: The Stone Pony, Asbury Park, NJ, USA",,The Stone Pony,1983-08-14,待定,待定,公开数据集,https://musicbrainz.org/doc/MusicBrainz_Database,2026-08-31
Stoppok,Stoppok mit Band,,Kultur- und Kommunikationszentrum Lindenbrauerei,2014-11-11,待定,待定,公开数据集,https://musicbrainz.org/doc/MusicBrainz_Database,2026-08-31
Moon Lander,Moon Lander album release show with Tidal Rave and Transistor,,,2017-08-11,待定,待定,公开数据集,https://musicbrainz.org/doc/MusicBrainz_Database,2026-08-31
河合奈保子,カナリー・コンサート Part2,,日本青年館,1982-01-05,待定,待定,公开数据集,https://musicbrainz.org/doc/MusicBrainz_Database,2026-08-31
Louise Lambert,Louise Lambert at Alistair's,,Alistair's,1981-09-30,待定,待定,公开数据集,https://musicbrainz.org/doc/MusicBrainz_Database,2026-08-31
Heart,Heart at Xfinity Center,,Xfinity Center,2019-07-17,待定,待定,公开数据集,https://musicbrainz.org/doc/MusicBrainz_Database,2026-08-31
The E Street Band,"2013‐07‐16: Thomond Park, Limerick, Ireland",,Thomond Park,2013-07-16,待定,待定,公开数据集,https://musicbrainz.org/doc/MusicBrainz_Database,2026-08-31
Louise Lambert,Louise Lambert at Alistair's,,Alistair's,1981-10-02,待定,待定,公开数据集,https://musicbrainz.org/doc/MusicBrainz_Database,2026-08-31
,TFF Rudolstadt 2005,,,2005-07-02,待定,待定,公开数据集,https://musicbrainz.org/doc/MusicBrainz_Database,2026-08-31
Lisa Gerrard,Lisa Gerrard,,Salle Vauban,2007-11-11,待定,待定,公开数据集,https://musicbrainz.org/doc/MusicBrainz_Database,2026-08-31
Tenfold Rabbit,"Tenfold Rabbit ""Fools"" plaadiesitluskontsert",,Genialistide Klubi,2014-11-21,待定,待定,公开数据集,https://musicbrainz.org/doc/MusicBrainz_Database,2026-08-31
Talking Water,"Talking Water at Evangelische Kirche Wald, Solingen",,Evangelische Kirche Solingen-Wald,2010-12-03,待定,待定,公开数据集,https://musicbrainz.org/doc/MusicBrainz_Database,2026-08-31
Pale,"SXSW 2000, day 2: Copper Tank Main",,Coppertank Events Center,2000-03-16,待定,待定,公开数据集,https://musicbrainz.org/doc/MusicBrainz_Database,2026-08-31
Southside Johnny,"1983‐12‐28: Monmouth Arts Center, Red Bank, NJ, USA",,Hackensack Meridian Health Theatre,1983-12-28,待定,待定,公开数据集,https://musicbrainz.org/doc/MusicBrainz_Database,2026-08-31
Unicante,Sommernachtskonzert,,Zentralmensa,2015-07-03,待定,待定,公开数据集,https://musicbrainz.org/doc/MusicBrainz_Database,2026-08-31
,TFF Rudolstadt 2007,,,2007-07-06,待定,待定,公开数据集,https://musicbrainz.org/doc/MusicBrainz_Database,2026-08-31
Dani Miquel,"Feslalí 2020 – Alcalalí en flor: 5ª Feria de oficios y productos de la tierra, sábado 22",,Escenario Plaza del Ayuntamiento,2020-02-22,待定,待定,公开数据集,https://musicbrainz.org/doc/MusicBrainz_Database,2026-08-31
Te Aro School Kapa Haka Group,"Aro Valley Summer Sounds, Mar 9, Park Stage",,Aro Valley Hall,2019-03-09,待定,待定,公开数据集,https://musicbrainz.org/doc/MusicBrainz_Database,2026-08-31
Talking Water,"Talking Water at Evangelische Kirche Wald, Solingen",,Evangelische Kirche Solingen-Wald,2015-09-11,待定,待定,公开数据集,https://musicbrainz.org/doc/MusicBrainz_Database,2026-08-31
J Star,Bootleg Inna Jungle,,Glazart,2007-03-15,待定,待定,公开数据集,https://musicbrainz.org/doc/MusicBrainz_Database,2026-08-31
Unicante,Sommernachtskonzert,,Zentralmensa,2015-07-04,待定,待定,公开数据集,https://musicbrainz.org/doc/MusicBrainz_Database,2026-08-31
Bruce Springsteen,"2013‐05‐03: Friends Arena, Solna, Sweden",,Strawberry Arena,2013-05-03,待定,待定,公开数据集,https://musicbrainz.org/doc/MusicBrainz_Database,2026-08-31
Bruce Springsteen,"2016‐11‐14: Maialino, New York City, NY, USA",,Maialino,2016-11-14,待定,待定,公开数据集,https://musicbrainz.org/doc/MusicBrainz_Database,2026-08-31
Unsanitary Napkin,RATATATT-TATT Black Sheep Animal Sanctuary Fundraiser,,Workingmens Bowling Club,2017-08-20,待定,待定,公开数据集,https://musicbrainz.org/doc/MusicBrainz_Database,2026-08-31
Amos the Transparent,Amos the Transparent Holiday Concert,,Zaphod Beeblebrox,2014-12-23,待定,待定,公开数据集,https://musicbrainz.org/doc/MusicBrainz_Database,2026-08-31
THE ALFEE,THE ALFEE at オリンパスホール八王子,,J:COMホール八王子,2018-04-17,待定,待定,公开数据集,https://musicbrainz.org/doc/MusicBrainz_Database,2026-08-31
Cats on a Smooth Surface,"1984‐06‐10: The Stone Pony, Asbury Park, NJ, USA",,The Stone Pony,1984-06-10,待定,待定,公开数据集,https://musicbrainz.org/doc/MusicBrainz_Database,2026-08-31
国府弘子,岩崎宏美 & 国府弘子 Piano Songs Special,,東京国際フォーラム・ホールC,2016-10-01,待定,待定,公开数据集,https://musicbrainz.org/doc/MusicBrainz_Database,2026-08-31
,Fuck the Commerce 1998,,,,待定,待定,公开数据集,https://musicbrainz.org/doc/MusicBrainz_Database,2026-08-31
,Cisco Ottawa Bluesfest 2003,,Marion Dewar Plaza,2003-07-04,待定,待定,公开数据集,https://musicbrainz.org/doc/MusicBrainz_Database,2026-08-31
KISS,KISS at Sindelfingen Messehalle,,Messe Sindelfingen,1983-11-04,待定,待定,公开数据集,https://musicbrainz.org/doc/MusicBrainz_Database,2026-08-31
Dogcock,"Full Noise 2019, Day 2, Day Show",,,2019-03-09,待定,待定,公开数据集,https://musicbrainz.org/doc/MusicBrainz_Database,2026-08-31
,TFF Rudolstadt 2008,,,2008-07-06,待定,待定,公开数据集,https://musicbrainz.org/doc/MusicBrainz_Database,2026-08-31
EZ3kiel,EZ3kiel,,La Cigale,2008-03-18,待定,待定,公开数据集,https://musicbrainz.org/doc/MusicBrainz_Database,2026-08-31
Bruce Springsteen,"2017‐01‐10: Pollak Theatre, Monmouth University, West Long Branch, NJ, USA",,Pollak Theatre,2017-01-10,待定,待定,公开数据集,https://musicbrainz.org/doc/MusicBrainz_Database,2026-08-31
Xisle,The Gatherings: Xisle,,Houston Hall,1995-12-09,待定,待定,公开数据集,https://musicbrainz.org/doc/MusicBrainz_Database,2026-08-31
Okko Kamu,[concert],,,1971-03-30,待定,待定,公开数据集,https://musicbrainz.org/doc/MusicBrainz_Database,2026-08-31
Myrra Rós,Islandi öö,,Genialistide Klubi,2014-12-11,待定,待定,公开数据集,https://musicbrainz.org/doc/MusicBrainz_Database,2026-08-31
KISS,KISS at Lloyd Noble Center,,Lloyd Noble Center,1983-03-21,待定,待定,公开数据集,https://musicbrainz.org/doc/MusicBrainz_Database,2026-08-31
Lisa Stansfield,Lisa Stansfield at Bournemouth Pavilion Theatre,,Bournemouth Pavilion Theatre and Ballroom,2018-04-08,待定,待定,公开数据集,https://musicbrainz.org/doc/MusicBrainz_Database,2026-08-31
IQ,"IQ at Weststadthalle, Essen",,Weststadthalle Essen,2009-04-24,待定,待定,公开数据集,https://musicbrainz.org/doc/MusicBrainz_Database,2026-08-31
Karla Lee,Karla Lee at Terminus,,Terminus,2017-08-19,待定,待定,公开数据集,https://musicbrainz.org/doc/MusicBrainz_Database,2026-08-31
Kaitlyn Aurelia Smith,Kaitlyn Aurelia Smith at Fasching,,Fasching,2017-08-16,待定,待定,公开数据集,https://musicbrainz.org/doc/MusicBrainz_Database,2026-08-31
Clarence Clemons & The Red Bank Rockers,"1984‐05‐19: The Stone Pony, Asbury Park, NJ, USA",,The Stone Pony,1984-05-19,待定,待定,公开数据集,https://musicbrainz.org/doc/MusicBrainz_Database,2026-08-31
The Flaming Lips,"Glastonbury Festival 2017, Day 1: The Park Stage",,Worthy Farm,2017-06-23,待定,待定,公开数据集,https://musicbrainz.org/doc/MusicBrainz_Database,2026-08-31
KISS,KISS at Universal Amphitheatre,,Gibson Amphitheatre,1983-03-27,待定,待定,公开数据集,https://musicbrainz.org/doc/MusicBrainz_Database,2026-08-31
KISS,KISS at Arizona Veterans Memorial Coliseum,,Arizona Veterans Memorial Coliseum,1983-03-28,待定,待定,公开数据集,https://musicbrainz.org/doc/MusicBrainz_Database,2026-08-31
Gutta Gang,"SXSW 2007, day 1: Carver Museum Backporch",,Carver Museum Backporch,2007-03-13,待定,待定,公开数据集,https://musicbrainz.org/doc/MusicBrainz_Database,2026-08-31
,Mothership Fest,,,2017-10-14,待定,待定,公开数据集,https://musicbrainz.org/doc/MusicBrainz_Database,2026-08-31
Madcats,Madcats at Hollywood Tavern,,Hollywood Tavern,1981-09-28,待定,待定,公开数据集,https://musicbrainz.org/doc/MusicBrainz_Database,2026-08-31
Pumuky,Pumuky at Sala X,,Sala X,2018-02-14,待定,待定,公开数据集,https://musicbrainz.org/doc/MusicBrainz_Database,2026-08-31
The E Street Band,"1984‐05‐22: 129 Monmouth Street, Red Bank, NJ, USA",,129 Monmouth Street,1984-05-22,待定,待定,公开数据集,https://musicbrainz.org/doc/MusicBrainz_Database,2026-08-31
Haken,Haken at the Underground,,Underground,2014-04-16,待定,待定,公开数据集,https://musicbrainz.org/doc/MusicBrainz_Database,2026-08-31
Lisa Stansfield,Lisa Stansfield at G Live,,G Live,2018-04-07,待定,待定,公开数据集,https://musicbrainz.org/doc/MusicBrainz_Database,2026-08-31
,Tanz & Folkfest Rudolstadt '93,,,1993-07-02,待定,待定,公开数据集,https://musicbrainz.org/doc/MusicBrainz_Database,2026-08-31
The E Street Band,"2017‐01‐19: Perth Arena, Perth, Australia",,RAC Arena,2017-01-19,待定,待定,公开数据集,https://musicbrainz.org/doc/MusicBrainz_Database,2026-08-31
Die Apokalyptischen Reiter,"Eisheilige Nacht 2012, RuhrCongress Bochum",,RuhrCongress Bochum,2012-12-26,待定,待定,公开数据集,https://musicbrainz.org/doc/MusicBrainz_Database,2026-08-31
,Tanz & Folkfest Rudolstadt '91,,,1991-07-05,待定,待定,公开数据集,https://musicbrainz.org/doc/MusicBrainz_Database,2026-08-31
We Used to Pray,Atomic Art 2019,,Convent Carmen,2019-09-22,待定,待定,公开数据集,https://musicbrainz.org/doc/MusicBrainz_Database,2026-08-31
,TFF Rudolstadt 2013,,,2013-07-04,待定,待定,公开数据集,https://musicbrainz.org/doc/MusicBrainz_Database,2026-08-31
Madcats,Madcats at Hollywood Tavern,,Hollywood Tavern,1981-10-01,待定,待定,公开数据集,https://musicbrainz.org/doc/MusicBrainz_Database,2026-08-31
Major Lazer,"Glastonbury Festival 2017, Day 1: Other Stage",,Worthy Farm,2017-06-23,待定,待定,公开数据集,https://musicbrainz.org/doc/MusicBrainz_Database,2026-08-31
,バーチャルマーケット,,,2018-08-26,待定,待定,公开数据集,https://musicbrainz.org/doc/MusicBrainz_Database,2026-08-31
Galahad,Galahad at Backstage at the Green Hotel,,Backstage at the Green Hotel,2019-03-16,待定,待定,公开数据集,https://musicbrainz.org/doc/MusicBrainz_Database,2026-08-31
Elton John,Farewell Yellow Brick Road Tour: Minneapolis,,Target Center,2019-02-22,待定,待定,公开数据集,https://musicbrainz.org/doc/MusicBrainz_Database,2026-08-31
,Classical Brit Awards,,Royal Albert Hall,2003-05-22,待定,待定,公开数据集,https://musicbrainz.org/doc/MusicBrainz_Database,2026-08-31
Cats on a Smooth Surface,"1982‐08‐15: The Stone Pony, Asbury Park, NJ, USA",,The Stone Pony,1982-08-15,待定,待定,公开数据集,https://musicbrainz.org/doc/MusicBrainz_Database,2026-08-31
Péter Eötvös,[concert],,,1987-04-27,待定,待定,公开数据集,https://musicbrainz.org/doc/MusicBrainz_Database,2026-08-31
Kansas,Kansas at United Wireless Arena,,United Wireless Arena,2017-10-20,待定,待定,公开数据集,https://musicbrainz.org/doc/MusicBrainz_Database,2026-08-31
Mama Tried,"1982‐08‐23: Brighton Bar, Long Branch, NJ, USA",,Brighton Bar,1982-08-23,待定,待定,公开数据集,https://musicbrainz.org/doc/MusicBrainz_Database,2026-08-31
The E Street Band,"2017‐01‐25: Perth Arena, Perth, Australia",,RAC Arena,2017-01-25,待定,待定,公开数据集,https://musicbrainz.org/doc/MusicBrainz_Database,2026-08-31
Stoppok,Stoppok mit Band,,Kultur- und Kommunikationszentrum Lindenbrauerei,2014-11-11,待定,待定,公开数据集,https://musicbrainz.org/doc/MusicBrainz_Database,2026-08-31
Moon Lander,Moon Lander album release show with Tidal Rave and Transistor,,,2017-08-11,待定,待定,公开数据集,https://musicbrainz.org/doc/MusicBrainz_Database,2026-08-31
河合奈保子,カナリー・コンサート Part2,,日本青年館,1982-01-05,待定,待定,公开数据集,https://musicbrainz.org/doc/MusicBrainz_Database,2026-08-31
Louise Lambert,Louise Lambert at Alistair's,,Alistair's,1981-09-30,待定,待定,公开数据集,https://musicbrainz.org/doc/MusicBrainz_Database,2026-08-31
Heart,Heart at Xfinity Center,,Xfinity Center,2019-07-17,待定,待定,公开数据集,https://musicbrainz.org/doc/MusicBrainz_Database,2026-08-31
The E Street Band,"2013‐07‐16: Thomond Park, Limerick, Ireland",,Thomond Park,2013-07-16,待定,待定,公开数据集,https://musicbrainz.org/doc/MusicBrainz_Database,2026-08-31
Louise Lambert,Louise Lambert at Alistair's,,Alistair's,1981-10-02,待定,待定,公开数据集,https://musicbrainz.org/doc/MusicBrainz_Database,2026-08-31
Marlon Williams,"Marlon Williams at San Fran, Wellington",,San Fran,2017-11-11,待定,待定,公开数据集,https://musicbrainz.org/doc/MusicBrainz_Database,2026-08-31
Stoppok,Stoppok mit Band,,Kulturfabrik Krefeld,2014-11-12,待定,待定,公开数据集,https://musicbrainz.org/doc/MusicBrainz_Database,2026-08-31
Pale,"SXSW 2000, day 2: Copper Tank Main",,Coppertank Events Center,2000-03-16,待定,待定,公开数据集,https://musicbrainz.org/doc/MusicBrainz_Database,2026-08-31
Southside Johnny,"1983‐12‐28: Monmouth Arts Center, Red Bank, NJ, USA",,Hackensack Meridian Health Theatre,1983-12-28,待定,待定,公开数据集,https://musicbrainz.org/doc/MusicBrainz_Database,2026-08-31
Unicante,Sommernachtskonzert,,Zentralmensa,2015-07-03,待定,待定,公开数据集,https://musicbrainz.org/doc/MusicBrainz_Database,2026-08-31
Talking Water,"Talking Water at Evangelische Kirche Wald, Solingen",,Evangelische Kirche Solingen-Wald,2010-12-03,待定,待定,公开数据集,https://musicbrainz.org/doc/MusicBrainz_Database,2026-08-31
Kelly Fairchild,Cruefest Hollywood 2007,,,2007-07-28,待定,待定,公开数据集,https://musicbrainz.org/doc/MusicBrainz_Database,2026-08-31
Strinx,"Strinx at Evangelische Kirche Wald, Solingen",,Evangelische Kirche Solingen-Wald,2011-12-03,待定,待定,公开数据集,https://musicbrainz.org/doc/MusicBrainz_Database,2026-08-31
Dani Miquel,"Feslalí 2020 – Alcalalí en flor: 5ª Feria de oficios y productos de la tierra, sábado 22",,Escenario Plaza del Ayuntamiento,2020-02-22,待定,待定,公开数据集,https://musicbrainz.org/doc/MusicBrainz_Database,2026-08-31
Unicante,Sommernachtskonzert,,Zentralmensa,2015-07-04,待定,待定,公开数据集,https://musicbrainz.org/doc/MusicBrainz_Database,2026-08-31
Talking Water,"Talking Water at Evangelische Kirche Wald, Solingen",,Evangelische Kirche Solingen-Wald,2015-09-11,待定,待定,公开数据集,https://musicbrainz.org/doc/MusicBrainz_Database,2026-08-31
Honk,Live Concert,,,1974,待定,待定,公开数据集,https://musicbrainz.org/doc/MusicBrainz_Database,2026-08-31
Bruce Springsteen,"2013‐05‐03: Friends Arena, Solna, Sweden",,Strawberry Arena,2013-05-03,待定,待定,公开数据集,https://musicbrainz.org/doc/MusicBrainz_Database,2026-08-31
Bruce Springsteen,"2016‐11‐14: Maialino, New York City, NY, USA",,Maialino,2016-11-14,待定,待定,公开数据集,https://musicbrainz.org/doc/MusicBrainz_Database,2026-08-31
Unsanitary Napkin,RATATATT-TATT Black Sheep Animal Sanctuary Fundraiser,,Workingmens Bowling Club,2017-08-20,待定,待定,公开数据集,https://musicbrainz.org/doc/MusicBrainz_Database,2026-08-31
Amos the Transparent,Amos the Transparent Holiday Concert,,Zaphod Beeblebrox,2014-12-23,待定,待定,公开数据集,https://musicbrainz.org/doc/MusicBrainz_Database,2026-08-31
THE ALFEE,THE ALFEE at オリンパスホール八王子,,J:COMホール八王子,2018-04-17,待定,待定,公开数据集,https://musicbrainz.org/doc/MusicBrainz_Database,2026-08-31
国府弘子,岩崎宏美 & 国府弘子 Piano Songs Special,,東京国際フォーラム・ホールC,2016-10-01,待定,待定,公开数据集,https://musicbrainz.org/doc/MusicBrainz_Database,2026-08-31
,Fuck the Commerce 1998,,,,待定,待定,公开数据集,https://musicbrainz.org/doc/MusicBrainz_Database,2026-08-31
,Cisco Ottawa Bluesfest 2003,,Marion Dewar Plaza,2003-07-04,待定,待定,公开数据集,https://musicbrainz.org/doc/MusicBrainz_Database,2026-08-31
KISS,KISS at Sindelfingen Messehalle,,Messe Sindelfingen,1983-11-04,待定,待定,公开数据集,https://musicbrainz.org/doc/MusicBrainz_Database,2026-08-31
High Tone,High Tone,,Le Grand Mix,2003-04-09,待定,待定,公开数据集,https://musicbrainz.org/doc/MusicBrainz_Database,2026-08-31
Journey,Journey at Pinnacle Bank Arena,,Pinnacle Bank Arena,2017-03-25,待定,待定,公开数据集,https://musicbrainz.org/doc/MusicBrainz_Database,2026-08-31
Lewis Black,"2006 Bonnaroo Music Festival, Day 4: The Bonnaroo Comedy Theatre",,Great Stage Park,2006-06-18,待定,待定,公开数据集,https://musicbrainz.org/doc/MusicBrainz_Database,2026-08-31
Silhouette,"Silhouette at De Kroepoekfabriek, Vlaardingen",,De Kroepoekfabriek,2015-05-29,待定,待定,公开数据集,https://musicbrainz.org/doc/MusicBrainz_Database,2026-08-31
Heart,Heart at Pepsi Center,,Ball Arena,2019-08-31,待定,待定,公开数据集,https://musicbrainz.org/doc/MusicBrainz_Database,2026-08-31
YOB,"Psycho Las Vegas 2017, Psycho Pre‐Party: Vinyl",,Vinyl,2017-08-17,待定,待定,公开数据集,https://musicbrainz.org/doc/MusicBrainz_Database,2026-08-31
Okko Kamu,[concert],,,1971-03-30,待定,待定,公开数据集,https://musicbrainz.org/doc/MusicBrainz_Database,2026-08-31
Myrra Rós,Islandi öö,,Genialistide Klubi,2014-12-11,待定,待定,公开数据集,https://musicbrainz.org/doc/MusicBrainz_Database,2026-08-31
,TFF Rudolstadt 2012,,,2012-07-06,待定,待定,公开数据集,https://musicbrainz.org/doc/MusicBrainz_Database,2026-08-31
Pumuky,Pumuky at Sala X,,Sala X,2018-02-14,待定,待定,公开数据集,https://musicbrainz.org/doc/MusicBrainz_Database,2026-08-31
Haken,Haken at the Underground,,Underground,2014-04-16,待定,待定,公开数据集,https://musicbrainz.org/doc/MusicBrainz_Database,2026-08-31
Noise Box,Noise Box + Neon Lights at Moby Dick,,Moby Dick Club,2018-04-27,待定,待定,公开数据集,https://musicbrainz.org/doc/MusicBrainz_Database,2026-08-31
℃‐ute,Berryz Kobo×℃-ute in Hello! Project Festival,,Parc des Expositions de Villepinte Hall 5B,2014-07-03,待定,待定,公开数据集,https://musicbrainz.org/doc/MusicBrainz_Database,2026-08-31
,TFF Rudolstadt 2012,,,2012-07-08,待定,待定,公开数据集,https://musicbrainz.org/doc/MusicBrainz_Database,2026-08-31
,Helsingin juhlaviikot 1995,,,1995-08-20,待定,待定,公开数据集,https://musicbrainz.org/doc/MusicBrainz_Database,2026-08-31
KISS,KISS at Pine Bluff Convention Center,,Pine Bluff Convention Center Arena,1983-02-11,待定,待定,公开数据集,https://musicbrainz.org/doc/MusicBrainz_Database,2026-08-31
The Rita Johns Quartet,The Rita Johns Quartet at Black Knight Dining Room,,Black Knight Dining Room,1981-10-08,待定,待定,公开数据集,https://musicbrainz.org/doc/MusicBrainz_Database,2026-08-31
,TFF Rudolstadt 2013,,,2013-07-04,待定,待定,公开数据集,https://musicbrainz.org/doc/MusicBrainz_Database,2026-08-31
J. Trafford,Deutschtown Music Festival 2016 Saturday @ James Street Gastropub - Restaurant,,James Street Gastropub - Restaurant,2016-07-09,待定,待定,公开数据集,https://musicbrainz.org/doc/MusicBrainz_Database,2026-08-31
The Rita Johns Quartet,The Rita Johns Quartet at Black Knight Dining Room,,Black Knight Dining Room,1981-10-09,待定,待定,公开数据集,https://musicbrainz.org/doc/MusicBrainz_Database,2026-08-31
DIR EN GREY,TOUR18 真世界,,CLUB CITTA’,2018-04-16,待定,待定,公开数据集,https://musicbrainz.org/doc/MusicBrainz_Database,2026-08-31
KISS,Mardi Gras Eve Spectacular,,Caesars Superdome,1983-02-14,待定,待定,公开数据集,https://musicbrainz.org/doc/MusicBrainz_Database,2026-08-31
林憶蓮,"Pranava World Tour, Auckland",,Logan Campbell Centre,2017-08-07,待定,待定,公开数据集,https://musicbrainz.org/doc/MusicBrainz_Database,2026-08-31
The Rita Johns Quartet,The Rita Johns Quartet at Black Knight Dining Room,,Black Knight Dining Room,1981-10-10,待定,待定,公开数据集,https://musicbrainz.org/doc/MusicBrainz_Database,2026-08-31
Native Alloys,Deutschtown Music Festival 2016 Saturday @ Max's Allegheny Tavern,,Max's Allegheny Tavern,2016-07-09,待定,待定,公开数据集,https://musicbrainz.org/doc/MusicBrainz_Database,2026-08-31
Jadis,3. Oberhausener Melodic Rock Nacht,,Musikzirkus,1994-05-15,待定,待定,公开数据集,https://musicbrainz.org/doc/MusicBrainz_Database,2026-08-31
DIR EN GREY,TOUR18 真世界,,なんばHatch,2018-04-25,待定,待定,公开数据集,https://musicbrainz.org/doc/MusicBrainz_Database,2026-08-31
Louise Lambert,Louise Lambert at Alistair's,,Alistair's,1981-10-01,待定,待定,公开数据集,https://musicbrainz.org/doc/MusicBrainz_Database,2026-08-31
Christian Kölbl,Summertimeblues 2002,,Schloss Gamlitz,2002-07-12,待定,待定,公开数据集,https://musicbrainz.org/doc/MusicBrainz_Database,2026-08-31
Noise Box,Noise Box + Grande Days at Sala 12 y Medio,,Sala Spectrum,2018-03-03,待定,待定,公开数据集,https://musicbrainz.org/doc/MusicBrainz_Database,2026-08-31
KISS,KISS at Espace Ballard,,Espace Ballard,1983-10-31,待定,待定,公开数据集,https://musicbrainz.org/doc/MusicBrainz_Database,2026-08-31
The Comas,"SXSW 2007, day 2: Beauty Bar Patio",,Beauty Bar Patio,2007-03-14,待定,待定,公开数据集,https://musicbrainz.org/doc/MusicBrainz_Database,2026-08-31
John Eddie,"1984‐01‐14: Patrix, New Brunswick, NJ, USA",,Patrix,1984-01-14,待定,待定,公开数据集,https://musicbrainz.org/doc/MusicBrainz_Database,2026-08-31
Heart,Heart at USANA Amphitheatre,,Utah First Credit Union Amphitheatre,2019-08-30,待定,待定,公开数据集,https://musicbrainz.org/doc/MusicBrainz_Database,2026-08-31
Béla Fleck and the Flecktones,"2006 Bonnaroo Music Festival, Day 4: Sonic Stage",,Great Stage Park,2006-06-18,待定,待定,公开数据集,https://musicbrainz.org/doc/MusicBrainz_Database,2026-08-31
Rainbow,Rainbow at Monsters of Rock 2016 Loreley,,Freilichtbühne Loreley,2016-06-17,待定,待定,公开数据集,https://musicbrainz.org/doc/MusicBrainz_Database,2026-08-31
Steve Hackett,"Steve Hackett at E-Werk, Cologne",,E-Werk,2015-09-15,待定,待定,公开数据集,https://musicbrainz.org/doc/MusicBrainz_Database,2026-08-31
,M’era Luna Festival 2001,,Airport Hildesheim,2001-09-01,待定,待定,公开数据集,https://musicbrainz.org/doc/MusicBrainz_Database,2026-08-31
Midnight Thunder,"1983‐07‐16: The Headliner, Neptune, NJ, USA",,The Headliner,1983-07-16,待定,待定,公开数据集,https://musicbrainz.org/doc/MusicBrainz_Database,2026-08-31
Phil Nimmons Quartet,Phil Nimmons Quartet at George's Spaghetti House,,George's Spaghetti House,1981-10-01,待定,待定,公开数据集,https://musicbrainz.org/doc/MusicBrainz_Database,2026-08-31
Damnaged,"MusicfestNW 2001, day 3: Satyricon",,Satyricon,2001-09-22,待定,待定,公开数据集,https://musicbrainz.org/doc/MusicBrainz_Database,2026-08-31
Adler,Adler on The KISS Kruise II,,Norwegian Pearl: Stardust Theater,2012-10-31,待定,待定,公开数据集,https://musicbrainz.org/doc/MusicBrainz_Database,2026-08-31
Bruce Springsteen,"1976‐05‐28: Halsey Field House, U.S. Naval Academy, Annapolis, MD, USA",,Halsey Field House,1976-05-28,待定,待定,公开数据集,https://musicbrainz.org/doc/MusicBrainz_Database,2026-08-31
Hanf Kung,Rappers Delight,,Genialistide Klubi,2014-11-22,待定,待定,公开数据集,https://musicbrainz.org/doc/MusicBrainz_Database,2026-08-31
Geno Delafose & French Rockin’ Boogie,"Cisco Ottawa Bluesfest 2003, day 7: Southern Stage",,Marion Dewar Plaza,2003-07-10,待定,待定,公开数据集,https://musicbrainz.org/doc/MusicBrainz_Database,2026-08-31
Die Ärzte,Die Ärzte at Filmnächte am Elbufer,,Neustädter Elbufer,2001-08-17,待定,待定,公开数据集,https://musicbrainz.org/doc/MusicBrainz_Database,2026-08-31
Trans‐Siberian Orchestra,Trans‐Siberian Orchestra at Erie Insurance Arena,,Erie Insurance Arena,2017-11-16,待定,待定,公开数据集,https://musicbrainz.org/doc/MusicBrainz_Database,2026-08-31
Hollywood Vampires,Hollywood Vampires at The Joint at Hard Rock Hotel & Casino,,The Theatre at Virgin Hotels Las Vegas,2019-05-10,待定,待定,公开数据集,https://musicbrainz.org/doc/MusicBrainz_Database,2026-08-31
The Dresden Dolls,The Dresden Dolls at Scala,,Scala,2005-02-19,待定,待定,公开数据集,https://musicbrainz.org/doc/MusicBrainz_Database,2026-08-31
The Skatalites,Les Zicalizes,,Élysée Montmartre,2008-04-28,待定,待定,公开数据集,https://musicbrainz.org/doc/MusicBrainz_Database,2026-08-31
Trans‐Siberian Orchestra,Trans‐Siberian Orchestra at Erie Insurance Arena,,Erie Insurance Arena,2017-11-16,待定,待定,公开数据集,https://musicbrainz.org/doc/MusicBrainz_Database,2026-08-31
Skid Row,Skid Row on The KISS Kruise II,,Norwegian Pearl: Pool Deck,2012-10-31,待定,待定,公开数据集,https://musicbrainz.org/doc/MusicBrainz_Database,2026-08-31
Portishead,Portishead,,Zénith de Paris,2008-05-06,待定,待定,公开数据集,https://musicbrainz.org/doc/MusicBrainz_Database,2026-08-31
The E Street Band,"1984‐07‐15: Rosemont Horizon, Rosemont, IL, USA",,Allstate Arena,1984-07-15,待定,待定,公开数据集,https://musicbrainz.org/doc/MusicBrainz_Database,2026-08-31
Die Ärzte,Die Ärzte at Ottakringer Arena,,Ottakringer Arena,2013-08-28,待定,待定,公开数据集,https://musicbrainz.org/doc/MusicBrainz_Database,2026-08-31
Trans‐Siberian Orchestra,Trans‐Siberian Orchestra at Royal Farms Arena,,CFG Bank Arena,2017-11-17,待定,待定,公开数据集,https://musicbrainz.org/doc/MusicBrainz_Database,2026-08-31
Hollywood Vampires,Hollywood Vampires at The Fillmore Auditorium,,Fillmore Auditorium,2019-05-14,待定,待定,公开数据集,https://musicbrainz.org/doc/MusicBrainz_Database,2026-08-31
Busta Rhymes,Busta Rhymes,,Élysée Montmartre,2008-05-08,待定,待定,公开数据集,https://musicbrainz.org/doc/MusicBrainz_Database,2026-08-31
Trans‐Siberian Orchestra,Trans‐Siberian Orchestra at PPL Center,,PPL Center,2017-11-18,待定,待定,公开数据集,https://musicbrainz.org/doc/MusicBrainz_Database,2026-08-31
The E Street Band,"1984‐07‐21: Montreal Forum, Montreal, QC, Canada",,Montreal Forum,1984-07-21,待定,待定,公开数据集,https://musicbrainz.org/doc/MusicBrainz_Database,2026-08-31
Bruce Springsteen,"1981‐08‐20: Los Angeles Memorial Sports Arena, Los Angeles, CA, USA",,Los Angeles Memorial Sports Arena,1981-08-20,待定,待定,公开数据集,https://musicbrainz.org/doc/MusicBrainz_Database,2026-08-31
Trans‐Siberian Orchestra,Trans‐Siberian Orchestra at PPL Center,,PPL Center,2017-11-18,待定,待定,公开数据集,https://musicbrainz.org/doc/MusicBrainz_Database,2026-08-31
Hollywood Vampires,Hollywood Vampires at Talking Stick Resort & Casino,,The Pool at Talking Stick Resort & Casino,2019-05-17,待定,待定,公开数据集,https://musicbrainz.org/doc/MusicBrainz_Database,2026-08-31
The E Street Band,"1984‐07‐23: CNE Grandstand, Toronto, ON, Canada",,Canadian National Exhibition Stadium,1984-07-23,待定,待定,公开数据集,https://musicbrainz.org/doc/MusicBrainz_Database,2026-08-31
Stoppok,Stoppok mit Band,,WERK 2 - Kulturfabrik Leipzig,2014-11-20,待定,待定,公开数据集,https://musicbrainz.org/doc/MusicBrainz_Database,2026-08-31
Hollywood Vampires,Hollywood Vampires at Fantasy Springs Resort Casino,,Fantasy Springs Special Events Center,2019-05-18,待定,待定,公开数据集,https://musicbrainz.org/doc/MusicBrainz_Database,2026-08-31
Stoppok,Stoppok mit Band,,Kulturzentrum Schlachthof,2014-11-21,待定,待定,公开数据集,https://musicbrainz.org/doc/MusicBrainz_Database,2026-08-31
,Rudolstadt-Festival 2016,,,2016-07-09,待定,待定,公开数据集,https://musicbrainz.org/doc/MusicBrainz_Database,2026-08-31
Mott the Hoople,Mott the Hoople ’74 at Miller High Life Theatre,,Miller High Life Theatre,2019-04-01,待定,待定,公开数据集,https://musicbrainz.org/doc/MusicBrainz_Database,2026-08-31
Stoppok,Stoppok mit Band,,Fabrik,2014-11-22,待定,待定,公开数据集,https://musicbrainz.org/doc/MusicBrainz_Database,2026-08-31
Driveblind,"SXSW 2007, day 2: Buffalo Billiards",,Buffalo Billiards,2007-03-14,待定,待定,公开数据集,https://musicbrainz.org/doc/MusicBrainz_Database,2026-08-31
,Rudolstadt-Festival 2016,,,2016-07-07,待定,待定,公开数据集,https://musicbrainz.org/doc/MusicBrainz_Database,2026-08-31
Jeff Wayne,"Jeff Wayne's Musical Version of the War of the Worlds live at MEN Arena, Manchester",,AO Arena,2007-12-09,待定,待定,公开数据集,https://musicbrainz.org/doc/MusicBrainz_Database,2026-08-31
Roomrunner,Roomrunner in Raleigh,,Slim’s,2012-04-29,待定,待定,公开数据集,https://musicbrainz.org/doc/MusicBrainz_Database,2026-08-31
,"Roadburn Festival 2014, Day 2",,,2014-04-11,待定,待定,公开数据集,https://musicbrainz.org/doc/MusicBrainz_Database,2026-08-31
The Applebutter Express,"2012 Bonnaroo Music Festival, Day 1: The Solar Stage",,The Solar Stage,2012-06-07,待定,待定,公开数据集,https://musicbrainz.org/doc/MusicBrainz_Database,2026-08-31
The Essence,The Essence + Ambros Chapel at 16 Toneladas,,16 Toneladas,2019-02-08,待定,待定,公开数据集,https://musicbrainz.org/doc/MusicBrainz_Database,2026-08-31
Whisky Hollow,Whisky Hollow at Nags Head 4,,Nags Head 4,1981-09-30,待定,待定,公开数据集,https://musicbrainz.org/doc/MusicBrainz_Database,2026-08-31
Trans‐Siberian Orchestra,Trans‐Siberian Orchestra at Van Andel Arena,,Van Andel Arena,2017-12-03,待定,待定,公开数据集,https://musicbrainz.org/doc/MusicBrainz_Database,2026-08-31
Roomrunner,Roomrunner in Charlotte,,Snug Harbor,2012-04-30,待定,待定,公开数据集,https://musicbrainz.org/doc/MusicBrainz_Database,2026-08-31
Meï Teï Shô,On The Road Tour / F'Estival des Musiques d'Ici et d'Ailleurs,,Centre de culture André Gallois,2009-07-15,待定,待定,公开数据集,https://musicbrainz.org/doc/MusicBrainz_Database,2026-08-31
,Mutek 2017 August 26 Don’t Assume: NTS Radio On Stage 2,,,2017-08-26,待定,待定,公开数据集,https://musicbrainz.org/doc/MusicBrainz_Database,2026-08-31
Copper Age,3ª Eliminatoria Concurso Sala Revólver,,Sala Revólver,2019-03-08,待定,待定,公开数据集,https://musicbrainz.org/doc/MusicBrainz_Database,2026-08-31
,第十七屆十大中文金曲頒獎音樂會,,,1995-01-29,待定,待定,公开数据集,https://musicbrainz.org/doc/MusicBrainz_Database,2026-08-31
Die Ärzte,Die Ärzte at TUI Arena,,ZAG‐Arena,2008-06-05,待定,待定,公开数据集,https://musicbrainz.org/doc/MusicBrainz_Database,2026-08-31
Trans‐Siberian Orchestra,Trans‐Siberian Orchestra at Van Andel Arena,,Van Andel Arena,2017-12-03,待定,待定,公开数据集,https://musicbrainz.org/doc/MusicBrainz_Database,2026-08-31
,Mutek 2017 August 24 A/VISIONS 1,,,2017-08-24,待定,待定,公开数据集,https://musicbrainz.org/doc/MusicBrainz_Database,2026-08-31
Roomrunner,Roomrunner in Asheville,,The Get Down,2012-05-02,待定,待定,公开数据集,https://musicbrainz.org/doc/MusicBrainz_Database,2026-08-31
,"Psychedelic Network Festival 2012, Day 1",,,2012-11-16,待定,待定,公开数据集,https://musicbrainz.org/doc/MusicBrainz_Database,2026-08-31
Trans‐Siberian Orchestra,Trans‐Siberian Orchestra at Legacy Arena at the BJCC,,Legacy Arena,2017-12-13,待定,待定,公开数据集,https://musicbrainz.org/doc/MusicBrainz_Database,2026-08-31
The E Street Band,"1984‐12‐07: Leon County Civic Center, Tallahassee, FL, USA",,Donald L. Tucker Civic Center,1984-12-07,待定,待定,公开数据集,https://musicbrainz.org/doc/MusicBrainz_Database,2026-08-31
Roken is Dodelijk,Roken Is Dodelijk,,Le Biplan,2009-03-25,待定,待定,公开数据集,https://musicbrainz.org/doc/MusicBrainz_Database,2026-08-31
The E Street Band,"1985‐07‐06: Wembley Stadium, London, England, UK",,Wembley Stadium,1985-07-06,待定,待定,公开数据集,https://musicbrainz.org/doc/MusicBrainz_Database,2026-08-31
Trans‐Siberian Orchestra,Trans‐Siberian Orchestra at Capital One Arena,,Capital One Arena,2017-12-14,待定,待定,公开数据集,https://musicbrainz.org/doc/MusicBrainz_Database,2026-08-31
Promotion Soul Concern,"""Soul is coming back to town"" Promotion Soul Concern",,Cobra,2003-01-18,待定,待定,公开数据集,https://musicbrainz.org/doc/MusicBrainz_Database,2026-08-31
Trans‐Siberian Orchestra,Trans‐Siberian Orchestra at Gila River Arena,,Desert Diamond Arena,2017-12-03,待定,待定,公开数据集,https://musicbrainz.org/doc/MusicBrainz_Database,2026-08-31
Danko Jones,The Eastpak Antidote Tour 2006 at FILharmonie,,FILharmonie,2006-11-10,待定,待定,公开数据集,https://musicbrainz.org/doc/MusicBrainz_Database,2026-08-31
John Illsley,John Illsley at Harmonie,,Harmonie,2018-03-20,待定,待定,公开数据集,https://musicbrainz.org/doc/MusicBrainz_Database,2026-08-31
Infernal,"Smukfest Skanderborg 2006, Day 4: RytmeHans",,Dyrehaven,2006-08-12,待定,待定,公开数据集,https://musicbrainz.org/doc/MusicBrainz_Database,2026-08-31
Die Ärzte,Die Ärzte at Ostseehalle,,Sparkassen-Arena,2008-06-06,待定,待定,公开数据集,https://musicbrainz.org/doc/MusicBrainz_Database,2026-08-31
Future Clouds and Radar,"SXSW 2007, day 2: Light Bar",,Light Bar,2007-03-14,待定,待定,公开数据集,https://musicbrainz.org/doc/MusicBrainz_Database,2026-08-31
Kenneth Thordal,"Smukfest Skanderborg 2006, Day 4: Blå Café",,Dyrehaven,2006-08-12,待定,待定,公开数据集,https://musicbrainz.org/doc/MusicBrainz_Database,2026-08-31
Assassin,Assassin,,Le Grand Mix,2009-04-08,待定,待定,公开数据集,https://musicbrainz.org/doc/MusicBrainz_Database,2026-08-31
Laurent Garnier,Elektricity,,Parvis de la Cathédrale,2009-10-02,待定,待定,公开数据集,https://musicbrainz.org/doc/MusicBrainz_Database,2026-08-31
Bruce Springsteen,"1984‐11‐08: ASU Activity Center, Arizona State University, Tempe, AZ, USA",,Desert Financial Arena,1984-11-08,待定,待定,公开数据集,https://musicbrainz.org/doc/MusicBrainz_Database,2026-08-31
Trans‐Siberian Orchestra,Trans‐Siberian Orchestra at Little Caesars Arena,,Little Caesars Arena,2017-12-23,待定,待定,公开数据集,https://musicbrainz.org/doc/MusicBrainz_Database,2026-08-31
,Mutek 2017 August 25 INTER_CONNECT Barcelona,,,2017-08-25,待定,待定,公开数据集,https://musicbrainz.org/doc/MusicBrainz_Database,2026-08-31
Trans‐Siberian Orchestra,Trans‐Siberian Orchestra at KeyBank Center,,KeyBank Center,2017-12-16,待定,待定,公开数据集,https://musicbrainz.org/doc/MusicBrainz_Database,2026-08-31
Trans‐Siberian Orchestra,Trans‐Siberian Orchestra at Little Caesars Arena,,Little Caesars Arena,2017-12-23,待定,待定,公开数据集,https://musicbrainz.org/doc/MusicBrainz_Database,2026-08-31
Depeche Mode,Exciter Tour,,Olympiahalle München,2001-09-29,待定,待定,公开数据集,https://musicbrainz.org/doc/MusicBrainz_Database,2026-08-31
David Bowie,"1987-03-18: Cat Club, New York City, New York",,Cat Club,1987-03-18,待定,待定,公开数据集,https://musicbrainz.org/doc/MusicBrainz_Database,2026-08-31
Erik Truffaz Quartet,Reims Jazz Festival,,Domaine Pommery,2010-11-19,待定,待定,公开数据集,https://musicbrainz.org/doc/MusicBrainz_Database,2026-08-31
,Music Discovery Project 2015: Liedschlag,,,2015-02-27,待定,待定,公开数据集,https://musicbrainz.org/doc/MusicBrainz_Database,2026-08-31
,Pukkelpop 2006,,Kempische Steenweg Kiewit,2006-08-17,待定,待定,公开数据集,https://musicbrainz.org/doc/MusicBrainz_Database,2026-08-31
Trans‐Siberian Orchestra,Trans‐Siberian Orchestra at Mohegan Sun Arena,,Mohegan Sun Arena,2014-11-16,待定,待定,公开数据集,https://musicbrainz.org/doc/MusicBrainz_Database,2026-08-31
Bruce Springsteen,"1985‐03‐03: Hollywood Center Studios, Soundstage, Los Angeles, CA, USA",,[soundstage],1985-03-03,待定,待定,公开数据集,https://musicbrainz.org/doc/MusicBrainz_Database,2026-08-31
Kansas,Kansas at Scotts Bluff County Fair 2018,,Scotts Bluff County Fairgrounds,2018-08-04,待定,待定,公开数据集,https://musicbrainz.org/doc/MusicBrainz_Database,2026-08-31
Die Ärzte,Die Ärzte at Capitol,,Capitol Hannover,1998-10-04,待定,待定,公开数据集,https://musicbrainz.org/doc/MusicBrainz_Database,2026-08-31
Stark Naked and the Fleshtones,Stark Naked and the Fleshtones at Nickelodeon,,Nickelodeon,1981-09-28,待定,待定,公开数据集,https://musicbrainz.org/doc/MusicBrainz_Database,2026-08-31
,"Cheyenne Frontier Days 2016, Day 5",,,2016-07-26,待定,待定,公开数据集,https://musicbrainz.org/doc/MusicBrainz_Database,2026-08-31
KISS,KISS at Etihad Stadium,,Marvel Stadium,2013-03-06,待定,待定,公开数据集,https://musicbrainz.org/doc/MusicBrainz_Database,2026-08-31
Die Ärzte,Die Ärzte at Burg Clam,,Burg Clam,2008-08-21,待定,待定,公开数据集,https://musicbrainz.org/doc/MusicBrainz_Database,2026-08-31
Inquire,Inquire at Alte Schalterhalle,,Alte Schalterhalle,2000-09-30,待定,待定,公开数据集,https://musicbrainz.org/doc/MusicBrainz_Database,2026-08-31
Genesis,Genesis at Manchester Arena,,AO Arena,2020-12-09,待定,待定,公开数据集,https://musicbrainz.org/doc/MusicBrainz_Database,2026-08-31
Stark Naked and the Fleshtones,Stark Naked and the Fleshtones at Nickelodeon,,Nickelodeon,1981-09-29,待定,待定,公开数据集,https://musicbrainz.org/doc/MusicBrainz_Database,2026-08-31
,"Cheyenne Frontier Days 2016, Day 6",,,2016-07-27,待定,待定,公开数据集,https://musicbrainz.org/doc/MusicBrainz_Database,2026-08-31
David Bowie,"1987-06-06: Platz der Republik, Berlin, Germany",,Platz der Republik,1987-06-06,待定,待定,公开数据集,https://musicbrainz.org/doc/MusicBrainz_Database,2026-08-31
Pulp,Pulp at Christmas,,Theatre Royal,1994-12-18,待定,待定,公开数据集,https://musicbrainz.org/doc/MusicBrainz_Database,2026-08-31
Kansas,Kansas at Ovens Auditorium,,Ovens Auditorium,2018-08-11,待定,待定,公开数据集,https://musicbrainz.org/doc/MusicBrainz_Database,2026-08-31
Talking Water,"Talking Water at Evangelische Kirche Wald, Solingen",,Evangelische Kirche Solingen-Wald,2002-12-06,待定,待定,公开数据集,https://musicbrainz.org/doc/MusicBrainz_Database,2026-08-31
Die Ärzte,Die Ärzte at Colosseum,,TonHalle München,1998-10-24,待定,待定,公开数据集,https://musicbrainz.org/doc/MusicBrainz_Database,2026-08-31
The Ike Reilly Assassination,"Austin City Limits Festival 2007, day 2: Austin Ventures",,Zilker Park,2007-09-15,待定,待定,公开数据集,https://musicbrainz.org/doc/MusicBrainz_Database,2026-08-31
Rachel Harnisch,"Gulbenkian Música 14/15: Coro Gulbenkian, Orquestra Gulbenkian",,Fundação Calouste Gulbenkian: Grande Auditório,2014-11-06,待定,待定,公开数据集,https://musicbrainz.org/doc/MusicBrainz_Database,2026-08-31
The E Street Band,"1985‐03‐21: Sydney Entertainment Centre, Sydney, Australia",,Sydney Entertainment Centre,1985-03-21,待定,待定,公开数据集,https://musicbrainz.org/doc/MusicBrainz_Database,2026-08-31
Bethel Music,Kingsfest 2019,,Kings Dominion,2019-06-20,待定,待定,公开数据集,https://musicbrainz.org/doc/MusicBrainz_Database,2026-08-31
Jake Owen,Jake Owen at Cheyenne Frontier Days,,Cheyenne Frontier Days Arena,2016-07-28,待定,待定,公开数据集,https://musicbrainz.org/doc/MusicBrainz_Database,2026-08-31
Die Ärzte,Die Ärzte at Stadthalle Wels,,Stadthalle Wels,1998-10-26,待定,待定,公开数据集,https://musicbrainz.org/doc/MusicBrainz_Database,2026-08-31
Die Ärzte,Die Ärzte at Orpheum,,Orpheum,1998-10-27,待定,待定,公开数据集,https://musicbrainz.org/doc/MusicBrainz_Database,2026-08-31
,"Cheyenne Frontier Days 2016, Day 7",,,2016-07-28,待定,待定,公开数据集,https://musicbrainz.org/doc/MusicBrainz_Database,2026-08-31
,Bridge II,,Oakland Arena,1988-12-04,待定,待定,公开数据集,https://musicbrainz.org/doc/MusicBrainz_Database,2026-08-31
Die Ärzte,Die Ärzte at Stadthalle,,Stadthalle Unna,1998-08-12,待定,待定,公开数据集,https://musicbrainz.org/doc/MusicBrainz_Database,2026-08-31
Florida Georgia Line,Florida Georgia Line at Cheyenne Frontier Days,,Cheyenne Frontier Days Arena,2016-07-30,待定,待定,公开数据集,https://musicbrainz.org/doc/MusicBrainz_Database,2026-08-31
Kansas,Kansas at Nutty Brown Cafe & Amphitheatre,,Nutty Brown Cafe & Amphitheatre,2018-08-24,待定,待定,公开数据集,https://musicbrainz.org/doc/MusicBrainz_Database,2026-08-31
Die Ärzte,Die Ärzte at Seebäder Kaje,,Seebäderkaje,1998-08-14,待定,待定,公开数据集,https://musicbrainz.org/doc/MusicBrainz_Database,2026-08-31
Inquire,Inquire at POM,,POM,2000-10-14,待定,待定,公开数据集,https://musicbrainz.org/doc/MusicBrainz_Database,2026-08-31
The E Street Band,"1985‐04‐10: Kokuritsu Yoyogi Kyōgi‐jō, Tokyo, Japan",,国立代々木競技場,1985-04-10,待定,待定,公开数据集,https://musicbrainz.org/doc/MusicBrainz_Database,2026-08-31
Greg Mathieson Project,Greg Mathieson Project at The Baked Potato,,The Baked Potato,1981-12-15,待定,待定,公开数据集,https://musicbrainz.org/doc/MusicBrainz_Database,2026-08-31
KISS,KISS at Hallenstadion,,Hallenstadion,2013-06-20,待定,待定,公开数据集,https://musicbrainz.org/doc/MusicBrainz_Database,2026-08-31
Neil Young,"1985‐03‐22: Sydney Entertainment Centre, Sydney, Australia",,Sydney Entertainment Centre,1985-03-22,待定,待定,公开数据集,https://musicbrainz.org/doc/MusicBrainz_Database,2026-08-31
,M3-2020春,,東京流通センター,2020-03-01,待定,待定,公开数据集,https://musicbrainz.org/doc/MusicBrainz_Database,2026-08-31
Planetshakers,Planetshakers at hoop Kirche Bremen,,hoop Kirche,2019-05-28,待定,待定,公开数据集,https://musicbrainz.org/doc/MusicBrainz_Database,2026-08-31
Toxic Virgin,Toxic Virgin at POM,,POM,2000-10-07,待定,待定,公开数据集,https://musicbrainz.org/doc/MusicBrainz_Database,2026-08-31
,"Cheyenne Frontier Days 2016, Day 8",,,2016-07-29,待定,待定,公开数据集,https://musicbrainz.org/doc/MusicBrainz_Database,2026-08-31
Son of Sun,Son of Sun gir Live intim torsdagskoncert,,Christianias Børneteater,2014-11-27,待定,待定,公开数据集,https://musicbrainz.org/doc/MusicBrainz_Database,2026-08-31
,"North Dakota State Fair 2016, Day 3",,,2016-07-24,待定,待定,公开数据集,https://musicbrainz.org/doc/MusicBrainz_Database,2026-08-31
Die Ärzte,Die Ärzte at Thüringenhalle,,Thüringenhalle,1998-10-31,待定,待定,公开数据集,https://musicbrainz.org/doc/MusicBrainz_Database,2026-08-31
Merzbow,Stephen O’Malley at Le Lieu Unique,,Le Lieu Unique,2021-04-21,待定,待定,公开数据集,https://musicbrainz.org/doc/MusicBrainz_Database,2026-08-31
,Bridge VII,,Shoreline Amphitheatre,1993-11-06,待定,待定,公开数据集,https://musicbrainz.org/doc/MusicBrainz_Database,2026-08-31
Fiftymen,Canadian Tulip Festival 2003: day 6,,Major's Hill Park,2003-05-14,待定,待定,公开数据集,https://musicbrainz.org/doc/MusicBrainz_Database,2026-08-31
Elevation Worship,Elevation Worship at hoop Kirche Bremen,,hoop Kirche,2019-05-25,待定,待定,公开数据集,https://musicbrainz.org/doc/MusicBrainz_Database,2026-08-31
Graham Dunning,Mutek Barcelona 2018 March 09 DIGI_LAB,,,2018-03-09,待定,待定,公开数据集,https://musicbrainz.org/doc/MusicBrainz_Database,2026-08-31
The E Street Band,"1985‐04‐13: Yoyogi National Gymnasium, Tokyo, Japan",,国立代々木競技場,1985-04-13,待定,待定,公开数据集,https://musicbrainz.org/doc/MusicBrainz_Database,2026-08-31
Binary Audio Misfits,"SXSW 2010, day 2: Club 115",,Club One 15,2010-03-18,待定,待定,公开数据集,https://musicbrainz.org/doc/MusicBrainz_Database,2026-08-31
Enuff Z’Nuff,Enuff Z’Nuff at The Black Heart,,The Black Heart,2020-03-11,待定,待定,公开数据集,https://musicbrainz.org/doc/MusicBrainz_Database,2026-08-31
The Fables,Canadian Tulip Festival 2003: day 7,,Major's Hill Park,2003-05-15,待定,待定,公开数据集,https://musicbrainz.org/doc/MusicBrainz_Database,2026-08-31
La Oreja de Van Gogh,La Oreja de Van Gogh at Plaza de Toros,,Plaza de Toros de Santander,2001-08-20,待定,待定,公开数据集,https://musicbrainz.org/doc/MusicBrainz_Database,2026-08-31
,"North Dakota State Fair 2016, Day 5",,,2016-07-26,待定,待定,公开数据集,https://musicbrainz.org/doc/MusicBrainz_Database,2026-08-31
The E Street Band,"1985‐03‐23: Sydney Entertainment Centre, Sydney, Australia",,Sydney Entertainment Centre,1985-03-23,待定,待定,公开数据集,https://musicbrainz.org/doc/MusicBrainz_Database,2026-08-31
The E Street Band,"1985‐04‐15: Yoyogi National Gymnasium, Tokyo, Japan",,国立代々木競技場,1985-04-15,待定,待定,公开数据集,https://musicbrainz.org/doc/MusicBrainz_Database,2026-08-31
Die Ärzte,Die Ärzte at Rugard Bühne,,Rugard Bühne,1998-08-18,待定,待定,公开数据集,https://musicbrainz.org/doc/MusicBrainz_Database,2026-08-31
,Bridge IV,,Shoreline Amphitheatre,1990-10-26,待定,待定,公开数据集,https://musicbrainz.org/doc/MusicBrainz_Database,2026-08-31
Galahad,Galahad at Schützenhaus Keeken,,Schützenhaus Keeken,2003-04-11,待定,待定,公开数据集,https://musicbrainz.org/doc/MusicBrainz_Database,2026-08-31
,Mutek 2017 August 26 EXPÉRIENCE Berlin,,,2017-08-26,待定,待定,公开数据集,https://musicbrainz.org/doc/MusicBrainz_Database,2026-08-31
,Mutek 2017 August 26 A/VISIONS 3,,,2017-08-26,待定,待定,公开数据集,https://musicbrainz.org/doc/MusicBrainz_Database,2026-08-31
Andy Stochansky,Canadian Tulip Festival 2003: day 1,,Major's Hill Park,2003-05-09,待定,待定,公开数据集,https://musicbrainz.org/doc/MusicBrainz_Database,2026-08-31
Price,"SXSW 2007, day 2: Latitude 30",,Latitude 30,2007-03-14,待定,待定,公开数据集,https://musicbrainz.org/doc/MusicBrainz_Database,2026-08-31
Pompeya,Pompeya concert at 1 Hotel South Beach,,1 Hotel South Beach,2017-12-08,待定,待定,公开数据集,https://musicbrainz.org/doc/MusicBrainz_Database,2026-08-31
The Hives,Rock am See 2005,,Bodenseestadion,2005-08-27,待定,待定,公开数据集,https://musicbrainz.org/doc/MusicBrainz_Database,2026-08-31
Ray Wilson,RayVent: Ray Day I,,Bürgerhaus Welkers,2004-05-29,待定,待定,公开数据集,https://musicbrainz.org/doc/MusicBrainz_Database,2026-08-31
,Mutek 2017 August 26 INTER_CONNECT Berlin,,,2017-08-26,待定,待定,公开数据集,https://musicbrainz.org/doc/MusicBrainz_Database,2026-08-31
The E Street Band,"1985‐01‐07: Market Square Arena, Indianapolis, IN, USA",,Market Square Arena,1985-01-07,待定,待定,公开数据集,https://musicbrainz.org/doc/MusicBrainz_Database,2026-08-31
,Mutek 2017 August 26 NOCTURNE 5,,,2017-08-26,待定,待定,公开数据集,https://musicbrainz.org/doc/MusicBrainz_Database,2026-08-31
Die Ärzte,Die Ärzte at Kindl-Bühne Wuhlheide,,Kindl‐Bühne Wuhlheide,2008-07-13,待定,待定,公开数据集,https://musicbrainz.org/doc/MusicBrainz_Database,2026-08-31
,Freak Valley Festival 2012,,AWO‐Gelände,2012-05-18,待定,待定,公开数据集,https://musicbrainz.org/doc/MusicBrainz_Database,2026-08-31
Philipp Weber,Durst - Warten auf Merlot,,Kabarett‐ und Kleinkunstbühne in der Orgelfabrik,2016-01-28,待定,待定,公开数据集,https://musicbrainz.org/doc/MusicBrainz_Database,2026-08-31
Shining,Shining at Lilla Hotellbaren,,Lilla Hotellbaren,2019-02-20,待定,待定,公开数据集,https://musicbrainz.org/doc/MusicBrainz_Database,2026-08-31
,Mutek 2017 August 26 SATOSPHÈRE 5,,,2017-08-26,待定,待定,公开数据集,https://musicbrainz.org/doc/MusicBrainz_Database,2026-08-31
Die Ärzte,Die Ärzte at Weser-Ems-Halle,,Weser-Ems-Halle,2008-05-21,待定,待定,公开数据集,https://musicbrainz.org/doc/MusicBrainz_Database,2026-08-31
,Mutek 2017 August 27 NOCTURNE 6 @ Satosphere,,,2017-08-27,待定,待定,公开数据集,https://musicbrainz.org/doc/MusicBrainz_Database,2026-08-31
Madrugada,Madrugada at Doornroosje,,Doornroosje,2019-02-23,待定,待定,公开数据集,https://musicbrainz.org/doc/MusicBrainz_Database,2026-08-31
Lexy & K‐Paul,Music Discovery Project 2013: Gesellschaftstanz,,Jahrhunderthalle,2013-02-23,待定,待定,公开数据集,https://musicbrainz.org/doc/MusicBrainz_Database,2026-08-31
Trans‐Siberian Orchestra,Trans‐Siberian Orchestra at Nationwide Arena,,Nationwide Arena,2017-12-30,待定,待定,公开数据集,https://musicbrainz.org/doc/MusicBrainz_Database,2026-08-31
Madrugada,Madrugada at Paradiso,,Paradiso,2019-02-24,待定,待定,公开数据集,https://musicbrainz.org/doc/MusicBrainz_Database,2026-08-31
Bruce Springsteen,"1985‐01‐10: Freedom Hall, Louisville, KY, USA",,Freedom Hall,1985-01-10,待定,待定,公开数据集,https://musicbrainz.org/doc/MusicBrainz_Database,2026-08-31
Die Ärzte,Die Ärzte at Strandbad,,Strandbad,2008-08-13,待定,待定,公开数据集,https://musicbrainz.org/doc/MusicBrainz_Database,2026-08-31
Madrugada,Madrugada at De Roma,,De Roma,2019-02-25,待定,待定,公开数据集,https://musicbrainz.org/doc/MusicBrainz_Database,2026-08-31
,Socalize It,,,2020-04-18,待定,待定,公开数据集,https://musicbrainz.org/doc/MusicBrainz_Database,2026-08-31
Mostly Autumn,Mostly Autumn at P60,,P60,2005-09-04,待定,待定,公开数据集,https://musicbrainz.org/doc/MusicBrainz_Database,2026-08-31
Madrugada,Madrugada at Technikum,,Technikum,2019-02-28,待定,待定,公开数据集,https://musicbrainz.org/doc/MusicBrainz_Database,2026-08-31
,Music Discovery Project 2015: Liedschlag,,,2015-02-28,待定,待定,公开数据集,https://musicbrainz.org/doc/MusicBrainz_Database,2026-08-31
Maguaré,Cultures Équitables,,Parc Jean-Baptiste Lebas,2010-06-26,待定,待定,公开数据集,https://musicbrainz.org/doc/MusicBrainz_Database,2026-08-31
DMBQ,"SXSW 2005, day 3: Club de Ville",,Club de Ville,2005-03-18,待定,待定,公开数据集,https://musicbrainz.org/doc/MusicBrainz_Database,2026-08-31
The E Street Band,"1985‐01‐15: Charlotte Coliseum, Charlotte, NC, USA",,Charlotte Coliseum,1985-01-15,待定,待定,公开数据集,https://musicbrainz.org/doc/MusicBrainz_Database,2026-08-31
Klaus Mäkelä,Loppiaiskonsertti: Valkokankaan kasvot,,Musiikkitalo,2015-01-06,待定,待定,公开数据集,https://musicbrainz.org/doc/MusicBrainz_Database,2026-08-31
Madrugada,Madrugada at Berns,,Berns Salonger,2019-03-17,待定,待定,公开数据集,https://musicbrainz.org/doc/MusicBrainz_Database,2026-08-31
,Dour 2010,,Plaine de la Machine à Feu,2010-07-15,待定,待定,公开数据集,https://musicbrainz.org/doc/MusicBrainz_Database,2026-08-31
Madrugada,Madrugada at Pustervik,,Pustervik,2019-03-18,待定,待定,公开数据集,https://musicbrainz.org/doc/MusicBrainz_Database,2026-08-31
The E Street Band,"1985‐01‐16: Charlotte Coliseum, Charlotte, NC, USA",,Charlotte Coliseum,1985-01-16,待定,待定,公开数据集,https://musicbrainz.org/doc/MusicBrainz_Database,2026-08-31
Madrugada,Madrugada at Amager Bio,,Amager Bio,2019-03-22,待定,待定,公开数据集,https://musicbrainz.org/doc/MusicBrainz_Database,2026-08-31
Martin Gerschwitz,Martin Gerschwitz & Friends at Spirit of 66,,Spirit of 66,2004-12-02,待定,待定,公开数据集,https://musicbrainz.org/doc/MusicBrainz_Database,2026-08-31
Madrugada,Madrugada at Musikhuset Posten,,Musikhuset Posten,2019-03-23,待定,待定,公开数据集,https://musicbrainz.org/doc/MusicBrainz_Database,2026-08-31
Enuff Z’Nuff,Enuff Z’Nuff at Eleven,,Eleven,2020-03-12,待定,待定,公开数据集,https://musicbrainz.org/doc/MusicBrainz_Database,2026-08-31
David Bowie,David Bowie at Ullevi Stadium,,Ullevi,1983-06-12,待定,待定,公开数据集,https://musicbrainz.org/doc/MusicBrainz_Database,2026-08-31
Die Ärzte,Die Ärzte at Rathausplatz,,Rathausplatz Herford,1998-08-20,待定,待定,公开数据集,https://musicbrainz.org/doc/MusicBrainz_Database,2026-08-31
Shed Seven,Shed Seven at Corn Exchange,,Corn Exchange,1999-05-17,待定,待定,公开数据集,https://musicbrainz.org/doc/MusicBrainz_Database,2026-08-31
David Bowie,"1987-11-07, Sydney Entertainment Centre, Australia",,Sydney Entertainment Centre,1987-11-07,待定,待定,公开数据集,https://musicbrainz.org/doc/MusicBrainz_Database,2026-08-31
Stone River Boys,"SXSW 2010, day 2: Continental Club",,The Continental Club,2010-03-18,待定,待定,公开数据集,https://musicbrainz.org/doc/MusicBrainz_Database,2026-08-31
Enuff Z’Nuff,Enuff Z’Nuff at The Bunkhouse Bar and Music Venue,,The Bunkhouse Bar and Music Venue,2020-03-13,待定,待定,公开数据集,https://musicbrainz.org/doc/MusicBrainz_Database,2026-08-31
Monday Jam,Monday Jam at Terminus,,Terminus,2016-12-02,待定,待定,公开数据集,https://musicbrainz.org/doc/MusicBrainz_Database,2026-08-31
Seagull,"Seagull at Evangelische Kirche Wald, Solingen",,Evangelische Kirche Solingen-Wald,1998-11-28,待定,待定,公开数据集,https://musicbrainz.org/doc/MusicBrainz_Database,2026-08-31
Henry Rollins,Henry Rollins at Dingwalls (1st night),,Dingwalls,1999-05-17,待定,待定,公开数据集,https://musicbrainz.org/doc/MusicBrainz_Database,2026-08-31
Graham Greer,Canadian Tulip Festival 2003: day 9,,Major's Hill Park,2003-05-17,待定,待定,公开数据集,https://musicbrainz.org/doc/MusicBrainz_Database,2026-08-31
Saga,Saga at E-Werk Köln,,E-Werk,1999-11-03,待定,待定,公开数据集,https://musicbrainz.org/doc/MusicBrainz_Database,2026-08-31
Central Children's Choir of Ottawa,Canadian Tulip Festival 2003: day 10,,Major's Hill Park,2003-05-18,待定,待定,公开数据集,https://musicbrainz.org/doc/MusicBrainz_Database,2026-08-31
Pendragon,Pendragon at Zeche Carl,,Zeche Carl,1992-04-15,待定,待定,公开数据集,https://musicbrainz.org/doc/MusicBrainz_Database,2026-08-31
Iron Maiden,Iron Maiden at Estadio Vélez Sarsfield,,Estadio José Amalfitani,2016-03-15,待定,待定,公开数据集,https://musicbrainz.org/doc/MusicBrainz_Database,2026-08-31
Deep Purple,Deep Purple at Grugahalle,,Grugahalle,1991-02-20,待定,待定,公开数据集,https://musicbrainz.org/doc/MusicBrainz_Database,2026-08-31
The A-Sides,"SXSW 2007, day 2: Mohawk Patio",,Mohawk Patio,2007-03-14,待定,待定,公开数据集,https://musicbrainz.org/doc/MusicBrainz_Database,2026-08-31
Trans‐Siberian Orchestra,Trans‐Siberian Orchestra at Allstate Arena,,Allstate Arena,2017-12-28,待定,待定,公开数据集,https://musicbrainz.org/doc/MusicBrainz_Database,2026-08-31
Quatuor Ysaÿe,[concert],,Salle Pleyel,1893-12-29,待定,待定,公开数据集,https://musicbrainz.org/doc/MusicBrainz_Database,2026-08-31
Joel Eel,"Joel Eel, Sheepshead, Andi // Jupiter Disco",,Jupiter Disco,2018-03-08,待定,待定,公开数据集,https://musicbrainz.org/doc/MusicBrainz_Database,2026-08-31
Die Ärzte,Die Ärzte at Freiheitshalle,,Freiheitshalle,1998-11-04,待定,待定,公开数据集,https://musicbrainz.org/doc/MusicBrainz_Database,2026-08-31
,Groezrock 2006,,,2006-04-28,待定,待定,公开数据集,https://musicbrainz.org/doc/MusicBrainz_Database,2026-08-31
Die Ärzte,Die Ärzte at Albrecht-Thaer-Platz,,Albrecht-Thaer-Platz,2008-08-23,待定,待定,公开数据集,https://musicbrainz.org/doc/MusicBrainz_Database,2026-08-31
The E Street Band,"1985‐06‐13: Stadion Feijenoord, Rotterdam, The Netherlands",,Stadion Feijenoord,1985-06-13,待定,待定,公开数据集,https://musicbrainz.org/doc/MusicBrainz_Database,2026-08-31
Trans‐Siberian Orchestra,Trans‐Siberian Orchestra at PNC Arena,,Lenovo Center,2014-11-22,待定,待定,公开数据集,https://musicbrainz.org/doc/MusicBrainz_Database,2026-08-31
tobyMac,fishfest 2019,,FivePoint Amphitheatre,2019-06-01,待定,待定,公开数据集,https://musicbrainz.org/doc/MusicBrainz_Database,2026-08-31
Winger,"Rockfest 80’s 2016, Day 2: West Stage",,West Stage,2016-04-03,待定,待定,公开数据集,https://musicbrainz.org/doc/MusicBrainz_Database,2026-08-31
Leg Puppy,Alice’s Wicked Tea Party 2018,,,2018-06-01,待定,待定,公开数据集,https://musicbrainz.org/doc/MusicBrainz_Database,2026-08-31
The E Street Band,"1985‐06‐18: Olympiastadion, Munich, West Germany",,Olympiastadion München,1985-06-18,待定,待定,公开数据集,https://musicbrainz.org/doc/MusicBrainz_Database,2026-08-31
The Protomen,The Protomen at Vino's,,Vino's,2016-01-23,待定,待定,公开数据集,https://musicbrainz.org/doc/MusicBrainz_Database,2026-08-31
Die Ärzte,Die Ärzte at Donauhalle,,Donauhalle,1998-11-11,待定,待定,公开数据集,https://musicbrainz.org/doc/MusicBrainz_Database,2026-08-31
The E Street Band,"1985‐06‐23: Stade Richter, Montpellier, France",,Stade Richter,1985-06-23,待定,待定,公开数据集,https://musicbrainz.org/doc/MusicBrainz_Database,2026-08-31
Leg Puppy,DEFSYNTH.COM PRESENTS: THE NEW WAVE OF WAVEFORM,,The Beehive,2018-02-24,待定,待定,公开数据集,https://musicbrainz.org/doc/MusicBrainz_Database,2026-08-31
The E Street Band,"1985‐06‐25: Stade Geoffroy‐Guichard, Saint‐Étienne, France",,Stade Geoffroy‐Guichard,1985-06-25,待定,待定,公开数据集,https://musicbrainz.org/doc/MusicBrainz_Database,2026-08-31
Le Orme,"Prog 66 Meeting 2013, Day 2",,Spirit of 66,2013-10-13,待定,待定,公开数据集,https://musicbrainz.org/doc/MusicBrainz_Database,2026-08-31
The Enid,"Prog 66 Meeting 2013, Day 1",,Spirit of 66,2013-10-12,待定,待定,公开数据集,https://musicbrainz.org/doc/MusicBrainz_Database,2026-08-31
Sosa412,RANT 2017 Friday @ Bay 4,,,2017-09-01,待定,待定,公开数据集,https://musicbrainz.org/doc/MusicBrainz_Database,2026-08-31
cut_,Cut at Colos-Saal,,Colos‐Saal,1999-06-13,待定,待定,公开数据集,https://musicbrainz.org/doc/MusicBrainz_Database,2026-08-31
The E Street Band,"1985‐08‐14: Veterans Stadium, Philadelphia, PA, USA",,Veterans Stadium,1985-08-14,待定,待定,公开数据集,https://musicbrainz.org/doc/MusicBrainz_Database,2026-08-31
,"Sweden Rock Festival 2005, Day 3",,Sweden Rock Festival Grounds,2005-06-11,待定,待定,公开数据集,https://musicbrainz.org/doc/MusicBrainz_Database,2026-08-31
Chris Whiteley,Chris Whiteley at Winchester's,,Winchester's,1981-09-28,待定,待定,公开数据集,https://musicbrainz.org/doc/MusicBrainz_Database,2026-08-31
Noah Gundersen,Noah Gundersen at Lestat's Coffee House,,Lestat's Coffee House,2012-08-19,待定,待定,公开数据集,https://musicbrainz.org/doc/MusicBrainz_Database,2026-08-31
Clare & the Reasons,"2012 Bonnaroo Music Festival, Day 2: Café Where",,Café Where,2012-06-08,待定,待定,公开数据集,https://musicbrainz.org/doc/MusicBrainz_Database,2026-08-31
The E Street Band,"1985‐08‐15: Veterans Stadium, Philadelphia, PA, USA",,Veterans Stadium,1985-08-15,待定,待定,公开数据集,https://musicbrainz.org/doc/MusicBrainz_Database,2026-08-31
Chris Whiteley,Chris Whiteley at Winchester's,,Winchester's,1981-09-29,待定,待定,公开数据集,https://musicbrainz.org/doc/MusicBrainz_Database,2026-08-31
Platypus Egg,Platypus Egg at Lestat's Coffee House,,Lestat's Coffee House,2012-12-08,待定,待定,公开数据集,https://musicbrainz.org/doc/MusicBrainz_Database,2026-08-31
Farfarello,Farfarello at Cobra,,Cobra,1998-10-30,待定,待定,公开数据集,https://musicbrainz.org/doc/MusicBrainz_Database,2026-08-31
The E Street Band,"1985‐08‐22: Giants Stadium, East Rutherford, NJ, USA",,Giants Stadium,1985-08-22,待定,待定,公开数据集,https://musicbrainz.org/doc/MusicBrainz_Database,2026-08-31
IQ,IQ at Zeche Bochum,,Zeche Bochum,1998-04-06,待定,待定,公开数据集,https://musicbrainz.org/doc/MusicBrainz_Database,2026-08-31
Die Ärzte,Die Ärzte at Volkshaus,,Volkshaus,1998-11-17,待定,待定,公开数据集,https://musicbrainz.org/doc/MusicBrainz_Database,2026-08-31
Ceiling Demons,CEILING DEMONS & GUESTS,,,2018-01-20,待定,待定,公开数据集,https://musicbrainz.org/doc/MusicBrainz_Database,2026-08-31
Gregory Page,Gregory Page at Lestat's Coffee House,,Lestat's Coffee House,2013-03-29,待定,待定,公开数据集,https://musicbrainz.org/doc/MusicBrainz_Database,2026-08-31
The E Street Band,"1985‐08‐26: CNE Stadium, Toronto, ON, Canada",,Canadian National Exhibition Stadium,1985-08-26,待定,待定,公开数据集,https://musicbrainz.org/doc/MusicBrainz_Database,2026-08-31
La Frontera,La Frontera at La Llotja,,La Llotja,2020-02-29,待定,待定,公开数据集,https://musicbrainz.org/doc/MusicBrainz_Database,2026-08-31
C.A.F.B.,Nagy karácsonyi punkünnep 2018,,,2018-12-22,待定,待定,公开数据集,https://musicbrainz.org/doc/MusicBrainz_Database,2026-08-31
Pompeya,Pompeya,,Casacor Brickell City Center,2017-12-09,待定,待定,公开数据集,https://musicbrainz.org/doc/MusicBrainz_Database,2026-08-31
David Bowie,"1987-03-17: Diamond Club, Toronto, Canada",,Diamond Club,1987-03-17,待定,待定,公开数据集,https://musicbrainz.org/doc/MusicBrainz_Database,2026-08-31
Freddie King,"1974‐01‐29: Muther’s Music Emporium, Nashville, TN, USA",,Muther’s Music Emporium,1974-01-29,待定,待定,公开数据集,https://musicbrainz.org/doc/MusicBrainz_Database,2026-08-31
Wings,Wings at Concertgebouw,,Concertgebouw,1972-08-20,待定,待定,公开数据集,https://musicbrainz.org/doc/MusicBrainz_Database,2026-08-31
Die Ärzte,Die Ärzte at Harmonie,,Konzert- und Kongresszentrum Harmonie,1998-09-14,待定,待定,公开数据集,https://musicbrainz.org/doc/MusicBrainz_Database,2026-08-31
Kansas,Kansas at Mystic Lake Casino,,Mystic Showroom,2018-03-25,待定,待定,公开数据集,https://musicbrainz.org/doc/MusicBrainz_Database,2026-08-31
,"Sweden Rock Festival 2013, Day 4",,Sweden Rock Festival Grounds,2013-06-08,待定,待定,公开数据集,https://musicbrainz.org/doc/MusicBrainz_Database,2026-08-31
,Woodstock ’94,,,1994-08-14,待定,待定,公开数据集,https://musicbrainz.org/doc/MusicBrainz_Database,2026-08-31
Starz,Starz at El Mocambo,,El Mocambo,1978-08-19,待定,待定,公开数据集,https://musicbrainz.org/doc/MusicBrainz_Database,2026-08-31
,Irske dage i Svendborg,,,2019-09-13,待定,待定,公开数据集,https://musicbrainz.org/doc/MusicBrainz_Database,2026-08-31
Die Ärzte,Die Ärzte at Congress Park,,CongressPark,1998-09-25,待定,待定,公开数据集,https://musicbrainz.org/doc/MusicBrainz_Database,2026-08-31
Jake Owen,Jake Owen at North Dakota State Fair,,Nodak Speedway,2016-07-29,待定,待定,公开数据集,https://musicbrainz.org/doc/MusicBrainz_Database,2026-08-31
Genesis,Genesis at Manchester Arena,,AO Arena,2020-12-08,待定,待定,公开数据集,https://musicbrainz.org/doc/MusicBrainz_Database,2026-08-31
Bye Bye Dubai,"Bye Bye Dubai, Baby B, La Course du grand Géocoucou at Terminus",,Terminus,2016-07-02,待定,待定,公开数据集,https://musicbrainz.org/doc/MusicBrainz_Database,2026-08-31
Genesis,Genesis at M&S Bank Arena Liverpool,,M&S Bank Arena Liverpool,2020-11-23,待定,待定,公开数据集,https://musicbrainz.org/doc/MusicBrainz_Database,2026-08-31
IQ,IQ at Paradiso,,Paradiso,1991-11-30,待定,待定,公开数据集,https://musicbrainz.org/doc/MusicBrainz_Database,2026-08-31
Vanajan laulu,Vanajan laulu at Hämeen linna: Kuninkaansali,,Hämeen linna: Kuninkaansali,2011-12-11,待定,待定,公开数据集,https://musicbrainz.org/doc/MusicBrainz_Database,2026-08-31
Joe Cocker,Woodstock ’94,,North Stage,1994-08-13,待定,待定,公开数据集,https://musicbrainz.org/doc/MusicBrainz_Database,2026-08-31
Maxene Andrews,Maxene Andrews at Bayview Playhouse,,Bayview Playhouse,1981-10-03,待定,待定,公开数据集,https://musicbrainz.org/doc/MusicBrainz_Database,2026-08-31
Die Happy,"Ringfest 2002, Day 1",,,2002-08-17,待定,待定,公开数据集,https://musicbrainz.org/doc/MusicBrainz_Database,2026-08-31
The E Street Band,"1985‐06‐29: Parc de La Courneuve, Paris, France",,Parc Georges-Valbon,1985-06-29,待定,待定,公开数据集,https://musicbrainz.org/doc/MusicBrainz_Database,2026-08-31
Karita Mattila,[concert],,Salle Pleyel,2008-03-13,待定,待定,公开数据集,https://musicbrainz.org/doc/MusicBrainz_Database,2026-08-31
Percubaba,"Dour 2003, day 2",,Plaine de la Machine à Feu,2003-07-11,待定,待定,公开数据集,https://musicbrainz.org/doc/MusicBrainz_Database,2026-08-31
,"Headz Up Fest 2018, Main Day II",,,2018-10-13,待定,待定,公开数据集,https://musicbrainz.org/doc/MusicBrainz_Database,2026-08-31
Radiolucent,Radiolucent on The KISS Kruise II,,Norwegian Pearl: Pool Deck,2012-11-01,待定,待定,公开数据集,https://musicbrainz.org/doc/MusicBrainz_Database,2026-08-31
,Nulle part ailleurs,,,1987-08-31,待定,待定,公开数据集,https://musicbrainz.org/doc/MusicBrainz_Database,2026-08-31
,Sweden Rock Festival 2005,,Sweden Rock Festival Grounds,2005-06-09,待定,待定,公开数据集,https://musicbrainz.org/doc/MusicBrainz_Database,2026-08-31
Trans‐Siberian Orchestra,Trans‐Siberian Orchestra at Sleep Train Arena,,ARCO Arena,2014-11-26,待定,待定,公开数据集,https://musicbrainz.org/doc/MusicBrainz_Database,2026-08-31
Sound Team,"Austin City Limits Festival 2007, day 2: AMD",,Zilker Park,2007-09-15,待定,待定,公开数据集,https://musicbrainz.org/doc/MusicBrainz_Database,2026-08-31
VanKatoen,"Pinkpop Festival 2006, Day 2: 3FM Stage",,Megaland,2006-06-04,待定,待定,公开数据集,https://musicbrainz.org/doc/MusicBrainz_Database,2026-08-31
Maxene Andrews,Maxene Andrews at Bayview Playhouse,,Bayview Playhouse,1981-10-06,待定,待定,公开数据集,https://musicbrainz.org/doc/MusicBrainz_Database,2026-08-31
Maceo Parker,Maceo Parker,,Paradiso,2011-09-07,待定,待定,公开数据集,https://musicbrainz.org/doc/MusicBrainz_Database,2026-08-31
Real Quiet,Santa Fe Chamber Music Festival 2008: [concert],,St. Francis Auditorium,2008-08-06,待定,待定,公开数据集,https://musicbrainz.org/doc/MusicBrainz_Database,2026-08-31
The Sunny Devils,The Sunny Devils + Dead Coyotes + Taped Live,,,2017-11-25,待定,待定,公开数据集,https://musicbrainz.org/doc/MusicBrainz_Database,2026-08-31
The Miami Horns,"1988‐07‐10: Bramall Lane, Sheffield, England, UK",,Bramall Lane,1988-07-10,待定,待定,公开数据集,https://musicbrainz.org/doc/MusicBrainz_Database,2026-08-31
Geoff Hughes,Geoff Hughes at El Mocambo,,El Mocambo,1981-10-01,待定,待定,公开数据集,https://musicbrainz.org/doc/MusicBrainz_Database,2026-08-31
The E Street Band,"1985‐09‐23: Mile High Stadium, Denver, CO, USA",,Mile High Stadium,1985-09-23,待定,待定,公开数据集,https://musicbrainz.org/doc/MusicBrainz_Database,2026-08-31
Kane'd,Kane'd + Anchor Lane + The Sunny Devils,,,2017-03-09,待定,待定,公开数据集,https://musicbrainz.org/doc/MusicBrainz_Database,2026-08-31
Prince,"1985‐02‐23: The Forum, Inglewood, CA, USA",,Kia Forum,1985-02-23,待定,待定,公开数据集,https://musicbrainz.org/doc/MusicBrainz_Database,2026-08-31
Marillion,Marillion at Philipshalle,,Mitsubishi Electric Halle,1989-10-11,待定,待定,公开数据集,https://musicbrainz.org/doc/MusicBrainz_Database,2026-08-31
The E Street Band,"1986‐01‐19: The Stone Pony, Asbury Park, NJ, USA",,The Stone Pony,1986-01-19,待定,待定,公开数据集,https://musicbrainz.org/doc/MusicBrainz_Database,2026-08-31
,Day in the Dirt Festival,,,,待定,待定,公开数据集,https://musicbrainz.org/doc/MusicBrainz_Database,2026-08-31
Die Ärzte,Die Ärzte at Stadthalle Braunschweig,,Stadthalle Braunschweig,1998-10-01,待定,待定,公开数据集,https://musicbrainz.org/doc/MusicBrainz_Database,2026-08-31
Daryl Hall & John Oates,Daryl Hall & John Oates at Ak‐Chin Pavilion,,Talking Stick Resort Amphitheatre,2020-06-12,待定,待定,公开数据集,https://musicbrainz.org/doc/MusicBrainz_Database,2026-08-31
,Lowlands 1999,,,1999-08-27,待定,待定,公开数据集,https://musicbrainz.org/doc/MusicBrainz_Database,2026-08-31
Trans‐Siberian Orchestra,Trans‐Siberian Orchestra at Frank Erwin Center,,Frank Erwin Center,2014-12-18,待定,待定,公开数据集,https://musicbrainz.org/doc/MusicBrainz_Database,2026-08-31
,Båstad Chamber Music Festival 2012,,,2012-06-25,待定,待定,公开数据集,https://musicbrainz.org/doc/MusicBrainz_Database,2026-08-31
The Sunny Devils,Anchor Lane 'New Beginnings' EP Launch,,,2017-03-02,待定,待定,公开数据集,https://musicbrainz.org/doc/MusicBrainz_Database,2026-08-31
,Lowlands 1998,,,1998-08-28,待定,待定,公开数据集,https://musicbrainz.org/doc/MusicBrainz_Database,2026-08-31
DIR EN GREY,TOUR16-17 FROM DEPRESSION TO ________ [mode of VULGAR],,なんばHatch,2016-06-16,待定,待定,公开数据集,https://musicbrainz.org/doc/MusicBrainz_Database,2026-08-31
KISS,KISS at Perth Arena,,RAC Arena,2013-02-28,待定,待定,公开数据集,https://musicbrainz.org/doc/MusicBrainz_Database,2026-08-31
DIR EN GREY,TOUR16-17 FROM DEPRESSION TO ________ [mode of VULGAR],,倉敷市芸文館,2016-06-19,待定,待定,公开数据集,https://musicbrainz.org/doc/MusicBrainz_Database,2026-08-31
Radiohead,"T on the Fringe 2006, Day 19: Meadowbank Stadium",,Meadowbank Stadium,2006-08-22,待定,待定,公开数据集,https://musicbrainz.org/doc/MusicBrainz_Database,2026-08-31
Daryl Hall & John Oates,Daryl Hall & John Oates at Dickies Arena,,Dickies Arena,2020-06-17,待定,待定,公开数据集,https://musicbrainz.org/doc/MusicBrainz_Database,2026-08-31
,Burg Herzberg Festival 2008,,Hof Huhnstadt,2008-07-17,待定,待定,公开数据集,https://musicbrainz.org/doc/MusicBrainz_Database,2026-08-31
,"Burg Herzberg Festival 2008, Day 2",,,2008-07-18,待定,待定,公开数据集,https://musicbrainz.org/doc/MusicBrainz_Database,2026-08-31
Leg Puppy,LEG PUPPY DO SOHO,,,2017-05-19,待定,待定,公开数据集,https://musicbrainz.org/doc/MusicBrainz_Database,2026-08-31
IQ,IQ at Live Station,,Live-Station,1993-09-13,待定,待定,公开数据集,https://musicbrainz.org/doc/MusicBrainz_Database,2026-08-31
Trans‐Siberian Orchestra,Trans‐Siberian Orchestra at Bryce Jordan Center,,Bryce Jordan Center,2014-12-04,待定,待定,公开数据集,https://musicbrainz.org/doc/MusicBrainz_Database,2026-08-31
林英哲,La Folle Journée,,,2019,待定,待定,公开数据集,https://musicbrainz.org/doc/MusicBrainz_Database,2026-08-31
"Tacks, the Boy Disaster","SXSW 2007, day 2: The Tap Room at Six",,The Tap Room at Six,2007-03-14,待定,待定,公开数据集,https://musicbrainz.org/doc/MusicBrainz_Database,2026-08-31
Trans‐Siberian Orchestra,Trans‐Siberian Orchestra at Allen County War Memorial Coliseum,,Allen County War Memorial Coliseum,2014-12-05,待定,待定,公开数据集,https://musicbrainz.org/doc/MusicBrainz_Database,2026-08-31
The E Street Band,"1988‐07‐17: Olympia Reitstadion Riem, Munich, West Germany",,Reitstadion Riem,1988-07-17,待定,待定,公开数据集,https://musicbrainz.org/doc/MusicBrainz_Database,2026-08-31
Die Ärzte,Die Ärzte in Cologne,,,1983,待定,待定,公开数据集,https://musicbrainz.org/doc/MusicBrainz_Database,2026-08-31
Okko Kamu,Sibelius Festival 2014: Concert,,Sibeliustalo,2014-09-05,待定,待定,公开数据集,https://musicbrainz.org/doc/MusicBrainz_Database,2026-08-31
,Rockarea Open Air 2007,,,2007-09-01,待定,待定,公开数据集,https://musicbrainz.org/doc/MusicBrainz_Database,2026-08-31
The E Street Band,"2002‐08‐29: Hayden Planetarium, New York City, NY, USA",,Hayden Planetarium,2002-08-29,待定,待定,公开数据集,https://musicbrainz.org/doc/MusicBrainz_Database,2026-08-31
The Miami Horns,"1988‐07‐19: Radrennbahn Weissensee, East Berlin, East Germany",,Radrennbahn Weissensee,1988-07-19,待定,待定,公开数据集,https://musicbrainz.org/doc/MusicBrainz_Database,2026-08-31
,第六届明天音乐节,,B10,2019-05-17,待定,待定,公开数据集,https://musicbrainz.org/doc/MusicBrainz_Database,2026-08-31
The Miami Horns,"1988‐04‐12: The Summit, Houston, TX, USA",,Lakewood Church Central Campus,1988-04-12,待定,待定,公开数据集,https://musicbrainz.org/doc/MusicBrainz_Database,2026-08-31
Bruce Springsteen,"1987‐08‐21: The Stone Pony, Asbury Park, NJ, USA",,The Stone Pony,1987-08-21,待定,待定,公开数据集,https://musicbrainz.org/doc/MusicBrainz_Database,2026-08-31
She Wants Revenge,"Coachella Valley Music and Arts Festival 2006, Day 1: Outdoor Theatre",,Empire Polo Club,2006-04-29,待定,待定,公开数据集,https://musicbrainz.org/doc/MusicBrainz_Database,2026-08-31
Aşıq Nargilə,第六届明天音乐节 6th Tomorrow Festival,,B10,2019-05-17,待定,待定,公开数据集,https://musicbrainz.org/doc/MusicBrainz_Database,2026-08-31
Trans‐Siberian Orchestra,Trans‐Siberian Orchestra at AT&T Center,,Frost Bank Center,2014-12-20,待定,待定,公开数据集,https://musicbrainz.org/doc/MusicBrainz_Database,2026-08-31
Sauma,Sauma at ARX-talo,,ARX-talo,2007-11-24,待定,待定,公开数据集,https://musicbrainz.org/doc/MusicBrainz_Database,2026-08-31
The E Street Band,"1988‐04‐17: St. Louis Arena, St. Louis, MO, USA",,St. Louis Arena,1988-04-17,待定,待定,公开数据集,https://musicbrainz.org/doc/MusicBrainz_Database,2026-08-31
KISS,KISS and Mötley Crüe at DTE Energy Music Theatre,,Pine Knob Music Theatre,2012-09-06,待定,待定,公开数据集,https://musicbrainz.org/doc/MusicBrainz_Database,2026-08-31
Chry,Pensiero Sostenibile,,,2017-06-16,待定,待定,公开数据集,https://musicbrainz.org/doc/MusicBrainz_Database,2026-08-31
Trans‐Siberian Orchestra,Trans‐Siberian Orchestra at Chesapeake Energy Arena,,Paycom Center,2014-12-07,待定,待定,公开数据集,https://musicbrainz.org/doc/MusicBrainz_Database,2026-08-31
Charles Bradley & His Extraordinaires,"2012 Bonnaroo Music Festival, Day 3: What Stage",,What Stage,2012-06-09,待定,待定,公开数据集,https://musicbrainz.org/doc/MusicBrainz_Database,2026-08-31
Scorpions,Scorpions at Drammenshallen,,Drammenshallen,1989-01-05,待定,待定,公开数据集,https://musicbrainz.org/doc/MusicBrainz_Database,2026-08-31
We Have Band,Life I Live Festival 2013,,,2013-04-29,待定,待定,公开数据集,https://musicbrainz.org/doc/MusicBrainz_Database,2026-08-31
Vixen,Vixen on MTV Spring Break ’89,,,1989-03-18,待定,待定,公开数据集,https://musicbrainz.org/doc/MusicBrainz_Database,2026-08-31
Panssarisoittokunta,Heidi Kyrö & Panssarisoittokunta at Hämeenkaari,,Hämeenkaari,2012-11-18,待定,待定,公开数据集,https://musicbrainz.org/doc/MusicBrainz_Database,2026-08-31
Galahad,Galahad at Jugendhaus Eggenstein,,Jugendhaus Eggenstein,1992-09-25,待定,待定,公开数据集,https://musicbrainz.org/doc/MusicBrainz_Database,2026-08-31
Trans‐Siberian Orchestra,Trans‐Siberian Orchestra at Van Andel Arena,,Van Andel Arena,2014-12-07,待定,待定,公开数据集,https://musicbrainz.org/doc/MusicBrainz_Database,2026-08-31
Galahad,Galahad at De Lantaarn,,De Lantaarn,1995-10-06,待定,待定,公开数据集,https://musicbrainz.org/doc/MusicBrainz_Database,2026-08-31
Depeche Mode,Touring the Angel,,Olympiahalle München,2006-02-14,待定,待定,公开数据集,https://musicbrainz.org/doc/MusicBrainz_Database,2026-08-31
Fatoumata Diawara,Summerjazz Festival,,Leidse Hout,2013-06-02,待定,待定,公开数据集,https://musicbrainz.org/doc/MusicBrainz_Database,2026-08-31
Depeche Mode,Tour of the Universe,,Olympiastadion München,2009-06-13,待定,待定,公开数据集,https://musicbrainz.org/doc/MusicBrainz_Database,2026-08-31
Daryl Hall & John Oates,Daryl Hall & John Oates at Merriweather Post Pavilion,,Merriweather Post Pavilion,2020-08-22,待定,待定,公开数据集,https://musicbrainz.org/doc/MusicBrainz_Database,2026-08-31
,Night of the Prog Festival V,,Freilichtbühne Loreley,2010-09-03,待定,待定,公开数据集,https://musicbrainz.org/doc/MusicBrainz_Database,2026-08-31
Daryl Hall & John Oates,Daryl Hall & John Oates at Northwell Health at Jones Beach Theater,,Northwell Health at Jones Beach Theater,2020-08-25,待定,待定,公开数据集,https://musicbrainz.org/doc/MusicBrainz_Database,2026-08-31
Trans‐Siberian Orchestra,Trans‐Siberian Orchestra at Jacksonville Veterans Memorial Arena,,VyStar Veterans Memorial Arena,2014-12-11,待定,待定,公开数据集,https://musicbrainz.org/doc/MusicBrainz_Database,2026-08-31
Shit & Chanel,Shit & Chanel at V58,,V58,1974-04-19,待定,待定,公开数据集,https://musicbrainz.org/doc/MusicBrainz_Database,2026-08-31
Cats on a Smooth Surface,"1987‐12‐05: The Stone Pony, Asbury Park, NJ, USA",,The Stone Pony,1987-12-05,待定,待定,公开数据集,https://musicbrainz.org/doc/MusicBrainz_Database,2026-08-31
Trans‐Siberian Orchestra,Trans‐Siberian Orchestra at Rupp Arena,,Rupp Arena at Central Bank Center,2014-12-11,待定,待定,公开数据集,https://musicbrainz.org/doc/MusicBrainz_Database,2026-08-31
The E Street Band,"1988‐01‐24: Expo Theater, Fort Monmouth, NJ, USA",,Expo Theater,1988-01-24,待定,待定,公开数据集,https://musicbrainz.org/doc/MusicBrainz_Database,2026-08-31
Merzbow,Contra Bonos Mores,,小岩ブッシュバッシュ,2019-04-24,待定,待定,公开数据集,https://musicbrainz.org/doc/MusicBrainz_Database,2026-08-31
Jazzmal‐Trio feat. Heike Kraske,Jazzmal‐Trio feat. Heike Kraske im Walder Weinladen,,Walder Weinladen,2018-12-07,待定,待定,公开数据集,https://musicbrainz.org/doc/MusicBrainz_Database,2026-08-31
Jazzmal‐Trio feat. Heike Kraske,Jazzmal feat. Heike Kraske,,Evangelische Kirche Solingen-Wald,2019-05-10,待定,待定,公开数据集,https://musicbrainz.org/doc/MusicBrainz_Database,2026-08-31
Christian Van Cleave,L A U N C H,,,2019-04-18,待定,待定,公开数据集,https://musicbrainz.org/doc/MusicBrainz_Database,2026-08-31
Koriass,Koriass at Festival Urbain,,Festival Urbain,2010-08-21,待定,待定,公开数据集,https://musicbrainz.org/doc/MusicBrainz_Database,2026-08-31
Superego,"SXSW 2000, day 2: Gallery Lombardi Lounge",,Gallery Lombardi Lounge,2000-03-16,待定,待定,公开数据集,https://musicbrainz.org/doc/MusicBrainz_Database,2026-08-31
Trans‐Siberian Orchestra,Trans‐Siberian Orchestra at Sprint Center,,T‐Mobile Center,2014-12-23,待定,待定,公开数据集,https://musicbrainz.org/doc/MusicBrainz_Database,2026-08-31
,Pro Musica Nova Festival 1990,,,1990,待定,待定,公开数据集,https://musicbrainz.org/doc/MusicBrainz_Database,2026-08-31
DIR EN GREY,TOUR16 FINEM LAUDA,,なんばHatch,2016-01-14,待定,待定,公开数据集,https://musicbrainz.org/doc/MusicBrainz_Database,2026-08-31
Leogun,Leogun on The KISS Kruise II,,Norwegian Pearl: Atrium,2012-11-02,待定,待定,公开数据集,https://musicbrainz.org/doc/MusicBrainz_Database,2026-08-31
,Burg Herzberg Festival 2014,,Hof Huhnstadt,2014-07-31,待定,待定,公开数据集,https://musicbrainz.org/doc/MusicBrainz_Database,2026-08-31
Cá Hồi Hoang,Có cần phải có lý không? - Sài Gòn,,Soul Live Project,2018-07-29,待定,待定,公开数据集,https://musicbrainz.org/doc/MusicBrainz_Database,2026-08-31
Cats on a Smooth Surface,"1988‐08‐21: The Stone Pony, Asbury Park, NJ, USA",,The Stone Pony,1988-08-21,待定,待定,公开数据集,https://musicbrainz.org/doc/MusicBrainz_Database,2026-08-31
,Pinkpop Festival 2019,,Megaland,2019-06-08,待定,待定,公开数据集,https://musicbrainz.org/doc/MusicBrainz_Database,2026-08-31
,Tuska Open Air 2007,,,2007-06-29,待定,待定,公开数据集,https://musicbrainz.org/doc/MusicBrainz_Database,2026-08-31
Overcast Sound,Mutek 11th Edition: Nocturne 3 at SAT,,Société des Arts Technologiques,2010-06-04,待定,待定,公开数据集,https://musicbrainz.org/doc/MusicBrainz_Database,2026-08-31
The Pointer Sisters,The Pointer Sisters at the Imperial Room,,Imperial Room,1981-10-10,待定,待定,公开数据集,https://musicbrainz.org/doc/MusicBrainz_Database,2026-08-31
The Physics House Band,PHYSICS HOUSE PARTY,,,2012-12-31,待定,待定,公开数据集,https://musicbrainz.org/doc/MusicBrainz_Database,2026-08-31
Los Fabulosos Cadillacs,"Festimad 1998, day 1: Escenario El Antojito",,Parque el Soto,1998-05-01,待定,待定,公开数据集,https://musicbrainz.org/doc/MusicBrainz_Database,2026-08-31
,1980.9.28 吉祥寺マイナー「愛欲人民十時劇場」,,,1980-09-28,待定,待定,公开数据集,https://musicbrainz.org/doc/MusicBrainz_Database,2026-08-31
,Oslo Jazzfestival 2009,,,2009-08,待定,待定,公开数据集,https://musicbrainz.org/doc/MusicBrainz_Database,2026-08-31
,"Hellfest 2018, Day 1",,"Hellfest, Val de Moine",2018-06-22,待定,待定,公开数据集,https://musicbrainz.org/doc/MusicBrainz_Database,2026-08-31
David Bowie,"1987-10-30: Boondall Entertainment Centre, Brisbane, Australia",,Brisbane Entertainment Centre,1987-10-30,待定,待定,公开数据集,https://musicbrainz.org/doc/MusicBrainz_Database,2026-08-31
Angel,Angel and Starz at Debonair Music Hall,,Debonair Music Hall,2020-04-24,待定,待定,公开数据集,https://musicbrainz.org/doc/MusicBrainz_Database,2026-08-31
Trans‐Siberian Orchestra,Trans‐Siberian Orchestra at Ervin J. Nutter Center,,Wright State University Nutter Center,2005-12-04,待定,待定,公开数据集,https://musicbrainz.org/doc/MusicBrainz_Database,2026-08-31
"Yo, Gadjo!","SXSW 2005, day 3: Elephant Room",,Elephant Room,2005-03-18,待定,待定,公开数据集,https://musicbrainz.org/doc/MusicBrainz_Database,2026-08-31
Anal Collision,Anal Collision at Klub Studencki Kocioł,,Klub studencki Kocioł,2000,待定,待定,公开数据集,https://musicbrainz.org/doc/MusicBrainz_Database,2026-08-31
Mince on Toast,Capital Cacophony,,Valhalla,2015-09-25,待定,待定,公开数据集,https://musicbrainz.org/doc/MusicBrainz_Database,2026-08-31
Bon Jovi,Bon Jovi at Madison Square Garden,,Madison Square Garden,2020-07-28,待定,待定,公开数据集,https://musicbrainz.org/doc/MusicBrainz_Database,2026-08-31
The E Street Band,"1976‐04‐04: MSU Auditorium, Michigan State University, East Lansing, MI, USA",,MSU Auditorium,1976-04-04,待定,待定,公开数据集,https://musicbrainz.org/doc/MusicBrainz_Database,2026-08-31
Southside Johnny & The Asbury Jukes,"1988‐11‐26: The Stone, San Francisco, CA, USA",,The Stone,1988-11-26,待定,待定,公开数据集,https://musicbrainz.org/doc/MusicBrainz_Database,2026-08-31
KISS,KISS at Sam Houston Coliseum,,Sam Houston Coliseum,1984-01-18,待定,待定,公开数据集,https://musicbrainz.org/doc/MusicBrainz_Database,2026-08-31
The E Street Band,"1976‐04‐07: Allen Theatre, Cleveland, OH, USA",,Allen Theatre,1976-04-07,待定,待定,公开数据集,https://musicbrainz.org/doc/MusicBrainz_Database,2026-08-31
Die Ärzte,Die Ärzte at Bruchhausen Open-Air,,,1986-05-19,待定,待定,公开数据集,https://musicbrainz.org/doc/MusicBrainz_Database,2026-08-31
Bruce Springsteen,"1988‐12‐18: The Stone Pony, Asbury Park, NJ, USA",,The Stone Pony,1988-12-18,待定,待定,公开数据集,https://musicbrainz.org/doc/MusicBrainz_Database,2026-08-31
The Coats,The Coats Virtual Holiday,,,2020-12-19,待定,待定,公开数据集,https://musicbrainz.org/doc/MusicBrainz_Database,2026-08-31
Die Ärzte,Die Ärzte at Raiffeisenbank Schwabmünchen eG-Konzert,,Morning Star,1986-06-28,待定,待定,公开数据集,https://musicbrainz.org/doc/MusicBrainz_Database,2026-08-31
Die Ärzte,Die Ärzte at Wir lassen uns das Singen nicht verbieten,,Tempodrom,1986-10-18,待定,待定,公开数据集,https://musicbrainz.org/doc/MusicBrainz_Database,2026-08-31
KISS,KISS at Turning Stone Resort & Casino Event Center,,Turning Stone Resort & Casino: Event Center,2011-07-28,待定,待定,公开数据集,https://musicbrainz.org/doc/MusicBrainz_Database,2026-08-31
KISS,KISS at The Colosseum at Caesars Windsor,,The Colosseum at Caesars Windsor,2011-07-27,待定,待定,公开数据集,https://musicbrainz.org/doc/MusicBrainz_Database,2026-08-31
Die Ärzte,Die Ärzte at WDR-Hörfunkfestival,,Funkhaus Wallrafplatz,1987-06-14,待定,待定,公开数据集,https://musicbrainz.org/doc/MusicBrainz_Database,2026-08-31
KISS,KISS at Casino Rama,,Casino Rama Entertainment Centre,2011-07-26,待定,待定,公开数据集,https://musicbrainz.org/doc/MusicBrainz_Database,2026-08-31
Die Ärzte,Die Ärzte at 1. Singener Open Air Festival,,Radstadion,1987-07-25,待定,待定,公开数据集,https://musicbrainz.org/doc/MusicBrainz_Database,2026-08-31
KISS,KISS at Cheyenne Frontier Days,,Cheyenne Frontier Days Arena,2010-07-23,待定,待定,公开数据集,https://musicbrainz.org/doc/MusicBrainz_Database,2026-08-31
KISS,KISS at Wendler Arena at Saginaw Civic Center,,The Arena at the Dow Event Center,1984-02-17,待定,待定,公开数据集,https://musicbrainz.org/doc/MusicBrainz_Database,2026-08-31
3Bubble & J. Gray,Lovers & Friends Official Pre-Valentines Turn Up,,,2018-02-10,待定,待定,公开数据集,https://musicbrainz.org/doc/MusicBrainz_Database,2026-08-31
Stoppok,Stoppok Solo,,KFZ Marburg,2014-12-04,待定,待定,公开数据集,https://musicbrainz.org/doc/MusicBrainz_Database,2026-08-31
KISS,KISS at Palau Sant Jordi,,Palau Sant Jordi,2010-06-24,待定,待定,公开数据集,https://musicbrainz.org/doc/MusicBrainz_Database,2026-08-31
Stoppok,Stoppok Solo,,Detmolder Sommertheater,2014-12-05,待定,待定,公开数据集,https://musicbrainz.org/doc/MusicBrainz_Database,2026-08-31
KISS,KISS at City Hall,,O₂ City Hall Newcastle,1984-10-08,待定,待定,公开数据集,https://musicbrainz.org/doc/MusicBrainz_Database,2026-08-31
Catximba,«Marock» concierto @ Pub Terra,,Pub Terra,2005-11-18,待定,待定,公开数据集,https://musicbrainz.org/doc/MusicBrainz_Database,2026-08-31
David Bowie,"1976-02-02: Pacific Coliseum, Vancouver, British Columbia, Canada",,Pacific Coliseum,1976-02-02,待定,待定,公开数据集,https://musicbrainz.org/doc/MusicBrainz_Database,2026-08-31
,"Graspop Metal Meeting 2010, Day 1",,Boeretang,2010-06-25,待定,待定,公开数据集,https://musicbrainz.org/doc/MusicBrainz_Database,2026-08-31
,"Royal Albert Hall, London, England",,,1966-05-27,待定,待定,公开数据集,https://musicbrainz.org/doc/MusicBrainz_Database,2026-08-31
The E Street Band,"2013‐03‐14: Brisbane Entertainment Centre, Brisbane, Australia",,Brisbane Entertainment Centre,2013-03-14,待定,待定,公开数据集,https://musicbrainz.org/doc/MusicBrainz_Database,2026-08-31
Iron Maiden,Iron Maiden at Horncastle Arena,,Horncastle Arena,2016-04-29,待定,待定,公开数据集,https://musicbrainz.org/doc/MusicBrainz_Database,2026-08-31
Peter Hook,Peter Hook DJ set at Vanguard,,Vanguard,2007-07-28,待定,待定,公开数据集,https://musicbrainz.org/doc/MusicBrainz_Database,2026-08-31
Nuclear Chaos,"Domination México 2019, Day 2: Headbanger’s Stage",,Headbanger’s Stage,2019-05-04,待定,待定,公开数据集,https://musicbrainz.org/doc/MusicBrainz_Database,2026-08-31
,Wisconsin State Fair 2018,,Wisconsin State Fair Park,2018-08-02,待定,待定,公开数据集,https://musicbrainz.org/doc/MusicBrainz_Database,2026-08-31
Jack Ninte,Trap Tour,,,2020-03-24,待定,待定,公开数据集,https://musicbrainz.org/doc/MusicBrainz_Database,2026-08-31
Taru Valjakka,50th Anniversary Concert of Turku University,,,1970-02-28,待定,待定,公开数据集,https://musicbrainz.org/doc/MusicBrainz_Database,2026-08-31
Ross Neilsen,"Canadian Music Fest 2010, day 2: Czehoski",,Czehoski,2010-03-11,待定,待定,公开数据集,https://musicbrainz.org/doc/MusicBrainz_Database,2026-08-31
Trans‐Siberian Orchestra,Trans‐Siberian Orchestra at Idaho Center Arena,,Ford Idaho Center Arena,2005-11-26,待定,待定,公开数据集,https://musicbrainz.org/doc/MusicBrainz_Database,2026-08-31
Iron Maiden,Iron Maiden at The Palace of Auburn Hills,,The Palace of Auburn Hills,2016-04-05,待定,待定,公开数据集,https://musicbrainz.org/doc/MusicBrainz_Database,2026-08-31
The E Street Band,"2013‐05‐31: Stadio Euganeo, Padua, Italy",,Stadio Euganeo,2013-05-31,待定,待定,公开数据集,https://musicbrainz.org/doc/MusicBrainz_Database,2026-08-31
Iron Maiden,Iron Maiden at Brisbane Entertainment Centre,,Brisbane Entertainment Centre,2016-05-04,待定,待定,公开数据集,https://musicbrainz.org/doc/MusicBrainz_Database,2026-08-31
David Bowie,1983-05-18: Vorst Forest Nationaal,,Vorst Nationaal,1983-05-18,待定,待定,公开数据集,https://musicbrainz.org/doc/MusicBrainz_Database,2026-08-31
,Whitchurch Musicians Convention 1993,,Parish Hall,1993-07-16,待定,待定,公开数据集,https://musicbrainz.org/doc/MusicBrainz_Database,2026-08-31
Trans‐Siberian Orchestra,Trans‐Siberian Orchestra at American Airlines Center,,American Airlines Center,2005-12-17,待定,待定,公开数据集,https://musicbrainz.org/doc/MusicBrainz_Database,2026-08-31
Galahad,"Whitchurch Musicians Convention 1993, day 1",,Parish Hall,1993-07-16,待定,待定,公开数据集,https://musicbrainz.org/doc/MusicBrainz_Database,2026-08-31
Ezio,Ezio + Band at Jazzhaus Freiburg,,Jazzhaus Freiburg,2009-03-27,待定,待定,公开数据集,https://musicbrainz.org/doc/MusicBrainz_Database,2026-08-31
Trans‐Siberian Orchestra,Trans‐Siberian Orchestra at Toyota Center,,Toyota Center,2005-12-18,待定,待定,公开数据集,https://musicbrainz.org/doc/MusicBrainz_Database,2026-08-31
Stoppok,Stoppok Solo,,Jovel Music Hall,2014-12-06,待定,待定,公开数据集,https://musicbrainz.org/doc/MusicBrainz_Database,2026-08-31
Rocco,Rocco at Café Bar Alter Ego,,Alter Ego,2014-02-28,待定,待定,公开数据集,https://musicbrainz.org/doc/MusicBrainz_Database,2026-08-31
Trans‐Siberian Orchestra,Trans‐Siberian Orchestra at Giant Center,,Giant Center,2005-11-27,待定,待定,公开数据集,https://musicbrainz.org/doc/MusicBrainz_Database,2026-08-31
David Bowie,"1987-10-01: St. Paul Civic Center, St. Paul, Minnesota",,St. Paul Civic Center,1987-10-01,待定,待定,公开数据集,https://musicbrainz.org/doc/MusicBrainz_Database,2026-08-31
Die Ärzte,Die Ärzte at Highfield Festival,,,2013-08-18,待定,待定,公开数据集,https://musicbrainz.org/doc/MusicBrainz_Database,2026-08-31
Angra,"Wacken Open Air 2015, Day 2: Party Stage",,Party Stage,2015-07-31,待定,待定,公开数据集,https://musicbrainz.org/doc/MusicBrainz_Database,2026-08-31
Kansas,Kansas at Elsinore Theatre,,Elsinore Theatre,2020-11-30,待定,待定,公开数据集,https://musicbrainz.org/doc/MusicBrainz_Database,2026-08-31
KISS,KISS at Mohegan Sun Arena,,Mohegan Sun Arena,2010-08-19,待定,待定,公开数据集,https://musicbrainz.org/doc/MusicBrainz_Database,2026-08-31
Huey Lewis and the News,Huey Lewis and the News at Wisconsin State Fair 2018,,Wisconsin State Fair Main Stage,2018-08-04,待定,待定,公开数据集,https://musicbrainz.org/doc/MusicBrainz_Database,2026-08-31
Kansas,Kansas at Bank of America Performing Arts Center,,Fred Kavli Theatre for the Performing Arts,2020-12-02,待定,待定,公开数据集,https://musicbrainz.org/doc/MusicBrainz_Database,2026-08-31
Stoppok,Stoppok Solo,,Ev. Gemeindezentrum Engelsby,2014-12-07,待定,待定,公开数据集,https://musicbrainz.org/doc/MusicBrainz_Database,2026-08-31
Trans‐Siberian Orchestra,Trans‐Siberian Orchestra at Toyota Center,,Toyota Center,2005-12-18,待定,待定,公开数据集,https://musicbrainz.org/doc/MusicBrainz_Database,2026-08-31
The Nudge,Death Ray is dead fundraiser party,,MOON 1,2019-04-27,待定,待定,公开数据集,https://musicbrainz.org/doc/MusicBrainz_Database,2026-08-31
,Edinburgh International Festival 2017,,,2017-08,待定,待定,公开数据集,https://musicbrainz.org/doc/MusicBrainz_Database,2026-08-31
Iron Maiden,Iron Maiden at Adelaide Entertainment Centre,,Adelaide Entertainment Centre Arena,2016-05-12,待定,待定,公开数据集,https://musicbrainz.org/doc/MusicBrainz_Database,2026-08-31
Renaissance,"Night of the Prog Festival XV, Day 1",,Freilichtbühne Loreley,2020-07-17,待定,待定,公开数据集,https://musicbrainz.org/doc/MusicBrainz_Database,2026-08-31
Trans‐Siberian Orchestra,Trans‐Siberian Orchestra at Giant Center,,Giant Center,2005-11-28,待定,待定,公开数据集,https://musicbrainz.org/doc/MusicBrainz_Database,2026-08-31
Bruce Springsteen,"1974‐07‐14: Bottom Line, New York City, NY, USA",,The Bottom Line,1974-07-14,待定,待定,公开数据集,https://musicbrainz.org/doc/MusicBrainz_Database,2026-08-31
Vroudenspil,"Wacken Open Air 2015, Day 2: Wackinger Stage",,Wackinger Stage,2015-07-31,待定,待定,公开数据集,https://musicbrainz.org/doc/MusicBrainz_Database,2026-08-31
Trans‐Siberian Orchestra,Trans‐Siberian Orchestra at Mellon Arena,,Civic Arena,2005-12-18,待定,待定,公开数据集,https://musicbrainz.org/doc/MusicBrainz_Database,2026-08-31
Miracle Drug,"SXSW 2007, day 3: Club de Ville",,Club de Ville,2007-03-15,待定,待定,公开数据集,https://musicbrainz.org/doc/MusicBrainz_Database,2026-08-31
Jesse Ferguson,Jesse Ferguson Live @ Schnitzels,,Schnitzels,2019-04-13,待定,待定,公开数据集,https://musicbrainz.org/doc/MusicBrainz_Database,2026-08-31
Qwill,"Canadian Music Fest 2010, day 3: Czehoski",,Czehoski,2010-03-12,待定,待定,公开数据集,https://musicbrainz.org/doc/MusicBrainz_Database,2026-08-31
The E Street Band,"1975‐10‐17: The Roxy Theatre, West Hollywood, CA, USA",,The Roxy Theatre,1975-10-17,待定,待定,公开数据集,https://musicbrainz.org/doc/MusicBrainz_Database,2026-08-31
David Bowie,"1987-10-07: The Summit, Houston, Texas",,Lakewood Church Central Campus,1987-10-07,待定,待定,公开数据集,https://musicbrainz.org/doc/MusicBrainz_Database,2026-08-31
Trans‐Siberian Orchestra,Trans‐Siberian Orchestra at Hampton Coliseum,,Hampton Coliseum,2005-11-30,待定,待定,公开数据集,https://musicbrainz.org/doc/MusicBrainz_Database,2026-08-31
Pete Tong,"Live at Loch Lomond, day 1: Dance Stage",,Balloch Country Park,2007-08-04,待定,待定,公开数据集,https://musicbrainz.org/doc/MusicBrainz_Database,2026-08-31
,Tchaikovsky Violin Concerto,,,2017-02-18,待定,待定,公开数据集,https://musicbrainz.org/doc/MusicBrainz_Database,2026-08-31
Trans‐Siberian Orchestra,Trans‐Siberian Orchestra at Charleston Civic Center,,Charleston Civic Center Coliseum,2005-12-01,待定,待定,公开数据集,https://musicbrainz.org/doc/MusicBrainz_Database,2026-08-31
Martina Schwarzmann,Martina Schwarzmann at Tollhaus,,Tollhaus Karlsruhe,2009-11-11,待定,待定,公开数据集,https://musicbrainz.org/doc/MusicBrainz_Database,2026-08-31
Trans‐Siberian Orchestra,Trans‐Siberian Orchestra at Quicken Loans Arena,,Rocket Arena,2005-12-02,待定,待定,公开数据集,https://musicbrainz.org/doc/MusicBrainz_Database,2026-08-31
Tin Machine,"1989-06-16: The Roxy, Los Angeles, California",,The Roxy Theatre,1989-06-16,待定,待定,公开数据集,https://musicbrainz.org/doc/MusicBrainz_Database,2026-08-31
Reba McEntire,Reba McEntire at Wisconsin State Fair 2018,,Wisconsin State Fair Main Stage,2018-08-12,待定,待定,公开数据集,https://musicbrainz.org/doc/MusicBrainz_Database,2026-08-31
Alex Luca,Alex Abbuehl Single Release,,,2019-05-19,待定,待定,公开数据集,https://musicbrainz.org/doc/MusicBrainz_Database,2026-08-31
Wasteland Green,Wasteland Green at Mikado,,Kulturhaus Mikado,2009-11-14,待定,待定,公开数据集,https://musicbrainz.org/doc/MusicBrainz_Database,2026-08-31
America,America at Greek Theatre,,Greek Theatre,1977-07-24,待定,待定,公开数据集,https://musicbrainz.org/doc/MusicBrainz_Database,2026-08-31
KISS,KISS at Market Square Arena,,Market Square Arena,1984-02-16,待定,待定,公开数据集,https://musicbrainz.org/doc/MusicBrainz_Database,2026-08-31
Die Ärzte,Die Ärzte at Westfalenhalle,,Westfalenhalle 1,2011-12-19,待定,待定,公开数据集,https://musicbrainz.org/doc/MusicBrainz_Database,2026-08-31
Peter Hook,Peter Hook DJ set at Metro,,Metro,2007-07-21,待定,待定,公开数据集,https://musicbrainz.org/doc/MusicBrainz_Database,2026-08-31
KISS,KISS at Time Warner Cable Music Pavilion,,Coastal Credit Union Music Park at Walnut Creek,2010-08-29,待定,待定,公开数据集,https://musicbrainz.org/doc/MusicBrainz_Database,2026-08-31
KISS,KISS at Cheyenne Frontier Days,,Cheyenne Frontier Days Arena,2010-07-23,待定,待定,公开数据集,https://musicbrainz.org/doc/MusicBrainz_Database,2026-08-31
Michael Mayer,"Coachella Valley Music and Arts Festival 2006, Day 2: Sahara Tent",,Empire Polo Club,2006-04-30,待定,待定,公开数据集,https://musicbrainz.org/doc/MusicBrainz_Database,2026-08-31
Die Ärzte,Die Ärzte at Stonz,,Stonz,1983,待定,待定,公开数据集,https://musicbrainz.org/doc/MusicBrainz_Database,2026-08-31
Jann Arden,One Night Only,,The Great Hall,2019-11-26,待定,待定,公开数据集,https://musicbrainz.org/doc/MusicBrainz_Database,2026-08-31
黒夢,DIVE INTO THE KINGDOM,,Zepp Namba (OSAKA),2013-09-14,待定,待定,公开数据集,https://musicbrainz.org/doc/MusicBrainz_Database,2026-08-31
Mötley Crüe,KISS and Mötley Crüe at Oak Mountain Amphitheatre,,Oak Mountain Amphitheatre,2012-07-31,待定,待定,公开数据集,https://musicbrainz.org/doc/MusicBrainz_Database,2026-08-31
Die Ärzte,Die Ärzte in Hof,,,1984-06-28,待定,待定,公开数据集,https://musicbrainz.org/doc/MusicBrainz_Database,2026-08-31
Catximba,«Marock» concierto @ Pub Terra,,Pub Terra,2005-11-18,待定,待定,公开数据集,https://musicbrainz.org/doc/MusicBrainz_Database,2026-08-31
Dieter Thomas Kuhn,Dieter Thomas Kuhn & Band at Stadtpark Open Air 2018,,Stadtpark Hamburg,2018-09-07,待定,待定,公开数据集,https://musicbrainz.org/doc/MusicBrainz_Database,2026-08-31
KISS,KISS and Mötley Crüe at 1‐800‐ASK‐GARY Amphitheatre,,MidFlorida Credit Union Amphitheatre at the Florida State Fairgrounds,2012-07-28,待定,待定,公开数据集,https://musicbrainz.org/doc/MusicBrainz_Database,2026-08-31
Jack Ninte,Trap Tour,,,2020-03-24,待定,待定,公开数据集,https://musicbrainz.org/doc/MusicBrainz_Database,2026-08-31
The E Street Band,"1988‐09‐23: Oakland‐Alameda County Coliseum, Oakland, CA, USA",,Oakland–Alameda County Coliseum,1988-09-23,待定,待定,公开数据集,https://musicbrainz.org/doc/MusicBrainz_Database,2026-08-31
Mötley Crüe,KISS and Mötley Crüe at Cruzan Amphitheatre,,iTHINK Financial Amphitheatre at the South Florida Fairgrounds,2012-07-27,待定,待定,公开数据集,https://musicbrainz.org/doc/MusicBrainz_Database,2026-08-31
Ross Neilsen,"Canadian Music Fest 2010, day 2: Czehoski",,Czehoski,2010-03-11,待定,待定,公开数据集,https://musicbrainz.org/doc/MusicBrainz_Database,2026-08-31
Trans‐Siberian Orchestra,Trans‐Siberian Orchestra at Idaho Center Arena,,Ford Idaho Center Arena,2005-11-26,待定,待定,公开数据集,https://musicbrainz.org/doc/MusicBrainz_Database,2026-08-31
The World/Inferno Friendship Society,"SXSW 2005, day 3: Elysium",,Elysium,2005-03-18,待定,待定,公开数据集,https://musicbrainz.org/doc/MusicBrainz_Database,2026-08-31
Trans‐Siberian Orchestra,Trans‐Siberian Orchestra at American Airlines Center,,American Airlines Center,2005-12-17,待定,待定,公开数据集,https://musicbrainz.org/doc/MusicBrainz_Database,2026-08-31
KISS,KISS at City Coliseum,,City Coliseum,1984-01-16,待定,待定,公开数据集,https://musicbrainz.org/doc/MusicBrainz_Database,2026-08-31
Bon Jovi,Bon Jovi at AT&T Center,,Frost Bank Center,2020-06-23,待定,待定,公开数据集,https://musicbrainz.org/doc/MusicBrainz_Database,2026-08-31
Die Ärzte,Die Ärzte at Noller Schlucht,,Noller Schlucht,1984-02-12,待定,待定,公开数据集,https://musicbrainz.org/doc/MusicBrainz_Database,2026-08-31
Lotto King Karl & Die Barmbek Dream Boys,Lotto King Carl & DBDB at Stadtpark Open Air 2018,,Stadtpark Hamburg,2018-09-15,待定,待定,公开数据集,https://musicbrainz.org/doc/MusicBrainz_Database,2026-08-31
,Castle Party 1996,,Grodziec Castle,1996-08-02,待定,待定,公开数据集,https://musicbrainz.org/doc/MusicBrainz_Database,2026-08-31
The Dresden Dolls,"Pinkpop Festival 2006, Day 1: Main Stage",,Megaland,2006-06-03,待定,待定,公开数据集,https://musicbrainz.org/doc/MusicBrainz_Database,2026-08-31
Iron Maiden,Iron Maiden at Brisbane Entertainment Centre,,Brisbane Entertainment Centre,2016-05-04,待定,待定,公开数据集,https://musicbrainz.org/doc/MusicBrainz_Database,2026-08-31
Trans‐Siberian Orchestra,Trans‐Siberian Orchestra at American Airlines Center,,American Airlines Center,2005-12-17,待定,待定,公开数据集,https://musicbrainz.org/doc/MusicBrainz_Database,2026-08-31
Galahad,"Whitchurch Musicians Convention 1993, day 1",,Parish Hall,1993-07-16,待定,待定,公开数据集,https://musicbrainz.org/doc/MusicBrainz_Database,2026-08-31
Ezio,Ezio + Band at Jazzhaus Freiburg,,Jazzhaus Freiburg,2009-03-27,待定,待定,公开数据集,https://musicbrainz.org/doc/MusicBrainz_Database,2026-08-31
Trans‐Siberian Orchestra,Trans‐Siberian Orchestra at Toyota Center,,Toyota Center,2005-12-18,待定,待定,公开数据集,https://musicbrainz.org/doc/MusicBrainz_Database,2026-08-31
KISS,KISS at PNC Bank Arts Center,,PNC Bank Arts Center,2010-08-20,待定,待定,公开数据集,https://musicbrainz.org/doc/MusicBrainz_Database,2026-08-31
Rocco,Rocco at Café Bar Alter Ego,,Alter Ego,2014-02-28,待定,待定,公开数据集,https://musicbrainz.org/doc/MusicBrainz_Database,2026-08-31
Monstagon,"Wacken Open Air 2015, Day 3: Wasteland Stage",,Wasteland Stage,2015-08-01,待定,待定,公开数据集,https://musicbrainz.org/doc/MusicBrainz_Database,2026-08-31
Pallas,"Whitchurch Musicians Convention 1993, day 2, evening",,Testbourne Community School Sports Hall,1993-07-17,待定,待定,公开数据集,https://musicbrainz.org/doc/MusicBrainz_Database,2026-08-31
Die Ärzte,Die Ärzte at Highfield Festival,,,2013-08-18,待定,待定,公开数据集,https://musicbrainz.org/doc/MusicBrainz_Database,2026-08-31
Angra,"Wacken Open Air 2015, Day 2: Party Stage",,Party Stage,2015-07-31,待定,待定,公开数据集,https://musicbrainz.org/doc/MusicBrainz_Database,2026-08-31
Kansas,Kansas at Elsinore Theatre,,Elsinore Theatre,2020-11-30,待定,待定,公开数据集,https://musicbrainz.org/doc/MusicBrainz_Database,2026-08-31
Christoph Maria Herbst,"Christoph Maria Herbst liest ""Millionär""",,Tollhaus Karlsruhe,2009-03-31,待定,待定,公开数据集,https://musicbrainz.org/doc/MusicBrainz_Database,2026-08-31
KISS,KISS at Mohegan Sun Arena,,Mohegan Sun Arena,2010-08-19,待定,待定,公开数据集,https://musicbrainz.org/doc/MusicBrainz_Database,2026-08-31
Huey Lewis and the News,Huey Lewis and the News at Wisconsin State Fair 2018,,Wisconsin State Fair Main Stage,2018-08-04,待定,待定,公开数据集,https://musicbrainz.org/doc/MusicBrainz_Database,2026-08-31
Kansas,Kansas at Bank of America Performing Arts Center,,Fred Kavli Theatre for the Performing Arts,2020-12-02,待定,待定,公开数据集,https://musicbrainz.org/doc/MusicBrainz_Database,2026-08-31
Die Ärzte,Die Ärzte at Chiemsee rocks!,,,2013-08-21,待定,待定,公开数据集,https://musicbrainz.org/doc/MusicBrainz_Database,2026-08-31
Trans‐Siberian Orchestra,Trans‐Siberian Orchestra at Giant Center,,Giant Center,2005-11-27,待定,待定,公开数据集,https://musicbrainz.org/doc/MusicBrainz_Database,2026-08-31
David Bowie,"1987-10-02: St. Paul Civic Center, St. Paul, Minnesota",,St. Paul Civic Center,1987-10-02,待定,待定,公开数据集,https://musicbrainz.org/doc/MusicBrainz_Database,2026-08-31
Kansas,Kansas at Cerritos Center for the Performing Arts,,Cerritos Center for the Performing Arts,2020-12-03,待定,待定,公开数据集,https://musicbrainz.org/doc/MusicBrainz_Database,2026-08-31
Zodiac,"Wacken Open Air 2015, Day 2: W:E:T Stage",,W.E.T. Stage,2015-07-31,待定,待定,公开数据集,https://musicbrainz.org/doc/MusicBrainz_Database,2026-08-31
Trans‐Siberian Orchestra,Trans‐Siberian Orchestra at Spokane Arena,,Spokane Arena,2005-11-27,待定,待定,公开数据集,https://musicbrainz.org/doc/MusicBrainz_Database,2026-08-31
David Bowie,"1987-10-04: Kemper Arena, Kansas City, MO, USA",,Kemper Arena,1987-10-04,待定,待定,公开数据集,https://musicbrainz.org/doc/MusicBrainz_Database,2026-08-31
Iron Maiden,Iron Maiden at Rod Laver Arena,,Rod Laver Arena,2016-05-09,待定,待定,公开数据集,https://musicbrainz.org/doc/MusicBrainz_Database,2026-08-31
The Addictions,"SXSW 2005, day 3: Habana Calle 6",,Habana Calle 6,2005-03-18,待定,待定,公开数据集,https://musicbrainz.org/doc/MusicBrainz_Database,2026-08-31
Trans‐Siberian Orchestra,Trans‐Siberian Orchestra at KeyArena,,Climate Pledge Arena,2005-11-28,待定,待定,公开数据集,https://musicbrainz.org/doc/MusicBrainz_Database,2026-08-31
,Edinburgh International Festival 2017,,,2017-08,待定,待定,公开数据集,https://musicbrainz.org/doc/MusicBrainz_Database,2026-08-31
Iron Maiden,Iron Maiden at Adelaide Entertainment Centre,,Adelaide Entertainment Centre Arena,2016-05-12,待定,待定,公开数据集,https://musicbrainz.org/doc/MusicBrainz_Database,2026-08-31
Renaissance,"Night of the Prog Festival XV, Day 1",,Freilichtbühne Loreley,2020-07-17,待定,待定,公开数据集,https://musicbrainz.org/doc/MusicBrainz_Database,2026-08-31
Trans‐Siberian Orchestra,Trans‐Siberian Orchestra at Giant Center,,Giant Center,2005-11-28,待定,待定,公开数据集,https://musicbrainz.org/doc/MusicBrainz_Database,2026-08-31
Jimmy Buffett,Jimmy Buffett and the Coral Reefer Band at Bridgestone Arena,,Bridgestone Arena,2019-04-27,待定,待定,公开数据集,https://musicbrainz.org/doc/MusicBrainz_Database,2026-08-31
Bruce Springsteen,"1974‐07‐14: Bottom Line, New York City, NY, USA",,The Bottom Line,1974-07-14,待定,待定,公开数据集,https://musicbrainz.org/doc/MusicBrainz_Database,2026-08-31
Iron Maiden,Iron Maiden at Perth Arena,,RAC Arena,2016-05-14,待定,待定,公开数据集,https://musicbrainz.org/doc/MusicBrainz_Database,2026-08-31
Vroudenspil,"Wacken Open Air 2015, Day 2: Wackinger Stage",,Wackinger Stage,2015-07-31,待定,待定,公开数据集,https://musicbrainz.org/doc/MusicBrainz_Database,2026-08-31
Trans‐Siberian Orchestra,Trans‐Siberian Orchestra at Rose Garden Arena,,Moda Center,2005-11-30,待定,待定,公开数据集,https://musicbrainz.org/doc/MusicBrainz_Database,2026-08-31
Malene Mortensen,Malene Mortensen at Jubez,,Jubez,2009-10-30,待定,待定,公开数据集,https://musicbrainz.org/doc/MusicBrainz_Database,2026-08-31
The E Street Band,"1975‐10‐17: The Roxy Theatre, West Hollywood, CA, USA",,The Roxy Theatre,1975-10-17,待定,待定,公开数据集,https://musicbrainz.org/doc/MusicBrainz_Database,2026-08-31
Iron Maiden,Iron Maiden at Grand Arena,,Grand Arena,2016-05-18,待定,待定,公开数据集,https://musicbrainz.org/doc/MusicBrainz_Database,2026-08-31
Stoppok,Stoppok Solo,,Studentenclub Baracke,2014-12-11,待定,待定,公开数据集,https://musicbrainz.org/doc/MusicBrainz_Database,2026-08-31
,Helsingin juhlaviikot 1971,,,1971,待定,待定,公开数据集,https://musicbrainz.org/doc/MusicBrainz_Database,2026-08-31
,"Graspop Metal Meeting 2010, Day 2",,Boeretang,2010-06-26,待定,待定,公开数据集,https://musicbrainz.org/doc/MusicBrainz_Database,2026-08-31
Orchestre Lamoureux,[concert],,Théâtre de Paris,1901-10-27,待定,待定,公开数据集,https://musicbrainz.org/doc/MusicBrainz_Database,2026-08-31
Trans‐Siberian Orchestra,Trans‐Siberian Orchestra at Madison Square Garden,,Madison Square Garden,2005-12-19,待定,待定,公开数据集,https://musicbrainz.org/doc/MusicBrainz_Database,2026-08-31
Martina Schwarzmann,Martina Schwarzmann at Tollhaus,,Tollhaus Karlsruhe,2009-11-11,待定,待定,公开数据集,https://musicbrainz.org/doc/MusicBrainz_Database,2026-08-31
Trans‐Siberian Orchestra,Trans‐Siberian Orchestra at Charleston Civic Center,,Charleston Civic Center Coliseum,2005-12-01,待定,待定,公开数据集,https://musicbrainz.org/doc/MusicBrainz_Database,2026-08-31
,博麗神社例大祭17,,,2020-05-17,待定,待定,公开数据集,https://musicbrainz.org/doc/MusicBrainz_Database,2026-08-31
,Guns N' Roses Tokyo 1992 concerts,,東京ドーム,1992-02-19,待定,待定,公开数据集,https://musicbrainz.org/doc/MusicBrainz_Database,2026-08-31
David Bowie,"1987-10-08: The Summit, Houston, Texas",,Lakewood Church Central Campus,1987-10-08,待定,待定,公开数据集,https://musicbrainz.org/doc/MusicBrainz_Database,2026-08-31
Trans‐Siberian Orchestra,Trans‐Siberian Orchestra at Quicken Loans Arena,,Rocket Arena,2005-12-02,待定,待定,公开数据集,https://musicbrainz.org/doc/MusicBrainz_Database,2026-08-31
Alex Luca,Alex Abbuehl Single Release,,,2019-05-19,待定,待定,公开数据集,https://musicbrainz.org/doc/MusicBrainz_Database,2026-08-31
Die Ärzte,Die Ärzte at Two Days A Week Festival,,Ottakringer Arena,2013-08-30,待定,待定,公开数据集,https://musicbrainz.org/doc/MusicBrainz_Database,2026-08-31
Jorma Panula,Helsingin juhlaviikot 1971: [concert],,,1971-09-05,待定,待定,公开数据集,https://musicbrainz.org/doc/MusicBrainz_Database,2026-08-31
,"Graspop Metal Meeting 2010, Day 3",,Boeretang,2010-06-27,待定,待定,公开数据集,https://musicbrainz.org/doc/MusicBrainz_Database,2026-08-31
Stoppok,Stoppok Solo,,Pressenwerk,2014-12-12,待定,待定,公开数据集,https://musicbrainz.org/doc/MusicBrainz_Database,2026-08-31
Ocean Colour Scene,"Live at Loch Lomond, Day 1: Rock DJ Stage",,Balloch Country Park,2007-08-04,待定,待定,公开数据集,https://musicbrainz.org/doc/MusicBrainz_Database,2026-08-31
sordos,Sordos Vuelve Con Todo,,,2019-04-13,待定,待定,公开数据集,https://musicbrainz.org/doc/MusicBrainz_Database,2026-08-31
Triband,Triband XL + Guests,,Tollhaus Karlsruhe,2009-12-16,待定,待定,公开数据集,https://musicbrainz.org/doc/MusicBrainz_Database,2026-08-31
Bruce Springsteen,"1990‐02‐10: Greenacres, Beverly Hills, CA, USA",,Harold Lloyd Estate,1990-02-10,待定,待定,公开数据集,https://musicbrainz.org/doc/MusicBrainz_Database,2026-08-31
Trans‐Siberian Orchestra,Trans‐Siberian Orchestra at Mid–America Center,,Mid‐America Center,2013-11-13,待定,待定,公开数据集,https://musicbrainz.org/doc/MusicBrainz_Database,2026-08-31
Stoppok,Stoppok Solo,,Altes Kino,2014-12-13,待定,待定,公开数据集,https://musicbrainz.org/doc/MusicBrainz_Database,2026-08-31
Chris Grieve,at Bone Haus Brewing,,,2020-03-29,待定,待定,公开数据集,https://musicbrainz.org/doc/MusicBrainz_Database,2026-08-31
Robert D'Atri,Future Body Sound,,Brillobox,2016-07-16,待定,待定,公开数据集,https://musicbrainz.org/doc/MusicBrainz_Database,2026-08-31
,[concert],,Pavlovsk Vauxhall,1901-07-04,待定,待定,公开数据集,https://musicbrainz.org/doc/MusicBrainz_Database,2026-08-31
The E Street Band,"1973‐07‐31: My Father’s Place, Roslyn, NY, USA",,My Father’s Place,1973-07-31,待定,待定,公开数据集,https://musicbrainz.org/doc/MusicBrainz_Database,2026-08-31
Paulinho da Costa,"1990‐02‐11: Greenacres, Beverly Hills, CA, USA",,Harold Lloyd Estate,1990-02-11,待定,待定,公开数据集,https://musicbrainz.org/doc/MusicBrainz_Database,2026-08-31
Füenf,Füenf at Jubez,,Jubez,2010-02-13,待定,待定,公开数据集,https://musicbrainz.org/doc/MusicBrainz_Database,2026-08-31
S.V. Bentser,[concert],,Saint Petersburg Conservatory: Small Hall,1917-10-29,待定,待定,公开数据集,https://musicbrainz.org/doc/MusicBrainz_Database,2026-08-31
David Bowie,"1983-04-27: “Serious Moonlight” rehearsals, Dallas, Texas",,,1983-04-27,待定,待定,公开数据集,https://musicbrainz.org/doc/MusicBrainz_Database,2026-08-31
Trans‐Siberian Orchestra,Trans‐Siberian Orchestra at Alltel Arena,,Simmons Bank Arena,2005-12-21,待定,待定,公开数据集,https://musicbrainz.org/doc/MusicBrainz_Database,2026-08-31
Garry Tallent,"1974‐03‐09, early show: Liberty Hall, Houston, TX, USA",,Liberty Hall,1974-03-09,待定,待定,公开数据集,https://musicbrainz.org/doc/MusicBrainz_Database,2026-08-31
,[concert],,,1955-01-23,待定,待定,公开数据集,https://musicbrainz.org/doc/MusicBrainz_Database,2026-08-31
Bølzer,Destroyer 666 + Bolzer Call of the Wild NZ Tour Wgtn,,Valhalla,2019-05-28,待定,待定,公开数据集,https://musicbrainz.org/doc/MusicBrainz_Database,2026-08-31
Wallis Bird,Wallis Bird at Jubez,,Jubez,2010-04-13,待定,待定,公开数据集,https://musicbrainz.org/doc/MusicBrainz_Database,2026-08-31
Trans‐Siberian Orchestra,Trans‐Siberian Orchestra at E Center,,Maverik Center,2004-12-30,待定,待定,公开数据集,https://musicbrainz.org/doc/MusicBrainz_Database,2026-08-31
THE ALFEE,THE ALFEE 40th Anniversary 2014 GENESIS Ⅱ @ 三沢市公会堂,,三沢市公会堂,2014-12-12,待定,待定,公开数据集,https://musicbrainz.org/doc/MusicBrainz_Database,2026-08-31
Bruce Springsteen,"1992‐01: St. Charles Avenue Steetcar Line, New Orleans, LA, USA",,St. Charles Streetcar Line,1992-01,待定,待定,公开数据集,https://musicbrainz.org/doc/MusicBrainz_Database,2026-08-31
THE ALFEE,THE ALFEE 40th Anniversary 2014 GENESIS Ⅱ @ 仙台サンプラザホール,,仙台サンプラザホール,2014-12-13,待定,待定,公开数据集,https://musicbrainz.org/doc/MusicBrainz_Database,2026-08-31
Massive Attack,Massive Attack at Hugenottenhalle,,Hugenottenhalle,1998-05-26,待定,待定,公开数据集,https://musicbrainz.org/doc/MusicBrainz_Database,2026-08-31
THE ALFEE,THE ALFEE at 相模女子大学グリーンホール,,相模女子大学グリーンホール 大ホール,2019-06-19,待定,待定,公开数据集,https://musicbrainz.org/doc/MusicBrainz_Database,2026-08-31
Annihilator,"Hellfest 2010, Day 2",,"Hellfest, Val de Moine",2010-06-19,待定,待定,公开数据集,https://musicbrainz.org/doc/MusicBrainz_Database,2026-08-31
Trans‐Siberian Orchestra,Trans‐Siberian Orchestra at Scottrade Center,,Enterprise Center,2013-12-23,待定,待定,公开数据集,https://musicbrainz.org/doc/MusicBrainz_Database,2026-08-31
Daryl Hall & John Oates,Daryl Hall & John Oates at Civic Arena,,Civic Arena,1978-12-31,待定,待定,公开数据集,https://musicbrainz.org/doc/MusicBrainz_Database,2026-08-31
Massive Attack,Massive Attack at Kongresshalle,,Kongresshalle Böblingen,1998-05-28,待定,待定,公开数据集,https://musicbrainz.org/doc/MusicBrainz_Database,2026-08-31
ももいろクローバーZ,「ももいろクリスマス2018 DIAMOND PHILHARMONY -The Real Deal-」 DAY1,,さいたまスーパーアリーナ,2018-12-24,待定,待定,公开数据集,https://musicbrainz.org/doc/MusicBrainz_Database,2026-08-31
Sally Timms,"SXSW 2000, day 2: Saengerrunde Hall",,Saengerrunde Hall,2000-03-16,待定,待定,公开数据集,https://musicbrainz.org/doc/MusicBrainz_Database,2026-08-31
Lou Reed,Lou Reed at L’Olympia,,L’Olympia,1974-05-25,待定,待定,公开数据集,https://musicbrainz.org/doc/MusicBrainz_Database,2026-08-31
3 Doors Down,"Rock’n the Rally 2008, Day 5",,Buffalo Chip Campground,2008-08-06,待定,待定,公开数据集,https://musicbrainz.org/doc/MusicBrainz_Database,2026-08-31
,"Graspop Metal Meeting 2016, Day 0",,Boeretang,2016-06-16,待定,待定,公开数据集,https://musicbrainz.org/doc/MusicBrainz_Database,2026-08-31
David Bowie,"2004-06-05: PNC Bank Arts Center, Holmdel Township, New Jersey",,PNC Bank Arts Center,2004-06-05,待定,待定,公开数据集,https://musicbrainz.org/doc/MusicBrainz_Database,2026-08-31
,Download Festival 2016,,Donington Park,2016-06-10,待定,待定,公开数据集,https://musicbrainz.org/doc/MusicBrainz_Database,2026-08-31
,"Summerfest 2009, Day 9",,Henry W. Maier Festival Park,2009-07-03,待定,待定,公开数据集,https://musicbrainz.org/doc/MusicBrainz_Database,2026-08-31
Jim Lauderdale,"SXSW 2000, day 2: Soho Lounge",,Soho Lounge,2000-03-16,待定,待定,公开数据集,https://musicbrainz.org/doc/MusicBrainz_Database,2026-08-31
Trish Murphy,"SXSW 2005, day 3: Lounge at Crowne Plaza",,Lounge at Crowne Plaza,2005-03-18,待定,待定,公开数据集,https://musicbrainz.org/doc/MusicBrainz_Database,2026-08-31
DJ Spinner T,"SXSW 2007, day 3: Copa",,Copa Bar & Grill,2007-03-15,待定,待定,公开数据集,https://musicbrainz.org/doc/MusicBrainz_Database,2026-08-31
,"Summerfest 2009, Day 10",,Henry W. Maier Festival Park,2009-07-04,待定,待定,公开数据集,https://musicbrainz.org/doc/MusicBrainz_Database,2026-08-31
,"Hellfest 2010, Day 3",,"Hellfest, Val de Moine",2010-06-20,待定,待定,公开数据集,https://musicbrainz.org/doc/MusicBrainz_Database,2026-08-31
Phil Collins,Phil Collins at American Airlines Center,,American Airlines Center,2019-09-23,待定,待定,公开数据集,https://musicbrainz.org/doc/MusicBrainz_Database,2026-08-31
黒夢,「1996 FAKE STAR’S CIRCUIT」@ 広島アステールプラザ(大),,広島アステールプラザ大ホール,1996-06-21,待定,待定,公开数据集,https://musicbrainz.org/doc/MusicBrainz_Database,2026-08-31
Galahad,Galahad at The Speckled Trout,,The Speckled Trout,1986-08-21,待定,待定,公开数据集,https://musicbrainz.org/doc/MusicBrainz_Database,2026-08-31
Gobbinjr,Gobbinjr / Rue / Same / Space Buns Forever @Roboto,,The Mr. Roboto Project,2017-02-17,待定,待定,公开数据集,https://musicbrainz.org/doc/MusicBrainz_Database,2026-08-31
黒夢,「1996 FAKE STAR’S CIRCUIT」@ 愛媛県民文化会館サブホール,,愛媛県民文化会館サブホール,1996-06-22,待定,待定,公开数据集,https://musicbrainz.org/doc/MusicBrainz_Database,2026-08-31
Bon Jovi,"Summerfest 2009, Day 1: Marcus Amphitheater",,American Family Insurance Amphitheater,2009-06-25,待定,待定,公开数据集,https://musicbrainz.org/doc/MusicBrainz_Database,2026-08-31
黒夢,「1996 FAKE STAR’S CIRCUIT」@ 高知県民文化ホール(グリーン),,高知県立県民文化ホール (グリーンホール),1996-06-24,待定,待定,公开数据集,https://musicbrainz.org/doc/MusicBrainz_Database,2026-08-31
,"New Orleans Jazz & Heritage Festival 2019, Day 2",,Fair Grounds Race Course,2019-04-26,待定,待定,公开数据集,https://musicbrainz.org/doc/MusicBrainz_Database,2026-08-31
,"Graspop Metal Meeting 2016, Day 3",,Boeretang,2016-06-19,待定,待定,公开数据集,https://musicbrainz.org/doc/MusicBrainz_Database,2026-08-31
黒夢,"TOUR Many SEX Years vol.2// Many SEX,【DRUG TREATMENT】@ 四日市市文化会館",,四日市市文化会館,1997-08-28,待定,待定,公开数据集,https://musicbrainz.org/doc/MusicBrainz_Database,2026-08-31
ZZ Top,"Rock’n the Rally 2008, Day 6",,Buffalo Chip Campground,2008-08-07,待定,待定,公开数据集,https://musicbrainz.org/doc/MusicBrainz_Database,2026-08-31
Function,Nuit Noire IX,,Lot 613,2014-09-20,待定,待定,公开数据集,https://musicbrainz.org/doc/MusicBrainz_Database,2026-08-31
高見沢俊彦,「Kaléidoscope—天使の狂宴—」@ Zepp Fukuoka,,Zepp Fukuoka,2007-08-07,待定,待定,公开数据集,https://musicbrainz.org/doc/MusicBrainz_Database,2026-08-31
The E Street Band,"2003‐03‐07: Boardwalk Hall, Atlantic City, NJ, USA",,Jim Whelan Boardwalk Hall,2003-03-07,待定,待定,公开数据集,https://musicbrainz.org/doc/MusicBrainz_Database,2026-08-31
Soakie,"North Island Domination: Wellington, Newtown Community Centre",,Newtown Community & Cultural Centre,2018-03-10,待定,待定,公开数据集,https://musicbrainz.org/doc/MusicBrainz_Database,2026-08-31
KISS,KISS at Konocti Harbor,,Konocti Harbor Resort and Spa,2008-08-31,待定,待定,公开数据集,https://musicbrainz.org/doc/MusicBrainz_Database,2026-08-31
高見沢俊彦,「Kaléidoscope—天使の狂宴—」@ Zepp Nagoya,,Zepp Nagoya,2007-08-15,待定,待定,公开数据集,https://musicbrainz.org/doc/MusicBrainz_Database,2026-08-31
The 1992–93 World Tour Band,"1992‐08‐04: Brendan Byrne Arena, East Rutherford, NJ, USA",,Meadowlands Arena,1992-08-04,待定,待定,公开数据集,https://musicbrainz.org/doc/MusicBrainz_Database,2026-08-31
,Winter Festival 14,,Studenterhuset,2014-12-05,待定,待定,公开数据集,https://musicbrainz.org/doc/MusicBrainz_Database,2026-08-31
Trans‐Siberian Orchestra,Trans‐Siberian Orchestra at U.S. Bank Arena,,Heritage Bank Center,2013-12-13,待定,待定,公开数据集,https://musicbrainz.org/doc/MusicBrainz_Database,2026-08-31
黒夢,"TOUR Many SEX Years vol.2// Many SEX,【DRUG TREATMENT】@ 結城市民文化センター アクロス",,結城市民文化センター アクロス,1997-10-18,待定,待定,公开数据集,https://musicbrainz.org/doc/MusicBrainz_Database,2026-08-31
ZZ Top,ZZ Top at Comerica Theatre,,Arizona Financial Theatre,2019-08-29,待定,待定,公开数据集,https://musicbrainz.org/doc/MusicBrainz_Database,2026-08-31
Jessie J,Alive Tour: Nottingham,,Motorpoint Arena Nottingham,2013-10-25,待定,待定,公开数据集,https://musicbrainz.org/doc/MusicBrainz_Database,2026-08-31
Temper,"Storåsfestivalen 2007, Torsdag: Huldrascenen",,,2007-07-26,待定,待定,公开数据集,https://musicbrainz.org/doc/MusicBrainz_Database,2026-08-31
黒夢,「1996 FAKE STAR’S CIRCUIT」@ 福岡電気ホール,,福岡電気ホール,1996-07-13,待定,待定,公开数据集,https://musicbrainz.org/doc/MusicBrainz_Database,2026-08-31
The Hylozoists,"SXSW 2007, day 3: Habana Calle 6 Annex",,Habana Calle 6 Annex,2007-03-15,待定,待定,公开数据集,https://musicbrainz.org/doc/MusicBrainz_Database,2026-08-31
Two Gallants,"SXSW 2005, day 3: Maggie Mae's",,Maggie Mae’s,2005-03-18,待定,待定,公开数据集,https://musicbrainz.org/doc/MusicBrainz_Database,2026-08-31
Jessie J,Alive Tour: Newcastle,,Utilita Arena Newcastle,2013-10-26,待定,待定,公开数据集,https://musicbrainz.org/doc/MusicBrainz_Database,2026-08-31
Świetliki,Świetliki at Klub Żak,,Klub Żak,2020-01-25,待定,待定,公开数据集,https://musicbrainz.org/doc/MusicBrainz_Database,2026-08-31
Perfect Alibi,Perfect Alibi at Festhalle Bormacher,,Festhalle Bormacher,2013-11-23,待定,待定,公开数据集,https://musicbrainz.org/doc/MusicBrainz_Database,2026-08-31
黒夢,「1996 FAKE STAR’S CIRCUIT」@ 大阪厚生年金会館大ホール,,大阪厚生年金会館 大ホール,1996-07-17,待定,待定,公开数据集,https://musicbrainz.org/doc/MusicBrainz_Database,2026-08-31
Bruce Springsteen,"1992‐08‐18: The Palace of Auburn Hills, Auburn Hills, MI, USA",,The Palace of Auburn Hills,1992-08-18,待定,待定,公开数据集,https://musicbrainz.org/doc/MusicBrainz_Database,2026-08-31
,Quilmes Rock 2009,,Estadio Antonio Vespucio Liberti,2009-03-24,待定,待定,公开数据集,https://musicbrainz.org/doc/MusicBrainz_Database,2026-08-31
黒夢,「1996 FAKE STAR’S CIRCUIT」@ 金沢市文化ホール,,金沢市文化ホール,1996-07-22,待定,待定,公开数据集,https://musicbrainz.org/doc/MusicBrainz_Database,2026-08-31
Gene,Gene at Colchester Arts Centre,,Colchester Arts Centre,1999-02-23,待定,待定,公开数据集,https://musicbrainz.org/doc/MusicBrainz_Database,2026-08-31
Trans‐Siberian Orchestra,Trans‐Siberian Orchestra at BOK Center,,BOK Center,2013-12-19,待定,待定,公开数据集,https://musicbrainz.org/doc/MusicBrainz_Database,2026-08-31
Travis,Travis in Manchester,,Manchester Academy,1998-03-23,待定,待定,公开数据集,https://musicbrainz.org/doc/MusicBrainz_Database,2026-08-31
Phil Collins,Phil Collins at Madison Square Garden,,Madison Square Garden,2019-10-07,待定,待定,公开数据集,https://musicbrainz.org/doc/MusicBrainz_Database,2026-08-31
黒夢,「1996 FAKE STAR’S CIRCUIT」@ 長野県県民文化会館中ホール,,ホクト文化ホール 中ホール,1996-07-25,待定,待定,公开数据集,https://musicbrainz.org/doc/MusicBrainz_Database,2026-08-31
Antonio Pini-Corsi,The Merry Wives of Windsor,,Metropolitan Opera House,1899,待定,待定,公开数据集,https://musicbrainz.org/doc/MusicBrainz_Database,2026-08-31
KISS,KISS at Ijsselhal,,IJsselhallen,1984-11-04,待定,待定,公开数据集,https://musicbrainz.org/doc/MusicBrainz_Database,2026-08-31
Pawa Up First,"SXSW 2007, day 3: Maggie Mae’s",,Maggie Mae’s,2007-03-15,待定,待定,公开数据集,https://musicbrainz.org/doc/MusicBrainz_Database,2026-08-31
,Roadburn 2019,,013,2019-04-11,待定,待定,公开数据集,https://musicbrainz.org/doc/MusicBrainz_Database,2026-08-31
Galahad,Galahad at The Speckled Trout,,The Speckled Trout,1985-11-07,待定,待定,公开数据集,https://musicbrainz.org/doc/MusicBrainz_Database,2026-08-31
黒夢,TOUR Many SEX Years vol.5// CORKSCREW A GO GO! @ 三郷市文化会館,,三郷市文化会館,1998-06-12,待定,待定,公开数据集,https://musicbrainz.org/doc/MusicBrainz_Database,2026-08-31
Kari Lindstedt,[broadcast by Finnish TV2],,,1987-05-26,待定,待定,公开数据集,https://musicbrainz.org/doc/MusicBrainz_Database,2026-08-31
黒夢,TOUR Many SEX Years vol.5// CORKSCREW A GO GO! @ 市川CLUB GIO,,CLUB GIO,1998-06-14,待定,待定,公开数据集,https://musicbrainz.org/doc/MusicBrainz_Database,2026-08-31
黒夢,TOUR Many SEX Years vol.5// CORKSCREW A GO GO! @ 市川市文化会館,,市川市文化会館,1998-06-15,待定,待定,公开数据集,https://musicbrainz.org/doc/MusicBrainz_Database,2026-08-31
KISS,KISS at Pearl Concert Theater at Palms Casino Resort,,Pearl Concert Theater at Palms Casino Resort,2008-08-29,待定,待定,公开数据集,https://musicbrainz.org/doc/MusicBrainz_Database,2026-08-31
ZZ Top,ZZ Top at Hollywood Casino Amphitheatre,,Credit Union 1 Amphitheatre,2019-09-07,待定,待定,公开数据集,https://musicbrainz.org/doc/MusicBrainz_Database,2026-08-31
The Great Bear Trio,Great Bear Groove 2011,,,2011-06-03,待定,待定,公开数据集,https://musicbrainz.org/doc/MusicBrainz_Database,2026-08-31
Sequaz,Carioca ProgFestival 2019: Sequaz,,Centro da Musica Carioca Artur da Távola,2019-09-12,待定,待定,公开数据集,https://musicbrainz.org/doc/MusicBrainz_Database,2026-08-31
Prognoise,Carioca ProgFestival 2019: Prognoise,,Centro da Musica Carioca Artur da Távola,2019-09-19,待定,待定,公开数据集,https://musicbrainz.org/doc/MusicBrainz_Database,2026-08-31
Unbelievable Truth,Unbelievable Truth in Doncaster,,The Leopard,1998-02-13,待定,待定,公开数据集,https://musicbrainz.org/doc/MusicBrainz_Database,2026-08-31
Ultranova,Carioca ProgFestival 2019: Ultranova,,Centro da Musica Carioca Artur da Távola,2019-09-26,待定,待定,公开数据集,https://musicbrainz.org/doc/MusicBrainz_Database,2026-08-31
,Cuba Dupa 2018,,,2018-03-24,待定,待定,公开数据集,https://musicbrainz.org/doc/MusicBrainz_Database,2026-08-31
Apocalypse,"Carioca ProgFestival 2019: Apocalypse, sábado",,Solar de Botafogo,2019-10-19,待定,待定,公开数据集,https://musicbrainz.org/doc/MusicBrainz_Database,2026-08-31
Trans‐Siberian Orchestra,Trans‐Siberian Orchestra at Toyota Center,,Toyota Center,2013-12-27,待定,待定,公开数据集,https://musicbrainz.org/doc/MusicBrainz_Database,2026-08-31
Peter Eget,Julebal,,Højby Forsamlingshus,2014-12-28,待定,待定,公开数据集,https://musicbrainz.org/doc/MusicBrainz_Database,2026-08-31
KISS,KISS at Stabler Arena,,Stabler Arena,1984-11-15,待定,待定,公开数据集,https://musicbrainz.org/doc/MusicBrainz_Database,2026-08-31
THE ALFEE,THE ALFEE 40th Anniversary 2014 GENESIS Ⅱ @ 神奈川県民ホール,,神奈川県民ホール,2014-11-26,待定,待定,公开数据集,https://musicbrainz.org/doc/MusicBrainz_Database,2026-08-31
,Redditaisai 2018,,,2018-07-28,待定,待定,公开数据集,https://musicbrainz.org/doc/MusicBrainz_Database,2026-08-31
Charly Lownoise & Mental Theo,Energy 96,,Hallenstadion,1996-08-10,待定,待定,公开数据集,https://musicbrainz.org/doc/MusicBrainz_Database,2026-08-31
Transistor,"Fundraiser gig for WRC! w/Unsanitary Napkin, Tidal Rave & more",,Caroline,2018-03-07,待定,待定,公开数据集,https://musicbrainz.org/doc/MusicBrainz_Database,2026-08-31
Folkets Hus Spillefolk,Ramslag,,Metronomen,2016-02-12,待定,待定,公开数据集,https://musicbrainz.org/doc/MusicBrainz_Database,2026-08-31
Lynyrd Skynyrd,Lynyrd Skynyrd at FivePoint Amphitheatre,,FivePoint Amphitheatre,2019-08-23,待定,待定,公开数据集,https://musicbrainz.org/doc/MusicBrainz_Database,2026-08-31
,"Rock Carnival 2016, Day 3",,FirstEnergy Park,2016-10-02,待定,待定,公开数据集,https://musicbrainz.org/doc/MusicBrainz_Database,2026-08-31
THE ALFEE,THE ALFEE 40th Anniversary 2014 GENESIS Ⅱ @ 市川市文化会館,,市川市文化会館,2014-10-09,待定,待定,公开数据集,https://musicbrainz.org/doc/MusicBrainz_Database,2026-08-31
"Broekhuis, Keller & Schönwälder","Broekhuis, Keller & Schönwälder at Dorfkirche Repelen",,Dorfkirche Repelen,2021-02-20,待定,待定,公开数据集,https://musicbrainz.org/doc/MusicBrainz_Database,2026-08-31
黒夢,TOUR Many SEX Years vol.5// CORKSCREW A GO GO! @ 九州厚生年金会館,,アルモニーサンク 北九州ソレイユホール,1998-06-30,待定,待定,公开数据集,https://musicbrainz.org/doc/MusicBrainz_Database,2026-08-31
Lambert,"Explore the North 2016, Day 1",,Westerkerk,2016-11-25,待定,待定,公开数据集,https://musicbrainz.org/doc/MusicBrainz_Database,2026-08-31
Womb,Womb Release Tour: WGTN with very special guests,,Caroline,2018-03-14,待定,待定,公开数据集,https://musicbrainz.org/doc/MusicBrainz_Database,2026-08-31
Kansas,Kansas at Timberwood Amphitheater at Magic Springs Park,,Timberwood Amphitheater at Magic Springs Theme and Water Park,2018-06-30,待定,待定,公开数据集,https://musicbrainz.org/doc/MusicBrainz_Database,2026-08-31
黒夢,「1996 FAKE STAR’S CIRCUIT」@ 大阪厚生年金会館大ホール,,大阪厚生年金会館 大ホール,1996-07-16,待定,待定,公开数据集,https://musicbrainz.org/doc/MusicBrainz_Database,2026-08-31
Goe Vur In Den Otto,"Graspop Metal Meeting 2016, Day 0: Classic Rock Café",,Classic Rock Café,2016-06-16,待定,待定,公开数据集,https://musicbrainz.org/doc/MusicBrainz_Database,2026-08-31
Ahnand Unka,Full Noise,,Grey Lynn Library Hall,2018-03-02,待定,待定,公开数据集,https://musicbrainz.org/doc/MusicBrainz_Database,2026-08-31
KISS,KISS at Nassau Veterans Memorial Coliseum,,Nassau Veterans Memorial Coliseum,1984-11-21,待定,待定,公开数据集,https://musicbrainz.org/doc/MusicBrainz_Database,2026-08-31
Ocean Colour Scene,"Live at Loch Lomond, Day 1: Rock DJ Stage",,Balloch Country Park,2007-08-04,待定,待定,公开数据集,https://musicbrainz.org/doc/MusicBrainz_Database,2026-08-31
Triband,Triband XL + Guests,,Tollhaus Karlsruhe,2009-12-16,待定,待定,公开数据集,https://musicbrainz.org/doc/MusicBrainz_Database,2026-08-31
Bruce Springsteen,"1990‐02‐10: Greenacres, Beverly Hills, CA, USA",,Harold Lloyd Estate,1990-02-10,待定,待定,公开数据集,https://musicbrainz.org/doc/MusicBrainz_Database,2026-08-31
Trans‐Siberian Orchestra,Trans‐Siberian Orchestra at Mid–America Center,,Mid‐America Center,2013-11-13,待定,待定,公开数据集,https://musicbrainz.org/doc/MusicBrainz_Database,2026-08-31
Stoppok,Stoppok Solo,,Altes Kino,2014-12-13,待定,待定,公开数据集,https://musicbrainz.org/doc/MusicBrainz_Database,2026-08-31
Chris Grieve,at Bone Haus Brewing,,,2020-03-29,待定,待定,公开数据集,https://musicbrainz.org/doc/MusicBrainz_Database,2026-08-31
Robert D'Atri,Future Body Sound,,Brillobox,2016-07-16,待定,待定,公开数据集,https://musicbrainz.org/doc/MusicBrainz_Database,2026-08-31
,[concert],,Pavlovsk Vauxhall,1901-07-04,待定,待定,公开数据集,https://musicbrainz.org/doc/MusicBrainz_Database,2026-08-31
The E Street Band,"1973‐07‐31: My Father’s Place, Roslyn, NY, USA",,My Father’s Place,1973-07-31,待定,待定,公开数据集,https://musicbrainz.org/doc/MusicBrainz_Database,2026-08-31
Paulinho da Costa,"1990‐02‐11: Greenacres, Beverly Hills, CA, USA",,Harold Lloyd Estate,1990-02-11,待定,待定,公开数据集,https://musicbrainz.org/doc/MusicBrainz_Database,2026-08-31
Füenf,Füenf at Jubez,,Jubez,2010-02-13,待定,待定,公开数据集,https://musicbrainz.org/doc/MusicBrainz_Database,2026-08-31
S.V. Bentser,[concert],,Saint Petersburg Conservatory: Small Hall,1917-10-29,待定,待定,公开数据集,https://musicbrainz.org/doc/MusicBrainz_Database,2026-08-31
David Bowie,"1983-04-27: “Serious Moonlight” rehearsals, Dallas, Texas",,,1983-04-27,待定,待定,公开数据集,https://musicbrainz.org/doc/MusicBrainz_Database,2026-08-31
Trans‐Siberian Orchestra,Trans‐Siberian Orchestra at Alltel Arena,,Simmons Bank Arena,2005-12-21,待定,待定,公开数据集,https://musicbrainz.org/doc/MusicBrainz_Database,2026-08-31
Garry Tallent,"1974‐03‐09, early show: Liberty Hall, Houston, TX, USA",,Liberty Hall,1974-03-09,待定,待定,公开数据集,https://musicbrainz.org/doc/MusicBrainz_Database,2026-08-31
,[concert],,,1955-01-23,待定,待定,公开数据集,https://musicbrainz.org/doc/MusicBrainz_Database,2026-08-31
Bølzer,Destroyer 666 + Bolzer Call of the Wild NZ Tour Wgtn,,Valhalla,2019-05-28,待定,待定,公开数据集,https://musicbrainz.org/doc/MusicBrainz_Database,2026-08-31
Wallis Bird,Wallis Bird at Jubez,,Jubez,2010-04-13,待定,待定,公开数据集,https://musicbrainz.org/doc/MusicBrainz_Database,2026-08-31
The Dark Lines,RANT 2017 Saturday @ Spirit patio,,,2017-09-02,待定,待定,公开数据集,https://musicbrainz.org/doc/MusicBrainz_Database,2026-08-31
Trans‐Siberian Orchestra,Trans‐Siberian Orchestra at Kemper Arena,,Kemper Arena,2005-12-22,待定,待定,公开数据集,https://musicbrainz.org/doc/MusicBrainz_Database,2026-08-31
Ashby,Ashby + Eyevory at Parkhaus Meiderich,,Parkhaus,2018-02-03,待定,待定,公开数据集,https://musicbrainz.org/doc/MusicBrainz_Database,2026-08-31
Stoppok,Stoppok Solo,,Club Hanseat,2014-12-14,待定,待定,公开数据集,https://musicbrainz.org/doc/MusicBrainz_Database,2026-08-31
Katzenjammer,Katzenjammer at Substage,,Substage,2010-05-13,待定,待定,公开数据集,https://musicbrainz.org/doc/MusicBrainz_Database,2026-08-31
,Wacken Open Air 2007,,Wacken Open Air Festival Grounds,2007-08-02,待定,待定,公开数据集,https://musicbrainz.org/doc/MusicBrainz_Database,2026-08-31
Stoppok,Stoppok Solo,,Savoy,2014-12-16,待定,待定,公开数据集,https://musicbrainz.org/doc/MusicBrainz_Database,2026-08-31
LaBrassBanda,LaBrassBanda at Zeltival,,Tollhaus Karlsruhe,2010-08-03,待定,待定,公开数据集,https://musicbrainz.org/doc/MusicBrainz_Database,2026-08-31
Stoppok,Stoppok Solo,,Kolosseum,2014-12-17,待定,待定,公开数据集,https://musicbrainz.org/doc/MusicBrainz_Database,2026-08-31
Tom Petty and the Heartbreakers,"1990‐03‐01: The Forum, Inglewood, CA, USA",,Kia Forum,1990-03-01,待定,待定,公开数据集,https://musicbrainz.org/doc/MusicBrainz_Database,2026-08-31
Tory Lanez,Tory Lanez - Live In Concert - PERTH,,Metro City,2017-09-01,待定,待定,公开数据集,https://musicbrainz.org/doc/MusicBrainz_Database,2026-08-31
zczero,Claiming Copyright On Water,,,2018-03-24,待定,待定,公开数据集,https://musicbrainz.org/doc/MusicBrainz_Database,2026-08-31
Red Hot Chilli Pipers,Red Hot Chilli Pipers at Zeltival,,Tollhaus Karlsruhe,2010-08-07,待定,待定,公开数据集,https://musicbrainz.org/doc/MusicBrainz_Database,2026-08-31
Trans‐Siberian Orchestra,Trans‐Siberian Orchestra at Blue Cross Arena,,Blue Cross Arena,2005-12-23,待定,待定,公开数据集,https://musicbrainz.org/doc/MusicBrainz_Database,2026-08-31
Eivør,Eivør Pálsdóttir at Slaktkyrkan,,Slaktkyrkan,2018-03-16,待定,待定,公开数据集,https://musicbrainz.org/doc/MusicBrainz_Database,2026-08-31
Cult of Fire,Cult of Fire - Exclusive NZ Show,,Valhalla,2019-05-31,待定,待定,公开数据集,https://musicbrainz.org/doc/MusicBrainz_Database,2026-08-31
Blake Baxter,"Festimad 1998, day 2: Zoom Zone: Inferno Danz",,Parque el Soto,1998-05-02,待定,待定,公开数据集,https://musicbrainz.org/doc/MusicBrainz_Database,2026-08-31
Stoppok,Stoppok Solo,,Kabelmetal,2014-12-19,待定,待定,公开数据集,https://musicbrainz.org/doc/MusicBrainz_Database,2026-08-31
Incantation,Incantation + Nervo Chaos – Ancients Arise NZ Tour Wgtn,,Valhalla,2019-06-21,待定,待定,公开数据集,https://musicbrainz.org/doc/MusicBrainz_Database,2026-08-31
,Ankkarock Festival 2007,,,2007-08-04,待定,待定,公开数据集,https://musicbrainz.org/doc/MusicBrainz_Database,2026-08-31
Stoppok,Stoppok Solo,,Kongresshalle,2014-12-20,待定,待定,公开数据集,https://musicbrainz.org/doc/MusicBrainz_Database,2026-08-31
Ezio,Ezio at Jubez,,Jubez,2010-10-19,待定,待定,公开数据集,https://musicbrainz.org/doc/MusicBrainz_Database,2026-08-31
Pedro Morais,"SXSW 2010, day 2: Elephant Room",,Elephant Room,2010-03-18,待定,待定,公开数据集,https://musicbrainz.org/doc/MusicBrainz_Database,2026-08-31
Stoppok,Stoppok Solo,,Theater Marl,2014-12-21,待定,待定,公开数据集,https://musicbrainz.org/doc/MusicBrainz_Database,2026-08-31
Tom Petty and the Heartbreakers,"1990‐10‐29: Tom Petty’s Residence, San Fernando Valley, CA, USA",,Tom Petty’s Residence,1990-10-29,待定,待定,公开数据集,https://musicbrainz.org/doc/MusicBrainz_Database,2026-08-31
Trans‐Siberian Orchestra,Trans‐Siberian Orchestra at Pepsi Arena,,MVP Arena,2005-12-26,待定,待定,公开数据集,https://musicbrainz.org/doc/MusicBrainz_Database,2026-08-31
Seeking Raven,Ashby + Seeking Raven at 4Peh,,Vier Peh,2018-02-16,待定,待定,公开数据集,https://musicbrainz.org/doc/MusicBrainz_Database,2026-08-31
Anssi Karttunen,[concert],,,1992-11-11,待定,待定,公开数据集,https://musicbrainz.org/doc/MusicBrainz_Database,2026-08-31
,Ankkarock Festival 2007,,,2007-08-04,待定,待定,公开数据集,https://musicbrainz.org/doc/MusicBrainz_Database,2026-08-31
Stoppok,Stoppok Solo,,Ebertbad,2014-12-22,待定,待定,公开数据集,https://musicbrainz.org/doc/MusicBrainz_Database,2026-08-31
Los Dos y Compañeros,Los Dos y Compañeros at Tollhaus,,Tollhaus Karlsruhe,2010-11-10,待定,待定,公开数据集,https://musicbrainz.org/doc/MusicBrainz_Database,2026-08-31
Trans‐Siberian Orchestra,Trans‐Siberian Orchestra at Resch Center,,Resch Center,2005-12-26,待定,待定,公开数据集,https://musicbrainz.org/doc/MusicBrainz_Database,2026-08-31
Stoppok,Stoppok Solo,,Savoy Theater,2014-12-23,待定,待定,公开数据集,https://musicbrainz.org/doc/MusicBrainz_Database,2026-08-31
Nils Lofgren,"1990‐12: Ocean Way Studios, Los Angeles, CA, USA",,Ocean Way Recording,1990-12,待定,待定,公开数据集,https://musicbrainz.org/doc/MusicBrainz_Database,2026-08-31
DIR EN GREY,Metal Hammer Festival 2007,,,2007-08-12,待定,待定,公开数据集,https://musicbrainz.org/doc/MusicBrainz_Database,2026-08-31
Lambert,Lambert at Jazzkaar 2016,,Vaba Lava,2016-04-26,待定,待定,公开数据集,https://musicbrainz.org/doc/MusicBrainz_Database,2026-08-31
Darjeeling,Darjeeling at Karton,,Karton,2019-05-29,待定,待定,公开数据集,https://musicbrainz.org/doc/MusicBrainz_Database,2026-08-31
DJ Q,"Festimad 1998, day 2: Zoom Zone: Boxes",,Parque el Soto,1998-05-02,待定,待定,公开数据集,https://musicbrainz.org/doc/MusicBrainz_Database,2026-08-31
Black Sea Dahu,Black Sea Dahu at Club Montreux im Flöz-K,,Club Montreux im Flöz‐K,2019-06-07,待定,待定,公开数据集,https://musicbrainz.org/doc/MusicBrainz_Database,2026-08-31
Gwałt,TuliPUNKI vol. 1 at Ciemna Strona Miasta,,Ciemna Strona Miasta,2018-03-09,待定,待定,公开数据集,https://musicbrainz.org/doc/MusicBrainz_Database,2026-08-31
Trans‐Siberian Orchestra,Trans‐Siberian Orchestra at HSBC Arena,,KeyBank Center,2005-12-28,待定,待定,公开数据集,https://musicbrainz.org/doc/MusicBrainz_Database,2026-08-31
David Bowie,"1990-09-27: Rock in Chile Festival, Santiago, Chile",,Estadio Nacional Julio Martínez Prádanos,1990-09-27,待定,待定,公开数据集,https://musicbrainz.org/doc/MusicBrainz_Database,2026-08-31
Trans‐Siberian Orchestra,Trans‐Siberian Orchestra at Alliant Energy Center,,Alliant Energy Center: Veterans Memorial Coliseum,2005-12-28,待定,待定,公开数据集,https://musicbrainz.org/doc/MusicBrainz_Database,2026-08-31
Garbage,"Rock im Revier 2016, Day 1",,Westfalenhalle 1,2016-05-26,待定,待定,公开数据集,https://musicbrainz.org/doc/MusicBrainz_Database,2026-08-31
Cry Blood Apache,"SXSW 2007, day 3: Co-op Bar",,Co-op Bar,2007-03-15,待定,待定,公开数据集,https://musicbrainz.org/doc/MusicBrainz_Database,2026-08-31
,BBC Music Introducing (3CR),,,2019-04-11,待定,待定,公开数据集,https://musicbrainz.org/doc/MusicBrainz_Database,2026-08-31
American Princes,"SXSW 2007, day 3: Continental Club",,The Continental Club,2007-03-15,待定,待定,公开数据集,https://musicbrainz.org/doc/MusicBrainz_Database,2026-08-31
Max Weinberg,"1991‐01‐20: McLoone’s Rum Runner, Sea Bright, NJ, USA",,McLoone’s Rum Runner,1991-01-20,待定,待定,公开数据集,https://musicbrainz.org/doc/MusicBrainz_Database,2026-08-31
Massive Attack,Massive Attack at Air Terminal,,Air Terminal,1998-05-06,待定,待定,公开数据集,https://musicbrainz.org/doc/MusicBrainz_Database,2026-08-31
黒夢,"TOUR Many SEX Years vol.2// Many SEX,【DRUG TREATMENT】@ 神奈川県民ホール",,神奈川県民ホール,1997-07-08,待定,待定,公开数据集,https://musicbrainz.org/doc/MusicBrainz_Database,2026-08-31
Trans‐Siberian Orchestra,Trans‐Siberian Orchestra at Bradley Center,,BMO Harris Bradley Center,2005-12-29,待定,待定,公开数据集,https://musicbrainz.org/doc/MusicBrainz_Database,2026-08-31
KISS,KISS at De Montfort Hall,,De Montfort University Student Union,1984-10-10,待定,待定,公开数据集,https://musicbrainz.org/doc/MusicBrainz_Database,2026-08-31
Massive Attack,Massive Attack at Teatro Palapartenope,,Teatro Palapartenope,1998-05-07,待定,待定,公开数据集,https://musicbrainz.org/doc/MusicBrainz_Database,2026-08-31
Trans‐Siberian Orchestra,Trans‐Siberian Orchestra at War Memorial at OnCenter,,Upstate Medical University Arena at the Oncenter War Memorial,2005-12-29,待定,待定,公开数据集,https://musicbrainz.org/doc/MusicBrainz_Database,2026-08-31
Massive Attack,Massive Attack at Vox Club,,Vox Club,1998-05-09,待定,待定,公开数据集,https://musicbrainz.org/doc/MusicBrainz_Database,2026-08-31
KISS,KISS at Gaumont Hall,,Regent Theatre,1984-10-11,待定,待定,公开数据集,https://musicbrainz.org/doc/MusicBrainz_Database,2026-08-31
The Raven Age,"Rock im Revier 2016, Day 2",,Westfalenhalle 1,2016-05-27,待定,待定,公开数据集,https://musicbrainz.org/doc/MusicBrainz_Database,2026-08-31
Madrugada,Madrugada at Tae-Kwon-Do Stadium,,Faliro Sports Pavilion Arena,2019-04-07,待定,待定,公开数据集,https://musicbrainz.org/doc/MusicBrainz_Database,2026-08-31
,"Azkena Rock Festival 2010, Day 1",,Recinto Mendizabala,2010-06-24,待定,待定,公开数据集,https://musicbrainz.org/doc/MusicBrainz_Database,2026-08-31
Massive Attack,Massive Attack at Rototom,,Rototom,1998-05-10,待定,待定,公开数据集,https://musicbrainz.org/doc/MusicBrainz_Database,2026-08-31
Bruce Springsteen,"1991‐02‐09: Sting’s Residence, Malibu, CA, USA",,Sting’s Residence,1991-02-09,待定,待定,公开数据集,https://musicbrainz.org/doc/MusicBrainz_Database,2026-08-31
Trans‐Siberian Orchestra,Trans‐Siberian Orchestra at Verizon Wireless Arena,,SNHU Arena,2005-12-30,待定,待定,公开数据集,https://musicbrainz.org/doc/MusicBrainz_Database,2026-08-31
David Bowie,"2003-10-07: Forum Copenhagen, Copenhagen, Denmark",,Forum København,2003-10-07,待定,待定,公开数据集,https://musicbrainz.org/doc/MusicBrainz_Database,2026-08-31
,"Alkbottle: ""Das letzte Konzert""",,,1998-11-14,待定,待定,公开数据集,https://musicbrainz.org/doc/MusicBrainz_Database,2026-08-31
KISS,KISS at New Bingley Hall,,Bingley Hall,1984-10-12,待定,待定,公开数据集,https://musicbrainz.org/doc/MusicBrainz_Database,2026-08-31
Massive Attack,Massive Attack at Libro Music Hall,,Libro Music Hall,1998-05-12,待定,待定,公开数据集,https://musicbrainz.org/doc/MusicBrainz_Database,2026-08-31
Madrugada,Madrugada at Tae-Kwon-Do Stadium,,Faliro Sports Pavilion Arena,2019-04-08,待定,待定,公开数据集,https://musicbrainz.org/doc/MusicBrainz_Database,2026-08-31
El Vez,"Azkena Rock Festival 2010, Day 2",,Recinto Mendizabala,2010-06-25,待定,待定,公开数据集,https://musicbrainz.org/doc/MusicBrainz_Database,2026-08-31
Massive Attack,Massive Attack at Colosseum,,TonHalle München,1998-05-13,待定,待定,公开数据集,https://musicbrainz.org/doc/MusicBrainz_Database,2026-08-31
KISS,KISS at Queens Hall,,Queens Hall,1984-10-13,待定,待定,公开数据集,https://musicbrainz.org/doc/MusicBrainz_Database,2026-08-31
John McEnroe,"1991‐02‐17: McEnroe Residence, Malibu, CA, USA",,McEnroe Residence,1991-02-17,待定,待定,公开数据集,https://musicbrainz.org/doc/MusicBrainz_Database,2026-08-31
黒夢,"TOUR Many SEX Years vol.2// Many SEX,【DRUG TREATMENT】@ 広島アステールプラザ大ホール",,広島アステールプラザ大ホール,1997-07-13,待定,待定,公开数据集,https://musicbrainz.org/doc/MusicBrainz_Database,2026-08-31
Trans‐Siberian Orchestra,Trans‐Siberian Orchestra at Verizon Wireless Arena,,SNHU Arena,2005-12-30,待定,待定,公开数据集,https://musicbrainz.org/doc/MusicBrainz_Database,2026-08-31
KISS,KISS at Wembley Arena,,OVO Arena Wembley,1984-10-14,待定,待定,公开数据集,https://musicbrainz.org/doc/MusicBrainz_Database,2026-08-31
The E Street Band,"1974‐03‐10: Liberty Hall, Houston, TX, USA",,Liberty Hall,1974-03-10,待定,待定,公开数据集,https://musicbrainz.org/doc/MusicBrainz_Database,2026-08-31
Trans‐Siberian Orchestra,Trans‐Siberian Orchestra at Gund Arena,,Rocket Arena,2004-12-11,待定,待定,公开数据集,https://musicbrainz.org/doc/MusicBrainz_Database,2026-08-31
"Moses: ""Andreas""",Winter Festival 14: Day 1,,Studenterhuset,2014-12-05,待定,待定,公开数据集,https://musicbrainz.org/doc/MusicBrainz_Database,2026-08-31
Urusei Yatsura,Urusei Yatsura in London,,Hanover Grand,1998-03-12,待定,待定,公开数据集,https://musicbrainz.org/doc/MusicBrainz_Database,2026-08-31
Trans‐Siberian Orchestra,Trans‐Siberian Orchestra at Target Center,,Target Center,2013-12-14,待定,待定,公开数据集,https://musicbrainz.org/doc/MusicBrainz_Database,2026-08-31
Urusei Yatsura,Urusei Yatsura in Wolverhampton,,Varsity,1998-03-13,待定,待定,公开数据集,https://musicbrainz.org/doc/MusicBrainz_Database,2026-08-31
Trans‐Siberian Orchestra,Trans‐Siberian Orchestra at Van Andel Arena,,Van Andel Arena,2013-12-15,待定,待定,公开数据集,https://musicbrainz.org/doc/MusicBrainz_Database,2026-08-31
Unbelievable Truth,Unbelievable Truth in Glasgow,,King Tut’s Wah Wah Hut,1998-02-14,待定,待定,公开数据集,https://musicbrainz.org/doc/MusicBrainz_Database,2026-08-31
THE ALFEE,THE ALFEE at NHKホール,,NHKホール,2019-05-25,待定,待定,公开数据集,https://musicbrainz.org/doc/MusicBrainz_Database,2026-08-31
Antonio Pini-Corsi,The Magic Flute,,Metropolitan Opera House,1899,待定,待定,公开数据集,https://musicbrainz.org/doc/MusicBrainz_Database,2026-08-31
Aphex Twin,Aphex Twin at Sacrum Profanum 2009,,Hala Ocynowni ArcelorMittal,2009-09-18,待定,待定,公开数据集,https://musicbrainz.org/doc/MusicBrainz_Database,2026-08-31
Antonio Pini-Corsi,Siberia,,Teatro alla Scala,1903,待定,待定,公开数据集,https://musicbrainz.org/doc/MusicBrainz_Database,2026-08-31
Eure Mütter,Das fette Stück fliegt wie 'ne Eins!,,Kongresshalle Böblingen,2017-02-16,待定,待定,公开数据集,https://musicbrainz.org/doc/MusicBrainz_Database,2026-08-31
Lynyrd Skynyrd,Lynyrd Skynyrd at Concord Pavilion,,Toyota Pavilion at Concord,2019-08-24,待定,待定,公开数据集,https://musicbrainz.org/doc/MusicBrainz_Database,2026-08-31
ASP,ASP at Backstage,,Backstage,2015-10-23,待定,待定,公开数据集,https://musicbrainz.org/doc/MusicBrainz_Database,2026-08-31
Trans‐Siberian Orchestra,Trans‐Siberian Orchestra at Sprint Center,,T‐Mobile Center,2013-12-22,待定,待定,公开数据集,https://musicbrainz.org/doc/MusicBrainz_Database,2026-08-31
Suzanna Choffel,"SXSW 2007, day 3: Light Bar",,Light Bar,2007-03-15,待定,待定,公开数据集,https://musicbrainz.org/doc/MusicBrainz_Database,2026-08-31
Aloha Dai,Fiesta Aniversario Mendiclub,,Mendiclub,2014-06-07,待定,待定,公开数据集,https://musicbrainz.org/doc/MusicBrainz_Database,2026-08-31
黒夢,「1996 FAKE STAR’S CIRCUIT」@ 岩手県民会館中ホール,,岩手県民会館中ホール,1996-06-18,待定,待定,公开数据集,https://musicbrainz.org/doc/MusicBrainz_Database,2026-08-31
DIR EN GREY,FINEM LAUDA,,なんばHatch,2014-02-06,待定,待定,公开数据集,https://musicbrainz.org/doc/MusicBrainz_Database,2026-08-31
Unsanitary Napkin,CB&TC // Unsanitary Napkin // Warwick and the Wankers,,Caroline,2018-02-16,待定,待定,公开数据集,https://musicbrainz.org/doc/MusicBrainz_Database,2026-08-31
,"Graspop Metal Meeting 2016, Day 1",,Boeretang,2016-06-17,待定,待定,公开数据集,https://musicbrainz.org/doc/MusicBrainz_Database,2026-08-31
Roger Hodgson,Roger Hodgson at Place des Arts: Salle Wilfried‐Pelletier,,Salle Wilfrid‐Pelletier,2006-06-06,待定,待定,公开数据集,https://musicbrainz.org/doc/MusicBrainz_Database,2026-08-31
Tha 4 B’z,Hip hop jam,,"[Kielgasten 1, Holstebro]",1996-01-06,待定,待定,公开数据集,https://musicbrainz.org/doc/MusicBrainz_Database,2026-08-31
The E Street Band,"1975‐11‐10: Jai Alai Fronton, Tampa, FL, USA",,Jai Alai Fronton,1975-11-10,待定,待定,公开数据集,https://musicbrainz.org/doc/MusicBrainz_Database,2026-08-31
Trans‐Siberian Orchestra,Trans‐Siberian Orchestra at E Center,,Maverik Center,2004-12-30,待定,待定,公开数据集,https://musicbrainz.org/doc/MusicBrainz_Database,2026-08-31
No Use for a Name,No Use for a Name,,Stattbahnhof,2005-08-25,待定,待定,公开数据集,https://musicbrainz.org/doc/MusicBrainz_Database,2026-08-31
THE ALFEE,THE ALFEE at 上野学園ホール,,上野学園ホール,2019-06-16,待定,待定,公开数据集,https://musicbrainz.org/doc/MusicBrainz_Database,2026-08-31
Bruce Springsteen,45th Annual GRAMMY Awards,,Madison Square Garden,2003-02-23,待定,待定,公开数据集,https://musicbrainz.org/doc/MusicBrainz_Database,2026-08-31
THE ALFEE,THE ALFEE at 相模女子大学グリーンホール,,相模女子大学グリーンホール 大ホール,2019-06-19,待定,待定,公开数据集,https://musicbrainz.org/doc/MusicBrainz_Database,2026-08-31
Trans‐Siberian Orchestra,Trans‐Siberian Orchestra at Scottrade Center,,Enterprise Center,2013-12-23,待定,待定,公开数据集,https://musicbrainz.org/doc/MusicBrainz_Database,2026-08-31
Daryl Hall & John Oates,Daryl Hall & John Oates at Civic Arena,,Civic Arena,1978-12-31,待定,待定,公开数据集,https://musicbrainz.org/doc/MusicBrainz_Database,2026-08-31
黒夢,「1996 FAKE STAR’S CIRCUIT」@ 浜松市福祉文化会館,,浜松市福祉交流センターホール,1996-07-03,待定,待定,公开数据集,https://musicbrainz.org/doc/MusicBrainz_Database,2026-08-31
Caught in the Act,"Summerfest 2009, Day 1: Miller Lite Oasis",,Miller Lite Oasis,2009-06-25,待定,待定,公开数据集,https://musicbrainz.org/doc/MusicBrainz_Database,2026-08-31
Sally Timms,"SXSW 2000, day 2: Saengerrunde Hall",,Saengerrunde Hall,2000-03-16,待定,待定,公开数据集,https://musicbrainz.org/doc/MusicBrainz_Database,2026-08-31
黒夢,「1996 FAKE STAR’S CIRCUIT」@ 熊本県立劇場演劇ホール,,熊本県立劇場演劇ホール,1996-07-09,待定,待定,公开数据集,https://musicbrainz.org/doc/MusicBrainz_Database,2026-08-31
3 Doors Down,"Rock’n the Rally 2008, Day 5",,Buffalo Chip Campground,2008-08-06,待定,待定,公开数据集,https://musicbrainz.org/doc/MusicBrainz_Database,2026-08-31
DIR EN GREY,FINEM LAUDA,,CLUB CITTA’,2014-02-17,待定,待定,公开数据集,https://musicbrainz.org/doc/MusicBrainz_Database,2026-08-31
,Download Festival 2016,,Donington Park,2016-06-10,待定,待定,公开数据集,https://musicbrainz.org/doc/MusicBrainz_Database,2026-08-31
KISS,"KISS at Palais de Beaulieu, Halle 18",,"Palais de Beaulieu, Halle 18",1984-11-01,待定,待定,公开数据集,https://musicbrainz.org/doc/MusicBrainz_Database,2026-08-31
黒夢,「1996 FAKE STAR’S CIRCUIT」@ IMPホール,,松下IMPホール,1996-07-14,待定,待定,公开数据集,https://musicbrainz.org/doc/MusicBrainz_Database,2026-08-31
Boysetsfire,boysetsfire,,Stattbahnhof,2006-03-26,待定,待定,公开数据集,https://musicbrainz.org/doc/MusicBrainz_Database,2026-08-31
Galahad,Galahad at The Speckled Trout,,The Speckled Trout,1985-11-28,待定,待定,公开数据集,https://musicbrainz.org/doc/MusicBrainz_Database,2026-08-31
Trish Murphy,"SXSW 2005, day 3: Lounge at Crowne Plaza",,Lounge at Crowne Plaza,2005-03-18,待定,待定,公开数据集,https://musicbrainz.org/doc/MusicBrainz_Database,2026-08-31
Galahad,Galahad at The Speckled Trout,,The Speckled Trout,1985-12-31,待定,待定,公开数据集,https://musicbrainz.org/doc/MusicBrainz_Database,2026-08-31
ZZ Top,ZZ Top at BMO Harris Pavilion,,BMO Harris Pavilion with Miller Lite,2019-09-04,待定,待定,公开数据集,https://musicbrainz.org/doc/MusicBrainz_Database,2026-08-31
Aaron Lefebvre,RANT 2017 Saturday @ Bierport,,,2017-09-02,待定,待定,公开数据集,https://musicbrainz.org/doc/MusicBrainz_Database,2026-08-31
King Diamond,"Graspop Metal Meeting 2016, Day 1: Main Stage 02",,Main Stage 02,2016-06-17,待定,待定,公开数据集,https://musicbrainz.org/doc/MusicBrainz_Database,2026-08-31
ZZ Top,ZZ Top at Hollywood Casino Amphitheatre,,Hollywood Casino Amphitheatre,2019-09-06,待定,待定,公开数据集,https://musicbrainz.org/doc/MusicBrainz_Database,2026-08-31
Stark Naked and the Fleshtones,Stark Naked and the Fleshtones at Hotel California,,Hotel California,1981-10-02,待定,待定,公开数据集,https://musicbrainz.org/doc/MusicBrainz_Database,2026-08-31
DIR EN GREY,FINEM LAUDA,,CLUB CITTA’,2014-02-18,待定,待定,公开数据集,https://musicbrainz.org/doc/MusicBrainz_Database,2026-08-31
Stark Naked and the Fleshtones,Stark Naked and the Fleshtones at Hotel California,,Hotel California,1981-10-03,待定,待定,公开数据集,https://musicbrainz.org/doc/MusicBrainz_Database,2026-08-31
黒夢,TOUR Many SEX Years vol.5// CORKSCREW A GO GO! @ 名古屋DIAMOND HALL,,ダイアモンドホール,1998-06-18,待定,待定,公开数据集,https://musicbrainz.org/doc/MusicBrainz_Database,2026-08-31
黒夢,TOUR Many SEX Years vol.5// CORKSCREW A GO GO! @ 名古屋MUSIC FARM,,名古屋MUSIC FARM,1998-06-18,待定,待定,公开数据集,https://musicbrainz.org/doc/MusicBrainz_Database,2026-08-31
高見沢俊彦,「Kaléidoscope—天使の狂宴—」@ Zepp Nagoya,,Zepp Nagoya,2007-08-15,待定,待定,公开数据集,https://musicbrainz.org/doc/MusicBrainz_Database,2026-08-31
KISS,KISS at Estadio Bicentenario de la Florida,,Estadio Bicentenario de La Florida,2009-04-03,待定,待定,公开数据集,https://musicbrainz.org/doc/MusicBrainz_Database,2026-08-31
,THE VOC@LOID M@STER 45,,サンシャインシティ,2020-11-15,待定,待定,公开数据集,https://musicbrainz.org/doc/MusicBrainz_Database,2026-08-31
Die Ärzte,Nackt unter Kannibalen at Easy Schorre,,Schorre Halle,2003-03-08,待定,待定,公开数据集,https://musicbrainz.org/doc/MusicBrainz_Database,2026-08-31
高見沢俊彦,「Kaléidoscope—天使の狂宴—」@ 有明コロシアム,,有明コロシアム,2007-08-19,待定,待定,公开数据集,https://musicbrainz.org/doc/MusicBrainz_Database,2026-08-31
Kraftwerk,"Quilmes Rock 2009, Day 1",,Estadio Antonio Vespucio Liberti,2009-03-24,待定,待定,公开数据集,https://musicbrainz.org/doc/MusicBrainz_Database,2026-08-31
Nirvana,Reading Festival,,Little John’s Farm,1992-08-28,待定,待定,公开数据集,https://musicbrainz.org/doc/MusicBrainz_Database,2026-08-31
The Sisters of Mercy,The Sisters of Mercy at Jahrhunderthalle,,Jahrhunderthalle,2003-04-01,待定,待定,公开数据集,https://musicbrainz.org/doc/MusicBrainz_Database,2026-08-31
Tempus Fugit,Carioca ProgFestival 2019: Tempus Fugit,,Centro da Musica Carioca Artur da Távola,2019-09-05,待定,待定,公开数据集,https://musicbrainz.org/doc/MusicBrainz_Database,2026-08-31
Sergiu Comissiona,Sinfoniasarja,,Finlandia‐talo,1990-09-13,待定,待定,公开数据集,https://musicbrainz.org/doc/MusicBrainz_Database,2026-08-31
Die Ärzte,Nackt unter Kannibalen at Factory,,Factory Magdeburg,2003-03-11,待定,待定,公开数据集,https://musicbrainz.org/doc/MusicBrainz_Database,2026-08-31
Die Ärzte,Nackt unter Kannibalen at Wolfseehalle,,Wolfseehalle,2003-03-13,待定,待定,公开数据集,https://musicbrainz.org/doc/MusicBrainz_Database,2026-08-31
Wimberly Family Gospel Singers,"New Orleans Jazz & Heritage Festival 2019, Day 1: Gospel Tent",,Gospel Tent,2019-04-25,待定,待定,公开数据集,https://musicbrainz.org/doc/MusicBrainz_Database,2026-08-31
Two Gallants,"SXSW 2005, day 3: Maggie Mae's",,Maggie Mae’s,2005-03-18,待定,待定,公开数据集,https://musicbrainz.org/doc/MusicBrainz_Database,2026-08-31
Perfect Alibi,Perfect Alibi at Festhalle Bormacher,,Festhalle Bormacher,2013-11-23,待定,待定,公开数据集,https://musicbrainz.org/doc/MusicBrainz_Database,2026-08-31
KISS,KISS at Rochester Community War Memorial,,Blue Cross Arena,1984-11-17,待定,待定,公开数据集,https://musicbrainz.org/doc/MusicBrainz_Database,2026-08-31
KISS,"Quilmes Rock 2009, Day 4",,Estadio Antonio Vespucio Liberti,2009-04-05,待定,待定,公开数据集,https://musicbrainz.org/doc/MusicBrainz_Database,2026-08-31
Phil Collins,Phil Collins at KeyBank Center,,KeyBank Center,2019-10-04,待定,待定,公开数据集,https://musicbrainz.org/doc/MusicBrainz_Database,2026-08-31
,Quilmes Rock 2009,,Estadio Antonio Vespucio Liberti,2009-03-24,待定,待定,公开数据集,https://musicbrainz.org/doc/MusicBrainz_Database,2026-08-31
Gene,Gene at Colchester Arts Centre,,Colchester Arts Centre,1999-02-23,待定,待定,公开数据集,https://musicbrainz.org/doc/MusicBrainz_Database,2026-08-31
黒夢,TOUR Many SEX Years vol.5// CORKSCREW A GO GO! @ 広島並木ジャンクション,,NAMIKI JUNCTION,1998-07-07,待定,待定,公开数据集,https://musicbrainz.org/doc/MusicBrainz_Database,2026-08-31
黒夢,TOUR Many SEX Years vol.5// CORKSCREW A GO GO! @ 広島郵便貯金ホール,,上野学園ホール,1998-07-08,待定,待定,公开数据集,https://musicbrainz.org/doc/MusicBrainz_Database,2026-08-31
Impetuous Ritual,"Impetuous Ritual, Vassafor, Vesicant, Crypt Incursion - Valhalla",,Valhalla,2018-04-06,待定,待定,公开数据集,https://musicbrainz.org/doc/MusicBrainz_Database,2026-08-31
Kari Lindstedt,[broadcast by Finnish TV2],,,1987-05-26,待定,待定,公开数据集,https://musicbrainz.org/doc/MusicBrainz_Database,2026-08-31
Unbelievable Truth,Unbelievable Truth in Bristol,,The Louisiana,1998-02-06,待定,待定,公开数据集,https://musicbrainz.org/doc/MusicBrainz_Database,2026-08-31
黒夢,TOUR Many SEX Years vol.5// CORKSCREW A GO GO! @ 上越文化会館,,上越文化会館,1998-07-14,待定,待定,公开数据集,https://musicbrainz.org/doc/MusicBrainz_Database,2026-08-31
The Besnard Lakes,"SXSW 2007, day 3: Mohawk Patio",,Mohawk Patio,2007-03-15,待定,待定,公开数据集,https://musicbrainz.org/doc/MusicBrainz_Database,2026-08-31
,The Exploited live at the Whitehouse,,,1985-04,待定,待定,公开数据集,https://musicbrainz.org/doc/MusicBrainz_Database,2026-08-31
Aloha Dai,Aloha Dai at Loca Bohemia,,Loca Bohemia,2014-06-14,待定,待定,公开数据集,https://musicbrainz.org/doc/MusicBrainz_Database,2026-08-31
Katatonia,Last Fair Day Gone Night: An Evening with Katatonia,,KOKO,2011-05-06,待定,待定,公开数据集,https://musicbrainz.org/doc/MusicBrainz_Database,2026-08-31
黒夢,TOUR Many SEX Years vol.5// CORKSCREW A GO GO! @ 茨城県立県民文化センター,,茨城県立県民文化センター,1998-07-18,待定,待定,公开数据集,https://musicbrainz.org/doc/MusicBrainz_Database,2026-08-31
Matti Rantanen,I International Lasse Pihlajamaa Accordion Competition,,,2001-09-22,待定,待定,公开数据集,https://musicbrainz.org/doc/MusicBrainz_Database,2026-08-31
黒夢,TOUR Many SEX Years vol.5// CORKSCREW A GO GO! @ 松本PUMPKIN HEAD,,松本aC,1998-07-24,待定,待定,公开数据集,https://musicbrainz.org/doc/MusicBrainz_Database,2026-08-31
Black Widow,Black Widow at La Ferme V,,La Ferme V,1971-04-30,待定,待定,公开数据集,https://musicbrainz.org/doc/MusicBrainz_Database,2026-08-31
黒夢,TOUR Many SEX Years vol.5// CORKSCREW A GO GO! @ 奈良県文化会館国際ホール,,奈良県文化会館 国際ホール,1998-07-28,待定,待定,公开数据集,https://musicbrainz.org/doc/MusicBrainz_Database,2026-08-31
The E Street Band,"2003‐03‐20: Telstra Dome, Melbourne, Australia",,Marvel Stadium,2003-03-20,待定,待定,公开数据集,https://musicbrainz.org/doc/MusicBrainz_Database,2026-08-31
ももいろクローバーZ,「MomocloMania2018 -Road to 2020-」 DAY2,,ZOZOマリンスタジアム,2018-08-05,待定,待定,公开数据集,https://musicbrainz.org/doc/MusicBrainz_Database,2026-08-31
Birtha,Birtha at La Ferme V,,La Ferme V,1972-11-02,待定,待定,公开数据集,https://musicbrainz.org/doc/MusicBrainz_Database,2026-08-31
,ROD 2012,,"Broskolen, afd. Rolfsted",2012-03-30,待定,待定,公开数据集,https://musicbrainz.org/doc/MusicBrainz_Database,2026-08-31
Magma,Magma at Casino de Paris,,Casino de Paris,2009-02-14,待定,待定,公开数据集,https://musicbrainz.org/doc/MusicBrainz_Database,2026-08-31
ももいろクローバーZ,「MomocloMania2019 -ROAD TO 2020- 史上最大のプレ開会式」 DAY1,,ベルーナドーム,2019-08-03,待定,待定,公开数据集,https://musicbrainz.org/doc/MusicBrainz_Database,2026-08-31
The E Street Band,"2003‐03‐22: Sydney Cricket Ground, Sydney, Australia",,Sydney Cricket Ground,2003-03-22,待定,待定,公开数据集,https://musicbrainz.org/doc/MusicBrainz_Database,2026-08-31
The E Street Band,"2003‐03‐25: Brisbane Entertainment Centre, Brisbane, Australia",,Brisbane Entertainment Centre,2003-03-25,待定,待定,公开数据集,https://musicbrainz.org/doc/MusicBrainz_Database,2026-08-31
Cameo Blues Band,Cameo Blues Band at Hotel Isabella,,Hotel Isabella,1981-10-03,待定,待定,公开数据集,https://musicbrainz.org/doc/MusicBrainz_Database,2026-08-31
黒夢,TOUR Many SEX Years vol.5// CORKSCREW A GO GO! @ 金沢AZホール,,金沢AZ,1998-08-13,待定,待定,公开数据集,https://musicbrainz.org/doc/MusicBrainz_Database,2026-08-31
,The Exploited live in Leeds '83,,Brannigans,1983-11-23,待定,待定,公开数据集,https://musicbrainz.org/doc/MusicBrainz_Database,2026-08-31
Kinetic,"Summerfest 2009, Day 1: Cascio Interstate Music Groove Garage",,KNE New Music Stage,2009-06-25,待定,待定,公开数据集,https://musicbrainz.org/doc/MusicBrainz_Database,2026-08-31
黒夢,TOUR Many SEX Years vol.5// CORKSCREW A GO GO! @ 守山市民ホール,,守山市民ホール,1998-08-17,待定,待定,公开数据集,https://musicbrainz.org/doc/MusicBrainz_Database,2026-08-31
黒夢,TOUR Many SEX Years vol.5// CORKSCREW A GO GO! @ 京都MUSE HALL,,KYOTO MUSE,1998-08-21,待定,待定,公开数据集,https://musicbrainz.org/doc/MusicBrainz_Database,2026-08-31
KISS,"Summerfest 2009, Day 3: Marcus Amphitheater",,American Family Insurance Amphitheater,2009-06-27,待定,待定,公开数据集,https://musicbrainz.org/doc/MusicBrainz_Database,2026-08-31
Gandalf,Gandalf with special guest Steve Hackett at Wiener Konzerthaus,,Wiener Konzerthaus,1992-03-10,待定,待定,公开数据集,https://musicbrainz.org/doc/MusicBrainz_Database,2026-08-31
黒夢,「1996 FAKE STAR’S CIRCUIT」@ 鹿児島市民文化ホール第2,,鹿児島市民文化ホール 第2ホール,1996-07-12,待定,待定,公开数据集,https://musicbrainz.org/doc/MusicBrainz_Database,2026-08-31
The E Street Band,"2003‐03‐28: Western Springs Stadium, Auckland, New Zealand",,Western Springs Stadium,2003-03-28,待定,待定,公开数据集,https://musicbrainz.org/doc/MusicBrainz_Database,2026-08-31
Saved by Stereo,"Summerfest 2009, Day 1: Harley–Davidson Roadhouse",,Harley–Davidson Roadhouse with Miller High Life,2009-06-25,待定,待定,公开数据集,https://musicbrainz.org/doc/MusicBrainz_Database,2026-08-31
Body Language,"2012 Bonnaroo Music Festival, Day 4: The Silent Disco powered by Philips Citiscape Collection",,The Silent Disco,2012-06-10,待定,待定,公开数据集,https://musicbrainz.org/doc/MusicBrainz_Database,2026-08-31
The 1992–93 World Tour Band,"1992‐11‐24: Miami Arena, Miami, FL, USA",,Miami Arena,1992-11-24,待定,待定,公开数据集,https://musicbrainz.org/doc/MusicBrainz_Database,2026-08-31
Trans‐Siberian Orchestra,Trans‐Siberian Orchestra at Breslin Center,,Breslin Student Events Center,2012-11-16,待定,待定,公开数据集,https://musicbrainz.org/doc/MusicBrainz_Database,2026-08-31
THE ALFEE,THE ALFEE at リンクステーションホール青森,,青森市文化会館,2020-07-08,待定,待定,公开数据集,https://musicbrainz.org/doc/MusicBrainz_Database,2026-08-31
Relay,"SXSW 2007, day 3: The Tap Room at Six",,The Tap Room at Six,2007-03-15,待定,待定,公开数据集,https://musicbrainz.org/doc/MusicBrainz_Database,2026-08-31
The 1992–93 World Tour Band,"1992‐11‐30: The Omni, Atlanta, GA, USA",,Omni Coliseum,1992-11-30,待定,待定,公开数据集,https://musicbrainz.org/doc/MusicBrainz_Database,2026-08-31
IAM,"Festival d’été de Québec 2009, Day 3: Les Plaines d’Abraham",,Scène Bell,2009-07-13,待定,待定,公开数据集,https://musicbrainz.org/doc/MusicBrainz_Database,2026-08-31
Trans‐Siberian Orchestra,Trans‐Siberian Orchestra at World Arena,,Broadmoor World Arena,2012-11-17,待定,待定,公开数据集,https://musicbrainz.org/doc/MusicBrainz_Database,2026-08-31
THE ALFEE,THE ALFEE at リンクステーションホール青森,,青森市文化会館,2020-04-19,待定,待定,公开数据集,https://musicbrainz.org/doc/MusicBrainz_Database,2026-08-31
黒夢,TOUR Many SEX Years vol.5// CORKSCREW A GO GO! @ 川崎CLUB CITTA,,CLUB CITTA’,1998-12-29,待定,待定,公开数据集,https://musicbrainz.org/doc/MusicBrainz_Database,2026-08-31
After Syrinx,After Syrinx (50th Concert Celebration),,Sandbach,2016-09-28,待定,待定,公开数据集,https://musicbrainz.org/doc/MusicBrainz_Database,2026-08-31
Trans‐Siberian Orchestra,Trans‐Siberian Orchestra at World Arena,,Broadmoor World Arena,2012-11-17,待定,待定,公开数据集,https://musicbrainz.org/doc/MusicBrainz_Database,2026-08-31
Beast,"Festival d’été de Québec 2009, Day 4: Parc de la Francophonie",,Parc de la Francophonie,2009-07-14,待定,待定,公开数据集,https://musicbrainz.org/doc/MusicBrainz_Database,2026-08-31
The 1992–93 World Tour Band,"1992‐12‐02: Reunion Arena, Dallas, TX, USA",,Reunion Arena,1992-12-02,待定,待定,公开数据集,https://musicbrainz.org/doc/MusicBrainz_Database,2026-08-31
黒夢,TOUR Many SEX Years vol.5// CORKSCREW A GO GO! @ 川崎CLUB CITTA,,CLUB CITTA’,1998-12-30,待定,待定,公开数据集,https://musicbrainz.org/doc/MusicBrainz_Database,2026-08-31
Marit Bergman,"SXSW 2007, day 3: Uncle Flirty’s Loft",,Uncle Flirty’s Loft,2007-03-15,待定,待定,公开数据集,https://musicbrainz.org/doc/MusicBrainz_Database,2026-08-31
Kansas,Kansas at Majestic Theatre,,Majestic Theatre,2018-11-03,待定,待定,公开数据集,https://musicbrainz.org/doc/MusicBrainz_Database,2026-08-31
THE ALFEE,THE ALFEE at 相模女子大学グリーンホール,,相模女子大学グリーンホール 大ホール,2020-07-24,待定,待定,公开数据集,https://musicbrainz.org/doc/MusicBrainz_Database,2026-08-31
Trio Martinů,Trio Martinů,,,2016-10-26,待定,待定,公开数据集,https://musicbrainz.org/doc/MusicBrainz_Database,2026-08-31
The 1992–93 World Tour Band,"1992‐12‐03: St. Louis Arena, St. Louis, MO, USA",,St. Louis Arena,1992-12-03,待定,待定,公开数据集,https://musicbrainz.org/doc/MusicBrainz_Database,2026-08-31
Indochine,Festival d’été de Québec 2009,,Scène Bell,2009-07-14,待定,待定,公开数据集,https://musicbrainz.org/doc/MusicBrainz_Database,2026-08-31
THE ALFEE,THE ALFEE at 相模女子大学グリーンホール,,相模女子大学グリーンホール 大ホール,2020-04-23,待定,待定,公开数据集,https://musicbrainz.org/doc/MusicBrainz_Database,2026-08-31
The 1992–93 World Tour Band,"1992‐12‐05: Market Square Arena, Indianapolis, IN, USA",,Market Square Arena,1992-12-05,待定,待定,公开数据集,https://musicbrainz.org/doc/MusicBrainz_Database,2026-08-31
黒夢,TOUR Many SEX Years vol.5// CORKSCREW A GO GO! @ 横浜Bay Hall,,横浜ベイホール,1998-12-31,待定,待定,公开数据集,https://musicbrainz.org/doc/MusicBrainz_Database,2026-08-31
THE ALFEE,THE ALFEE at ロームシアター京都メインホール,,ロームシアター京都メインホール,2020-07-11,待定,待定,公开数据集,https://musicbrainz.org/doc/MusicBrainz_Database,2026-08-31
Trans‐Siberian Orchestra,Trans‐Siberian Orchestra at Huntington Center,,Huntington Center,2012-11-18,待定,待定,公开数据集,https://musicbrainz.org/doc/MusicBrainz_Database,2026-08-31
THE ALFEE,THE ALFEE at ロームシアター京都メインホール,,ロームシアター京都メインホール,2020-04-25,待定,待定,公开数据集,https://musicbrainz.org/doc/MusicBrainz_Database,2026-08-31
Beach House,Beach House at All Saints Church Hove,,All Saints Church,2016-06-13,待定,待定,公开数据集,https://musicbrainz.org/doc/MusicBrainz_Database,2026-08-31
Trans‐Siberian Orchestra,Trans‐Siberian Orchestra at Pepsi Center,,Ball Arena,2012-11-18,待定,待定,公开数据集,https://musicbrainz.org/doc/MusicBrainz_Database,2026-08-31
Monte Terror,Monte Terror + Mox Nox at Magazine Club,,Magazine Club,2016-05-27,待定,待定,公开数据集,https://musicbrainz.org/doc/MusicBrainz_Database,2026-08-31
The 1992–93 World Tour Band,"1992‐12‐11: Civic Arena, Pittsburgh, PA, USA",,Civic Arena,1992-12-11,待定,待定,公开数据集,https://musicbrainz.org/doc/MusicBrainz_Database,2026-08-31
Ana Laan,"SXSW 2007, day 3: Visions",,Visions,2007-03-15,待定,待定,公开数据集,https://musicbrainz.org/doc/MusicBrainz_Database,2026-08-31
黒夢,TOUR Many SEX Years vol.5// CORKSCREW A GO GO! @ 旭川HIJACK,,旭川HIJACK,1999-01-10,待定,待定,公开数据集,https://musicbrainz.org/doc/MusicBrainz_Database,2026-08-31
THE ALFEE,THE ALFEE at 桐生市市民文化会館シルクホール,,桐生市市民文化会館シルクホール,2020-04-29,待定,待定,公开数据集,https://musicbrainz.org/doc/MusicBrainz_Database,2026-08-31
黒夢,TOUR Many SEX Years vol.5// CORKSCREW A GO GO! @ 岡山PEPPERLAND,,PEPPERLAND,1999-01-13,待定,待定,公开数据集,https://musicbrainz.org/doc/MusicBrainz_Database,2026-08-31
Trans‐Siberian Orchestra,Trans‐Siberian Orchestra at Mohegan Sun Arena,,Mohegan Sun Arena,2012-11-23,待定,待定,公开数据集,https://musicbrainz.org/doc/MusicBrainz_Database,2026-08-31
John Baizley,Roadburn Festival 2017,,Het Patronaat,2017-04-20,待定,待定,公开数据集,https://musicbrainz.org/doc/MusicBrainz_Database,2026-08-31
黒夢,TOUR Many SEX Years vol.5// CORKSCREW A GO GO! @ 島根県民会館,,島根県民会館,1999-01-15,待定,待定,公开数据集,https://musicbrainz.org/doc/MusicBrainz_Database,2026-08-31
Peepshow,Peepshow at Verdolaga,,Verdolaga,2019-02-17,待定,待定,公开数据集,https://musicbrainz.org/doc/MusicBrainz_Database,2026-08-31
黒夢,TOUR Many SEX Years vol.5// CORKSCREW A GO GO! @ 大分DRUM TOPS,,DRUM Be-0,1999-01-19,待定,待定,公开数据集,https://musicbrainz.org/doc/MusicBrainz_Database,2026-08-31
Anatol Lybimov,[stage performance],,,1965-09-09,待定,待定,公开数据集,https://musicbrainz.org/doc/MusicBrainz_Database,2026-08-31
Trans‐Siberian Orchestra,Trans‐Siberian Orchestra at Verizon Wireless Arena,,SNHU Arena,2012-11-24,待定,待定,公开数据集,https://musicbrainz.org/doc/MusicBrainz_Database,2026-08-31
黒夢,TOUR Many SEX Years vol.5// CORKSCREW A GO GO! @ 宮崎市民文化ホール,,宮崎市民文化ホール,1999-01-21,待定,待定,公开数据集,https://musicbrainz.org/doc/MusicBrainz_Database,2026-08-31
Trans‐Siberian Orchestra,Trans‐Siberian Orchestra at KeyArena,,Climate Pledge Arena,2012-11-24,待定,待定,公开数据集,https://musicbrainz.org/doc/MusicBrainz_Database,2026-08-31
Mother Tongue,"Das Fest 2016, Freitag, Hauptbühne",,,2016-07-22,待定,待定,公开数据集,https://musicbrainz.org/doc/MusicBrainz_Database,2026-08-31
Trans‐Siberian Orchestra,Trans‐Siberian Orchestra at KeyArena,,Climate Pledge Arena,2012-11-24,待定,待定,公开数据集,https://musicbrainz.org/doc/MusicBrainz_Database,2026-08-31
The 1992–93 World Tour Band,"1992‐12‐16: Civic Arena, Pittsburgh, PA, USA",,Civic Arena,1992-12-16,待定,待定,公开数据集,https://musicbrainz.org/doc/MusicBrainz_Database,2026-08-31
Baltic Crossing,Baltic Crossing - Copenhagen Folk Club,,Metronomen,2016-10-29,待定,待定,公开数据集,https://musicbrainz.org/doc/MusicBrainz_Database,2026-08-31
Kofelgschroa,"Das Fest 2016, Sonntag, Feldbühne",,,2016-07-24,待定,待定,公开数据集,https://musicbrainz.org/doc/MusicBrainz_Database,2026-08-31
Denea,Denea at La Sitgetana,,La Sitgetana Brew Pub,2018-10-27,待定,待定,公开数据集,https://musicbrainz.org/doc/MusicBrainz_Database,2026-08-31
Trans‐Siberian Orchestra,Trans‐Siberian Orchestra at Time Warner Cable Arena,,Spectrum Center,2012-11-29,待定,待定,公开数据集,https://musicbrainz.org/doc/MusicBrainz_Database,2026-08-31
Gamer Symphony Orchestra at The University of Maryland,Gamer Symphony Orchestra Spring 2011 Concert,,,,待定,待定,公开数据集,https://musicbrainz.org/doc/MusicBrainz_Database,2026-08-31
Bruce Springsteen,"1995‐05: Fogerty Residence, Beverly Hills, CA, USA",,Fogerty Residence,1995-05,待定,待定,公开数据集,https://musicbrainz.org/doc/MusicBrainz_Database,2026-08-31
,Björk at MTV Unplugged,,,1994-11-07,待定,待定,公开数据集,https://musicbrainz.org/doc/MusicBrainz_Database,2026-08-31
Trans‐Siberian Orchestra,Trans‐Siberian Orchestra at Citizens Business Bank Arena,,Toyota Arena,2012-11-29,待定,待定,公开数据集,https://musicbrainz.org/doc/MusicBrainz_Database,2026-08-31
Gamer Symphony Orchestra at The University of Maryland,Gamer Symphony Orchestra Spring 2010 Concert,,,,待定,待定,公开数据集,https://musicbrainz.org/doc/MusicBrainz_Database,2026-08-31
,Walden Woods Project,,,1998-04-16,待定,待定,公开数据集,https://musicbrainz.org/doc/MusicBrainz_Database,2026-08-31
Trans‐Siberian Orchestra,Trans‐Siberian Orchestra at BI‐LO Center,,Bon Secours Wellness Arena,2012-11-30,待定,待定,公开数据集,https://musicbrainz.org/doc/MusicBrainz_Database,2026-08-31
,Sacrum Profanum 2017,,,2017-09-26,待定,待定,公开数据集,https://musicbrainz.org/doc/MusicBrainz_Database,2026-08-31
Trans‐Siberian Orchestra,Trans‐Siberian Orchestra at Valley View Casino Center,,Pechanga Arena,2012-11-30,待定,待定,公开数据集,https://musicbrainz.org/doc/MusicBrainz_Database,2026-08-31
KISS,KISS at Casino Rama,,Casino Rama Entertainment Centre,2009-07-20,待定,待定,公开数据集,https://musicbrainz.org/doc/MusicBrainz_Database,2026-08-31
Kansas,Kansas at Thomas Wolfe Auditorium,,Thomas Wolfe Auditorium,2018-11-30,待定,待定,公开数据集,https://musicbrainz.org/doc/MusicBrainz_Database,2026-08-31
,Xmas Dinner,,,2006-12,待定,待定,公开数据集,https://musicbrainz.org/doc/MusicBrainz_Database,2026-08-31
,Dynamo Open Air 1991,,,1991-05-20,待定,待定,公开数据集,https://musicbrainz.org/doc/MusicBrainz_Database,2026-08-31
KISS,KISS at Casino Rama,,Casino Rama Entertainment Centre,2009-07-21,待定,待定,公开数据集,https://musicbrainz.org/doc/MusicBrainz_Database,2026-08-31
,Zemlika Festival 2011,,,2011-10-28,待定,待定,公开数据集,https://musicbrainz.org/doc/MusicBrainz_Database,2026-08-31
KISS,KISS at California Mid‐State Fair,,Chumash Grandstand Arena,2009-07-28,待定,待定,公开数据集,https://musicbrainz.org/doc/MusicBrainz_Database,2026-08-31
Kansas,Kansas at Saenger Theatre,,Saenger Theatre,2018-12-06,待定,待定,公开数据集,https://musicbrainz.org/doc/MusicBrainz_Database,2026-08-31
Sean Hølt,"EBT: Sean Hølt, DataTek, Matthew Ryals",,Flowers For All Occasions,2019-04-27,待定,待定,公开数据集,https://musicbrainz.org/doc/MusicBrainz_Database,2026-08-31
Kumasi,"New Orleans Jazz & Heritage Festival 2019, Day 2: Jazz & Heritage Stage",,Jazz & Heritage Stage,2019-04-26,待定,待定,公开数据集,https://musicbrainz.org/doc/MusicBrainz_Database,2026-08-31
Alexanderplatz,Alexanderplatz presenta en Madrid «Muera usted mañana»,,Maravillas Club,2018-11-24,待定,待定,公开数据集,https://musicbrainz.org/doc/MusicBrainz_Database,2026-08-31
Trans‐Siberian Orchestra,Trans‐Siberian Orchestra at PNC Arena,,Lenovo Center,2012-12-01,待定,待定,公开数据集,https://musicbrainz.org/doc/MusicBrainz_Database,2026-08-31
KISS,KISS at Madison Square Garden,,Madison Square Garden,2009-10-10,待定,待定,公开数据集,https://musicbrainz.org/doc/MusicBrainz_Database,2026-08-31
Diassing Kunda,"New Orleans Jazz & Heritage Festival 2019, Day 2: Blues Tent",,Blues Tent,2019-04-26,待定,待定,公开数据集,https://musicbrainz.org/doc/MusicBrainz_Database,2026-08-31
Trans‐Siberian Orchestra,Trans‐Siberian Orchestra at Orleans Arena,,Orleans Arena,2012-12-02,待定,待定,公开数据集,https://musicbrainz.org/doc/MusicBrainz_Database,2026-08-31
KISS,KISS at Philips Arena,,State Farm Arena,2009-10-26,待定,待定,公开数据集,https://musicbrainz.org/doc/MusicBrainz_Database,2026-08-31
Dasta-e-Azada,XXIV Viljandi pärimusmuusika festival: 2. päev,,,2016-07-29,待定,待定,公开数据集,https://musicbrainz.org/doc/MusicBrainz_Database,2026-08-31
KISS,KISS at Sommet Center,,Bridgestone Arena,2009-10-28,待定,待定,公开数据集,https://musicbrainz.org/doc/MusicBrainz_Database,2026-08-31
Motel Radio,"New Orleans Jazz & Heritage Festival 2019, Day 2: Gentilly Stage",,Gentilly Stage,2019-04-26,待定,待定,公开数据集,https://musicbrainz.org/doc/MusicBrainz_Database,2026-08-31
KISS,KISS at Verizon Arena,,Simmons Bank Arena,2009-10-29,待定,待定,公开数据集,https://musicbrainz.org/doc/MusicBrainz_Database,2026-08-31
The 1992–93 World Tour Band,"1993‐04‐19: Sportpaleis Ahoy, Rotterdam, The Netherlands",,Ahoy Arena,1993-04-19,待定,待定,公开数据集,https://musicbrainz.org/doc/MusicBrainz_Database,2026-08-31
Trans‐Siberian Orchestra,Trans‐Siberian Orchestra at Allstate Arena,,Allstate Arena,2012-12-08,待定,待定,公开数据集,https://musicbrainz.org/doc/MusicBrainz_Database,2026-08-31
,Edinburgh International Festival 2016,,,2016-08-05,待定,待定,公开数据集,https://musicbrainz.org/doc/MusicBrainz_Database,2026-08-31
,Pinkpop Festival 1998,,Megaland,1998-05-30,待定,待定,公开数据集,https://musicbrainz.org/doc/MusicBrainz_Database,2026-08-31
The 1992–93 World Tour Band,"1993‐04‐20: Sportpaleis Ahoy, Rotterdam, The Netherlands",,Ahoy Arena,1993-04-20,待定,待定,公开数据集,https://musicbrainz.org/doc/MusicBrainz_Database,2026-08-31
,Pinkpop Festival 2007,,Megaland,2007-05-26,待定,待定,公开数据集,https://musicbrainz.org/doc/MusicBrainz_Database,2026-08-31
,Pinkpop Festival 2008,,Megaland,2008-05-30,待定,待定,公开数据集,https://musicbrainz.org/doc/MusicBrainz_Database,2026-08-31
Meryn Cadell,Ottawa Folk Festival 1997,,Britannia Park,1997-08-22,待定,待定,公开数据集,https://musicbrainz.org/doc/MusicBrainz_Database,2026-08-31
,Pinkpop Festival 2009,,Megaland,2009-05-30,待定,待定,公开数据集,https://musicbrainz.org/doc/MusicBrainz_Database,2026-08-31
The 1992–93 World Tour Band,"1993‐04‐23: Flanders Expo, Ghent, Belgium",,Flanders Expo,1993-04-23,待定,待定,公开数据集,https://musicbrainz.org/doc/MusicBrainz_Database,2026-08-31
Trans‐Siberian Orchestra,Trans‐Siberian Orchestra at Chesapeake Energy Arena,,Paycom Center,2012-12-08,待定,待定,公开数据集,https://musicbrainz.org/doc/MusicBrainz_Database,2026-08-31
Nine Inch Nails,David Bowie and Nine Inch Nails at Thomas & Mack Center,,Thomas & Mack Center,1995-10-19,待定,待定,公开数据集,https://musicbrainz.org/doc/MusicBrainz_Database,2026-08-31
Maggie Koerner,"New Orleans Jazz & Heritage Festival 2019, Day 3: Acura Stage",,Acura Stage,2019-04-27,待定,待定,公开数据集,https://musicbrainz.org/doc/MusicBrainz_Database,2026-08-31
Assif Tsahar,Tsahar / Nakatani at Terminus,,Terminus,2016-05-05,待定,待定,公开数据集,https://musicbrainz.org/doc/MusicBrainz_Database,2026-08-31
,Pinkpop Festival 2011,,Megaland,2011-06-11,待定,待定,公开数据集,https://musicbrainz.org/doc/MusicBrainz_Database,2026-08-31
Matthews’ Southern Comfort,Friars: Matthews’ Southern Comfort + Farm at Addison Centre,,Addison Centre,1970-09-11,待定,待定,公开数据集,https://musicbrainz.org/doc/MusicBrainz_Database,2026-08-31
Trans‐Siberian Orchestra,Trans‐Siberian Orchestra at Chesapeake Energy Arena,,Paycom Center,2012-12-08,待定,待定,公开数据集,https://musicbrainz.org/doc/MusicBrainz_Database,2026-08-31
,Pinkpop Festival 2012,,Megaland,2012-05-26,待定,待定,公开数据集,https://musicbrainz.org/doc/MusicBrainz_Database,2026-08-31
,Pinkpop Festival 2013,,Megaland,2013-06-14,待定,待定,公开数据集,https://musicbrainz.org/doc/MusicBrainz_Database,2026-08-31
Basco,"Basco (Sco, DK, Swe) @ Folk for Folk",,Arne B,2016-02-16,待定,待定,公开数据集,https://musicbrainz.org/doc/MusicBrainz_Database,2026-08-31
Trans‐Siberian Orchestra,Trans‐Siberian Orchestra at Charleston Civic Center,,Charleston Civic Center Coliseum,2013-11-20,待定,待定,公开数据集,https://musicbrainz.org/doc/MusicBrainz_Database,2026-08-31
Chuck Berry,Chuck Berry at Maaspoort,,Maaspoort,1988-07-16,待定,待定,公开数据集,https://musicbrainz.org/doc/MusicBrainz_Database,2026-08-31
Iggy Pop,"Rockavaria 2016, Day 2: Doppelbühne 1",,Doppelbühne 1,2016-05-28,待定,待定,公开数据集,https://musicbrainz.org/doc/MusicBrainz_Database,2026-08-31
,Salzburger Festspiele 1996,,,1996-07-20,待定,待定,公开数据集,https://musicbrainz.org/doc/MusicBrainz_Database,2026-08-31
Bruce Springsteen,"2002‐09‐29: Fargodome, Fargo, ND, USA",,Fargodome,2002-09-29,待定,待定,公开数据集,https://musicbrainz.org/doc/MusicBrainz_Database,2026-08-31
“Weird Al” Yankovic,“Weird Al” Yankovic at Ravinia Festival 2019,,The Pavilion at Ravinia,2019-07-28,待定,待定,公开数据集,https://musicbrainz.org/doc/MusicBrainz_Database,2026-08-31
黒夢,"TOUR Many SEX Years vol.2// Many SEX,【DRUG TREATMENT】@ 徳島市立文化センター",,徳島市立文化センター,1997-09-22,待定,待定,公开数据集,https://musicbrainz.org/doc/MusicBrainz_Database,2026-08-31
,Ravinia Festival 2019,,Ravinia Park,2019-05-04,待定,待定,公开数据集,https://musicbrainz.org/doc/MusicBrainz_Database,2026-08-31
Gianni Morandi,Gianni Morandi at Lucca Summer Festival 2018,,Piazza Napoleone,2018-07-22,待定,待定,公开数据集,https://musicbrainz.org/doc/MusicBrainz_Database,2026-08-31
黒夢,"TOUR Many SEX Years vol.2// Many SEX,【DRUG TREATMENT】@ 高知県民文化ホール",,高知県立県民文化ホール,1997-09-24,待定,待定,公开数据集,https://musicbrainz.org/doc/MusicBrainz_Database,2026-08-31
“Weird Al” Yankovic,“Weird Al” Yankovic at Paramount Theatre,,Paramount Theatre,2019-08-16,待定,待定,公开数据集,https://musicbrainz.org/doc/MusicBrainz_Database,2026-08-31
The E Street Band,"1973‐10‐31: The Main Point, Bryn Mawr, PA, USA",,The Main Point,1973-10-31,待定,待定,公开数据集,https://musicbrainz.org/doc/MusicBrainz_Database,2026-08-31
Anssi Karttunen,Concert,,The Place,1992-12-08,待定,待定,公开数据集,https://musicbrainz.org/doc/MusicBrainz_Database,2026-08-31
“Weird Al” Yankovic,“Weird Al” Yankovic at Paramount Theatre,,Paramount Theatre,2019-08-17,待定,待定,公开数据集,https://musicbrainz.org/doc/MusicBrainz_Database,2026-08-31
“Weird Al” Yankovic,“Weird Al” Yankovic at Paramount Theatre,,Paramount Theatre,2019-08-17,待定,待定,公开数据集,https://musicbrainz.org/doc/MusicBrainz_Database,2026-08-31
Bruce Springsteen,"1973‐07‐18: Max’s Kansas City, New York City, NY, USA",,Max’s Kansas City,1973-07-18,待定,待定,公开数据集,https://musicbrainz.org/doc/MusicBrainz_Database,2026-08-31
Bruce Springsteen,"2002‐10‐04: Leonard P. Zakim Bunker Hill Memorial Bridge, Boston, MA, USA",,Leonard P. Zakim Bunker Hill Memorial Bridge,2002-10-04,待定,待定,公开数据集,https://musicbrainz.org/doc/MusicBrainz_Database,2026-08-31
Trans‐Siberian Orchestra,Trans‐Siberian Orchestra at PNC Arena,,Lenovo Center,2013-11-21,待定,待定,公开数据集,https://musicbrainz.org/doc/MusicBrainz_Database,2026-08-31
Trans‐Siberian Orchestra,Trans‐Siberian Orchestra at Colonial Life Arena,,Colonial Life Arena,2013-11-22,待定,待定,公开数据集,https://musicbrainz.org/doc/MusicBrainz_Database,2026-08-31
“Weird Al” Yankovic,“Weird Al” Yankovic at Arts Commons,,Arts Commons: Jack Singer Concert Hall,2019-08-24,待定,待定,公开数据集,https://musicbrainz.org/doc/MusicBrainz_Database,2026-08-31
J. Monque’D Blues Revue,"New Orleans Jazz & Heritage Festival 2019, Day 1: Blues Tent",,Blues Tent,2019-04-25,待定,待定,公开数据集,https://musicbrainz.org/doc/MusicBrainz_Database,2026-08-31
Céu,Céu at Fasching,,Fasching,2019-04-13,待定,待定,公开数据集,https://musicbrainz.org/doc/MusicBrainz_Database,2026-08-31
,Lucca Summer Festival 2018,,Piazza Napoleone,2018-06-23,待定,待定,公开数据集,https://musicbrainz.org/doc/MusicBrainz_Database,2026-08-31
,Rock in Roma 2018,,Capannelle Racecourse,2018-06-20,待定,待定,公开数据集,https://musicbrainz.org/doc/MusicBrainz_Database,2026-08-31
Boris,fangsanalsatan extra-Boris with Merzbow one man,,Earthdom,2006-11-18,待定,待定,公开数据集,https://musicbrainz.org/doc/MusicBrainz_Database,2026-08-31
Trans‐Siberian Orchestra,Trans‐Siberian Orchestra at KeyArena,,Climate Pledge Arena,2013-11-23,待定,待定,公开数据集,https://musicbrainz.org/doc/MusicBrainz_Database,2026-08-31
The E Street Band,"2002‐12‐09: Carolina Center, Columbia, SC, USA",,Colonial Life Arena,2002-12-09,待定,待定,公开数据集,https://musicbrainz.org/doc/MusicBrainz_Database,2026-08-31
Trans‐Siberian Orchestra,Trans‐Siberian Orchestra at KFC Yum! Center,,KFC Yum! Center,2013-12-11,待定,待定,公开数据集,https://musicbrainz.org/doc/MusicBrainz_Database,2026-08-31
Trans‐Siberian Orchestra,Trans‐Siberian Orchestra at Ervin J. Nutter Center,,Wright State University Nutter Center,2013-12-11,待定,待定,公开数据集,https://musicbrainz.org/doc/MusicBrainz_Database,2026-08-31
The 1992–93 World Tour Band,"1992‐07‐28: Brendan Byrne Arena, East Rutherford, NJ, USA",,Meadowlands Arena,1992-07-28,待定,待定,公开数据集,https://musicbrainz.org/doc/MusicBrainz_Database,2026-08-31
Trans‐Siberian Orchestra,Trans‐Siberian Orchestra at Pepsi Arena,,MVP Arena,2004-12-23,待定,待定,公开数据集,https://musicbrainz.org/doc/MusicBrainz_Database,2026-08-31
Mercury Uncovered,Masses//Pawns//Decapitators//Mercury Uncovered,,Rock Room,2016-07-24,待定,待定,公开数据集,https://musicbrainz.org/doc/MusicBrainz_Database,2026-08-31
Trans‐Siberian Orchestra,Trans‐Siberian Orchestra at Wachovia Spectrum,,Wachovia Spectrum,2004-12-26,待定,待定,公开数据集,https://musicbrainz.org/doc/MusicBrainz_Database,2026-08-31
Xeno & Oaklander,Nothing Changes,,Home Sweet Home,2016-07-27,待定,待定,公开数据集,https://musicbrainz.org/doc/MusicBrainz_Database,2026-08-31
Rachel Fuller,"SXSW 2007, day 3: La Zona Rosa",,La Zona Rosa,2007-03-15,待定,待定,公开数据集,https://musicbrainz.org/doc/MusicBrainz_Database,2026-08-31
KISS,KISS at Estadio Nacional de Costa Rica,,Estadio Nacional de Costa Rica,2020-12-04,待定,待定,公开数据集,https://musicbrainz.org/doc/MusicBrainz_Database,2026-08-31
Kansas,Kansas at Tarrytown Music Hall,,Tarrytown Music Hall,2018-08-17,待定,待定,公开数据集,https://musicbrainz.org/doc/MusicBrainz_Database,2026-08-31
The 1992–93 World Tour Band,"1992‐08‐10: Brendan Byrne Arena, East Rutherford, NJ, USA",,Meadowlands Arena,1992-08-10,待定,待定,公开数据集,https://musicbrainz.org/doc/MusicBrainz_Database,2026-08-31
Arabesque,Arabesque at Tokyo Kōsei Nenkin Kaikan,,東京厚生年金会館 大ホール,1982-05-05,待定,待定,公开数据集,https://musicbrainz.org/doc/MusicBrainz_Database,2026-08-31
Trans‐Siberian Orchestra,Trans‐Siberian Orchestra at Alliant Energy Center,,Alliant Energy Center: Veterans Memorial Coliseum,2004-12-04,待定,待定,公开数据集,https://musicbrainz.org/doc/MusicBrainz_Database,2026-08-31
Merzbow,現象 -Gensho-: reference one リリース・パーティ,,Earthdom,2016-05-15,待定,待定,公开数据集,https://musicbrainz.org/doc/MusicBrainz_Database,2026-08-31
Jessie J,Alive Tour: Newcastle,,Utilita Arena Newcastle,2013-10-26,待定,待定,公开数据集,https://musicbrainz.org/doc/MusicBrainz_Database,2026-08-31
Trans‐Siberian Orchestra,Trans‐Siberian Orchestra at Tingley Coliseum,,Tingley Coliseum,2004-12-16,待定,待定,公开数据集,https://musicbrainz.org/doc/MusicBrainz_Database,2026-08-31
Bruce Springsteen,"1992‐08‐18: The Palace of Auburn Hills, Auburn Hills, MI, USA",,The Palace of Auburn Hills,1992-08-18,待定,待定,公开数据集,https://musicbrainz.org/doc/MusicBrainz_Database,2026-08-31
Trans‐Siberian Orchestra,Trans‐Siberian Orchestra at BOK Center,,BOK Center,2013-12-19,待定,待定,公开数据集,https://musicbrainz.org/doc/MusicBrainz_Database,2026-08-31
The 1992–93 World Tour Band,"1992‐08‐21: Richfield Coliseum, Richfield, OH, USA",,Richfield Coliseum,1992-08-21,待定,待定,公开数据集,https://musicbrainz.org/doc/MusicBrainz_Database,2026-08-31
The 1992–93 World Tour Band,"1992‐09‐03: World Music Theatre, Tinley Park, IL, USA",,Credit Union 1 Amphitheatre,1992-09-03,待定,待定,公开数据集,https://musicbrainz.org/doc/MusicBrainz_Database,2026-08-31
Antonio Pini-Corsi,The Merry Wives of Windsor,,Metropolitan Opera House,1899,待定,待定,公开数据集,https://musicbrainz.org/doc/MusicBrainz_Database,2026-08-31
Pawa Up First,"SXSW 2007, day 3: Maggie Mae’s",,Maggie Mae’s,2007-03-15,待定,待定,公开数据集,https://musicbrainz.org/doc/MusicBrainz_Database,2026-08-31
,Roadburn 2019,,013,2019-04-11,待定,待定,公开数据集,https://musicbrainz.org/doc/MusicBrainz_Database,2026-08-31
Galahad,Galahad at The Speckled Trout,,The Speckled Trout,1985-11-07,待定,待定,公开数据集,https://musicbrainz.org/doc/MusicBrainz_Database,2026-08-31
Tapiolan kuoro,[concert],,,1981-05-16,待定,待定,公开数据集,https://musicbrainz.org/doc/MusicBrainz_Database,2026-08-31
高見沢俊彦,「Kaléidoscope—天使の狂宴—」@ 広島クラブクアトロ,,広島CLUB QUATTRO,2007-08-05,待定,待定,公开数据集,https://musicbrainz.org/doc/MusicBrainz_Database,2026-08-31
KISS,KISS at Pearl Concert Theater at Palms Casino Resort,,Pearl Concert Theater at Palms Casino Resort,2008-08-29,待定,待定,公开数据集,https://musicbrainz.org/doc/MusicBrainz_Database,2026-08-31
KISS,KISS at Harvey’s Lake Tahoe Outdoor Arena,,Harvey’s Lake Tahoe Outdoor Arena,2008-08-30,待定,待定,公开数据集,https://musicbrainz.org/doc/MusicBrainz_Database,2026-08-31
The Great Bear Trio,Great Bear Groove 2011,,,2011-06-03,待定,待定,公开数据集,https://musicbrainz.org/doc/MusicBrainz_Database,2026-08-31
Sequaz,Carioca ProgFestival 2019: Sequaz,,Centro da Musica Carioca Artur da Távola,2019-09-12,待定,待定,公开数据集,https://musicbrainz.org/doc/MusicBrainz_Database,2026-08-31
Horcas,"Quilmes Rock 2009, Day 2",,Estadio Antonio Vespucio Liberti,2009-03-28,待定,待定,公开数据集,https://musicbrainz.org/doc/MusicBrainz_Database,2026-08-31
Prognoise,Carioca ProgFestival 2019: Prognoise,,Centro da Musica Carioca Artur da Távola,2019-09-19,待定,待定,公开数据集,https://musicbrainz.org/doc/MusicBrainz_Database,2026-08-31
Ultranova,Carioca ProgFestival 2019: Ultranova,,Centro da Musica Carioca Artur da Távola,2019-09-26,待定,待定,公开数据集,https://musicbrainz.org/doc/MusicBrainz_Database,2026-08-31
Doble Pletina,Doble Pletina presentan «Así es como escapó» + Die Katapult,,Almo2bar,2016-05-07,待定,待定,公开数据集,https://musicbrainz.org/doc/MusicBrainz_Database,2026-08-31
Phil Collins,Phil Collins at Madison Square Garden,,Madison Square Garden,2019-10-06,待定,待定,公开数据集,https://musicbrainz.org/doc/MusicBrainz_Database,2026-08-31
Apocalypse,"Carioca ProgFestival 2019: Apocalypse, sábado",,Solar de Botafogo,2019-10-19,待定,待定,公开数据集,https://musicbrainz.org/doc/MusicBrainz_Database,2026-08-31
Trans‐Siberian Orchestra,Trans‐Siberian Orchestra at Toyota Center,,Toyota Center,2013-12-27,待定,待定,公开数据集,https://musicbrainz.org/doc/MusicBrainz_Database,2026-08-31
Paddy Goes to Holyhead,"Taubertal-Festival 2004, Day 3",,,2004-08-15,待定,待定,公开数据集,https://musicbrainz.org/doc/MusicBrainz_Database,2026-08-31
Trans‐Siberian Orchestra,Trans‐Siberian Orchestra at Toyota Center,,Toyota Center,2013-12-27,待定,待定,公开数据集,https://musicbrainz.org/doc/MusicBrainz_Database,2026-08-31
Peter Eget,Julebal,,Højby Forsamlingshus,2014-12-28,待定,待定,公开数据集,https://musicbrainz.org/doc/MusicBrainz_Database,2026-08-31
Travis,Catatonia in Birmingham,,Irish Centre,1998-03-25,待定,待定,公开数据集,https://musicbrainz.org/doc/MusicBrainz_Database,2026-08-31
,Reading Festival 2006,,Little John’s Farm,2006-08-25,待定,待定,公开数据集,https://musicbrainz.org/doc/MusicBrainz_Database,2026-08-31
,Redditaisai 2018,,,2018-07-28,待定,待定,公开数据集,https://musicbrainz.org/doc/MusicBrainz_Database,2026-08-31
ももいろクローバーZ,ももいろクローバーZ at Zepp Tokyo,,Zepp Tokyo,2012-11-17,待定,待定,公开数据集,https://musicbrainz.org/doc/MusicBrainz_Database,2026-08-31
黒夢,「1996 FAKE STAR’S CIRCUIT」@ 仙台イズミティ21大ホール,,イズミティ21大ホール,1996-06-19,待定,待定,公开数据集,https://musicbrainz.org/doc/MusicBrainz_Database,2026-08-31
KISS,KISS at Vorst Nationaal,,Vorst Nationaal,1984-11-03,待定,待定,公开数据集,https://musicbrainz.org/doc/MusicBrainz_Database,2026-08-31
黒夢,TOUR Many SEX Years vol.5// CORKSCREW A GO GO! @ 山梨県立県民文化ホール,,山梨県立県民文化ホール,1998-06-21,待定,待定,公开数据集,https://musicbrainz.org/doc/MusicBrainz_Database,2026-08-31
,"Rock Carnival 2016, Day 2",,FirstEnergy Park,2016-10-01,待定,待定,公开数据集,https://musicbrainz.org/doc/MusicBrainz_Database,2026-08-31
,The Exploited @ The Nite Club,,The Nite Club,1981-11-09,待定,待定,公开数据集,https://musicbrainz.org/doc/MusicBrainz_Database,2026-08-31
Trans‐Siberian Orchestra,Trans‐Siberian Orchestra at Forest National,,Vorst Nationaal,2014-01-17,待定,待定,公开数据集,https://musicbrainz.org/doc/MusicBrainz_Database,2026-08-31
Warm Jets,Warm Jets in Reading,,Alleycat,1998-03-06,待定,待定,公开数据集,https://musicbrainz.org/doc/MusicBrainz_Database,2026-08-31
Trans‐Siberian Orchestra,Trans‐Siberian Orchestra at BMO Harris Bradley Center,,BMO Harris Bradley Center,2013-12-15,待定,待定,公开数据集,https://musicbrainz.org/doc/MusicBrainz_Database,2026-08-31
Phil Collins,Phil Collins at KFC Yum! Center,,KFC Yum! Center,2019-10-09,待定,待定,公开数据集,https://musicbrainz.org/doc/MusicBrainz_Database,2026-08-31
Trans‐Siberian Orchestra,Trans‐Siberian Orchestra at Stadthalle,,"Wiener Stadthalle, Halle D",2014-01-26,待定,待定,公开数据集,https://musicbrainz.org/doc/MusicBrainz_Database,2026-08-31
Bon Jovi,Bon Jovi at Estadio River Plate,,Estadio Antonio Vespucio Liberti,1995-11-04,待定,待定,公开数据集,https://musicbrainz.org/doc/MusicBrainz_Database,2026-08-31
The 1992–93 World Tour Band,"1992‐08‐17: The Palace of Auburn Hills, Auburn Hills, MI, USA",,The Palace of Auburn Hills,1992-08-17,待定,待定,公开数据集,https://musicbrainz.org/doc/MusicBrainz_Database,2026-08-31
,Kokkola Opera Summer 2015,,,2015-07-22,待定,待定,公开数据集,https://musicbrainz.org/doc/MusicBrainz_Database,2026-08-31
KISS,KISS at S.E.C.C.,,"SEC Centre, Hall 4",2010-05-09,待定,待定,公开数据集,https://musicbrainz.org/doc/MusicBrainz_Database,2026-08-31
,Kokkola Opera Summer 2016,,,2016-07-21,待定,待定,公开数据集,https://musicbrainz.org/doc/MusicBrainz_Database,2026-08-31
KISS,KISS at The O₂,,3Arena,2010-05-07,待定,待定,公开数据集,https://musicbrainz.org/doc/MusicBrainz_Database,2026-08-31
Unbelievable Truth,Unbelievable Truth in Exeter,,Cavern,1998-02-07,待定,待定,公开数据集,https://musicbrainz.org/doc/MusicBrainz_Database,2026-08-31
Trans‐Siberian Orchestra,Trans‐Siberian Orchestra at Allstate Arena,,Allstate Arena,2013-12-28,待定,待定,公开数据集,https://musicbrainz.org/doc/MusicBrainz_Database,2026-08-31
Folkets Hus Spillefolk,Ramslag,,Metronomen,2016-02-12,待定,待定,公开数据集,https://musicbrainz.org/doc/MusicBrainz_Database,2026-08-31
Sherzandum,Semesterstartsfest på Studenterhuset,,Studenterhuset,2016-02-12,待定,待定,公开数据集,https://musicbrainz.org/doc/MusicBrainz_Database,2026-08-31
THE ALFEE,THE ALFEE 40th Anniversary 2014 GENESIS Ⅱ @ 市川市文化会館,,市川市文化会館,2014-10-09,待定,待定,公开数据集,https://musicbrainz.org/doc/MusicBrainz_Database,2026-08-31
DIR EN GREY,TOUR15 THE UNSTOPPABLE LIFE,,前橋市民文化会館,2015-04-11,待定,待定,公开数据集,https://musicbrainz.org/doc/MusicBrainz_Database,2026-08-31
KISS,KISS at Arena Eurobike,,Arena Eurobike,2020-11-15,待定,待定,公开数据集,https://musicbrainz.org/doc/MusicBrainz_Database,2026-08-31
THE ALFEE,THE ALFEE at 東京エレクトロンホール宮城,,東京エレクトロンホール宮城 大ホール,2019-05-12,待定,待定,公开数据集,https://musicbrainz.org/doc/MusicBrainz_Database,2026-08-31
Antonio Pini-Corsi,Falstaff,,,1893,待定,待定,公开数据集,https://musicbrainz.org/doc/MusicBrainz_Database,2026-08-31
Finley Quaye,Finley Quaye at Cambridge Corn Exchange,,Cambridge Corn Exchange,1998-03-30,待定,待定,公开数据集,https://musicbrainz.org/doc/MusicBrainz_Database,2026-08-31
Dreamers’ Circus,Dreamers’ Circus X-mas Party,,Global Copenhagen,2014-12-20,待定,待定,公开数据集,https://musicbrainz.org/doc/MusicBrainz_Database,2026-08-31
Aaron Davis Trio,Aaron Davis Trio at Pears Cabaret,,Pears Cabaret,1981-10-01,待定,待定,公开数据集,https://musicbrainz.org/doc/MusicBrainz_Database,2026-08-31
THE ALFEE,THE ALFEE at 名古屋国際会議場センチュリーホール,,名古屋センチュリーホール,2019-06-29,待定,待定,公开数据集,https://musicbrainz.org/doc/MusicBrainz_Database,2026-08-31
KISS,KISS at UTC Arena,,McKenzie Arena,1985-01-21,待定,待定,公开数据集,https://musicbrainz.org/doc/MusicBrainz_Database,2026-08-31
KISS,KISS at Mid‐South Coliseum,,Mid‐South Coliseum,1985-01-22,待定,待定,公开数据集,https://musicbrainz.org/doc/MusicBrainz_Database,2026-08-31
Trans‐Siberian Orchestra,Trans‐Siberian Orchestra at Rupp Arena,,Rupp Arena at Central Bank Center,2012-03-20,待定,待定,公开数据集,https://musicbrainz.org/doc/MusicBrainz_Database,2026-08-31
Ambros Chapel,Ambros Chapel at Asociación Cultural AcasaNo,,Asociación Cultural AcasaNo,2019-04-06,待定,待定,公开数据集,https://musicbrainz.org/doc/MusicBrainz_Database,2026-08-31
Moogulator,Elektroanschlag 2018 Saturday,,,2018-04-07,待定,待定,公开数据集,https://musicbrainz.org/doc/MusicBrainz_Database,2026-08-31
Roy Bittan,"1994‐02: CBS Television Studios, New York City, NY, USA",,CBS Studios,1994-02,待定,待定,公开数据集,https://musicbrainz.org/doc/MusicBrainz_Database,2026-08-31
Queen,The Freddie Mercury Tribute Concert for AIDS Awareness,,Wembley Stadium,1992-04-20,待定,待定,公开数据集,https://musicbrainz.org/doc/MusicBrainz_Database,2026-08-31
,Top Gear,,,1967-12-24,待定,待定,公开数据集,https://musicbrainz.org/doc/MusicBrainz_Database,2026-08-31
"Earth, Wind & Fire","Santana and Earth, Wind & Fire at Bridgestone Arena",,Bridgestone Arena,2020-08-25,待定,待定,公开数据集,https://musicbrainz.org/doc/MusicBrainz_Database,2026-08-31
Violent Popes,Violent Popes at Sala Tragaluz,,Tragaluz,1996-03-23,待定,待定,公开数据集,https://musicbrainz.org/doc/MusicBrainz_Database,2026-08-31
Southside Johnny & The Asbury Jukes,"1994‐07‐16: The Stone Pony Tent, Asbury Park, NJ, USA",,The Stone Pony,1994-07-16,待定,待定,公开数据集,https://musicbrainz.org/doc/MusicBrainz_Database,2026-08-31
Julio Fontán,Microshows presenta: Julio Fontán,,Gestalguinos,2017-12-16,待定,待定,公开数据集,https://musicbrainz.org/doc/MusicBrainz_Database,2026-08-31
KISS,KISS at Sam Houston Coliseum,,Sam Houston Coliseum,1985-01-31,待定,待定,公开数据集,https://musicbrainz.org/doc/MusicBrainz_Database,2026-08-31
Madrugada,Madrugada at Columbiahalle,,Columbiahalle,2019-04-20,待定,待定,公开数据集,https://musicbrainz.org/doc/MusicBrainz_Database,2026-08-31
,Castle Party 2008,,,2008-07-25,待定,待定,公开数据集,https://musicbrainz.org/doc/MusicBrainz_Database,2026-08-31
Stand and Deliver,"1994‐08‐26: Classics Cafe, Westwood, NJ, USA",,Classics Cafe,1994-08-26,待定,待定,公开数据集,https://musicbrainz.org/doc/MusicBrainz_Database,2026-08-31
Pendragon,Pendragon supported by Galahad at London Astoria,,Astoria Theatre,1992-04-26,待定,待定,公开数据集,https://musicbrainz.org/doc/MusicBrainz_Database,2026-08-31
Tin Men,"New Orleans Jazz & Heritage Festival 2019, Day 5: Gentilly Stage",,Gentilly Stage,2019-05-02,待定,待定,公开数据集,https://musicbrainz.org/doc/MusicBrainz_Database,2026-08-31
Joe Grushecky & the Houserockers,"1994‐10: Thrill Hill East, Rumson, NJ, USA",,Thrill Hill East,1994-10,待定,待定,公开数据集,https://musicbrainz.org/doc/MusicBrainz_Database,2026-08-31
Jackson Browne,"1994‐11‐13: Castaic Lake, Castaic, CA, USA",,Castaic Lake,1994-11-13,待定,待定,公开数据集,https://musicbrainz.org/doc/MusicBrainz_Database,2026-08-31
"Earth, Wind & Fire","Santana and Earth, Wind & Fire at MidFlorida Credit Union Amphitheatre at the Florida State Fairgrounds",,MidFlorida Credit Union Amphitheatre at the Florida State Fairgrounds,2020-08-29,待定,待定,公开数据集,https://musicbrainz.org/doc/MusicBrainz_Database,2026-08-31
THE ALFEE,Neo Universe 2013 Grateful Birth @ 桐生市市民文化会館シルクホール,,桐生市市民文化会館シルクホール,2013-04-27,待定,待定,公开数据集,https://musicbrainz.org/doc/MusicBrainz_Database,2026-08-31
,Trentemøller en Barcelona,,,2017-02-18,待定,待定,公开数据集,https://musicbrainz.org/doc/MusicBrainz_Database,2026-08-31
Jahneration,"Dour 2017, day 4: The Last Arena",,The Last Arena,2017-07-15,待定,待定,公开数据集,https://musicbrainz.org/doc/MusicBrainz_Database,2026-08-31
The Rub,"SXSW 2007, day 4: Beauty Bar",,Beauty Bar,2007-03-16,待定,待定,公开数据集,https://musicbrainz.org/doc/MusicBrainz_Database,2026-08-31
KISS,KISS at American Airlines Center,,American Airlines Center,2009-12-06,待定,待定,公开数据集,https://musicbrainz.org/doc/MusicBrainz_Database,2026-08-31
Voices of Distinction,"New Orleans Jazz & Heritage Festival 2019, Day 5: Gospel Tent",,Gospel Tent,2019-05-02,待定,待定,公开数据集,https://musicbrainz.org/doc/MusicBrainz_Database,2026-08-31
Timeout,Prog H³,,Apostelkirche,2017-02-18,待定,待定,公开数据集,https://musicbrainz.org/doc/MusicBrainz_Database,2026-08-31
IQ,IQ at Star Club,,Kulttempel,1996-04-26,待定,待定,公开数据集,https://musicbrainz.org/doc/MusicBrainz_Database,2026-08-31
THE ALFEE,Neo Universe 2013 Grateful Birth @ NHKホール,,NHKホール,2013-05-26,待定,待定,公开数据集,https://musicbrainz.org/doc/MusicBrainz_Database,2026-08-31
All My Exes,All My Exes – folk/blues @ Bartof Station,,Bartof Station,2018-04-06,待定,待定,公开数据集,https://musicbrainz.org/doc/MusicBrainz_Database,2026-08-31
Santana,"Santana and Earth, Wind & Fire at Pepsi Center",,Ball Arena,2020-07-01,待定,待定,公开数据集,https://musicbrainz.org/doc/MusicBrainz_Database,2026-08-31
Das Mörtal,Das Mörtal with Faith in the Glitch,,Pianos,2018-04-06,待定,待定,公开数据集,https://musicbrainz.org/doc/MusicBrainz_Database,2026-08-31
Boukou Groove,"New Orleans Jazz & Heritage Festival 2019, Day 4: Congo Square Stage",,Congo Square Stage,2019-04-28,待定,待定,公开数据集,https://musicbrainz.org/doc/MusicBrainz_Database,2026-08-31
THE ALFEE,Neo Universe 2012 Final Series Catch Your Earth @ 日本武道館,,日本武道館,2012-12-24,待定,待定,公开数据集,https://musicbrainz.org/doc/MusicBrainz_Database,2026-08-31
,San Diego Comic-Con International 2016,,San Diego Convention Center,2016-07-21,待定,待定,公开数据集,https://musicbrainz.org/doc/MusicBrainz_Database,2026-08-31
,Structured Disasters: The Roughest Usage,,,2018-05-26,待定,待定,公开数据集,https://musicbrainz.org/doc/MusicBrainz_Database,2026-08-31
KISS,KISS at Aladdin Theatre for the Performing Arts,,Aladdin Theatre for the Performing Arts,1985-02-07,待定,待定,公开数据集,https://musicbrainz.org/doc/MusicBrainz_Database,2026-08-31
KISS,KISS at O. Thayne Acord Arena at Salt Palace Center,,Salt Palace,1985-02-11,待定,待定,公开数据集,https://musicbrainz.org/doc/MusicBrainz_Database,2026-08-31
,Rock Fest 2007,,Chippewa Valley Festival Grounds,2007-07-19,待定,待定,公开数据集,https://musicbrainz.org/doc/MusicBrainz_Database,2026-08-31
KISS,KISS at Cisco Customer Appreciation Event,,,2007-07-25,待定,待定,公开数据集,https://musicbrainz.org/doc/MusicBrainz_Database,2026-08-31
KISS,KISS at Bakersfield Civic Auditorium,,Dignity Health Theater and Convention Center,1985-02-21,待定,待定,公开数据集,https://musicbrainz.org/doc/MusicBrainz_Database,2026-08-31
,Square Sound Melbourne 2017,,,2017-03-03,待定,待定,公开数据集,https://musicbrainz.org/doc/MusicBrainz_Database,2026-08-31
THE ALFEE,Neo Universe 2011 I Love You @ 千葉県文化会館,,千葉県文化会館,2011-04-15,待定,待定,公开数据集,https://musicbrainz.org/doc/MusicBrainz_Database,2026-08-31
Santana,"Santana and Earth, Wind & Fire at Dos Equis Pavilion",,Dos Equis Pavilion,2020-07-03,待定,待定,公开数据集,https://musicbrainz.org/doc/MusicBrainz_Database,2026-08-31
Heimstatt Yipotash,Elektroanschlag 2018 Friday,,,2018-04-06,待定,待定,公开数据集,https://musicbrainz.org/doc/MusicBrainz_Database,2026-08-31
,Concert fete de la musique TOF Pizz,,,2018-06-02,待定,待定,公开数据集,https://musicbrainz.org/doc/MusicBrainz_Database,2026-08-31
Santana,"Santana and Earth, Wind & Fire at S&T Bank Music Park",,The Pavilion at Star Lake,2020-08-12,待定,待定,公开数据集,https://musicbrainz.org/doc/MusicBrainz_Database,2026-08-31
酒井法子,酒井法子 30th ANNIVERSARY CONCERT,,ディファ有明,2016-09-22,待定,待定,公开数据集,https://musicbrainz.org/doc/MusicBrainz_Database,2026-08-31
Sylvain Cossette,"FestiVoix 2019, jour 8 : Voix populaires (scène Loto‐Québec)",,,2019-07-06,待定,待定,公开数据集,https://musicbrainz.org/doc/MusicBrainz_Database,2026-08-31
,Download Festival 2004,,Donington Park,2004-06-05,待定,待定,公开数据集,https://musicbrainz.org/doc/MusicBrainz_Database,2026-08-31
,Download Festival 2003,,Donington Park,2003-05-31,待定,待定,公开数据集,https://musicbrainz.org/doc/MusicBrainz_Database,2026-08-31
The Rolling Stones,The Rolling Stones at Kingdome,,Kingdome,1997-11-28,待定,待定,公开数据集,https://musicbrainz.org/doc/MusicBrainz_Database,2026-08-31
Trans‐Siberian Orchestra,Trans‐Siberian Orchestra at Gibson Amphitheatre,,Gibson Amphitheatre,2012-04-01,待定,待定,公开数据集,https://musicbrainz.org/doc/MusicBrainz_Database,2026-08-31
,Pukkelpop 2007,,Kempische Steenweg Kiewit,2007-08-16,待定,待定,公开数据集,https://musicbrainz.org/doc/MusicBrainz_Database,2026-08-31
Zero Cool,Eyegum (Free) Wednesdays: Zero Cool + Ayn Randy,,San Fran,2018-04-25,待定,待定,公开数据集,https://musicbrainz.org/doc/MusicBrainz_Database,2026-08-31
,Pukkelpop 2004,,Kempische Steenweg Kiewit,2004-08-19,待定,待定,公开数据集,https://musicbrainz.org/doc/MusicBrainz_Database,2026-08-31
The Rolling Stones,The Rolling Stones at Brixton Academy,,O₂ Academy Brixton,1995-07-19,待定,待定,公开数据集,https://musicbrainz.org/doc/MusicBrainz_Database,2026-08-31
,Pukkelpop 2001,,Kempische Steenweg Kiewit,2001-08-23,待定,待定,公开数据集,https://musicbrainz.org/doc/MusicBrainz_Database,2026-08-31
THE ALFEE,Neo Universe 2011 I Love You @ NHKホール,,NHKホール,2011-05-21,待定,待定,公开数据集,https://musicbrainz.org/doc/MusicBrainz_Database,2026-08-31
Iron Maiden,Iron Maiden at Jyske Bank Boxen,,Jyske Bank Boxen,2016-06-21,待定,待定,公开数据集,https://musicbrainz.org/doc/MusicBrainz_Database,2026-08-31
Louie Don,"Canadian Music Fest 2010, day 3: El Mocambo 2nd Floor",,El Mocambo 2nd Floor,2010-03-12,待定,待定,公开数据集,https://musicbrainz.org/doc/MusicBrainz_Database,2026-08-31
Marc Hervieux,"FestiVoix 2019, jour 3 : Voix multiples (scène Hydro‐Québec)",,,2019-06-29,待定,待定,公开数据集,https://musicbrainz.org/doc/MusicBrainz_Database,2026-08-31
Świetliki,Świetliki at Miejski Ośrodek Kultury,,Narodowe Centrum Polskiej Piosenki,2006-10-27,待定,待定,公开数据集,https://musicbrainz.org/doc/MusicBrainz_Database,2026-08-31
Vanishing Point,"ProgPower USA XVII, Day 3",,,2016-09-09,待定,待定,公开数据集,https://musicbrainz.org/doc/MusicBrainz_Database,2026-08-31
THE ALFEE,Neo Universe 2011 I Love You @ グランキューブ大阪メインホール,,大阪府立国際会議場 メインホール,2011-06-19,待定,待定,公开数据集,https://musicbrainz.org/doc/MusicBrainz_Database,2026-08-31
,Donaufestival 2015,,,2015-04-24,待定,待定,公开数据集,https://musicbrainz.org/doc/MusicBrainz_Database,2026-08-31
Trans‐Siberian Orchestra,Trans‐Siberian Orchestra at Resch Center,,Resch Center,2012-04-20,待定,待定,公开数据集,https://musicbrainz.org/doc/MusicBrainz_Database,2026-08-31
,Dour 2015,,Plaine de la Machine à Feu,2015-07-15,待定,待定,公开数据集,https://musicbrainz.org/doc/MusicBrainz_Database,2026-08-31
,2003 Bonnaroo Music Festival,,Great Stage Park,2003-06-13,待定,待定,公开数据集,https://musicbrainz.org/doc/MusicBrainz_Database,2026-08-31
,2007 Bonnaroo Music Festival,,Great Stage Park,2007-06-14,待定,待定,公开数据集,https://musicbrainz.org/doc/MusicBrainz_Database,2026-08-31
Trans‐Siberian Orchestra,Trans‐Siberian Orchestra at Knoxville Civic Coliseum,,Knoxville Civic Coliseum,2012-03-15,待定,待定,公开数据集,https://musicbrainz.org/doc/MusicBrainz_Database,2026-08-31
THE ALFEE,THE ALFEE at フェスティバルホール[大阪],,フェスティバルホール,2020-06-14,待定,待定,公开数据集,https://musicbrainz.org/doc/MusicBrainz_Database,2026-08-31
THE ALFEE,THE ALFEE at 新潟県民会館,,新潟県民会館 大ホール,2010-10-24,待定,待定,公开数据集,https://musicbrainz.org/doc/MusicBrainz_Database,2026-08-31
THE ALFEE,THE ALFEE at 広島上野学園ホール,,上野学園ホール,2020-06-28,待定,待定,公开数据集,https://musicbrainz.org/doc/MusicBrainz_Database,2026-08-31
KISS,KISS at Nashville Municipal Auditorium,,Nashville Municipal Auditorium,1985-11-30,待定,待定,公开数据集,https://musicbrainz.org/doc/MusicBrainz_Database,2026-08-31
Ippolit Al'tani,[Ivan Samarin's Jubilee Concert],,Большой театр,1884-12-28,待定,待定,公开数据集,https://musicbrainz.org/doc/MusicBrainz_Database,2026-08-31
,"Dour 2018, day 3",,Parc éolien de Dour-Quiévrain-Hensies,2018-07-13,待定,待定,公开数据集,https://musicbrainz.org/doc/MusicBrainz_Database,2026-08-31
Trans‐Siberian Orchestra,Trans‐Siberian Orchestra at Sovereign Center,,Santander Arena,2012-05-03,待定,待定,公开数据集,https://musicbrainz.org/doc/MusicBrainz_Database,2026-08-31
Wizz Kids,WIZZ KIDS / UNSANITARY NAPKIN - Joint Tape Release!,,Newtown Bowling Club,2016-04-09,待定,待定,公开数据集,https://musicbrainz.org/doc/MusicBrainz_Database,2026-08-31
Abdu Ali,Abdu Ali / Sapphogeist / Just the Right Height / Elle Excess,,Glitterbox,2017-09-08,待定,待定,公开数据集,https://musicbrainz.org/doc/MusicBrainz_Database,2026-08-31
[unknown],The Boudreaux Family Celebrate Big Chief Monk Boudreaux,,Cultural Exchange Pavilion World Journey,2019-05-05,待定,待定,公开数据集,https://musicbrainz.org/doc/MusicBrainz_Database,2026-08-31
The White Stripes,The White Stripes in Iqaluit,,Arctic Winter Games Arena,2007-06-27,待定,待定,公开数据集,https://musicbrainz.org/doc/MusicBrainz_Database,2026-08-31
DIR EN GREY,TOUR14 PSYCHONNECT -mode of “GAUZE”?-,,なんばHatch,2014-08-21,待定,待定,公开数据集,https://musicbrainz.org/doc/MusicBrainz_Database,2026-08-31
Baz & Simplistix,"Dour 2018, day 2: De Red Bull Elektropedia Balzaal",,De Red Bull Elektropedia Balzaal,2018-07-12,待定,待定,公开数据集,https://musicbrainz.org/doc/MusicBrainz_Database,2026-08-31
THE ALFEE,Neo Universe 2011 I Love You @ NHKホール,,NHKホール,2011-05-22,待定,待定,公开数据集,https://musicbrainz.org/doc/MusicBrainz_Database,2026-08-31
THE ALFEE,Neo Universe 2011 I Love You @ 宗像ユリックス,,宗像ユリックス,2011-05-28,待定,待定,公开数据集,https://musicbrainz.org/doc/MusicBrainz_Database,2026-08-31
,ProgPower USA XVII,,Center Stage Atlanta,2016-09-07,待定,待定,公开数据集,https://musicbrainz.org/doc/MusicBrainz_Database,2026-08-31
La Primitive,Вечер альтернативной музыки,,,1995-12-28,待定,待定,公开数据集,https://musicbrainz.org/doc/MusicBrainz_Database,2026-08-31
Kevin Buell,"1996‐04‐16: Royal Albert Hall, London, England, UK",,Royal Albert Hall,1996-04-16,待定,待定,公开数据集,https://musicbrainz.org/doc/MusicBrainz_Database,2026-08-31
Bruce Springsteen,"2016‐02‐18: Philips Arena, Atlanta, GA, USA",,State Farm Arena,2016-02-18,待定,待定,公开数据集,https://musicbrainz.org/doc/MusicBrainz_Database,2026-08-31
The White Stripes,The White Stripes in Calgary,,Scotiabank Saddledome,2007-06-29,待定,待定,公开数据集,https://musicbrainz.org/doc/MusicBrainz_Database,2026-08-31
Crocodile Gumboot Dancers,"New Orleans Jazz & Heritage Festival 2019, Day 8: Cultural Exchange Pavilion World Journey",,Cultural Exchange Pavilion World Journey,2019-05-05,待定,待定,公开数据集,https://musicbrainz.org/doc/MusicBrainz_Database,2026-08-31
THE ALFEE,Neo Universe 2011 I Love You @ 仙台サンプラザホール,,仙台サンプラザホール,2011-06-12,待定,待定,公开数据集,https://musicbrainz.org/doc/MusicBrainz_Database,2026-08-31
What’sUpCi,"VOLT Fesztivál 2016, Day 1: Sopron Színpad - Heti Válasz Borfesztivál + Poncichter Negyed",,Sopron Színpad,2016-06-28,待定,待定,公开数据集,https://musicbrainz.org/doc/MusicBrainz_Database,2026-08-31
,Supanova Pop Culture Expo 2016,,,,待定,待定,公开数据集,https://musicbrainz.org/doc/MusicBrainz_Database,2026-08-31
KISS,KISS at Veterans Memorial Auditorium,,Veterans Memorial Auditorium,1985-03-17,待定,待定,公开数据集,https://musicbrainz.org/doc/MusicBrainz_Database,2026-08-31
Trans‐Siberian Orchestra,Trans‐Siberian Orchestra at Power Balance Pavilion,,ARCO Arena,2011-11-19,待定,待定,公开数据集,https://musicbrainz.org/doc/MusicBrainz_Database,2026-08-31
Drugly Cats,"Соберись, тряпка!",,Свалка,2000-04-01,待定,待定,公开数据集,https://musicbrainz.org/doc/MusicBrainz_Database,2026-08-31
Kevin Buell,"1996‐04‐17: Royal Albert Hall, London, England, UK",,Royal Albert Hall,1996-04-17,待定,待定,公开数据集,https://musicbrainz.org/doc/MusicBrainz_Database,2026-08-31
Bruce Springsteen,"1997‐05‐05: Grand Hôtel, Stockholm, Sweden",,Grand Hôtel,1997-05-05,待定,待定,公开数据集,https://musicbrainz.org/doc/MusicBrainz_Database,2026-08-31
,Copenhagen Folk Marathon: Welcoming session,,The Dubliner,2014-12-29,待定,待定,公开数据集,https://musicbrainz.org/doc/MusicBrainz_Database,2026-08-31
,"RBC Royal Bank Bluesfest 2012, Day 6",,LeBreton Flats Park,2012-07-09,待定,待定,公开数据集,https://musicbrainz.org/doc/MusicBrainz_Database,2026-08-31
Salut c’est cool,"Dour 2016, day 4: La Cubanisto Dancing",,La Cubanisto Dancing,2016-07-16,待定,待定,公开数据集,https://musicbrainz.org/doc/MusicBrainz_Database,2026-08-31
Kevin Buell,"1997‐05‐18: Palais des Congrès Acropolis, Nice, France",,Palais des Congrès Acropolis,1997-05-18,待定,待定,公开数据集,https://musicbrainz.org/doc/MusicBrainz_Database,2026-08-31
Moaning Cities,"Dour 2016, day 4: Le Labo",,Le Labo,2016-07-16,待定,待定,公开数据集,https://musicbrainz.org/doc/MusicBrainz_Database,2026-08-31
,ジャンプフェスタ2015,,幕張メッセ,2014-12-20,待定,待定,公开数据集,https://musicbrainz.org/doc/MusicBrainz_Database,2026-08-31
KISS,KISS at Verizon Wireless Amphitheatre,,Irvine Meadows Amphitheatre,2004-06-19,待定,待定,公开数据集,https://musicbrainz.org/doc/MusicBrainz_Database,2026-08-31
,Copenhagen Folk Marathon: Jam night,,The Dubliner,2015-01-01,待定,待定,公开数据集,https://musicbrainz.org/doc/MusicBrainz_Database,2026-08-31
Les Tambours de Brazza,"Rock in Rio 2017, Day 3: Rock Street",,Rock Street,2017-09-17,待定,待定,公开数据集,https://musicbrainz.org/doc/MusicBrainz_Database,2026-08-31
Barclay James Harvest,Barclay James Harvest at Philipshalle,,Mitsubishi Electric Halle,1978-10-22,待定,待定,公开数据集,https://musicbrainz.org/doc/MusicBrainz_Database,2026-08-31
Roméo Elvis,"Dour 2016, day 4: Boombox",,Boombox,2016-07-16,待定,待定,公开数据集,https://musicbrainz.org/doc/MusicBrainz_Database,2026-08-31
Kevin Buell,"1997‐05‐07: Austria Center Vienna, Vienna, Austria",,Austria Center Vienna,1997-05-07,待定,待定,公开数据集,https://musicbrainz.org/doc/MusicBrainz_Database,2026-08-31
Bruce Springsteen,"1997‐05‐21: Teatro Verdi, Florence, Italy",,Teatro Verdi,1997-05-21,待定,待定,公开数据集,https://musicbrainz.org/doc/MusicBrainz_Database,2026-08-31
,"RBC Royal Bank Bluesfest 2012, Day 12",,LeBreton Flats Park,2012-07-15,待定,待定,公开数据集,https://musicbrainz.org/doc/MusicBrainz_Database,2026-08-31
Kevin Buell,"1997‐05‐25: Palais des congrès de Paris, Paris, France",,Palais des congrès de Paris,1997-05-25,待定,待定,公开数据集,https://musicbrainz.org/doc/MusicBrainz_Database,2026-08-31
KISS,KISS at Seattle Center Coliseum,,Climate Pledge Arena,1986-02-14,待定,待定,公开数据集,https://musicbrainz.org/doc/MusicBrainz_Database,2026-08-31
Echo & the Bunnymen,Echo & The Bunnymen at the St George's Hall,,St George's Hall,1984-05-12,待定,待定,公开数据集,https://musicbrainz.org/doc/MusicBrainz_Database,2026-08-31
No Luck Club,"SXSW 2005, day 3: Zero Degrees",,Zero Degrees,2005-03-18,待定,待定,公开数据集,https://musicbrainz.org/doc/MusicBrainz_Database,2026-08-31
Sylvie,Sylvie at L’Envol,,L’Envol,2019-06-07,待定,待定,公开数据集,https://musicbrainz.org/doc/MusicBrainz_Database,2026-08-31
Kevin Buell,"1997‐05‐09: Sala Kongresowa, Warsaw, Poland",,Sala Kongresowa,1997-05-09,待定,待定,公开数据集,https://musicbrainz.org/doc/MusicBrainz_Database,2026-08-31
,"RBC Royal Bank Bluesfest 2012, Day 8",,LeBreton Flats Park,2012-07-11,待定,待定,公开数据集,https://musicbrainz.org/doc/MusicBrainz_Database,2026-08-31
Barclay James Harvest,Barclay James Harvest at Grugahalle,,Grugahalle,1990-09-27,待定,待定,公开数据集,https://musicbrainz.org/doc/MusicBrainz_Database,2026-08-31
Albert Hammond,Albert Hammond at Rheinhalle,,Tonhalle Düsseldorf,1975-09-06,待定,待定,公开数据集,https://musicbrainz.org/doc/MusicBrainz_Database,2026-08-31
,Newport Jazz Festival,,Freebody Park,1960-06-30,待定,待定,公开数据集,https://musicbrainz.org/doc/MusicBrainz_Database,2026-08-31
KISS,KISS at San Diego Sports Arena,,Pechanga Arena,1986-02-10,待定,待定,公开数据集,https://musicbrainz.org/doc/MusicBrainz_Database,2026-08-31
Barclay James Harvest,Barclay James Harvest at Philipshalle,,Mitsubishi Electric Halle,1992-03-18,待定,待定,公开数据集,https://musicbrainz.org/doc/MusicBrainz_Database,2026-08-31
Kevin Buell,"1997‐05‐12: Prague Congress Centre, Prague, Czech Republic",,Kongresové centrum Praha,1997-05-12,待定,待定,公开数据集,https://musicbrainz.org/doc/MusicBrainz_Database,2026-08-31
El Despertar del Silencio,Noche de Rock en Español,,Peter Rock Club,2018-04-20,待定,待定,公开数据集,https://musicbrainz.org/doc/MusicBrainz_Database,2026-08-31
Kevin Buell,"1997‐05‐15: Auditorium Maurice‐Ravel, Lyon, France",,Auditorium Maurice‐Ravel,1997-05-15,待定,待定,公开数据集,https://musicbrainz.org/doc/MusicBrainz_Database,2026-08-31
Gallows High,M2tM Leicester Semi final 1,,,2018-05-11,待定,待定,公开数据集,https://musicbrainz.org/doc/MusicBrainz_Database,2026-08-31
The E Street Band,"2009‐06‐27: Pyramid Stage, Worthy Farm, Pilton, England, UK",,Pyramid Stage,2009-06-27,待定,待定,公开数据集,https://musicbrainz.org/doc/MusicBrainz_Database,2026-08-31
The Gaslight Anthem,"2009‐06‐27: John Peel Stage, Worthy Farm, Pilton, England, UK",,Worthy Farm,2009-06-27,待定,待定,公开数据集,https://musicbrainz.org/doc/MusicBrainz_Database,2026-08-31
Bruce Springsteen,"1997‐05‐16: Berlioz Opéra House, Le Corum, Montpellier, France",,Opéra Berlioz,1997-05-16,待定,待定,公开数据集,https://musicbrainz.org/doc/MusicBrainz_Database,2026-08-31
KISS,KISS at Cricket Pavilion,,Talking Stick Resort Amphitheatre,2004-06-18,待定,待定,公开数据集,https://musicbrainz.org/doc/MusicBrainz_Database,2026-08-31
All Is Vanity,The Electric Church (Live 12.10.19),,,2019-10-12,待定,待定,公开数据集,https://musicbrainz.org/doc/MusicBrainz_Database,2026-08-31
,Cher,,,1975-11-23,待定,待定,公开数据集,https://musicbrainz.org/doc/MusicBrainz_Database,2026-08-31
Lambert,Lambert at Café Wagner,,Café Wagner,2014-10-09,待定,待定,公开数据集,https://musicbrainz.org/doc/MusicBrainz_Database,2026-08-31
The E Street Band,"2009‐07‐30: Estadio Municipal de Foietes, Benidorm, Spain",,Estadio Municipal Guillermo Amor,2009-07-30,待定,待定,公开数据集,https://musicbrainz.org/doc/MusicBrainz_Database,2026-08-31
,"RBC Royal Bank Bluesfest 2012, Day 11",,LeBreton Flats Park,2012-07-14,待定,待定,公开数据集,https://musicbrainz.org/doc/MusicBrainz_Database,2026-08-31
Macklemore,Macklemore at Rock in Roma 2018,,Capannelle Racecourse,2018-07-03,待定,待定,公开数据集,https://musicbrainz.org/doc/MusicBrainz_Database,2026-08-31
The E Street Band,"2009‐07‐03: Commerzbank‐Arena, Frankfurt, Germany",,Deutsche Bank Park,2009-07-03,待定,待定,公开数据集,https://musicbrainz.org/doc/MusicBrainz_Database,2026-08-31
Greenville Grass,Greenville Grass,,R.A. Fountain General Store,2007-09-21,待定,待定,公开数据集,https://musicbrainz.org/doc/MusicBrainz_Database,2026-08-31
DIR EN GREY,TOUR2013 TABULA RASA,,BAY5 SQUARE,2013-04-14,待定,待定,公开数据集,https://musicbrainz.org/doc/MusicBrainz_Database,2026-08-31
Greenville Grass,Greenville Grass,,R.A. Fountain General Store,2010-09-10,待定,待定,公开数据集,https://musicbrainz.org/doc/MusicBrainz_Database,2026-08-31
The Bowmans,The Bowmans at Schubas,,Schubas Tavern,2006-02-08,待定,待定,公开数据集,https://musicbrainz.org/doc/MusicBrainz_Database,2026-08-31
Stardeath and White Dwarfs,"SXSW 2007, day 4: Emo’s Annex",,Emo’s Annex,2007-03-16,待定,待定,公开数据集,https://musicbrainz.org/doc/MusicBrainz_Database,2026-08-31
Greenville Grass,Town of Fountain’s Peanut Festival,,R.A. Fountain General Store,2013-08-17,待定,待定,公开数据集,https://musicbrainz.org/doc/MusicBrainz_Database,2026-08-31
,Halberg & Friends,,,2020-11-14,待定,待定,公开数据集,https://musicbrainz.org/doc/MusicBrainz_Database,2026-08-31
Greenville Grass,Greenville Grass,,R.A. Fountain General Store,2014-11-14,待定,待定,公开数据集,https://musicbrainz.org/doc/MusicBrainz_Database,2026-08-31
Highway 58,Highway 58,,R.A. Fountain General Store,2019-05-18,待定,待定,公开数据集,https://musicbrainz.org/doc/MusicBrainz_Database,2026-08-31
The E Street Band,"2009‐07‐19: Stadio Olimpico, Rome, Italy",,Stadio Olimpico,2009-07-19,待定,待定,公开数据集,https://musicbrainz.org/doc/MusicBrainz_Database,2026-08-31
Más Allá,Más Allá at La Edad de Oro,,La Edad de Oro,2013-05-04,待定,待定,公开数据集,https://musicbrainz.org/doc/MusicBrainz_Database,2026-08-31
Highway 58,Highway 58,,R.A. Fountain General Store,2014-10-10,待定,待定,公开数据集,https://musicbrainz.org/doc/MusicBrainz_Database,2026-08-31
Highway 58,Highway 58,,R.A. Fountain General Store,2013-11-15,待定,待定,公开数据集,https://musicbrainz.org/doc/MusicBrainz_Database,2026-08-31
The E Street Band,"2009‐07‐23: Stadio Friuli, Udine, Italy",,Stadio Friuli,2009-07-23,待定,待定,公开数据集,https://musicbrainz.org/doc/MusicBrainz_Database,2026-08-31
,Deutschtown Music Festival 2018,,,2018-07-13,待定,待定,公开数据集,https://musicbrainz.org/doc/MusicBrainz_Database,2026-08-31
Bruce Springsteen,"1999‐04‐09: Palau Sant Jordi, Barcelona, Spain",,Palau Sant Jordi,1999-04-09,待定,待定,公开数据集,https://musicbrainz.org/doc/MusicBrainz_Database,2026-08-31
Sarah Brandwood-Spencer,Musicians from the Halle Orchestra,,,2010-11-24,待定,待定,公开数据集,https://musicbrainz.org/doc/MusicBrainz_Database,2026-08-31
Bruce Springsteen,"2009‐07‐28: Estadio Olimpico de la Cartuja, Seville, Spain",,Estadio de La Cartuja,2009-07-28,待定,待定,公开数据集,https://musicbrainz.org/doc/MusicBrainz_Database,2026-08-31
Eluveitie,Презентация нового альбома Origins,,RED,2015-02-20,待定,待定,公开数据集,https://musicbrainz.org/doc/MusicBrainz_Database,2026-08-31
Marshall Stephenson & The Bluegrass Train,Marshall Stephenson & The Bluegrass Train,,R.A. Fountain General Store,2008-04-11,待定,待定,公开数据集,https://musicbrainz.org/doc/MusicBrainz_Database,2026-08-31
Gwilym Simcock,Piano concert - Gwilym Simcock,,,2011-05-25,待定,待定,公开数据集,https://musicbrainz.org/doc/MusicBrainz_Database,2026-08-31
Highway 58,Highway 58,,R.A. Fountain General Store,2008-01-12,待定,待定,公开数据集,https://musicbrainz.org/doc/MusicBrainz_Database,2026-08-31
The Learners Chorus,Lights of Belief and Praise,,"Concert Hall, Hong Kong City Hall",2017-09-23,待定,待定,公开数据集,https://musicbrainz.org/doc/MusicBrainz_Database,2026-08-31
Catriona McKay & Chris Stout,Chris Stout & Catriona McKay - shetland fiddle & scottish harp,,,2011-06-29,待定,待定,公开数据集,https://musicbrainz.org/doc/MusicBrainz_Database,2026-08-31
Chantillion,Jackson's 40th Birthday Party Show,,Brillobox,2017-09-19,待定,待定,公开数据集,https://musicbrainz.org/doc/MusicBrainz_Database,2026-08-31
Wings,Wings at Evenementenhal Martinihal,,Martinihal‐Centrum,1972-08-19,待定,待定,公开数据集,https://musicbrainz.org/doc/MusicBrainz_Database,2026-08-31
,Later… With Jools Holland,,BBC Television Centre,1992-10-08,待定,待定,公开数据集,https://musicbrainz.org/doc/MusicBrainz_Database,2026-08-31
The Joy Formidable,Meltdown 2018: The Joy Formidable,,Purcell Room,2018-06-22,待定,待定,公开数据集,https://musicbrainz.org/doc/MusicBrainz_Database,2026-08-31
The Giraffes,"SXSW 2006, day 1: Friends",,Friends,2006-03-15,待定,待定,公开数据集,https://musicbrainz.org/doc/MusicBrainz_Database,2026-08-31
Highway 58,Highway 58,,R.A. Fountain General Store,2007-06-22,待定,待定,公开数据集,https://musicbrainz.org/doc/MusicBrainz_Database,2026-08-31
False Advertising,"Meltdown 2018: Sunday Surprises, Part 1",,,2018-06-17,待定,待定,公开数据集,https://musicbrainz.org/doc/MusicBrainz_Database,2026-08-31
Daniel Moir,"Canadian Music Fest 2010, day 2: Global Village Backpackers",,Global Village Backpackers,2010-03-11,待定,待定,公开数据集,https://musicbrainz.org/doc/MusicBrainz_Database,2026-08-31
ヒステリックパニック,明けましておめDEAD!今年年もよろSick!TOUR 2015 @ 名古屋・CLUB 3STAR,,IMAIKE CLUB 3STAR,2015-01-04,待定,待定,公开数据集,https://musicbrainz.org/doc/MusicBrainz_Database,2026-08-31
KISS,KISS at Chronicle Pavilion,,Toyota Pavilion at Concord,2004-06-20,待定,待定,公开数据集,https://musicbrainz.org/doc/MusicBrainz_Database,2026-08-31
,Sonic Rock Solstice 2019,,Stoke Prior Sports & Country Club,2019-06-20,待定,待定,公开数据集,https://musicbrainz.org/doc/MusicBrainz_Database,2026-08-31
Aerosmith,Aerosmith at Bradley Center,,BMO Harris Bradley Center,1998-11-03,待定,待定,公开数据集,https://musicbrainz.org/doc/MusicBrainz_Database,2026-08-31
DB5,Jazz on a Summer's Evening,,Sandbach Market Square,2011-07-20,待定,待定,公开数据集,https://musicbrainz.org/doc/MusicBrainz_Database,2026-08-31
KISS,KISS at The Amphitheater at Clark County,,Cascades Amphitheater,2004-06-22,待定,待定,公开数据集,https://musicbrainz.org/doc/MusicBrainz_Database,2026-08-31
Lou Lou and The Guitarfish,"SXSW 2006, day 1: Club de Ville",,Club de Ville,2006-03-15,待定,待定,公开数据集,https://musicbrainz.org/doc/MusicBrainz_Database,2026-08-31
KISS,KISS at White River Amphitheatre,,White River Amphitheatre,2004-06-23,待定,待定,公开数据集,https://musicbrainz.org/doc/MusicBrainz_Database,2026-08-31
The E Street Band,"2009‐08‐02: Auditorio Monte Do Gozo, Santiago de Compostela, Spain",,Auditorio Monte do Gozo,2009-08-02,待定,待定,公开数据集,https://musicbrainz.org/doc/MusicBrainz_Database,2026-08-31
Cristiano De André,De André canta De André at Rock in Roma 2018,,Capannelle Racecourse,2018-07-05,待定,待定,公开数据集,https://musicbrainz.org/doc/MusicBrainz_Database,2026-08-31
DIR EN GREY,TOUR2013 TABULA RASA,,神戸国際会館,2013-04-28,待定,待定,公开数据集,https://musicbrainz.org/doc/MusicBrainz_Database,2026-08-31
Nine Inch Nails,David Bowie at Great Woods Center for the Performing Arts,,Xfinity Center,1995-09-16,待定,待定,公开数据集,https://musicbrainz.org/doc/MusicBrainz_Database,2026-08-31
Coez,Coez at Rock in Roma 2018,,Capannelle Racecourse,2018-07-07,待定,待定,公开数据集,https://musicbrainz.org/doc/MusicBrainz_Database,2026-08-31
DIR EN GREY,TOUR2013 TABULA RASA,,横浜BLITZ,2013-05-03,待定,待定,公开数据集,https://musicbrainz.org/doc/MusicBrainz_Database,2026-08-31
Bobby Bandiera,"1997‐09‐26: Cheers, Long Branch, NJ, USA",,Cheers,1997-09-26,待定,待定,公开数据集,https://musicbrainz.org/doc/MusicBrainz_Database,2026-08-31
Bruce Springsteen,"1997‐10: Springsteen Residence, Rumson, NJ, USA",,Springsteen Residence,1997-10,待定,待定,公开数据集,https://musicbrainz.org/doc/MusicBrainz_Database,2026-08-31
The E Street Band,"2012‐03‐18: Philips Arena, Atlanta, GA, USA",,State Farm Arena,2012-03-18,待定,待定,公开数据集,https://musicbrainz.org/doc/MusicBrainz_Database,2026-08-31
Highway 58,Highway 58,,R.A. Fountain General Store,2005-09-23,待定,待定,公开数据集,https://musicbrainz.org/doc/MusicBrainz_Database,2026-08-31
Aerosmith,Aerosmith at Pedreira Paulo Leminski,,Pedreira Paulo Leminski,2017-09-27,待定,待定,公开数据集,https://musicbrainz.org/doc/MusicBrainz_Database,2026-08-31
,Festival International de Jazz de Montréal 2006,,,2006-06-29,待定,待定,公开数据集,https://musicbrainz.org/doc/MusicBrainz_Database,2026-08-31
The Rolling Stones,"2014‐05‐29: Bela Vista Park, Lisbon, Portugal",,Bela Vista Park,2014-05-29,待定,待定,公开数据集,https://musicbrainz.org/doc/MusicBrainz_Database,2026-08-31
The E Street Band,"2016‐07‐31: Letzigrund, Zurich, Switzerland",,Stadion Letzigrund,2016-07-31,待定,待定,公开数据集,https://musicbrainz.org/doc/MusicBrainz_Database,2026-08-31
KISS,KISS at Starwood Amphitheatre,,Starwood Amphitheatre,2004-07-02,待定,待定,公开数据集,https://musicbrainz.org/doc/MusicBrainz_Database,2026-08-31
Ana Cañas,Ana Cañas and Hyldon at Rock in Rio 2017,,Palco Sunset,2017-09-21,待定,待定,公开数据集,https://musicbrainz.org/doc/MusicBrainz_Database,2026-08-31
,Chandler Sessions,,,2016-08-18,待定,待定,公开数据集,https://musicbrainz.org/doc/MusicBrainz_Database,2026-08-31
Willow Branch,Willow Branch,,R.A. Fountain General Store,2018-04-07,待定,待定,公开数据集,https://musicbrainz.org/doc/MusicBrainz_Database,2026-08-31
Tori Amos,Tori Amos at Royal Albert Hall,,Royal Albert Hall,2014-05-15,待定,待定,公开数据集,https://musicbrainz.org/doc/MusicBrainz_Database,2026-08-31
,"Udo Music Festival 2006, Day 1",,,2006-07-22,待定,待定,公开数据集,https://musicbrainz.org/doc/MusicBrainz_Database,2026-08-31
Kevin Buell,"1996‐01‐11: Fox Theatre, Detroit, MI, USA",,Fox Theatre,1996-01-11,待定,待定,公开数据集,https://musicbrainz.org/doc/MusicBrainz_Database,2026-08-31
Kehoe–France Choir,"New Orleans Jazz & Heritage Festival 2019, Day 6: Kids Tent",,Kids Tent,2019-05-03,待定,待定,公开数据集,https://musicbrainz.org/doc/MusicBrainz_Database,2026-08-31
Celtas Cortos,Celtas Cortos en la Plaza de Barcelona,,Plaza de Barcelona,1996-09-11,待定,待定,公开数据集,https://musicbrainz.org/doc/MusicBrainz_Database,2026-08-31
Madonna,"Madonna at Chicago Theatre, Chicago",,Chicago Theatre,2019-10-28,待定,待定,公开数据集,https://musicbrainz.org/doc/MusicBrainz_Database,2026-08-31
,1st International Jean Sibelius Violin Competition,,,1965,待定,待定,公开数据集,https://musicbrainz.org/doc/MusicBrainz_Database,2026-08-31
Bruce Springsteen,"1996‐04‐27: Royal Albert Hall, London, England, UK",,Royal Albert Hall,1996-04-27,待定,待定,公开数据集,https://musicbrainz.org/doc/MusicBrainz_Database,2026-08-31
THE ALFEE,THE ALFEE at びわ湖ホール,,滋賀県立芸術劇場 びわ湖ホール,2016-11-05,待定,待定,公开数据集,https://musicbrainz.org/doc/MusicBrainz_Database,2026-08-31
David Bowie,Storytellers,,Manhattan Center,1999-08-23,待定,待定,公开数据集,https://musicbrainz.org/doc/MusicBrainz_Database,2026-08-31
,NetAid,,,1999-10-09,待定,待定,公开数据集,https://musicbrainz.org/doc/MusicBrainz_Database,2026-08-31
Marillion,Marillion at Den Atelier,,Den Atelier,1997-10-06,待定,待定,公开数据集,https://musicbrainz.org/doc/MusicBrainz_Database,2026-08-31
THE ALFEE,THE ALFEE at 市川市文化会館,,市川市文化会館,2016-11-10,待定,待定,公开数据集,https://musicbrainz.org/doc/MusicBrainz_Database,2026-08-31
Lambert,Lambert at UT Connewitz,,UT Connewitz,2015-10-21,待定,待定,公开数据集,https://musicbrainz.org/doc/MusicBrainz_Database,2026-08-31
Pop Evil,"Rock Fest 2018, Day 2: Who’s on Top Stage",,Who’s on Top Stage,2018-07-13,待定,待定,公开数据集,https://musicbrainz.org/doc/MusicBrainz_Database,2026-08-31
Kevin Buell,"1996‐01‐22: Saenger Performing Arts Center, New Orleans, LA, USA",,Saenger Theatre,1996-01-22,待定,待定,公开数据集,https://musicbrainz.org/doc/MusicBrainz_Database,2026-08-31
David Bowie,David Bowie at Music Hall,,Wang Theatre,1972-10-01,待定,待定,公开数据集,https://musicbrainz.org/doc/MusicBrainz_Database,2026-08-31
Noize MC,"Noize MC at The Pier, Pattaya",,The Pier,2015-01-05,待定,待定,公开数据集,https://musicbrainz.org/doc/MusicBrainz_Database,2026-08-31
Kevin Buell,"1996‐01‐23: Jesse H. Jones Hall for the Performing Arts, Houston, TX, USA",,Jones Hall for the Performing Arts,1996-01-23,待定,待定,公开数据集,https://musicbrainz.org/doc/MusicBrainz_Database,2026-08-31
Trans‐Siberian Orchestra,Trans‐Siberian Orchestra at Mid‐America Center,,Mid‐America Center,2011-11-11,待定,待定,公开数据集,https://musicbrainz.org/doc/MusicBrainz_Database,2026-08-31
,Electric Cave 2018,,Dechenhöhle,2018-09-22,待定,待定,公开数据集,https://musicbrainz.org/doc/MusicBrainz_Database,2026-08-31
Trans‐Siberian Orchestra,Trans‐Siberian Orchestra at Scotiabank Place,,Canadian Tire Centre,2011-11-23,待定,待定,公开数据集,https://musicbrainz.org/doc/MusicBrainz_Database,2026-08-31
Noize MC,Noize MC: Концерт в Москве,,VK Stadium,2015-03-20,待定,待定,公开数据集,https://musicbrainz.org/doc/MusicBrainz_Database,2026-08-31
John Wetton,John Wetton at Star Club,,Kulttempel,1997-04-05,待定,待定,公开数据集,https://musicbrainz.org/doc/MusicBrainz_Database,2026-08-31
C.J. Chenier,The Kings of Zydeco: A Tribute to Clifton Chenier and Buckwheat Zydeco,,Sheraton New Orleans Fais Do‐Do Stage,2019-05-04,待定,待定,公开数据集,https://musicbrainz.org/doc/MusicBrainz_Database,2026-08-31
Jimmy Buffett,Jimmy Buffett and the Coral Reefer Band at Veterans United Home Loans Amphitheater at Virginia Beach,,Veterans United Home Loans Amphitheater at Virginia Beach,2019-08-03,待定,待定,公开数据集,https://musicbrainz.org/doc/MusicBrainz_Database,2026-08-31
Unlisted Fanatic,"Dour 2019, day 2: Dub Corner",,Dub Corner,2019-07-11,待定,待定,公开数据集,https://musicbrainz.org/doc/MusicBrainz_Database,2026-08-31
Lambert,Lambert at Merlin,,Merlin,2016-01-15,待定,待定,公开数据集,https://musicbrainz.org/doc/MusicBrainz_Database,2026-08-31
Kevin Buell,"1996‐04‐30: Salle Erasme, Strasbourg, France",,Palais de la musique et des congrès: Salle Erasme,1996-04-30,待定,待定,公开数据集,https://musicbrainz.org/doc/MusicBrainz_Database,2026-08-31
,Sibelius viikot,,,1951,待定,待定,公开数据集,https://musicbrainz.org/doc/MusicBrainz_Database,2026-08-31
Darius,Darius at Libelle,,Libelle,1998-03-14,待定,待定,公开数据集,https://musicbrainz.org/doc/MusicBrainz_Database,2026-08-31
The Coral Reefer Band,Jimmy Buffett and the Coral Reefer Band at PNC Bank Arts Center,,PNC Bank Arts Center,2019-08-06,待定,待定,公开数据集,https://musicbrainz.org/doc/MusicBrainz_Database,2026-08-31
Mid‐City Aces,"New Orleans Jazz & Heritage Festival 2019, Day 7: Sheraton New Orleans Fais Do‐Do Stage",,Sheraton New Orleans Fais Do‐Do Stage,2019-05-04,待定,待定,公开数据集,https://musicbrainz.org/doc/MusicBrainz_Database,2026-08-31
Axess,"Electric Cave 2018, Wolfsschlucht",,Dechenhöhle: Wolfsschlucht,2018-09-22,待定,待定,公开数据集,https://musicbrainz.org/doc/MusicBrainz_Database,2026-08-31
Trans‐Siberian Orchestra,Trans‐Siberian Orchestra at Dunkin’ Donuts Center,,Amica Mutual Pavilion,2011-11-25,待定,待定,公开数据集,https://musicbrainz.org/doc/MusicBrainz_Database,2026-08-31
Kevin Buell,"1996‐05‐01: Palais des Beaux‐Arts, Brussels, Belgium",,Palais des Beaux‐Arts,1996-05-01,待定,待定,公开数据集,https://musicbrainz.org/doc/MusicBrainz_Database,2026-08-31
Arida Vortex,Cover Party 3,,Р-Клуб,2004-10-16,待定,待定,公开数据集,https://musicbrainz.org/doc/MusicBrainz_Database,2026-08-31
The Coral Reefer Band,Jimmy Buffett and the Coral Reefer Band at Northwell Health at Jones Beach Theater,,Northwell Health at Jones Beach Theater,2019-08-08,待定,待定,公开数据集,https://musicbrainz.org/doc/MusicBrainz_Database,2026-08-31
"Oh Neat, a Sweater",Racism - The Burning Issue,,,1998-09-18,待定,待定,公开数据集,https://musicbrainz.org/doc/MusicBrainz_Database,2026-08-31
,Sibelius viikot 1954,,,1954-06,待定,待定,公开数据集,https://musicbrainz.org/doc/MusicBrainz_Database,2026-08-31
Jimmy Buffett,Jimmy Buffett and the Coral Reefer Band at Xfinity Center,,Xfinity Center,2019-08-10,待定,待定,公开数据集,https://musicbrainz.org/doc/MusicBrainz_Database,2026-08-31
Kevin Buell,"1996‐05‐02: Kongresshaus, Zurich, Switzerland",,Tonhalle,1996-05-02,待定,待定,公开数据集,https://musicbrainz.org/doc/MusicBrainz_Database,2026-08-31
Trans‐Siberian Orchestra,Trans‐Siberian Orchestra at Dunkin’ Donuts Center,,Amica Mutual Pavilion,2011-11-25,待定,待定,公开数据集,https://musicbrainz.org/doc/MusicBrainz_Database,2026-08-31
Forgive-Me-Not,Презентация альбома «Heavenside»,,Р-Клуб,2004-06-25,待定,待定,公开数据集,https://musicbrainz.org/doc/MusicBrainz_Database,2026-08-31
"Broekhuis, Keller & Schönwälder","Electric Cave 2018, Kanzelgrotte",,Dechenhöhle: Kanzelgrotte,2018-09-22,待定,待定,公开数据集,https://musicbrainz.org/doc/MusicBrainz_Database,2026-08-31
Wicked & Bonny,"Dour 2019, day 4: Dub Corner",,Dub Corner,2019-07-13,待定,待定,公开数据集,https://musicbrainz.org/doc/MusicBrainz_Database,2026-08-31
The Coral Reefer Band,Jimmy Buffett and the Coral Reefer Band at Olympia Theatre,,3Olympia Theatre,2019-09-21,待定,待定,公开数据集,https://musicbrainz.org/doc/MusicBrainz_Database,2026-08-31
Antonio Pini-Corsi,Don Pasquale,,,1909,待定,待定,公开数据集,https://musicbrainz.org/doc/MusicBrainz_Database,2026-08-31
The Explorers Club,"SXSW 2007, day 4: Buffalo Billiards",,Buffalo Billiards,2007-03-16,待定,待定,公开数据集,https://musicbrainz.org/doc/MusicBrainz_Database,2026-08-31
Die Ärzte,Die Ärzte at Flens-Arena,,Flens-Arena,2013-06-11,待定,待定,公开数据集,https://musicbrainz.org/doc/MusicBrainz_Database,2026-08-31
Jimmy Buffett,Jimmy Buffett and the Coral Reefer Band at London Palladium,,London Palladium,2019-09-23,待定,待定,公开数据集,https://musicbrainz.org/doc/MusicBrainz_Database,2026-08-31
Trans‐Siberian Orchestra,Trans‐Siberian Orchestra at Spokane Arena,,Spokane Arena,2011-11-25,待定,待定,公开数据集,https://musicbrainz.org/doc/MusicBrainz_Database,2026-08-31
Die Ärzte,Die Ärzte at Stadthalle Rostock,,Stadthalle Rostock,2013-06-12,待定,待定,公开数据集,https://musicbrainz.org/doc/MusicBrainz_Database,2026-08-31
Ben Folds,"Udo Music Festival 2006, Day 2: Izumiōtsu Phoenix",,泉大津フェニックス,2006-07-23,待定,待定,公开数据集,https://musicbrainz.org/doc/MusicBrainz_Database,2026-08-31
Jimmy Buffett,Jimmy Buffett and the Coral Reefer Band at La Cigale,,La Cigale,2019-09-26,待定,待定,公开数据集,https://musicbrainz.org/doc/MusicBrainz_Database,2026-08-31
My Darling YOU!,"Emmabodafestivalen 2007, Lördag: Ängen",,,2007-07-28,待定,待定,公开数据集,https://musicbrainz.org/doc/MusicBrainz_Database,2026-08-31
Die Ärzte,Die Ärzte at Klub Proxima,,Klub Proxima,2013-06-26,待定,待定,公开数据集,https://musicbrainz.org/doc/MusicBrainz_Database,2026-08-31
Bruce Springsteen,"1996‐05‐06: Teatro Tívoli, Barcelona, Spain",,Teatro Tívoli,1996-05-06,待定,待定,公开数据集,https://musicbrainz.org/doc/MusicBrainz_Database,2026-08-31
,"Dour 2019, day 5",,Parc éolien de Dour-Quiévrain-Hensies,2019-07-14,待定,待定,公开数据集,https://musicbrainz.org/doc/MusicBrainz_Database,2026-08-31
Jimmy Buffett,Jimmy Buffett and the Coral Reefer Band at La Cigale,,La Cigale,2019-09-28,待定,待定,公开数据集,https://musicbrainz.org/doc/MusicBrainz_Database,2026-08-31
Die Ärzte,Die Ärzte at Palác Lucerna,,Lucerna Music Bar,2013-06-27,待定,待定,公开数据集,https://musicbrainz.org/doc/MusicBrainz_Database,2026-08-31
Pyramid Peak,Pyramid Peak at Dechenhöhle,,Dechenhöhle,2009-10-24,待定,待定,公开数据集,https://musicbrainz.org/doc/MusicBrainz_Database,2026-08-31
Jimmy Buffett,Jimmy Buffett and the Coral Reefer Band at Honda Center,,Honda Center,2019-10-12,待定,待定,公开数据集,https://musicbrainz.org/doc/MusicBrainz_Database,2026-08-31
The Favours,The Favours - Live,,MERZ,2007-03-16,待定,待定,公开数据集,https://musicbrainz.org/doc/MusicBrainz_Database,2026-08-31
Die Ärzte,Die Ärzte at RheinEnergieStadion,,RheinEnergieStadion,2013-06-15,待定,待定,公开数据集,https://musicbrainz.org/doc/MusicBrainz_Database,2026-08-31
Trans‐Siberian Orchestra,Trans‐Siberian Orchestra at Spokane Arena,,Spokane Arena,2011-11-25,待定,待定,公开数据集,https://musicbrainz.org/doc/MusicBrainz_Database,2026-08-31
Die Ärzte,Die Ärzte at Ferropolis,,Ferropolis,2013-06-21,待定,待定,公开数据集,https://musicbrainz.org/doc/MusicBrainz_Database,2026-08-31
Jimmy Buffett,Jimmy Buffett and the Coral Reefer Band at Santa Barbara Bowl,,Santa Barbara Bowl,2019-10-16,待定,待定,公开数据集,https://musicbrainz.org/doc/MusicBrainz_Database,2026-08-31
Galahad,Galahad at Mr Kyps,,Mr Kyps,2002-10-19,待定,待定,公开数据集,https://musicbrainz.org/doc/MusicBrainz_Database,2026-08-31
Die Ärzte,Die Ärzte at Auestadion,,Auestadion,2013-06-23,待定,待定,公开数据集,https://musicbrainz.org/doc/MusicBrainz_Database,2026-08-31
Ben Folds,"Udo Music Festival 2006, Day 2: Fuji Speedway",,Fuji Speedway,2006-07-23,待定,待定,公开数据集,https://musicbrainz.org/doc/MusicBrainz_Database,2026-08-31
The Coral Reefer Band,Jimmy Buffett and the Coral Reefer Band at MGM Grand Garden Arena,,MGM Grand Garden Arena,2019-10-19,待定,待定,公开数据集,https://musicbrainz.org/doc/MusicBrainz_Database,2026-08-31
Lord Esperanza,"Dour 2019, day 5: The Last Arena",,The Last Arena,2019-07-14,待定,待定,公开数据集,https://musicbrainz.org/doc/MusicBrainz_Database,2026-08-31
Die Ärzte,Die Ärzte at Stadion Am Hünting,,Stadion Am Hünting,2013-07-12,待定,待定,公开数据集,https://musicbrainz.org/doc/MusicBrainz_Database,2026-08-31
,Reading Festival 2011,,Little John’s Farm,2011-08-26,待定,待定,公开数据集,https://musicbrainz.org/doc/MusicBrainz_Database,2026-08-31
Bruce Springsteen,"1996‐05‐07: Teatro Tívoli, Barcelona, Spain",,Teatro Tívoli,1996-05-07,待定,待定,公开数据集,https://musicbrainz.org/doc/MusicBrainz_Database,2026-08-31
,"Burlington Steamboat Days 2012, Day 1",,Mississippi Riverfront,2012-06-12,待定,待定,公开数据集,https://musicbrainz.org/doc/MusicBrainz_Database,2026-08-31
Die Ärzte,Die Ärzte at Festplatz am Viadukt,,Festplatz am Viadukt,2013-07-14,待定,待定,公开数据集,https://musicbrainz.org/doc/MusicBrainz_Database,2026-08-31
The Favours,The Favours + Staircase,,Nexus,2006-07-21,待定,待定,公开数据集,https://musicbrainz.org/doc/MusicBrainz_Database,2026-08-31
Xiu Xiu,Xiu Xiu at Fasching,,Fasching,2019-04-02,待定,待定,公开数据集,https://musicbrainz.org/doc/MusicBrainz_Database,2026-08-31
Die Ärzte,Die Ärzte at Flughafen Tempelhof,,Flughafen Berlin-Tempelhof,2013-08-10,待定,待定,公开数据集,https://musicbrainz.org/doc/MusicBrainz_Database,2026-08-31
KISS,KISS at Chumash Casino,,Chumash Casino Resort,2006-07-26,待定,待定,公开数据集,https://musicbrainz.org/doc/MusicBrainz_Database,2026-08-31
Diamond Rings,"The Tonight Show with Jay Leno, Episode 4347",,The Burbank Studios: Studio 11,2012-11-07,待定,待定,公开数据集,https://musicbrainz.org/doc/MusicBrainz_Database,2026-08-31
Die Ärzte,Die Ärzte at Flughafen Tempelhof,,Flughafen Berlin-Tempelhof,2013-08-11,待定,待定,公开数据集,https://musicbrainz.org/doc/MusicBrainz_Database,2026-08-31
Kevin Buell,"1996‐05‐08: Palacio de Congresos y Exposiciones, Madrid, Spain",,Palacio de Congresos,1996-05-08,待定,待定,公开数据集,https://musicbrainz.org/doc/MusicBrainz_Database,2026-08-31
DVTCH NORRIS,"Dour 2019, day 5: Jupiler Boombox",,Boombox,2019-07-14,待定,待定,公开数据集,https://musicbrainz.org/doc/MusicBrainz_Database,2026-08-31
Die Ärzte,Die Ärzte at Almased Arena,,Almased Arena,2013-08-17,待定,待定,公开数据集,https://musicbrainz.org/doc/MusicBrainz_Database,2026-08-31
Trans‐Siberian Orchestra,Trans‐Siberian Orchestra at KeyArena at Seattle Center,,Climate Pledge Arena,2011-11-26,待定,待定,公开数据集,https://musicbrainz.org/doc/MusicBrainz_Database,2026-08-31
The Favours,[Gig Archive],,,,待定,待定,公开数据集,https://musicbrainz.org/doc/MusicBrainz_Database,2026-08-31
KISS,KISS at Chumash Casino,,Chumash Casino Resort,2006-07-28,待定,待定,公开数据集,https://musicbrainz.org/doc/MusicBrainz_Database,2026-08-31
Die Ärzte,Die Ärzte at Schloßplatz,,Schloßplatz Coburg,2013-08-22,待定,待定,公开数据集,https://musicbrainz.org/doc/MusicBrainz_Database,2026-08-31
Die Ärzte,Die Ärzte at Bürgerweide,,Bürgerweide,2013-08-24,待定,待定,公开数据集,https://musicbrainz.org/doc/MusicBrainz_Database,2026-08-31
The Fanatics,"1996‐08‐09: Great Northern Bar & Grill, Whitefish, MT, USA",,Great Northern Bar & Grill,1996-08-09,待定,待定,公开数据集,https://musicbrainz.org/doc/MusicBrainz_Database,2026-08-31
Trans‐Siberian Orchestra,Trans‐Siberian Orchestra at KeyArena at Seattle Center,,Climate Pledge Arena,2011-11-26,待定,待定,公开数据集,https://musicbrainz.org/doc/MusicBrainz_Database,2026-08-31
Die Ärzte,Die Ärzte at Strandbad,,Strandbad,2013-08-31,待定,待定,公开数据集,https://musicbrainz.org/doc/MusicBrainz_Database,2026-08-31
,Steve McNeil's first album debut performance,,,2020-04-24,待定,待定,公开数据集,https://musicbrainz.org/doc/MusicBrainz_Database,2026-08-31
Chevelle,"Burlington Steamboat Days 2012, Day 2",,Mississippi Riverfront,2012-06-13,待定,待定,公开数据集,https://musicbrainz.org/doc/MusicBrainz_Database,2026-08-31
Trans‐Siberian Orchestra,Trans‐Siberian Orchestra at Rose Garden Arena,,Moda Center,2011-11-27,待定,待定,公开数据集,https://musicbrainz.org/doc/MusicBrainz_Database,2026-08-31
The Fanatics,"1996‐08‐10: Grand Mountain Lodge, Whitefish, MT, USA",,Grand Mountain Lodge,1996-08-10,待定,待定,公开数据集,https://musicbrainz.org/doc/MusicBrainz_Database,2026-08-31
Trans‐Siberian Orchestra,Trans‐Siberian Orchestra at Rose Garden Arena,,Moda Center,2011-11-27,待定,待定,公开数据集,https://musicbrainz.org/doc/MusicBrainz_Database,2026-08-31
London Sinfonietta,The Proms 2009: Prom 27,,Royal Albert Hall,2009-08-04,待定,待定,公开数据集,https://musicbrainz.org/doc/MusicBrainz_Database,2026-08-31
Steve Hackett,Steve Hackett & Band treffen das Sinfonieorchester Wuppertal und den Opernchor,,Stadthalle Wuppertal,2021-08-27,待定,待定,公开数据集,https://musicbrainz.org/doc/MusicBrainz_Database,2026-08-31
Willow Branch,Willow Branch,,R.A. Fountain General Store,2019-10-12,待定,待定,公开数据集,https://musicbrainz.org/doc/MusicBrainz_Database,2026-08-31
Buffalo Creek String Band,Buffalo Creek String Band,,R.A. Fountain General Store,2008-10-03,待定,待定,公开数据集,https://musicbrainz.org/doc/MusicBrainz_Database,2026-08-31
The Chemical Brothers,The Chemical Brothers at Rock in Roma 2018,,Capannelle Racecourse,2018-07-19,待定,待定,公开数据集,https://musicbrainz.org/doc/MusicBrainz_Database,2026-08-31
Carolina Lightnin',Carolina Lightnin',,R.A. Fountain General Store,2011-11-25,待定,待定,公开数据集,https://musicbrainz.org/doc/MusicBrainz_Database,2026-08-31
Aerosmith,Aerosmith at Estadio Rosario Central,,Estadio Gigante de Arroyito,2017-10-03,待定,待定,公开数据集,https://musicbrainz.org/doc/MusicBrainz_Database,2026-08-31
Carolina Lightnin',Carolina Lightnin',,R.A. Fountain General Store,2018-03-10,待定,待定,公开数据集,https://musicbrainz.org/doc/MusicBrainz_Database,2026-08-31
Whiskey and The Wench,"Never Mind the Punkfest 2012, Day 2",,375 Hereford Street,2012-10-20,待定,待定,公开数据集,https://musicbrainz.org/doc/MusicBrainz_Database,2026-08-31
Master Musicians of Jajouka,The Master Musicians of Jajouka at Fasching,,Fasching,2019-05-12,待定,待定,公开数据集,https://musicbrainz.org/doc/MusicBrainz_Database,2026-08-31
,Neo Universe 2012 Flowers @ NHKホール,,,2012-05-27,待定,待定,公开数据集,https://musicbrainz.org/doc/MusicBrainz_Database,2026-08-31
KISS,KISS at McMorran Place,,McMorran Place,1986-03-07,待定,待定,公开数据集,https://musicbrainz.org/doc/MusicBrainz_Database,2026-08-31
As Malick & the Tribe,As Malick & the Tribe at Terminus,,Terminus,2016-04-15,待定,待定,公开数据集,https://musicbrainz.org/doc/MusicBrainz_Database,2026-08-31
Orquesta de Cámara Tutti,Música solidaria - Orquesta Tutti 2.0,,Sala Luis Galve del Auditorio de Zaragoza,2019-06-02,待定,待定,公开数据集,https://musicbrainz.org/doc/MusicBrainz_Database,2026-08-31
KISS,KISS at Prairie Capital Convention Center,,Bank of Springfield Center,1986-03-08,待定,待定,公开数据集,https://musicbrainz.org/doc/MusicBrainz_Database,2026-08-31
,Ideas Left Outside 2016,,Elbow Lake Environmental Education Centre,2016-07,待定,待定,公开数据集,https://musicbrainz.org/doc/MusicBrainz_Database,2026-08-31
Coil,A Manifestation of the Will,,Club Magenta,1983-08-04,待定,待定,公开数据集,https://musicbrainz.org/doc/MusicBrainz_Database,2026-08-31
KISS,KISS at PNC Bank Arts Center,,PNC Bank Arts Center,2004-07-20,待定,待定,公开数据集,https://musicbrainz.org/doc/MusicBrainz_Database,2026-08-31
Latcho Drom,Tournée française 2001,,,2001-01,待定,待定,公开数据集,https://musicbrainz.org/doc/MusicBrainz_Database,2026-08-31
Southside Johnny,"2003‐04‐29: Count Basie Theatre, Red Bank, NJ, USA",,Hackensack Meridian Health Theatre,2003-04-29,待定,待定,公开数据集,https://musicbrainz.org/doc/MusicBrainz_Database,2026-08-31
The E Street Band,"2003‐09‐16: Rentschler Field, Hartford, CT, USA",,Pratt & Whitney Stadium at Rentschler Field,2003-09-16,待定,待定,公开数据集,https://musicbrainz.org/doc/MusicBrainz_Database,2026-08-31
Def Leppard,Def Leppard at Arena Ciudad de México,,Arena Ciudad de México,2017-10-03,待定,待定,公开数据集,https://musicbrainz.org/doc/MusicBrainz_Database,2026-08-31
The E Street Band,"2003‐05‐10: Südweststadion, Ludwigshafen, Germany",,Südweststadion,2003-05-10,待定,待定,公开数据集,https://musicbrainz.org/doc/MusicBrainz_Database,2026-08-31
KISS,KISS at Ford Pavilion at Montage Mountain,,The Pavilion at Montage Mountain,2004-07-23,待定,待定,公开数据集,https://musicbrainz.org/doc/MusicBrainz_Database,2026-08-31
Brendan B. Brown,"2019-03-24: Crescent Ballroom, Phoenix, Arizona",,Crescent Ballroom,2019-03-24,待定,待定,公开数据集,https://musicbrainz.org/doc/MusicBrainz_Database,2026-08-31
Def Leppard,Def Leppard at Auditorio Telmex,,Auditorio Telmex,2017-10-05,待定,待定,公开数据集,https://musicbrainz.org/doc/MusicBrainz_Database,2026-08-31
KISS,KISS at Nissan Pavilion,,Jiffy Lube Live,2004-07-24,待定,待定,公开数据集,https://musicbrainz.org/doc/MusicBrainz_Database,2026-08-31
Stephenson Brothers & Linda,Stephenson Brothers & Linda,,R.A. Fountain General Store,2005-07-15,待定,待定,公开数据集,https://musicbrainz.org/doc/MusicBrainz_Database,2026-08-31
,Marghera Festival 2007,,Forte Marghera,2007-07-05,待定,待定,公开数据集,https://musicbrainz.org/doc/MusicBrainz_Database,2026-08-31
,Björk at BBC “Later… With Jools Holland”,,,1993-07-02,待定,待定,公开数据集,https://musicbrainz.org/doc/MusicBrainz_Database,2026-08-31
Trans‐Siberian Orchestra,Trans‐Siberian Orchestra at Air Canada Centre,,Scotiabank Arena,2011-12-29,待定,待定,公开数据集,https://musicbrainz.org/doc/MusicBrainz_Database,2026-08-31
Carolina Grass,Carolina Grass,,R.A. Fountain General Store,2012-11-02,待定,待定,公开数据集,https://musicbrainz.org/doc/MusicBrainz_Database,2026-08-31
The E Street Band,"2009‐06‐30: Stade de Suisse, Bern, Switzerland",,Stade de Suisse,2009-06-30,待定,待定,公开数据集,https://musicbrainz.org/doc/MusicBrainz_Database,2026-08-31
The Garrett Newton Band,Garrett Newton Band,,R.A. Fountain General Store,2020-02-01,待定,待定,公开数据集,https://musicbrainz.org/doc/MusicBrainz_Database,2026-08-31
Greenville Grass,Greenville Grass,,R.A. Fountain General Store,2007-03-30,待定,待定,公开数据集,https://musicbrainz.org/doc/MusicBrainz_Database,2026-08-31
The E Street Band,"2009‐07‐02: Olympiastadion, Munich, Germany",,Olympiastadion München,2009-07-02,待定,待定,公开数据集,https://musicbrainz.org/doc/MusicBrainz_Database,2026-08-31
Greenville Grass,Greenville Grass,,R.A. Fountain General Store,2006-09-22,待定,待定,公开数据集,https://musicbrainz.org/doc/MusicBrainz_Database,2026-08-31
Greenville Grass,Greenville Grass,,R.A. Fountain General Store,2006-05-20,待定,待定,公开数据集,https://musicbrainz.org/doc/MusicBrainz_Database,2026-08-31
DIR EN GREY,TOUR2013 TABULA RASA,,Zepp Nagoya,2013-04-18,待定,待定,公开数据集,https://musicbrainz.org/doc/MusicBrainz_Database,2026-08-31
She Past Away,She Past Away + Más Allá at Rock City,,Rock City,2015-09-26,待定,待定,公开数据集,https://musicbrainz.org/doc/MusicBrainz_Database,2026-08-31
Danny Malone,"SXSW 2010, day 2: live.create. lounge",,Live.Create. Lounge,2010-03-18,待定,待定,公开数据集,https://musicbrainz.org/doc/MusicBrainz_Database,2026-08-31
Greenville Grass,Greenville Grass,,R.A. Fountain General Store,2011-11-11,待定,待定,公开数据集,https://musicbrainz.org/doc/MusicBrainz_Database,2026-08-31
The E Street Band,"2009‐07‐14: Hampden Park, Glasgow, Scotland, UK",,Hampden Park,2009-07-14,待定,待定,公开数据集,https://musicbrainz.org/doc/MusicBrainz_Database,2026-08-31
Dr. Dog,"SXSW 2010, day 2: Lustre Pearl",,Lustre Pearl,2010-03-18,待定,待定,公开数据集,https://musicbrainz.org/doc/MusicBrainz_Database,2026-08-31
Death Cab for Cutie,Meltdown 2018: Death Cab for Cutie,,Royal Festival Hall,2018-08-18,待定,待定,公开数据集,https://musicbrainz.org/doc/MusicBrainz_Database,2026-08-31
,Vieilles Charrues Festival 2009,,,2009-07-16,待定,待定,公开数据集,https://musicbrainz.org/doc/MusicBrainz_Database,2026-08-31
The E Street Band,"2009‐07‐16: Festival des Vieilles Charrues, Carhaix, France",,Site de Kerampuilh,2009-07-16,待定,待定,公开数据集,https://musicbrainz.org/doc/MusicBrainz_Database,2026-08-31
Clare Southworth,Flute and Harp - Clare Southworth & Lauren Scott,,,2010-09-29,待定,待定,公开数据集,https://musicbrainz.org/doc/MusicBrainz_Database,2026-08-31
The 1992–93 World Tour Band,"1993‐03‐31: SECC, Glasgow, Scotland, UK",,Scottish Event Campus,1993-03-31,待定,待定,公开数据集,https://musicbrainz.org/doc/MusicBrainz_Database,2026-08-31
God Is an Astronaut,Meltdown 2018: God Is an Astronaut,,Queen Elizabeth Hall,2018-06-18,待定,待定,公开数据集,https://musicbrainz.org/doc/MusicBrainz_Database,2026-08-31
Highway 58,Highway 58,,R.A. Fountain General Store,2013-05-03,待定,待定,公开数据集,https://musicbrainz.org/doc/MusicBrainz_Database,2026-08-31
Más Allá,Más Allá at La Cuna,,La Cuna,2017-09-30,待定,待定,公开数据集,https://musicbrainz.org/doc/MusicBrainz_Database,2026-08-31
Highway 58,Highway 58,,R.A. Fountain General Store,2011-11-18,待定,待定,公开数据集,https://musicbrainz.org/doc/MusicBrainz_Database,2026-08-31
Low,Meltdown 2018: Low,,Queen Elizabeth Hall,2018-06-20,待定,待定,公开数据集,https://musicbrainz.org/doc/MusicBrainz_Database,2026-08-31
,Jazztopad,,Wrocław Philharmonic Concert Hall,2013-11-14,待定,待定,公开数据集,https://musicbrainz.org/doc/MusicBrainz_Database,2026-08-31
Bruce Springsteen,"2005‐04‐25: Fox Theatre, Detroit, MI, USA",,Fox Theatre,2005-04-25,待定,待定,公开数据集,https://musicbrainz.org/doc/MusicBrainz_Database,2026-08-31
Sinai Beach,"SXSW 2005, Day 4: Bigsby's",,Bigsby's,2005-03-19,待定,待定,公开数据集,https://musicbrainz.org/doc/MusicBrainz_Database,2026-08-31
,Rosa Campos Duo - clarinet & piano,,,2011-09-28,待定,待定,公开数据集,https://musicbrainz.org/doc/MusicBrainz_Database,2026-08-31
Deftones,12th Bizarre Festival,,Flughafen Köln-Butzweilerhof,1998-08-21,待定,待定,公开数据集,https://musicbrainz.org/doc/MusicBrainz_Database,2026-08-31
Cigarettes After Sex,Cigarettes After Sex at Rock in Roma 2018,,Teatro Romano di Ostia Antica,2018-07-10,待定,待定,公开数据集,https://musicbrainz.org/doc/MusicBrainz_Database,2026-08-31
Highway 58,Highway 58,,R.A. Fountain General Store,2005-06-24,待定,待定,公开数据集,https://musicbrainz.org/doc/MusicBrainz_Database,2026-08-31
Øresund Space Collective,"Sonic Rock Solstice 2019, Day 4",,Stoke Prior Sports & Country Club,2020-06-23,待定,待定,公开数据集,https://musicbrainz.org/doc/MusicBrainz_Database,2026-08-31
,Festival d'été de Québec 1999,,,1999-07,待定,待定,公开数据集,https://musicbrainz.org/doc/MusicBrainz_Database,2026-08-31
Highway 58,Highway 58,,R.A. Fountain General Store,2005-03-11,待定,待定,公开数据集,https://musicbrainz.org/doc/MusicBrainz_Database,2026-08-31
Sophie Rosa,Sophie Rosa (Violin),,,2015-09-30,待定,待定,公开数据集,https://musicbrainz.org/doc/MusicBrainz_Database,2026-08-31
Carolina Lightnin',Carolina Lightnin',,R.A. Fountain General Store,2012-05-11,待定,待定,公开数据集,https://musicbrainz.org/doc/MusicBrainz_Database,2026-08-31
William Matter,William Matter at Terminus,,Terminus,2016-07-22,待定,待定,公开数据集,https://musicbrainz.org/doc/MusicBrainz_Database,2026-08-31
Alessandro Mannarino,Mannarino at Rock in Roma 2018,,Capannelle Racecourse,2018-07-25,待定,待定,公开数据集,https://musicbrainz.org/doc/MusicBrainz_Database,2026-08-31
Rammstein,10th Bizarre Festival,,Flughafen Köln-Butzweilerhof,1996-08-17,待定,待定,公开数据集,https://musicbrainz.org/doc/MusicBrainz_Database,2026-08-31
,Fujitsu-Concord Jazz Festival,,,1987,待定,待定,公开数据集,https://musicbrainz.org/doc/MusicBrainz_Database,2026-08-31
,Concord Summer Festival,,,1976,待定,待定,公开数据集,https://musicbrainz.org/doc/MusicBrainz_Database,2026-08-31
,Concord Jazz Festival,,,1990,待定,待定,公开数据集,https://musicbrainz.org/doc/MusicBrainz_Database,2026-08-31
Soozie Tyrell,"2003‐05‐02: The Stone Pony, Asbury Park, NJ, USA",,The Stone Pony,2003-05-02,待定,待定,公开数据集,https://musicbrainz.org/doc/MusicBrainz_Database,2026-08-31
GrassStreet,GrassStreet,,R.A. Fountain General Store,2009-06-13,待定,待定,公开数据集,https://musicbrainz.org/doc/MusicBrainz_Database,2026-08-31
Silver Starling,"SXSW 2010, day 2: Maggie Mae's Rooftop",,Maggie Mae’s Rooftop,2010-03-18,待定,待定,公开数据集,https://musicbrainz.org/doc/MusicBrainz_Database,2026-08-31
Nicholas Ward,Soloists from the Northern Chamber Orchestra,,,2016-04-27,待定,待定,公开数据集,https://musicbrainz.org/doc/MusicBrainz_Database,2026-08-31
,rainy days 2017,,,2017-11-06,待定,待定,公开数据集,https://musicbrainz.org/doc/MusicBrainz_Database,2026-08-31
The E Street Band,"2009‐09‐16: Bi‐Lo Center, Greenville, SC, USA",,Bon Secours Wellness Arena,2009-09-16,待定,待定,公开数据集,https://musicbrainz.org/doc/MusicBrainz_Database,2026-08-31
Switches,"SXSW 2006, day 1: Flamingo Cantina",,Flamingo Cantina,2006-03-15,待定,待定,公开数据集,https://musicbrainz.org/doc/MusicBrainz_Database,2026-08-31
Walter Daniels,"SXSW 2005, Day 4: Blender Balcony at The Ritz",,Blender Balcony at the Ritz,2005-03-19,待定,待定,公开数据集,https://musicbrainz.org/doc/MusicBrainz_Database,2026-08-31
Grass Strings,Grass Strings,,R.A. Fountain General Store,2016-02-27,待定,待定,公开数据集,https://musicbrainz.org/doc/MusicBrainz_Database,2026-08-31
Riikka Hakola,[stage performance],,Sellosali,2011-01-12,待定,待定,公开数据集,https://musicbrainz.org/doc/MusicBrainz_Database,2026-08-31
Hucci,HUCCI х OZZIE at Москва Hall,,,2013-12-13,待定,待定,公开数据集,https://musicbrainz.org/doc/MusicBrainz_Database,2026-08-31
Василий К. & Интеллигенты,Василий К. & Интеллигенты. Электрическое шоу,,Mezzo Forte,2014-02-28,待定,待定,公开数据集,https://musicbrainz.org/doc/MusicBrainz_Database,2026-08-31
Amelia's Mechanics,Amelia's Mechanics,,R.A. Fountain General Store,2011-03-25,待定,待定,公开数据集,https://musicbrainz.org/doc/MusicBrainz_Database,2026-08-31
Colleen,Colleen at Fasching,,Fasching,2018-05-03,待定,待定,公开数据集,https://musicbrainz.org/doc/MusicBrainz_Database,2026-08-31
,Denvention 3 (Thursday),,,2008-08-07,待定,待定,公开数据集,https://musicbrainz.org/doc/MusicBrainz_Database,2026-08-31
,Denvention 3,,,2008-08-06,待定,待定,公开数据集,https://musicbrainz.org/doc/MusicBrainz_Database,2026-08-31
The E Street Band,"2009‐09‐20: United Center, Chicago, IL, USA",,United Center,2009-09-20,待定,待定,公开数据集,https://musicbrainz.org/doc/MusicBrainz_Database,2026-08-31
The Barefoot Movement,Barefoot Movement,,R.A. Fountain General Store,2018-11-02,待定,待定,公开数据集,https://musicbrainz.org/doc/MusicBrainz_Database,2026-08-31
Garland Jeffreys,"2012‐01‐14: Paramount Theatre, Asbury Park, NJ, USA",,Paramount Theatre,2012-01-14,待定,待定,公开数据集,https://musicbrainz.org/doc/MusicBrainz_Database,2026-08-31
,Never Mind the Punkfest 2011,,The Trike Club,2011-10-21,待定,待定,公开数据集,https://musicbrainz.org/doc/MusicBrainz_Database,2026-08-31
ASP,ASP at Aladin Music-Hall,,Aladin Music-Hall,2015-10-16,待定,待定,公开数据集,https://musicbrainz.org/doc/MusicBrainz_Database,2026-08-31
The Swashbuckling Doctors,The Swashbuckling Doctors and Paradox at Avo's!,,,2016-02-14,待定,待定,公开数据集,https://musicbrainz.org/doc/MusicBrainz_Database,2026-08-31
,13th Earshot Jazz Festival 2001,,,2001-10-24,待定,待定,公开数据集,https://musicbrainz.org/doc/MusicBrainz_Database,2026-08-31
The Imports,"Canadian Music Fest 2010, day 1: Horseshoe Tavern",,Horseshoe Tavern,2010-03-10,待定,待定,公开数据集,https://musicbrainz.org/doc/MusicBrainz_Database,2026-08-31
The Swashbuckling Doctors,The Swashbuckling Doctors at Illegal Pete's!,,,2016-02-18,待定,待定,公开数据集,https://musicbrainz.org/doc/MusicBrainz_Database,2026-08-31
,The Nectars @The House of Vans,,,2018-05-06,待定,待定,公开数据集,https://musicbrainz.org/doc/MusicBrainz_Database,2026-08-31
The Swashbuckling Doctors,Everyday Joe's,,,2011-03-30,待定,待定,公开数据集,https://musicbrainz.org/doc/MusicBrainz_Database,2026-08-31
THE ALFEE,Neo Universe 2012 Flowers @ 広島市文化交流会館,,広島市文化交流会館,2012-05-12,待定,待定,公开数据集,https://musicbrainz.org/doc/MusicBrainz_Database,2026-08-31
Dead Can Dance,"Dead Can Dance: A Celebration – Life & Works 1980–2019: Utrecht, TivoliVredenburg, day 1",,TivoliVredenburg: Grote Zaal,2019-05-13,待定,待定,公开数据集,https://musicbrainz.org/doc/MusicBrainz_Database,2026-08-31
Dinosaur Jr.,Dinosaur Jr. at Vega,,Lille Vega,2007-07-29,待定,待定,公开数据集,https://musicbrainz.org/doc/MusicBrainz_Database,2026-08-31
Dao Strom,"SXSW 2006, day 1: BD Riley's",,B. D. Riley’s,2006-03-15,待定,待定,公开数据集,https://musicbrainz.org/doc/MusicBrainz_Database,2026-08-31
,United States of Odaiba 2011,,,2011-08-16,待定,待定,公开数据集,https://musicbrainz.org/doc/MusicBrainz_Database,2026-08-31
KISS,KISS at Nippon Budokan,,日本武道館,2004-05-28,待定,待定,公开数据集,https://musicbrainz.org/doc/MusicBrainz_Database,2026-08-31
Fleshies,First live show,,,2019-05-04,待定,待定,公开数据集,https://musicbrainz.org/doc/MusicBrainz_Database,2026-08-31
HKT48,HKT48劇場4周年記念特別公演,,HKT48劇場,2015-11-26,待定,待定,公开数据集,https://musicbrainz.org/doc/MusicBrainz_Database,2026-08-31
Dinosaur Jr.,Dinosaur Jr. at Club Quattro,,渋谷CLUB QUATTRO,2007-08-09,待定,待定,公开数据集,https://musicbrainz.org/doc/MusicBrainz_Database,2026-08-31
Dead Can Dance,"Dead Can Dance: A Celebration – Life & Works 1980–2019: Berlin, Tempodrom, day 2",,Tempodrom: Die Große Arena,2019-05-17,待定,待定,公开数据集,https://musicbrainz.org/doc/MusicBrainz_Database,2026-08-31
Trans‐Siberian Orchestra,Trans‐Siberian Orchestra at American Airlines Center,,American Airlines Center,2011-12-11,待定,待定,公开数据集,https://musicbrainz.org/doc/MusicBrainz_Database,2026-08-31
HKT48,HKT48 at 横浜アリーナ,,横浜アリーナ,2015-06-28,待定,待定,公开数据集,https://musicbrainz.org/doc/MusicBrainz_Database,2026-08-31
KISS,KISS at Knoxville Civic Coliseum,,Knoxville Civic Coliseum,1986-01-04,待定,待定,公开数据集,https://musicbrainz.org/doc/MusicBrainz_Database,2026-08-31
KISS,KISS at Von Braun Civic Center,,Propst Arena,1986-01-05,待定,待定,公开数据集,https://musicbrainz.org/doc/MusicBrainz_Database,2026-08-31
Kevin Buell,"1996‐11‐24: Paramount Theatre, Asbury Park, NJ, USA",,Paramount Theatre,1996-11-24,待定,待定,公开数据集,https://musicbrainz.org/doc/MusicBrainz_Database,2026-08-31
HKT48,HKT48 at 福岡サンパレス,,福岡サンパレス,2014-03-21,待定,待定,公开数据集,https://musicbrainz.org/doc/MusicBrainz_Database,2026-08-31
The Craft Economy,"Canadian Music Fest 2010, day 3: Gladstone Hotel",,Gladstone Hotel,2010-03-12,待定,待定,公开数据集,https://musicbrainz.org/doc/MusicBrainz_Database,2026-08-31
Night Ranger,Night Ranger at Akasaka BLITZ,,赤坂BLITZ,1997-04-08,待定,待定,公开数据集,https://musicbrainz.org/doc/MusicBrainz_Database,2026-08-31
Sylvie,Sylvie at La Maison de la Confiture,,Maison de la Confiture,2019-06-13,待定,待定,公开数据集,https://musicbrainz.org/doc/MusicBrainz_Database,2026-08-31
KISS,KISS at Osaka‐jo Hall,,大阪城ホール,2004-05-31,待定,待定,公开数据集,https://musicbrainz.org/doc/MusicBrainz_Database,2026-08-31
Clan of Xymox,Clan of Xymox + Palais Ideal at Blue Shell,,Blue Shell,2019-11-29,待定,待定,公开数据集,https://musicbrainz.org/doc/MusicBrainz_Database,2026-08-31
Trans‐Siberian Orchestra,Trans‐Siberian Orchestra at Allstate Arena,,Allstate Arena,2011-12-03,待定,待定,公开数据集,https://musicbrainz.org/doc/MusicBrainz_Database,2026-08-31
Sigmund Wilder,"Bikini, Barcelona",,,2018-03-02,待定,待定,公开数据集,https://musicbrainz.org/doc/MusicBrainz_Database,2026-08-31
Kevin Buell,"1996‐12‐03: Sunrise Musical Theatre, Sunrise, FL, USA",,Sunrise Musical Theater,1996-12-03,待定,待定,公开数据集,https://musicbrainz.org/doc/MusicBrainz_Database,2026-08-31
Trans‐Siberian Orchestra,Trans‐Siberian Orchestra at Bradley Center,,BMO Harris Bradley Center,2011-12-15,待定,待定,公开数据集,https://musicbrainz.org/doc/MusicBrainz_Database,2026-08-31
Trans‐Siberian Orchestra,Trans‐Siberian Orchestra at Bradley Center,,BMO Harris Bradley Center,2011-12-15,待定,待定,公开数据集,https://musicbrainz.org/doc/MusicBrainz_Database,2026-08-31
GGOOLLDD,GGOOLLDD at Brillobox,,Brillobox,2017-09-16,待定,待定,公开数据集,https://musicbrainz.org/doc/MusicBrainz_Database,2026-08-31
KISS,KISS at The Scope,,Norfolk Scope,1986-01-14,待定,待定,公开数据集,https://musicbrainz.org/doc/MusicBrainz_Database,2026-08-31
Honey,"SNST, Honey, Plastic Picnic",,Howlers Coyote Cafe,2017-09-25,待定,待定,公开数据集,https://musicbrainz.org/doc/MusicBrainz_Database,2026-08-31
HKT48,HKT48 3周年3days「PARTYが始まるよ」公演 再演,,HKT48劇場,2014-11-21,待定,待定,公开数据集,https://musicbrainz.org/doc/MusicBrainz_Database,2026-08-31
Transistor,Record Store Day at Death Ray,,Death Ray Records,2018-04-21,待定,待定,公开数据集,https://musicbrainz.org/doc/MusicBrainz_Database,2026-08-31
Kevin Buell,"1996‐12‐06: Birmingham‐Jefferson Civic Center Concert Hall, Birmingham, AL, USA",,BJCC Concert Hall & Theatre,1996-12-06,待定,待定,公开数据集,https://musicbrainz.org/doc/MusicBrainz_Database,2026-08-31
Foo Fighters,Foo Fighters: Concrete and Gold: New Zealand Tour 2018,,Mount Smart Stadium,2018-02-03,待定,待定,公开数据集,https://musicbrainz.org/doc/MusicBrainz_Database,2026-08-31
KISS,KISS at Smirnoff Music Centre,,Dos Equis Pavilion,2004-06-11,待定,待定,公开数据集,https://musicbrainz.org/doc/MusicBrainz_Database,2026-08-31
Brant Bjork,"Dour 2016, day 2: Cannibal Stage",,Cannibal Stage,2016-07-14,待定,待定,公开数据集,https://musicbrainz.org/doc/MusicBrainz_Database,2026-08-31
,"Dour 2016, day 3",,Plaine de la Machine à Feu,2016-07-15,待定,待定,公开数据集,https://musicbrainz.org/doc/MusicBrainz_Database,2026-08-31
KISS,KISS at University of Illinois–Chicago Pavilion,,UIC Pavilion,1986-01-17,待定,待定,公开数据集,https://musicbrainz.org/doc/MusicBrainz_Database,2026-08-31
Rock Street Band,"Rock in Rio 2017, Day 2: Rock District",,Rock District,2017-09-16,待定,待定,公开数据集,https://musicbrainz.org/doc/MusicBrainz_Database,2026-08-31
Dalton Télégramme,"Dour 2016, day 3: The Last Arena",,The Last Arena,2016-07-15,待定,待定,公开数据集,https://musicbrainz.org/doc/MusicBrainz_Database,2026-08-31
KISS,KISS at Mecca Auditorium,,Miller High Life Theatre,1986-01-20,待定,待定,公开数据集,https://musicbrainz.org/doc/MusicBrainz_Database,2026-08-31
Kevin Buell,"1996‐12‐14: Ovens Auditorium, Charlotte, NC, USA",,Ovens Auditorium,1996-12-14,待定,待定,公开数据集,https://musicbrainz.org/doc/MusicBrainz_Database,2026-08-31
黒夢,黒と影,,日本武道館,2014-01-29,待定,待定,公开数据集,https://musicbrainz.org/doc/MusicBrainz_Database,2026-08-31
Kevin Buell,"1997‐01‐27: Forum Hall A, Tōkyō Kokusai Fōramu, Tokyo, Japan",,東京国際フォーラム・ホールA,1997-01-27,待定,待定,公开数据集,https://musicbrainz.org/doc/MusicBrainz_Database,2026-08-31
Kevin Buell,"1996‐10‐01: Braden Auditorium, Illinois State University, IL, Normal, USA",,Braden Auditorium,1996-10-01,待定,待定,公开数据集,https://musicbrainz.org/doc/MusicBrainz_Database,2026-08-31
Dota,Dota at Tollhaus,,Tollhaus Karlsruhe,2019-05-04,待定,待定,公开数据集,https://musicbrainz.org/doc/MusicBrainz_Database,2026-08-31
,JoeFest 2018,,,2018-08-10,待定,待定,公开数据集,https://musicbrainz.org/doc/MusicBrainz_Database,2026-08-31
Maria Rita,Maria Rita and Melody Gardot at Rock in Rio 2017,,Palco Sunset,2017-09-17,待定,待定,公开数据集,https://musicbrainz.org/doc/MusicBrainz_Database,2026-08-31
Kevin Buell,"1997‐02‐17: Palais Theatre, Melbourne, Australia",,Palais Theatre,1997-02-17,待定,待定,公开数据集,https://musicbrainz.org/doc/MusicBrainz_Database,2026-08-31
,東京ゲームショウ2008,,幕張メッセ,2008-10-09,待定,待定,公开数据集,https://musicbrainz.org/doc/MusicBrainz_Database,2026-08-31
Crowbar,Crowbar at Kraken,,Kraken,2018-04-12,待定,待定,公开数据集,https://musicbrainz.org/doc/MusicBrainz_Database,2026-08-31
Travis,"Summer Sonic Festival Tokyo 2007, day 1: Sonic Stage",,ZOZOマリンスタジアム,2007-08-11,待定,待定,公开数据集,https://musicbrainz.org/doc/MusicBrainz_Database,2026-08-31
Trans‐Siberian Orchestra,Trans‐Siberian Orchestra at BI‐LO Center,,Bon Secours Wellness Arena,2011-12-03,待定,待定,公开数据集,https://musicbrainz.org/doc/MusicBrainz_Database,2026-08-31
Lambert,Lambert at Kammeroper,,Kammeroper (Allee Theater),2015-01-22,待定,待定,公开数据集,https://musicbrainz.org/doc/MusicBrainz_Database,2026-08-31
Bruce Springsteen,39th Annual GRAMMY Awards,,Madison Square Garden,1997-02-26,待定,待定,公开数据集,https://musicbrainz.org/doc/MusicBrainz_Database,2026-08-31
名古屋フィルハーモニー交響楽団,Tour de Japon,,愛知芸術文化センター コンサートホール,2004-04-02,待定,待定,公开数据集,https://musicbrainz.org/doc/MusicBrainz_Database,2026-08-31
KISS,KISS at Cow Palace,,Cow Palace,1986-02-04,待定,待定,公开数据集,https://musicbrainz.org/doc/MusicBrainz_Database,2026-08-31
Elin Larsson,OJ! John Coltrane,,Fasching,2018-04-17,待定,待定,公开数据集,https://musicbrainz.org/doc/MusicBrainz_Database,2026-08-31
Jupiterian,"Into the Abyss Fest IV, Day 1: The Ritual Stage",,Zaklęte Rewiry,2019-05-10,待定,待定,公开数据集,https://musicbrainz.org/doc/MusicBrainz_Database,2026-08-31
KISS,KISS at Sacramento Memorial Auditorium,,Sacramento Memorial Auditorium,1986-02-05,待定,待定,公开数据集,https://musicbrainz.org/doc/MusicBrainz_Database,2026-08-31
HMB,HMB & Virgul & Carlão at Rock in Rio 2017,,Palco Sunset,2017-09-17,待定,待定,公开数据集,https://musicbrainz.org/doc/MusicBrainz_Database,2026-08-31
Don Caballero,Don Caballero at Molodoï,,Molodoï,2008-10-19,待定,待定,公开数据集,https://musicbrainz.org/doc/MusicBrainz_Database,2026-08-31
Lambert,Lambert at Mousonturm,,Künstlerhaus Mousonturm,2014-12-02,待定,待定,公开数据集,https://musicbrainz.org/doc/MusicBrainz_Database,2026-08-31
,M’era Luna Festival 2015,,Airport Hildesheim,2015-08-08,待定,待定,公开数据集,https://musicbrainz.org/doc/MusicBrainz_Database,2026-08-31
KISS,KISS at Thomas & Mack Center,,Thomas & Mack Center,1986-02-07,待定,待定,公开数据集,https://musicbrainz.org/doc/MusicBrainz_Database,2026-08-31
Ana Carolina,Ana & Jorge ao vivo,,Tokio Marine Hall,2005-08-12,待定,待定,公开数据集,https://musicbrainz.org/doc/MusicBrainz_Database,2026-08-31
大阪交響楽団,Tour de Japon,,フェスティバルホール,2004-04-16,待定,待定,公开数据集,https://musicbrainz.org/doc/MusicBrainz_Database,2026-08-31
,Austin Psych Fest 2014,,Carson Creek Ranch,2014-05-01,待定,待定,公开数据集,https://musicbrainz.org/doc/MusicBrainz_Database,2026-08-31
,Levitation 2019,,,2019-11-07,待定,待定,公开数据集,https://musicbrainz.org/doc/MusicBrainz_Database,2026-08-31
Kodacrome,Kodacrome (Record Release!),,Union Pool,2018-05-23,待定,待定,公开数据集,https://musicbrainz.org/doc/MusicBrainz_Database,2026-08-31
KISS,KISS at Orange Show Pavilion,,Orange Pavilion,1986-02-08,待定,待定,公开数据集,https://musicbrainz.org/doc/MusicBrainz_Database,2026-08-31
,"RBC Royal Bank Bluesfest 2012, Day 5",,LeBreton Flats Park,2012-07-08,待定,待定,公开数据集,https://musicbrainz.org/doc/MusicBrainz_Database,2026-08-31
Godspeed You! Black Emperor,Godspeed You! Black Emperor at Tama,,Klub muzyczny Tama,2018-04-17,待定,待定,公开数据集,https://musicbrainz.org/doc/MusicBrainz_Database,2026-08-31
,Copenhagen Folk Marathon,,,2014-12-29,待定,待定,公开数据集,https://musicbrainz.org/doc/MusicBrainz_Database,2026-08-31
Carbin,Untapped Events Presents: Carbin w/ Pierce,,,2019-01-25,待定,待定,公开数据集,https://musicbrainz.org/doc/MusicBrainz_Database,2026-08-31
Avril Lavigne,Avril Lavigne at East Stage at Joe & Harry Freeman Coliseum,,East Stage at Joe & Harry Freeman Coliseum,2003-05-05,待定,待定,公开数据集,https://musicbrainz.org/doc/MusicBrainz_Database,2026-08-31
Luciano,"Rock in Rio 2017, Day 3: Eletrônica",,Eletrônica,2017-09-17,待定,待定,公开数据集,https://musicbrainz.org/doc/MusicBrainz_Database,2026-08-31
Lila Blanca,Wandering,,,2019-05-25,待定,待定,公开数据集,https://musicbrainz.org/doc/MusicBrainz_Database,2026-08-31
Avril Lavigne,Avril Lavigne at HSBC Arena,,KeyBank Center,2003-05-18,待定,待定,公开数据集,https://musicbrainz.org/doc/MusicBrainz_Database,2026-08-31
Ray Volpe,Ray Volpe & Ubur: A Wholesome Gathering,,,2019-05-30,待定,待定,公开数据集,https://musicbrainz.org/doc/MusicBrainz_Database,2026-08-31
,Copenhagen Folk Marathon: New Year’s Eve Party,,Jazzhouse,2014-12-31,待定,待定,公开数据集,https://musicbrainz.org/doc/MusicBrainz_Database,2026-08-31
X&G,Afterglow Campout,,,2018-09-06,待定,待定,公开数据集,https://musicbrainz.org/doc/MusicBrainz_Database,2026-08-31
KISS,KISS at Selland Arena,,Selland Arena,1986-02-11,待定,待定,公开数据集,https://musicbrainz.org/doc/MusicBrainz_Database,2026-08-31
Majora,Majora EP Launch w/ Solkyi,,The Great Northern Hotel,2015-08-28,待定,待定,公开数据集,https://musicbrainz.org/doc/MusicBrainz_Database,2026-08-31
Barclay James Harvest,Barclay James Harvest at Philipshalle,,Mitsubishi Electric Halle,1980-02-13,待定,待定,公开数据集,https://musicbrainz.org/doc/MusicBrainz_Database,2026-08-31
Lambert,Lambert at Prêt à écouter 7,,Karlstorbahnhof,2014-11-30,待定,待定,公开数据集,https://musicbrainz.org/doc/MusicBrainz_Database,2026-08-31
KISS,KISS at Arizona Veterans Memorial Coliseum,,Arizona Veterans Memorial Coliseum,1986-02-09,待定,待定,公开数据集,https://musicbrainz.org/doc/MusicBrainz_Database,2026-08-31
The Scrap Dealers,"Dour 2016, day 4: La petite maison dans la prairie",,La petite maison dans la prairie,2016-07-16,待定,待定,公开数据集,https://musicbrainz.org/doc/MusicBrainz_Database,2026-08-31
Kevin Buell,"1997‐05‐10: Sala Kongresowa, Warsaw, Poland",,Sala Kongresowa,1997-05-10,待定,待定,公开数据集,https://musicbrainz.org/doc/MusicBrainz_Database,2026-08-31
Sylvie,Fête de la Musique de Québec,,,2019-06-15,待定,待定,公开数据集,https://musicbrainz.org/doc/MusicBrainz_Database,2026-08-31
Trümmer,PULS Festival 2014,,Funkhaus des Bayerischen Rundfunk,2014-11-29,待定,待定,公开数据集,https://musicbrainz.org/doc/MusicBrainz_Database,2026-08-31
Sylvie,Sylvie at Auberge Rose-des-Vents,,Aventure Rose-des-Vents,2019-06-14,待定,待定,公开数据集,https://musicbrainz.org/doc/MusicBrainz_Database,2026-08-31
The Silva’s,"Rock in Rio 2017, Day 3: Rock District",,Rock District,2017-09-17,待定,待定,公开数据集,https://musicbrainz.org/doc/MusicBrainz_Database,2026-08-31
,"RBC Royal Bank Bluesfest 2012, Day 9",,LeBreton Flats Park,2012-07-12,待定,待定,公开数据集,https://musicbrainz.org/doc/MusicBrainz_Database,2026-08-31
,Björk at “Planeta Rock”,,,1993-10-13,待定,待定,公开数据集,https://musicbrainz.org/doc/MusicBrainz_Database,2026-08-31
Les Breastfeeders,Northern Lights Festival Boréal 2007,,Bell Park,2007-07-06,待定,待定,公开数据集,https://musicbrainz.org/doc/MusicBrainz_Database,2026-08-31
Bleach,"SXSW 2005, day 3: Whisky Bar",,Whisky Bar,2005-03-18,待定,待定,公开数据集,https://musicbrainz.org/doc/MusicBrainz_Database,2026-08-31
Kevin Buell,"1997‐05‐18: Palais des Congrès Acropolis, Nice, France",,Palais des Congrès Acropolis,1997-05-18,待定,待定,公开数据集,https://musicbrainz.org/doc/MusicBrainz_Database,2026-08-31
Moaning Cities,"Dour 2016, day 4: Le Labo",,Le Labo,2016-07-16,待定,待定,公开数据集,https://musicbrainz.org/doc/MusicBrainz_Database,2026-08-31
Kevin Buell,"1997‐05‐19: Zénith Oméga, Toulon, France",,Zénith Oméga,1997-05-19,待定,待定,公开数据集,https://musicbrainz.org/doc/MusicBrainz_Database,2026-08-31
Overholt & Thunderbolt,Overholt & Thunderbolt at Blue Angel,,Blue Angel,1981-10-08,待定,待定,公开数据集,https://musicbrainz.org/doc/MusicBrainz_Database,2026-08-31
Def Leppard,Def Leppard at Perth Arena,,RAC Arena,2018-11-02,待定,待定,公开数据集,https://musicbrainz.org/doc/MusicBrainz_Database,2026-08-31
Trans‐Siberian Orchestra,Trans‐Siberian Orchestra at Thomas & Mack Center,,Thomas & Mack Center,2010-11-27,待定,待定,公开数据集,https://musicbrainz.org/doc/MusicBrainz_Database,2026-08-31
James Cuddeford,Chamber Gems by Hong Kong Sinfonietta,,Loke Yew Hall,2017-02-24,待定,待定,公开数据集,https://musicbrainz.org/doc/MusicBrainz_Database,2026-08-31
KISS,KISS at Civic Arena,,Civic Arena,1988-01-16,待定,待定,公开数据集,https://musicbrainz.org/doc/MusicBrainz_Database,2026-08-31
,1945 BBC Prom 02,,,1945-07-23,待定,待定,公开数据集,https://musicbrainz.org/doc/MusicBrainz_Database,2026-08-31
The Revillos,The Revillos at Centre Hotel,,Centre Hotel,1980-10-23,待定,待定,公开数据集,https://musicbrainz.org/doc/MusicBrainz_Database,2026-08-31
THE ALFEE,Neo Universe 2011 ALWAYS @ 宇都宮市文化会館,,宇都宮市文化会館,2011-11-23,待定,待定,公开数据集,https://musicbrainz.org/doc/MusicBrainz_Database,2026-08-31
The Revillos,The Revillos at Nite Club,,Nite Club,1980-10-24,待定,待定,公开数据集,https://musicbrainz.org/doc/MusicBrainz_Database,2026-08-31
The E Street Band,"1975‐10‐04: Michigan Palace, Detroit, MI, USA",,Michigan Palace,1975-10-04,待定,待定,公开数据集,https://musicbrainz.org/doc/MusicBrainz_Database,2026-08-31
,Prom 59,,,1906-10-25,待定,待定,公开数据集,https://musicbrainz.org/doc/MusicBrainz_Database,2026-08-31
The Photos,The Photos in Harlow,,Harlow Technical College,1981-03-19,待定,待定,公开数据集,https://musicbrainz.org/doc/MusicBrainz_Database,2026-08-31
Radovan Vlatković,Chamber Music & Dialogue with Radovan Vlatković,,"Concert Hall, Hong Kong City Hall",2016-04-24,待定,待定,公开数据集,https://musicbrainz.org/doc/MusicBrainz_Database,2026-08-31
THE ALFEE,Neo Universe 2011 ALWAYS @ 神奈川県民ホール,,神奈川県民ホール,2011-11-30,待定,待定,公开数据集,https://musicbrainz.org/doc/MusicBrainz_Database,2026-08-31
The Photos,The Photos in Exeter,,Exeter University,1981-03-06,待定,待定,公开数据集,https://musicbrainz.org/doc/MusicBrainz_Database,2026-08-31
Anu Komsi,[concert],,,1988-08-27,待定,待定,公开数据集,https://musicbrainz.org/doc/MusicBrainz_Database,2026-08-31
THE ALFEE,Neo Universe 2011 ALWAYS @ 市川市文化会館,,市川市文化会館,2011-12-07,待定,待定,公开数据集,https://musicbrainz.org/doc/MusicBrainz_Database,2026-08-31
Beastwars,"Beastwars ""IV"" Album Release Tour w/ Witchskull, Thursday",,San Fran,2019-06-27,待定,待定,公开数据集,https://musicbrainz.org/doc/MusicBrainz_Database,2026-08-31
Hangatyr,Zwiebelmarkt am Weimarer Atrium 2013,,Bühne am Atrium,2013-10-11,待定,待定,公开数据集,https://musicbrainz.org/doc/MusicBrainz_Database,2026-08-31
Peachcake,"SXSW 2006, day 1: Red 7",,Red 7,2006-03-15,待定,待定,公开数据集,https://musicbrainz.org/doc/MusicBrainz_Database,2026-08-31
,Norwich Festival 1893,,,1893,待定,待定,公开数据集,https://musicbrainz.org/doc/MusicBrainz_Database,2026-08-31
“Weird Al” Yankovic,“Weird Al” Yankovic at Star Plaza Theatre,,Star Plaza Theatre,2016-07-03,待定,待定,公开数据集,https://musicbrainz.org/doc/MusicBrainz_Database,2026-08-31
Orchestral Manoeuvres in the Dark,Orchestral Manoeuvres in the Dark in Aylesbury,,Friars,1980-11-01,待定,待定,公开数据集,https://musicbrainz.org/doc/MusicBrainz_Database,2026-08-31
Trans‐Siberian Orchestra,Trans‐Siberian Orchestra at Allen County War Memorial Coliseum,,Allen County War Memorial Coliseum,2010-11-07,待定,待定,公开数据集,https://musicbrainz.org/doc/MusicBrainz_Database,2026-08-31
Your Finest Drops,Your Finest Drops at Subrosa,,Subrosa,2000-12-22,待定,待定,公开数据集,https://musicbrainz.org/doc/MusicBrainz_Database,2026-08-31
THE ALFEE,THE ALFEE 40th Anniversary 2014 GENESIS @ 愛知県芸術劇場,,愛知県芸術劇場,2014-04-15,待定,待定,公开数据集,https://musicbrainz.org/doc/MusicBrainz_Database,2026-08-31
Teresa Cheung,"Good Music for Kids, Show 2",,"Theatre, Hong Kong City Hall",2018-06-16,待定,待定,公开数据集,https://musicbrainz.org/doc/MusicBrainz_Database,2026-08-31
“Weird Al” Yankovic,“Weird Al” Yankovic at Palace Theatre,,Palace Theatre,2016-07-06,待定,待定,公开数据集,https://musicbrainz.org/doc/MusicBrainz_Database,2026-08-31
“Weird Al” Yankovic,“Weird Al” Yankovic at PNC Pavilion at Riverbend,,PNC Pavilion at Riverbend,2016-07-08,待定,待定,公开数据集,https://musicbrainz.org/doc/MusicBrainz_Database,2026-08-31
Trans‐Siberian Orchestra,Trans‐Siberian Orchestra at Mohegan Sun Arena at Casey Plaza,,Mohegan Arena at Casey Plaza,2010-11-14,待定,待定,公开数据集,https://musicbrainz.org/doc/MusicBrainz_Database,2026-08-31
The Charlatans,"Later… with Jools Holland: Series 14, Episode 2",,,1999-10-23,待定,待定,公开数据集,https://musicbrainz.org/doc/MusicBrainz_Database,2026-08-31
Mr.,愛·和平大巡遊演唱會2008第一場,,"Hall 5BC, Hong Kong Convention and Exhibition Centre",2008-12-16,待定,待定,公开数据集,https://musicbrainz.org/doc/MusicBrainz_Database,2026-08-31
,Prom 22,,Queen’s Hall,1940-09-04,待定,待定,公开数据集,https://musicbrainz.org/doc/MusicBrainz_Database,2026-08-31
,The Proms 1965,,Royal Albert Hall,1965-07-17,待定,待定,公开数据集,https://musicbrainz.org/doc/MusicBrainz_Database,2026-08-31
Daan,"Suikerrock 2012, Day 4",,Grote Markt,2012-07-29,待定,待定,公开数据集,https://musicbrainz.org/doc/MusicBrainz_Database,2026-08-31
Scum System Kill,"Punkfest 2006, Day 2",,Wellington Car Club,2006-10-21,待定,待定,公开数据集,https://musicbrainz.org/doc/MusicBrainz_Database,2026-08-31
陳劭楠,Play the Groove,,Fringe Dairy,2016-07-12,待定,待定,公开数据集,https://musicbrainz.org/doc/MusicBrainz_Database,2026-08-31
Shortparis,Shortparis at Cadillac Art Club,,Cadillac Art Club,2015-10-18,待定,待定,公开数据集,https://musicbrainz.org/doc/MusicBrainz_Database,2026-08-31
,Suikerrock 2012,,Grote Markt,2012-07-26,待定,待定,公开数据集,https://musicbrainz.org/doc/MusicBrainz_Database,2026-08-31
,The Proms 1966,,Royal Albert Hall,1966-07-23,待定,待定,公开数据集,https://musicbrainz.org/doc/MusicBrainz_Database,2026-08-31
Lambert,Lambert at Bunker Ulmenwall,,Bunker Ulmenwall,2019-10-14,待定,待定,公开数据集,https://musicbrainz.org/doc/MusicBrainz_Database,2026-08-31
The E Street Band,"2012‐08‐18: Gillette Stadium, Foxborough, MA, USA",,Gillette Stadium,2012-08-18,待定,待定,公开数据集,https://musicbrainz.org/doc/MusicBrainz_Database,2026-08-31
The Mysterious Tapeman,"Punkfest 2006, Day 3",,Wellington Car Club,2006-10-22,待定,待定,公开数据集,https://musicbrainz.org/doc/MusicBrainz_Database,2026-08-31
The Riverbottom Ramblers,Live Music at the Lincoln Wine Bar: The Riverbottom Ramblers,,Lincoln Wine Bar,2015-02-21,待定,待定,公开数据集,https://musicbrainz.org/doc/MusicBrainz_Database,2026-08-31
Aqua Timez,Aqua Timez at LOTS,,NIIGATA LOTS,2018-06-16,待定,待定,公开数据集,https://musicbrainz.org/doc/MusicBrainz_Database,2026-08-31
The Black Atlantic,"SXSW 2010, day 2: Soho Lounge",,Soho Lounge,2010-03-18,待定,待定,公开数据集,https://musicbrainz.org/doc/MusicBrainz_Database,2026-08-31
Shortparis,Shortparis at More Music Club,,More Music Club,2015-10-22,待定,待定,公开数据集,https://musicbrainz.org/doc/MusicBrainz_Database,2026-08-31
Southside Johnny,"2004‐04‐25: The Stone Pony, Asbury Park, NJ, USA",,The Stone Pony,2004-04-25,待定,待定,公开数据集,https://musicbrainz.org/doc/MusicBrainz_Database,2026-08-31
THE ALFEE,Neo Universe 2013 Grateful Birth Ⅱ @ 磐田市民文化会館,,磐田市民文化会館,2013-10-06,待定,待定,公开数据集,https://musicbrainz.org/doc/MusicBrainz_Database,2026-08-31
Garrison Keillor,A Prairie Home Companion,,,1996-03-02,待定,待定,公开数据集,https://musicbrainz.org/doc/MusicBrainz_Database,2026-08-31
Lambert,Lambert at TivoliVredenburg,,TivoliVredenburg: Hertz,2019-10-16,待定,待定,公开数据集,https://musicbrainz.org/doc/MusicBrainz_Database,2026-08-31
Shortparis,Shortparis at Drunk Patrick,,Drunk Patrick,2015-10-23,待定,待定,公开数据集,https://musicbrainz.org/doc/MusicBrainz_Database,2026-08-31
,The Proms 1968,,Royal Albert Hall,1968-07-19,待定,待定,公开数据集,https://musicbrainz.org/doc/MusicBrainz_Database,2026-08-31
Fun Lovin’ Criminals,"Later... with Jools Holland: Series 12, Episode 3",,,1998-10-30,待定,待定,公开数据集,https://musicbrainz.org/doc/MusicBrainz_Database,2026-08-31
Trans‐Siberian Orchestra,Trans‐Siberian Orchestra at Von Braun Center Arena,,Propst Arena,2011-04-29,待定,待定,公开数据集,https://musicbrainz.org/doc/MusicBrainz_Database,2026-08-31
Lambert,Lambert at Botanique,,Le Botanique: Rotonde,2019-10-20,待定,待定,公开数据集,https://musicbrainz.org/doc/MusicBrainz_Database,2026-08-31
X-Clan,"SXSW 2007, day 4: SXSW Dew Music Festival at Town Lake",,Auditorium Shores,2007-03-16,待定,待定,公开数据集,https://musicbrainz.org/doc/MusicBrainz_Database,2026-08-31
The E Street Band,"2012‐08‐24: Rogers Centre, Toronto, ON, Canada",,Rogers Centre,2012-08-24,待定,待定,公开数据集,https://musicbrainz.org/doc/MusicBrainz_Database,2026-08-31
,The Proms 1969,,Royal Albert Hall,1969-07-18,待定,待定,公开数据集,https://musicbrainz.org/doc/MusicBrainz_Database,2026-08-31
張駿豪,Play the Groove,,Fringe Dairy,2016-07-13,待定,待定,公开数据集,https://musicbrainz.org/doc/MusicBrainz_Database,2026-08-31
,JazzFest Berlin 2018,,,2018-01-11,待定,待定,公开数据集,https://musicbrainz.org/doc/MusicBrainz_Database,2026-08-31
Sufjan Stevens,Sufjan Stevens in Indianapolis,,Old National Centre: Egyptian Room,2006-09-23,待定,待定,公开数据集,https://musicbrainz.org/doc/MusicBrainz_Database,2026-08-31
,The Proms 1970,,Royal Albert Hall,1970-07-17,待定,待定,公开数据集,https://musicbrainz.org/doc/MusicBrainz_Database,2026-08-31
,‘Kathleen Collins: My Book of Songs’ CD Launch,,,2009-11-20,待定,待定,公开数据集,https://musicbrainz.org/doc/MusicBrainz_Database,2026-08-31
Lambert,Lambert at Exil,,Exil,2019-10-25,待定,待定,公开数据集,https://musicbrainz.org/doc/MusicBrainz_Database,2026-08-31
Aqua Timez,Aqua Timez at club SONIC iwaki,,club SONIC iwaki,2018-06-17,待定,待定,公开数据集,https://musicbrainz.org/doc/MusicBrainz_Database,2026-08-31
,Menuhin Competition 2018,,,2018-04-12,待定,待定,公开数据集,https://musicbrainz.org/doc/MusicBrainz_Database,2026-08-31
Lightnin' Wells,Lightnin’ Wells,,R.A. Fountain General Store,2018-03-16,待定,待定,公开数据集,https://musicbrainz.org/doc/MusicBrainz_Database,2026-08-31
Highway 151 Band,Highway 151 Band at Kernoustie Golf Club,,Kernoustie Golf Club,2016-03-18,待定,待定,公开数据集,https://musicbrainz.org/doc/MusicBrainz_Database,2026-08-31
THE ALFEE,Neo Universe 2013 Grateful Birth Ⅱ @ 広島上野学園ホール,,上野学園ホール,2013-10-12,待定,待定,公开数据集,https://musicbrainz.org/doc/MusicBrainz_Database,2026-08-31
Trans‐Siberian Orchestra,Trans‐Siberian Orchestra at Mississippi Coliseum,,Mississippi Coliseum,2011-04-30,待定,待定,公开数据集,https://musicbrainz.org/doc/MusicBrainz_Database,2026-08-31
The E Street Band,"2012‐06‐07: Stadio Giuseppe Meazza, Milan, Italy",,Stadio Giuseppe Meazza,2012-06-07,待定,待定,公开数据集,https://musicbrainz.org/doc/MusicBrainz_Database,2026-08-31
Aqua Timez,Aqua Timez at 長野JUNK BOX,,NAGANO CLUB JUNK BOX,2018-06-23,待定,待定,公开数据集,https://musicbrainz.org/doc/MusicBrainz_Database,2026-08-31
,Menuhin Competition 2014,,,2014-02-21,待定,待定,公开数据集,https://musicbrainz.org/doc/MusicBrainz_Database,2026-08-31
Lightnin' Wells,Lightnin’ Wells,,R.A. Fountain General Store,2019-11-01,待定,待定,公开数据集,https://musicbrainz.org/doc/MusicBrainz_Database,2026-08-31
,Menuhin Competition 2012,,,2012-04-06,待定,待定,公开数据集,https://musicbrainz.org/doc/MusicBrainz_Database,2026-08-31
Aqua Timez,Aqua Timez at 高崎clubFLEEZ,,高崎 club FLEEZ,2018-06-24,待定,待定,公开数据集,https://musicbrainz.org/doc/MusicBrainz_Database,2026-08-31
The Beautiful South,"Later... with Jools Holland: Series 12, Episode 6",,,1998-11-20,待定,待定,公开数据集,https://musicbrainz.org/doc/MusicBrainz_Database,2026-08-31
The E Street Band,"2012‐08‐29: Vernon Downs Raceway, Vernon, NY, USA",,Vernon Downs,2012-08-29,待定,待定,公开数据集,https://musicbrainz.org/doc/MusicBrainz_Database,2026-08-31
,The Proms 1975,,Royal Albert Hall,1975-07-25,待定,待定,公开数据集,https://musicbrainz.org/doc/MusicBrainz_Database,2026-08-31
Lambert,Lambert at Neues Schauspiel,,Neues Schauspiel,2019-10-29,待定,待定,公开数据集,https://musicbrainz.org/doc/MusicBrainz_Database,2026-08-31
Blancmange,Blancmange in Huddersfield,,Star Bar,1982-03-25,待定,待定,公开数据集,https://musicbrainz.org/doc/MusicBrainz_Database,2026-08-31
Free System Projekt,10th Alfa Centauri Electronic Music Festival,,Theater de Graaf Wichman,2004-05-15,待定,待定,公开数据集,https://musicbrainz.org/doc/MusicBrainz_Database,2026-08-31
Garrison Keillor,A Prairie Home Companion,,,1996-04-13,待定,待定,公开数据集,https://musicbrainz.org/doc/MusicBrainz_Database,2026-08-31
,The Proms 1976,,Royal Albert Hall,1976-07-16,待定,待定,公开数据集,https://musicbrainz.org/doc/MusicBrainz_Database,2026-08-31
Orange Mammoth,RANT 2016 Saturday @ New Amsterdam,,,2016-08-13,待定,待定,公开数据集,https://musicbrainz.org/doc/MusicBrainz_Database,2026-08-31
Sufjan Stevens,Sufjan Stevens in Milwaukee,,Pabst Theater,2006-09-25,待定,待定,公开数据集,https://musicbrainz.org/doc/MusicBrainz_Database,2026-08-31
Hypoglycémie,Cirfontaines-en-Ornois,,l'Allumette,2019-07-13,待定,待定,公开数据集,https://musicbrainz.org/doc/MusicBrainz_Database,2026-08-31
Hong Kong Sinfonietta,Hong Kong Sinfonietta Début in Portugal,,Castelo de Marvão,2016-07-28,待定,待定,公开数据集,https://musicbrainz.org/doc/MusicBrainz_Database,2026-08-31
Toof,"SXSW 2006, day 1: Spiro’s Patio",,Spiro's Patio,2006-03-15,待定,待定,公开数据集,https://musicbrainz.org/doc/MusicBrainz_Database,2026-08-31
KISS,KISS and Aerosmith at Delta Center,,Delta Center,2003-10-22,待定,待定,公开数据集,https://musicbrainz.org/doc/MusicBrainz_Database,2026-08-31
Kool & the Gang,Kool and the Gang in Leicester,,De Montfort Hall,1980-11-04,待定,待定,公开数据集,https://musicbrainz.org/doc/MusicBrainz_Database,2026-08-31
,The Proms 1914,,Queen’s Hall,1914-08-15,待定,待定,公开数据集,https://musicbrainz.org/doc/MusicBrainz_Database,2026-08-31
,The Proms 1919,,Queen’s Hall,1919-08-16,待定,待定,公开数据集,https://musicbrainz.org/doc/MusicBrainz_Database,2026-08-31
,The Proms 1920,,Queen’s Hall,1920-08-14,待定,待定,公开数据集,https://musicbrainz.org/doc/MusicBrainz_Database,2026-08-31
Buzzcocks,Buzzcocks in Sheffield,,Sheffield City Hall,1980-10-29,待定,待定,公开数据集,https://musicbrainz.org/doc/MusicBrainz_Database,2026-08-31
,Clockenflap Music and Arts Festival 2015,,West Kowloon Cultural District,2015-11-27,待定,待定,公开数据集,https://musicbrainz.org/doc/MusicBrainz_Database,2026-08-31
The Dutch Disciples,"Graspop Metal Meeting 2019, Day 3: Classic Rock Café",,Classic Rock Café,2019-06-23,待定,待定,公开数据集,https://musicbrainz.org/doc/MusicBrainz_Database,2026-08-31
Yoghourt Daze,"Sonorama Ribera 2017, viernes 11, Escenario Burgos Orígen y Destino",,Escenario Burgos Orígen y Destino (Fiduero),2017-08-11,待定,待定,公开数据集,https://musicbrainz.org/doc/MusicBrainz_Database,2026-08-31
Nils Frahm,Nils Frahm at New Fall Festival 2013,,Hotel Nikko / DaVinci Saal,2013-11-01,待定,待定,公开数据集,https://musicbrainz.org/doc/MusicBrainz_Database,2026-08-31
,Clockenflap Music and Arts Festival 2016,,Central Harbourfront,2016-11-25,待定,待定,公开数据集,https://musicbrainz.org/doc/MusicBrainz_Database,2026-08-31
Spiritualized,"Later… with Jools Holland: Series 11, Episode 1",,,1998-04-17,待定,待定,公开数据集,https://musicbrainz.org/doc/MusicBrainz_Database,2026-08-31
Catharsis,Презентация виниловой пластинки «Крылья»,,Москва Hall,2014-04-06,待定,待定,公开数据集,https://musicbrainz.org/doc/MusicBrainz_Database,2026-08-31
,El jazz viene del sur,,,1999-12,待定,待定,公开数据集,https://musicbrainz.org/doc/MusicBrainz_Database,2026-08-31
Sylvie,Sylvie at Le Ghoti,,Le Ghoti,2018-05-05,待定,待定,公开数据集,https://musicbrainz.org/doc/MusicBrainz_Database,2026-08-31
,"Sweden Rock Festival 2019, Day 0",,Sweden Rock Festival Grounds,2019-06-05,待定,待定,公开数据集,https://musicbrainz.org/doc/MusicBrainz_Database,2026-08-31
緩緩,《Charlie》EP發行專場表演,,雅頌坊,2019-05-24,待定,待定,公开数据集,https://musicbrainz.org/doc/MusicBrainz_Database,2026-08-31
Various Artists,SCS Young Musician of the Year Final 2016,,Sandbach Town Hall,2016-04-16,待定,待定,公开数据集,https://musicbrainz.org/doc/MusicBrainz_Database,2026-08-31
Trans‐Siberian Orchestra,Trans‐Siberian Orchestra at Des Moines Civic Center,,Des Moines Civic Center,2003-11-18,待定,待定,公开数据集,https://musicbrainz.org/doc/MusicBrainz_Database,2026-08-31
Stardeath and White Dwarfs,"SXSW 2006, day 1: Fox and Hound",,Fox and Hound,2006-03-15,待定,待定,公开数据集,https://musicbrainz.org/doc/MusicBrainz_Database,2026-08-31
The E Street Band,"2003‐05‐15: Estadio Municipal El Molinón, Gijón, Spain",,El Molinón,2003-05-15,待定,待定,公开数据集,https://musicbrainz.org/doc/MusicBrainz_Database,2026-08-31
Letz Zep,Letz Zep @ Festival Gijón Rock City 5º Aniversario,,Sala Acapulco,2015-01-30,待定,待定,公开数据集,https://musicbrainz.org/doc/MusicBrainz_Database,2026-08-31
,Festival Gijón Rock City 5º Aniversario,,,2015-01-30,待定,待定,公开数据集,https://musicbrainz.org/doc/MusicBrainz_Database,2026-08-31
花鋏キョウ,花鋏キョウ VR LIVE - Sprout -,,,2019-06-01,待定,待定,公开数据集,https://musicbrainz.org/doc/MusicBrainz_Database,2026-08-31
,"Sweden Rock Festival 2019, Day 1",,Sweden Rock Festival Grounds,2019-06-06,待定,待定,公开数据集,https://musicbrainz.org/doc/MusicBrainz_Database,2026-08-31
Shortparis,Shortparis at 16 Tons,,16 тонн,2016-11-05,待定,待定,公开数据集,https://musicbrainz.org/doc/MusicBrainz_Database,2026-08-31
,Shropshire & Other Lads: A.E. Housman in Words & Music,,,2012-09-26,待定,待定,公开数据集,https://musicbrainz.org/doc/MusicBrainz_Database,2026-08-31
,Hamtown Smakdown 2018,,The Meteor,2018-06-04,待定,待定,公开数据集,https://musicbrainz.org/doc/MusicBrainz_Database,2026-08-31
Marshall Stephenson & The Bluegrass Train,Marshall Stephenson & The Bluegrass Train,,R.A. Fountain General Store,2008-12-19,待定,待定,公开数据集,https://musicbrainz.org/doc/MusicBrainz_Database,2026-08-31
Shortparis,Shortparis at Pub 34,,Pub 34,2015-10-20,待定,待定,公开数据集,https://musicbrainz.org/doc/MusicBrainz_Database,2026-08-31
,"Sweden Rock Festival 2019, Day 2",,Sweden Rock Festival Grounds,2019-06-07,待定,待定,公开数据集,https://musicbrainz.org/doc/MusicBrainz_Database,2026-08-31
Marshall Stephenson & The Bluegrass Train,Marshall Stephenson & The Bluegrass Train + Back Roads,,R.A. Fountain General Store,2011-09-16,待定,待定,公开数据集,https://musicbrainz.org/doc/MusicBrainz_Database,2026-08-31
Shortparis,"Shortparis at ""Lisova Pisnya"" Gym",,"Спортзал Лісотехнічного Університету ""Лісова пісня""",2018-05-27,待定,待定,公开数据集,https://musicbrainz.org/doc/MusicBrainz_Database,2026-08-31
Easy Off,"Hamtown Smakdown 2018, Day 1",,The Meteor,2018-06-04,待定,待定,公开数据集,https://musicbrainz.org/doc/MusicBrainz_Database,2026-08-31
The Castiles,"1967‐01: Café Wha?, New York City, NY, USA",,Café Wha?,1967-01,待定,待定,公开数据集,https://musicbrainz.org/doc/MusicBrainz_Database,2026-08-31
The Frozen North,The Frozen North @ TEDxWarsaw afterparty | Cafe Kulturalna,,,2014-03-13,待定,待定,公开数据集,https://musicbrainz.org/doc/MusicBrainz_Database,2026-08-31
Stitches,Stitches at Camelot,,Camelot,1981-10-07,待定,待定,公开数据集,https://musicbrainz.org/doc/MusicBrainz_Database,2026-08-31
,Musicians from the Hallé Orchestra,,,2012-10-31,待定,待定,公开数据集,https://musicbrainz.org/doc/MusicBrainz_Database,2026-08-31
The E Street Band,"2009‐09‐30: Giants Stadium, East Rutherford, NJ, USA",,Giants Stadium,2009-09-30,待定,待定,公开数据集,https://musicbrainz.org/doc/MusicBrainz_Database,2026-08-31
Seconds Out,Seconds Out at Jubez,,Jubez,2006-01-13,待定,待定,公开数据集,https://musicbrainz.org/doc/MusicBrainz_Database,2026-08-31
Philip Glass,Philip Glass & Philip Glass Ensemble at Cirkus,,Cirkus,2019-05-27,待定,待定,公开数据集,https://musicbrainz.org/doc/MusicBrainz_Database,2026-08-31
Trans‐Siberian Orchestra,Trans‐Siberian Orchestra at Britt Brown Arena at Kansas Coliseum,,Britt Brown Arena at Kansas Coliseum,2003-11-20,待定,待定,公开数据集,https://musicbrainz.org/doc/MusicBrainz_Database,2026-08-31
Trans‐Siberian Orchestra,Trans‐Siberian Orchestra at Memorial Hall,,Memorial Hall,2003-11-21,待定,待定,公开数据集,https://musicbrainz.org/doc/MusicBrainz_Database,2026-08-31
Nicholas Ward,Soloists from Northern Chamber Orchestra,,,2013-02-27,待定,待定,公开数据集,https://musicbrainz.org/doc/MusicBrainz_Database,2026-08-31
Hagseed,"Hamtown Smakdown 2018, Day 2",,The Meteor,2018-06-05,待定,待定,公开数据集,https://musicbrainz.org/doc/MusicBrainz_Database,2026-08-31
James Holkworth and the Coolbenders,"Sweden Rock Festival 2019, Day 0: 4Sound Stage",,4Sound Stage,2019-06-05,待定,待定,公开数据集,https://musicbrainz.org/doc/MusicBrainz_Database,2026-08-31
Savage Sun,Big Day Out,,,2000-01-21,待定,待定,公开数据集,https://musicbrainz.org/doc/MusicBrainz_Database,2026-08-31
Trans‐Siberian Orchestra,Trans‐Siberian Orchestra at E.J. Thomas Performing Arts Hall,,E.J. Thomas Performing Arts Hall,2003-11-16,待定,待定,公开数据集,https://musicbrainz.org/doc/MusicBrainz_Database,2026-08-31
Anna-Clare Monk & Lauren Scott Duo,Anna-Clare Monk and Lauren Scott,,,2013-03-27,待定,待定,公开数据集,https://musicbrainz.org/doc/MusicBrainz_Database,2026-08-31
The Retuses,The Retuses at 16 Tons,,16 тонн,2013-07-25,待定,待定,公开数据集,https://musicbrainz.org/doc/MusicBrainz_Database,2026-08-31
Seconds Out,Seconds Out at Jubez,,Jubez,2011-12-09,待定,待定,公开数据集,https://musicbrainz.org/doc/MusicBrainz_Database,2026-08-31
Trans‐Siberian Orchestra,Trans‐Siberian Orchestra at Erie Civic Center,,Erie Insurance Arena,2003-11-22,待定,待定,公开数据集,https://musicbrainz.org/doc/MusicBrainz_Database,2026-08-31
The E Street Band,"2009‐10‐13: Wachovia Spectrum, Philadelphia, PA, USA",,Wachovia Spectrum,2009-10-13,待定,待定,公开数据集,https://musicbrainz.org/doc/MusicBrainz_Database,2026-08-31
Seconds Out,Seconds Out at Jubez,,Jubez,2009-11-28,待定,待定,公开数据集,https://musicbrainz.org/doc/MusicBrainz_Database,2026-08-31
The E Street Band,"2003‐05‐24: Stade de France, Saint‐Denis, France",,Stade de France,2003-05-24,待定,待定,公开数据集,https://musicbrainz.org/doc/MusicBrainz_Database,2026-08-31
Trans‐Siberian Orchestra,Trans‐Siberian Orchestra at Music Hall,,Civic Auditorium Music Hall,2003-11-19,待定,待定,公开数据集,https://musicbrainz.org/doc/MusicBrainz_Database,2026-08-31
Trans‐Siberian Orchestra,Trans‐Siberian Orchestra at Colorado Springs World Arena,,Broadmoor World Arena,2003-11-22,待定,待定,公开数据集,https://musicbrainz.org/doc/MusicBrainz_Database,2026-08-31
,"Sweden Rock Festival 2019, Day 3",,Sweden Rock Festival Grounds,2019-06-08,待定,待定,公开数据集,https://musicbrainz.org/doc/MusicBrainz_Database,2026-08-31
Seconds Out,Seconds Out at Jubez,,Jubez,2007-04-27,待定,待定,公开数据集,https://musicbrainz.org/doc/MusicBrainz_Database,2026-08-31
Robert Dahlqvist,Rock på svenska: en hyllning till Strängen,,Sweden Stage,2019-06-05,待定,待定,公开数据集,https://musicbrainz.org/doc/MusicBrainz_Database,2026-08-31
,Soloists from Foden's Band,,,2012-11-28,待定,待定,公开数据集,https://musicbrainz.org/doc/MusicBrainz_Database,2026-08-31
Shortparis,Shortparis at Rafinad People Strip Room,,Rafinad People Tusa Bar,2017-05-28,待定,待定,公开数据集,https://musicbrainz.org/doc/MusicBrainz_Database,2026-08-31
Rosanne Cash,"2010‐04‐15: Page Auditorium, Duke University, Durham, NC, USA",,Page Auditorium,2010-04-15,待定,待定,公开数据集,https://musicbrainz.org/doc/MusicBrainz_Database,2026-08-31
The E Street Band,"2003‐08‐06: PNC Park, Pittsburgh, PA, USA",,PNC Park,2003-08-06,待定,待定,公开数据集,https://musicbrainz.org/doc/MusicBrainz_Database,2026-08-31
Trans‐Siberian Orchestra,Trans‐Siberian Orchestra at AT&T Center,,Frost Bank Center,2011-12-22,待定,待定,公开数据集,https://musicbrainz.org/doc/MusicBrainz_Database,2026-08-31
The Rascals,"2010‐04‐24: Tribeca Grill, New York City, NY, USA",,Tribeca Grill,2010-04-24,待定,待定,公开数据集,https://musicbrainz.org/doc/MusicBrainz_Database,2026-08-31
Tim McLoone’s Band,"2010‐05‐01: Addison Park, Aberdeen, NJ, USA",,The Addison Park,2010-05-01,待定,待定,公开数据集,https://musicbrainz.org/doc/MusicBrainz_Database,2026-08-31
DIR EN GREY,TOUR18 WEARING HUMAN SKIN,,Progresja Music Zone,2018-10-12,待定,待定,公开数据集,https://musicbrainz.org/doc/MusicBrainz_Database,2026-08-31
Death Angel,Sepultura + Death Angel NZ Tour - Wellington!,,San Fran,2018-05-12,待定,待定,公开数据集,https://musicbrainz.org/doc/MusicBrainz_Database,2026-08-31
Cornelius,"Coachella Valley Music and Arts Festival 2007, Day 2: Gobi Tent",,Empire Polo Club,2007-04-28,待定,待定,公开数据集,https://musicbrainz.org/doc/MusicBrainz_Database,2026-08-31
Unshackled,Unshackled,,R.A. Fountain General Store,2008-05-17,待定,待定,公开数据集,https://musicbrainz.org/doc/MusicBrainz_Database,2026-08-31
The E Street Band,"2003‐05‐29: Old Trafford Cricket Ground, Manchester, England, UK",,Old Trafford Cricket Ground,2003-05-29,待定,待定,公开数据集,https://musicbrainz.org/doc/MusicBrainz_Database,2026-08-31
Trans‐Siberian Orchestra,Trans‐Siberian Orchestra at Scottrade Center,,Enterprise Center,2011-12-17,待定,待定,公开数据集,https://musicbrainz.org/doc/MusicBrainz_Database,2026-08-31
The Frozen North,"The Frozen North @ Pytanie na Śniadanie | TVP2, Warsaw",,,2014-11-17,待定,待定,公开数据集,https://musicbrainz.org/doc/MusicBrainz_Database,2026-08-31
The Black Keys,"Coachella Valley Music and Arts Festival 2007, Day 2: Mojave Tent",,Empire Polo Club,2007-04-28,待定,待定,公开数据集,https://musicbrainz.org/doc/MusicBrainz_Database,2026-08-31
Contenders,Contenders / Dateless / Bloodbags,,YOT Club,2018-04-27,待定,待定,公开数据集,https://musicbrainz.org/doc/MusicBrainz_Database,2026-08-31
Trans‐Siberian Orchestra,Trans‐Siberian Orchestra at Idaho Center Arena,,Ford Idaho Center Arena,2003-11-26,待定,待定,公开数据集,https://musicbrainz.org/doc/MusicBrainz_Database,2026-08-31
George King,George King,,,2013-04-24,待定,待定,公开数据集,https://musicbrainz.org/doc/MusicBrainz_Database,2026-08-31
,Umsonst & Draussen ’77,,Amtshausberg,1977-07-01,待定,待定,公开数据集,https://musicbrainz.org/doc/MusicBrainz_Database,2026-08-31
浜田麻里,Mari Hamada Live Tour 2012 “Legenda” TOUR FINAL,,中野サンプラザ,2012-05-26,待定,待定,公开数据集,https://musicbrainz.org/doc/MusicBrainz_Database,2026-08-31
Bruce Springsteen,"2009‐10‐17: The Stone Pony, Asbury Park, NJ, USA",,The Stone Pony,2009-10-17,待定,待定,公开数据集,https://musicbrainz.org/doc/MusicBrainz_Database,2026-08-31
Six Appeal,PAAC Presents: Six Appeal,,Cornell College,2017-02-25,待定,待定,公开数据集,https://musicbrainz.org/doc/MusicBrainz_Database,2026-08-31
Unshackled,Unshackled,,R.A. Fountain General Store,2009-05-29,待定,待定,公开数据集,https://musicbrainz.org/doc/MusicBrainz_Database,2026-08-31
NZ Harp Duo,NZ Harp Duo live at MOON BAR,,MOON 1,2018-08-26,待定,待定,公开数据集,https://musicbrainz.org/doc/MusicBrainz_Database,2026-08-31
Andy Tweed,Karen Street and Andy Tweed,,,2013-06-26,待定,待定,公开数据集,https://musicbrainz.org/doc/MusicBrainz_Database,2026-08-31
David Bowie,David Bowie at Carnegie Hall,,Carnegie Hall,1972-09-28,待定,待定,公开数据集,https://musicbrainz.org/doc/MusicBrainz_Database,2026-08-31
Courtois Trombones,The Courtois Trombones,,,2013-11-27,待定,待定,公开数据集,https://musicbrainz.org/doc/MusicBrainz_Database,2026-08-31
Trans‐Siberian Orchestra,Trans‐Siberian Orchestra at AT&T Center,,Frost Bank Center,2011-12-22,待定,待定,公开数据集,https://musicbrainz.org/doc/MusicBrainz_Database,2026-08-31
The E Street Band,"2003‐08‐09: Lincoln Financial Field, Philadelphia, PA, USA",,Lincoln Financial Field,2003-08-09,待定,待定,公开数据集,https://musicbrainz.org/doc/MusicBrainz_Database,2026-08-31
Lambert,Lambert at E‐Werk,,E‐Werk,2021-05-22,待定,待定,公开数据集,https://musicbrainz.org/doc/MusicBrainz_Database,2026-08-31
Lillasyster,"Sweden Rock Festival 2019, Day 1: Sweden Stage",,Sweden Stage,2019-06-06,待定,待定,公开数据集,https://musicbrainz.org/doc/MusicBrainz_Database,2026-08-31
The E Street Band,"2003‐05‐31: RDS Arena, Dublin, Ireland",,RDS Arena,2003-05-31,待定,待定,公开数据集,https://musicbrainz.org/doc/MusicBrainz_Database,2026-08-31
Ezio,"Fête de la Musique Dudelange, Main Stage",,Open Air Stage Place de l’Hôtel de Ville,1998-06-13,待定,待定,公开数据集,https://musicbrainz.org/doc/MusicBrainz_Database,2026-08-31
,March 2017 Monthly Synth Playground,,Spirit Lodge (1st floor),2017-03-01,待定,待定,公开数据集,https://musicbrainz.org/doc/MusicBrainz_Database,2026-08-31
The E Street Band,"2003‐06‐08: Stadio Artemio Franchi, Florence, Italy",,Stadio Artemio Franchi,2003-06-08,待定,待定,公开数据集,https://musicbrainz.org/doc/MusicBrainz_Database,2026-08-31
Sam Vance-Law,"Immergut Festival 2018, Day 2, Waldbühne",,,2018-05-26,待定,待定,公开数据集,https://musicbrainz.org/doc/MusicBrainz_Database,2026-08-31
U2,U2 at Empire Fulton Ferry,,Brooklyn Bridge Park,2004-11-22,待定,待定,公开数据集,https://musicbrainz.org/doc/MusicBrainz_Database,2026-08-31
Wilberville,Wilberville,,R.A. Fountain General Store,2009-12-13,待定,待定,公开数据集,https://musicbrainz.org/doc/MusicBrainz_Database,2026-08-31
Wilberville,Wilberville,,R.A. Fountain General Store,2010-05-16,待定,待定,公开数据集,https://musicbrainz.org/doc/MusicBrainz_Database,2026-08-31
Pendragon,Pendragon at Stadthalle Kleve,,Stadthalle,1992-03-19,待定,待定,公开数据集,https://musicbrainz.org/doc/MusicBrainz_Database,2026-08-31
Wilberville,Wilberville,,R.A. Fountain General Store,2008-11-02,待定,待定,公开数据集,https://musicbrainz.org/doc/MusicBrainz_Database,2026-08-31
Martin Gerschwitz,Martin Gerschwitz at Bernies Blues Bar,,Bernies Blues Bar,2016-05-28,待定,待定,公开数据集,https://musicbrainz.org/doc/MusicBrainz_Database,2026-08-31
Bruce Springsteen,"2003‐06‐12: AOL Arena, Hamburg, Germany",,Volksparkstadion,2003-06-12,待定,待定,公开数据集,https://musicbrainz.org/doc/MusicBrainz_Database,2026-08-31
,Fête de la Musique Dudelange 2005,,,2005-06-18,待定,待定,公开数据集,https://musicbrainz.org/doc/MusicBrainz_Database,2026-08-31
Flat Mountain Dulcimers,Town of Fountain’s Peanut Festival,,R.A. Fountain General Store,2011-08-20,待定,待定,公开数据集,https://musicbrainz.org/doc/MusicBrainz_Database,2026-08-31
The E Street Band,"2009‐11‐15: Bradley Center, Milwaukee, WI, USA",,BMO Harris Bradley Center,2009-11-15,待定,待定,公开数据集,https://musicbrainz.org/doc/MusicBrainz_Database,2026-08-31
DIR EN GREY,TOUR18 WEARING HUMAN SKIN,,Technikum,2018-10-18,待定,待定,公开数据集,https://musicbrainz.org/doc/MusicBrainz_Database,2026-08-31
Tina May,Tina May & Nikki Iles,,,2014-06-25,待定,待定,公开数据集,https://musicbrainz.org/doc/MusicBrainz_Database,2026-08-31
Back Roads,Back Roads,,R.A. Fountain General Store,2011-01-14,待定,待定,公开数据集,https://musicbrainz.org/doc/MusicBrainz_Database,2026-08-31
Trans‐Siberian Orchestra,Trans‐Siberian Orchestra at Sprint Center,,T‐Mobile Center,2011-12-18,待定,待定,公开数据集,https://musicbrainz.org/doc/MusicBrainz_Database,2026-08-31
Deadwing,Deadwing 'May' Single Launch,,,2019-06-02,待定,待定,公开数据集,https://musicbrainz.org/doc/MusicBrainz_Database,2026-08-31
,"Sónar: Music, creativity & technology",,,2015-06-18,待定,待定,公开数据集,https://musicbrainz.org/doc/MusicBrainz_Database,2026-08-31
Lightnin' Wells,Lightnin’ Wells,,R.A. Fountain General Store,2010-10-29,待定,待定,公开数据集,https://musicbrainz.org/doc/MusicBrainz_Database,2026-08-31
Björk,"Later… with Jools Holland: Series 5, Episode 6",,,1995-06-17,待定,待定,公开数据集,https://musicbrainz.org/doc/MusicBrainz_Database,2026-08-31
The Gaslight Anthem,"2011‐12‐09: Convention Hall, Asbury Park, NJ, USA",,Asbury Park Convention Hall,2011-12-09,待定,待定,公开数据集,https://musicbrainz.org/doc/MusicBrainz_Database,2026-08-31
KISS,Prague Rocks 2019,,Sinobo Stadium,2019-06-19,待定,待定,公开数据集,https://musicbrainz.org/doc/MusicBrainz_Database,2026-08-31
,Hard Rock Calling 2009,,Hyde Park,2009-06-26,待定,待定,公开数据集,https://musicbrainz.org/doc/MusicBrainz_Database,2026-08-31
KISS,KISS at The Spectrum,,Wachovia Spectrum,1987-12-18,待定,待定,公开数据集,https://musicbrainz.org/doc/MusicBrainz_Database,2026-08-31
Trans‐Siberian Orchestra,Trans‐Siberian Orchestra at Asheville Civic Center,,ExploreAsheville.com Arena,2011-04-17,待定,待定,公开数据集,https://musicbrainz.org/doc/MusicBrainz_Database,2026-08-31
Lightnin' Wells,Lightnin’ Wells,,R.A. Fountain General Store,2011-10-28,待定,待定,公开数据集,https://musicbrainz.org/doc/MusicBrainz_Database,2026-08-31
,"Hellfest 2019, Day 1",,"Hellfest, Val de Moine",2019-06-21,待定,待定,公开数据集,https://musicbrainz.org/doc/MusicBrainz_Database,2026-08-31
Bruce Springsteen,The 2004 Induction Ceremony,,Waldorf Astoria New York,2004-03-15,待定,待定,公开数据集,https://musicbrainz.org/doc/MusicBrainz_Database,2026-08-31
THE ALFEE,THE ALFEE at ホクト文化ホール,,ホクト文化ホール 大ホール,2012-11-24,待定,待定,公开数据集,https://musicbrainz.org/doc/MusicBrainz_Database,2026-08-31
Aqua Timez,Aqua Timez at 水戸ライトハウス,,mito LIGHT HOUSE,2018-05-27,待定,待定,公开数据集,https://musicbrainz.org/doc/MusicBrainz_Database,2026-08-31
Lightnin' Wells,Lightnin’ Wells,,R.A. Fountain General Store,2012-10-05,待定,待定,公开数据集,https://musicbrainz.org/doc/MusicBrainz_Database,2026-08-31
,"Hellfest 2019, Day 2",,"Hellfest, Val de Moine",2019-06-22,待定,待定,公开数据集,https://musicbrainz.org/doc/MusicBrainz_Database,2026-08-31
Bruce Springsteen,"2012‐01‐13: Mattison Avenue, Asbury Park, NJ, USA",,Mattison Avenue,2012-01-13,待定,待定,公开数据集,https://musicbrainz.org/doc/MusicBrainz_Database,2026-08-31
THE ALFEE,Neo Universe 2012 Flowers in My Planet @ 神奈川県民ホール,,神奈川県民ホール,2012-11-29,待定,待定,公开数据集,https://musicbrainz.org/doc/MusicBrainz_Database,2026-08-31
,"Hellfest 2019, Day 3",,"Hellfest, Val de Moine",2019-06-23,待定,待定,公开数据集,https://musicbrainz.org/doc/MusicBrainz_Database,2026-08-31
Jackson Browne,"2004‐03‐16: Beacon Theatre, New York City, NY, USA",,Beacon Theatre,2004-03-16,待定,待定,公开数据集,https://musicbrainz.org/doc/MusicBrainz_Database,2026-08-31
Trans‐Siberian Orchestra,Trans‐Siberian Orchestra at Knoxville Civic Coliseum,,Knoxville Civic Coliseum,2011-04-20,待定,待定,公开数据集,https://musicbrainz.org/doc/MusicBrainz_Database,2026-08-31
Lightnin' Wells,Lightnin’ Wells,,R.A. Fountain General Store,2013-03-29,待定,待定,公开数据集,https://musicbrainz.org/doc/MusicBrainz_Database,2026-08-31
Beastwars,"Beastwars ""IV"" Album Release Tour w/ Witchskull, Friday",,San Fran,2019-06-28,待定,待定,公开数据集,https://musicbrainz.org/doc/MusicBrainz_Database,2026-08-31
ANYA,ANYA,,Nemolands Friluftsscene,2016-05-22,待定,待定,公开数据集,https://musicbrainz.org/doc/MusicBrainz_Database,2026-08-31
,Schubertiade Hohenems,,,1977,待定,待定,公开数据集,https://musicbrainz.org/doc/MusicBrainz_Database,2026-08-31
Trans‐Siberian Orchestra,Trans‐Siberian Orchestra at North Charleston Coliseum,,North Charleston Coliseum,2011-04-21,待定,待定,公开数据集,https://musicbrainz.org/doc/MusicBrainz_Database,2026-08-31
Aqua Timez,Aqua Timez at 甲府CONVICTION,,甲府CONVICTION,2018-06-02,待定,待定,公开数据集,https://musicbrainz.org/doc/MusicBrainz_Database,2026-08-31
Lightnin' Wells,Lightnin’ Wells,,R.A. Fountain General Store,2014-10-18,待定,待定,公开数据集,https://musicbrainz.org/doc/MusicBrainz_Database,2026-08-31
,Hellfest 2019,,"Hellfest, Val de Moine",2019-06-21,待定,待定,公开数据集,https://musicbrainz.org/doc/MusicBrainz_Database,2026-08-31
THE ALFEE,Neo Universe 2012 Flowers in My Planet @ ニトリ文化ホール,,ニトリ文化ホール,2012-12-01,待定,待定,公开数据集,https://musicbrainz.org/doc/MusicBrainz_Database,2026-08-31
Blur,"Later… with Jools Holland: Series 6, Episode 3",,,1995-11-18,待定,待定,公开数据集,https://musicbrainz.org/doc/MusicBrainz_Database,2026-08-31
Trans‐Siberian Orchestra,Trans‐Siberian Orchestra at Leon County Civic Center,,Donald L. Tucker Civic Center,2011-04-22,待定,待定,公开数据集,https://musicbrainz.org/doc/MusicBrainz_Database,2026-08-31
,Weihnachtsoratorium,,Stadtkirche Sankt Peter und Paul,2008-11-29,待定,待定,公开数据集,https://musicbrainz.org/doc/MusicBrainz_Database,2026-08-31
Catcha Vibe,Point Sebago Reggae Festival,,,2019-06-07,待定,待定,公开数据集,https://musicbrainz.org/doc/MusicBrainz_Database,2026-08-31
Trans‐Siberian Orchestra,Trans‐Siberian Orchestra at Lakeland Center,,Jenkins Arena,2011-04-23,待定,待定,公开数据集,https://musicbrainz.org/doc/MusicBrainz_Database,2026-08-31
Aqua Timez,Aqua Timez at Live House浜松窓枠,,LiveHouse浜松窓枠,2018-06-03,待定,待定,公开数据集,https://musicbrainz.org/doc/MusicBrainz_Database,2026-08-31
Gene Simmons Band,An Evening With Gene Simmons and His Band at The Pageant,,The Pageant,2017-04-08,待定,待定,公开数据集,https://musicbrainz.org/doc/MusicBrainz_Database,2026-08-31
THE ALFEE,Neo Universe 2012 Flowers in My Planet @ 仙台サンプラザホール,,仙台サンプラザホール,2012-12-08,待定,待定,公开数据集,https://musicbrainz.org/doc/MusicBrainz_Database,2026-08-31
Patti Scialfa,"2004‐04‐18: The Hit Factory, New York City, NY, USA",,The Hit Factory,2004-04-18,待定,待定,公开数据集,https://musicbrainz.org/doc/MusicBrainz_Database,2026-08-31
Trans‐Siberian Orchestra,Trans‐Siberian Orchestra at Valley View Casino Center,,Pechanga Arena,2010-11-26,待定,待定,公开数据集,https://musicbrainz.org/doc/MusicBrainz_Database,2026-08-31
,Leeds Festival 1889,,,1889,待定,待定,公开数据集,https://musicbrainz.org/doc/MusicBrainz_Database,2026-08-31
KISS,KISS at L.C. Walker Arena,,Trinity Health Arena,1988-01-11,待定,待定,公开数据集,https://musicbrainz.org/doc/MusicBrainz_Database,2026-08-31
Trans‐Siberian Orchestra,Trans‐Siberian Orchestra at Charleston Civic Center,,Charleston Civic Center Coliseum,2010-11-04,待定,待定,公开数据集,https://musicbrainz.org/doc/MusicBrainz_Database,2026-08-31
Trans‐Siberian Orchestra,Trans‐Siberian Orchestra at Peoria Civic Center,,Carver Arena,2010-11-06,待定,待定,公开数据集,https://musicbrainz.org/doc/MusicBrainz_Database,2026-08-31
THE ALFEE,THE ALFEE at ホクト文化ホール,,ホクト文化ホール 大ホール,2011-10-16,待定,待定,公开数据集,https://musicbrainz.org/doc/MusicBrainz_Database,2026-08-31
THE ALFEE,THE ALFEE 40th Anniversary 2014 GENESIS @ 川口リリア メインホール,,川口総合文化センター メインホール,2014-04-03,待定,待定,公开数据集,https://musicbrainz.org/doc/MusicBrainz_Database,2026-08-31
Joe Grushecky & the Houserockers,"2004‐07‐17: The Stone Pony, Asbury Park, NJ, USA",,The Stone Pony,2004-07-17,待定,待定,公开数据集,https://musicbrainz.org/doc/MusicBrainz_Database,2026-08-31
VNV Nation,VNV Nation Compendium Show,,Columbiahalle,2015-12-04,待定,待定,公开数据集,https://musicbrainz.org/doc/MusicBrainz_Database,2026-08-31
Trans‐Siberian Orchestra,Trans‐Siberian Orchestra at Peoria Civic Center,,Carver Arena,2010-11-06,待定,待定,公开数据集,https://musicbrainz.org/doc/MusicBrainz_Database,2026-08-31
KISS,KISS at Battelle Hall at Ohio Center,,Battelle Hall,1988-01-13,待定,待定,公开数据集,https://musicbrainz.org/doc/MusicBrainz_Database,2026-08-31
Robert Skoro,"SXSW 2006, day 1: Nuno’s Upstairs",,Nuno’s Upstairs,2006-03-15,待定,待定,公开数据集,https://musicbrainz.org/doc/MusicBrainz_Database,2026-08-31
VNV Nation,VNV Nation Compendium Show,,Alter Schlachthof,2015-12-05,待定,待定,公开数据集,https://musicbrainz.org/doc/MusicBrainz_Database,2026-08-31
張敬軒,2013张敬轩×广州交响乐团佛山新春音乐会,,佛山岭南明珠体育馆主馆,2013-02-23,待定,待定,公开数据集,https://musicbrainz.org/doc/MusicBrainz_Database,2026-08-31
The Revillos,The Revillos at Troubador Club,,Troubador,1980-10-09,待定,待定,公开数据集,https://musicbrainz.org/doc/MusicBrainz_Database,2026-08-31
R.E.M.,Later… with Jools Holland: R.E.M. special,,,1998-11-06,待定,待定,公开数据集,https://musicbrainz.org/doc/MusicBrainz_Database,2026-08-31
Wangel,Wangel,,Nemolands Friluftsscene,2016-05-15,待定,待定,公开数据集,https://musicbrainz.org/doc/MusicBrainz_Database,2026-08-31
The Seahorses,"Later… with Jools Holland: Series 10, Episode 4",,,1997-11-22,待定,待定,公开数据集,https://musicbrainz.org/doc/MusicBrainz_Database,2026-08-31
Lambert,Lambert at Trafo,,Trafo,2019-10-11,待定,待定,公开数据集,https://musicbrainz.org/doc/MusicBrainz_Database,2026-08-31
The Kooks,The Kooks at A2,,А2,2015-11-07,待定,待定,公开数据集,https://musicbrainz.org/doc/MusicBrainz_Database,2026-08-31
,The Proms 1964,,Royal Albert Hall,1964-07-25,待定,待定,公开数据集,https://musicbrainz.org/doc/MusicBrainz_Database,2026-08-31
The E Street Band,"2012‐08‐15: Fenway Park, Boston, MA, USA",,Fenway Park,2012-08-15,待定,待定,公开数据集,https://musicbrainz.org/doc/MusicBrainz_Database,2026-08-31
VNV Nation,VNV Nation Compendium Show,,Batschkapp,2015-12-15,待定,待定,公开数据集,https://musicbrainz.org/doc/MusicBrainz_Database,2026-08-31
KISS,KISS at Civic Arena,,Civic Arena,1988-01-16,待定,待定,公开数据集,https://musicbrainz.org/doc/MusicBrainz_Database,2026-08-31
Saleem Ashkar,Beethoven Emperor Concerto,,"Concert Hall, Hong Kong City Hall",2016-04-09,待定,待定,公开数据集,https://musicbrainz.org/doc/MusicBrainz_Database,2026-08-31
The Revillos,The Revillos at Aston University,,Aston University,1980-10-17,待定,待定,公开数据集,https://musicbrainz.org/doc/MusicBrainz_Database,2026-08-31
Mats/Morgan Band,Enskede Jazzfestival,,,2002,待定,待定,公开数据集,https://musicbrainz.org/doc/MusicBrainz_Database,2026-08-31
Radovan Vlatković,Radovan Vlatković Plays Richard Strauss,,"Concert Hall, Hong Kong City Hall",2016-04-23,待定,待定,公开数据集,https://musicbrainz.org/doc/MusicBrainz_Database,2026-08-31
The Revillos,The Revillos at Centre Hotel,,Centre Hotel,1980-10-23,待定,待定,公开数据集,https://musicbrainz.org/doc/MusicBrainz_Database,2026-08-31
THE ALFEE,Neo Universe 2011 ALWAYS @ 宇都宮市文化会館,,宇都宮市文化会館,2011-11-23,待定,待定,公开数据集,https://musicbrainz.org/doc/MusicBrainz_Database,2026-08-31
The Revillos,The Revillos at Nite Club,,Nite Club,1980-10-24,待定,待定,公开数据集,https://musicbrainz.org/doc/MusicBrainz_Database,2026-08-31
THE ALFEE,Neo Universe 2011 ALWAYS @ 仙台サンプラザホール,,仙台サンプラザホール,2011-11-26,待定,待定,公开数据集,https://musicbrainz.org/doc/MusicBrainz_Database,2026-08-31
Radovan Vlatković,Chamber Music & Dialogue with Radovan Vlatković,,"Concert Hall, Hong Kong City Hall",2016-04-24,待定,待定,公开数据集,https://musicbrainz.org/doc/MusicBrainz_Database,2026-08-31
THE ALFEE,Neo Universe 2011 ALWAYS @ 神奈川県民ホール,,神奈川県民ホール,2011-11-30,待定,待定,公开数据集,https://musicbrainz.org/doc/MusicBrainz_Database,2026-08-31
張敬軒,无限旅程Infinity Journey世界巡回演唱会2013广州站,,广州体育馆,2013-12-27,待定,待定,公开数据集,https://musicbrainz.org/doc/MusicBrainz_Database,2026-08-31
THE ALFEE,Neo Universe 2011 ALWAYS @ 市川市文化会館,,市川市文化会館,2011-12-07,待定,待定,公开数据集,https://musicbrainz.org/doc/MusicBrainz_Database,2026-08-31
Beastwars,"Beastwars ""IV"" Album Release Tour w/ Witchskull, Thursday",,San Fran,2019-06-27,待定,待定,公开数据集,https://musicbrainz.org/doc/MusicBrainz_Database,2026-08-31
Hangatyr,Zwiebelmarkt am Weimarer Atrium 2013,,Bühne am Atrium,2013-10-11,待定,待定,公开数据集,https://musicbrainz.org/doc/MusicBrainz_Database,2026-08-31
Peachcake,"SXSW 2006, day 1: Red 7",,Red 7,2006-03-15,待定,待定,公开数据集,https://musicbrainz.org/doc/MusicBrainz_Database,2026-08-31
Michel Dalberto,Michel Dalberto Piano Masterclass,,Recital Hall,2016-05-05,待定,待定,公开数据集,https://musicbrainz.org/doc/MusicBrainz_Database,2026-08-31
“Weird Al” Yankovic,“Weird Al” Yankovic at Star Plaza Theatre,,Star Plaza Theatre,2016-07-03,待定,待定,公开数据集,https://musicbrainz.org/doc/MusicBrainz_Database,2026-08-31
,The Proms 1965,,Royal Albert Hall,1965-07-17,待定,待定,公开数据集,https://musicbrainz.org/doc/MusicBrainz_Database,2026-08-31
“Weird Al” Yankovic,“Weird Al” Yankovic at Hippodrome Theatre,,Hippodrome Theatre,2016-06-22,待定,待定,公开数据集,https://musicbrainz.org/doc/MusicBrainz_Database,2026-08-31
Paul Stanley’s Soul Station,Paul Stanley’s Soul Station at Billboard Live TOKYO,,Billboard Live TOKYO,2018-01-11,待定,待定,公开数据集,https://musicbrainz.org/doc/MusicBrainz_Database,2026-08-31
“Weird Al” Yankovic,“Weird Al” Yankovic at RiverEdge Park,,John C. Dunham Pavilion,2016-07-02,待定,待定,公开数据集,https://musicbrainz.org/doc/MusicBrainz_Database,2026-08-31
Vilde Frang,Vilde Frang Plays Britten Violin Concerto,,"Concert Hall, Hong Kong City Hall",2016-05-14,待定,待定,公开数据集,https://musicbrainz.org/doc/MusicBrainz_Database,2026-08-31
,Norwich Festival 1902,,,1902,待定,待定,公开数据集,https://musicbrainz.org/doc/MusicBrainz_Database,2026-08-31
“Weird Al” Yankovic,“Weird Al” Yankovic at BankPlus Amphitheatre at Snowden Grove,,BankPlus Amphitheatre at Snowden Grove,2016-07-10,待定,待定,公开数据集,https://musicbrainz.org/doc/MusicBrainz_Database,2026-08-31
The Photos,The Photos in London,,The Venue,1981-03-11,待定,待定,公开数据集,https://musicbrainz.org/doc/MusicBrainz_Database,2026-08-31
Michail Lifits,Michail Lifits Plays Prokofiev no. 3,,"Concert Hall, Hong Kong City Hall",2018-04-28,待定,待定,公开数据集,https://musicbrainz.org/doc/MusicBrainz_Database,2026-08-31
THE ALFEE,THE ALFEE 40th Anniversary 2014 GENESIS @ 相模女子大学グリーンホール,,相模原市立文化会館,2014-06-25,待定,待定,公开数据集,https://musicbrainz.org/doc/MusicBrainz_Database,2026-08-31
Paul Stanley’s Soul Station,Paul Stanley’s Soul Station at Billboard Live TOKYO,,Billboard Live TOKYO,2018-01-13,待定,待定,公开数据集,https://musicbrainz.org/doc/MusicBrainz_Database,2026-08-31
Seth Lakeman,"SXSW 2007, day 4: La Zona Rosa",,La Zona Rosa,2007-03-16,待定,待定,公开数据集,https://musicbrainz.org/doc/MusicBrainz_Database,2026-08-31
Urban Priol,Urban Priol at Badnerlandhalle,,Badnerlandhalle,2011-02-24,待定,待定,公开数据集,https://musicbrainz.org/doc/MusicBrainz_Database,2026-08-31
The Mohawk Lodge,"SXSW 2007, day 4: Lambert's",,Lamberts,2007-03-16,待定,待定,公开数据集,https://musicbrainz.org/doc/MusicBrainz_Database,2026-08-31
Paul Stanley’s Soul Station,Paul Stanley’s Soul Station at Billboard Live OSAKA,,Billboard Live OSAKA,2018-01-15,待定,待定,公开数据集,https://musicbrainz.org/doc/MusicBrainz_Database,2026-08-31
,1943 BBC Prom 21,,Royal Albert Hall,1943-07-13,待定,待定,公开数据集,https://musicbrainz.org/doc/MusicBrainz_Database,2026-08-31
Paul Stanley’s Soul Station,Paul Stanley’s Soul Station at Billboard Live OSAKA,,Billboard Live OSAKA,2018-01-15,待定,待定,公开数据集,https://musicbrainz.org/doc/MusicBrainz_Database,2026-08-31
Trans‐Siberian Orchestra,Trans‐Siberian Orchestra at Conseco Fieldhouse,,Gainbridge Fieldhouse,2010-11-27,待定,待定,公开数据集,https://musicbrainz.org/doc/MusicBrainz_Database,2026-08-31
Puppetmastaz,"SXSW 2007, day 4: Latitude 30",,Latitude 30,2007-03-16,待定,待定,公开数据集,https://musicbrainz.org/doc/MusicBrainz_Database,2026-08-31
The Photos,The Photos in Sheffield,,The Limit,1981-03-15,待定,待定,公开数据集,https://musicbrainz.org/doc/MusicBrainz_Database,2026-08-31
,1905 BBC Prom 07,,,1905-08-26,待定,待定,公开数据集,https://musicbrainz.org/doc/MusicBrainz_Database,2026-08-31
Exit the King,"SXSW 2006, day 1: Redrum Annex",,Redrum Annex,2006-03-15,待定,待定,公开数据集,https://musicbrainz.org/doc/MusicBrainz_Database,2026-08-31
Rattlebox,Rattlebox at Scorz,,Scorz Bar and Grill,2016-04-15,待定,待定,公开数据集,https://musicbrainz.org/doc/MusicBrainz_Database,2026-08-31
“Weird Al” Yankovic,“Weird Al” Yankovic at Hippodrome Theatre,,Hippodrome Theatre,2016-06-22,待定,待定,公开数据集,https://musicbrainz.org/doc/MusicBrainz_Database,2026-08-31
Paul Stanley’s Soul Station,Paul Stanley’s Soul Station at Billboard Live TOKYO,,Billboard Live TOKYO,2018-01-11,待定,待定,公开数据集,https://musicbrainz.org/doc/MusicBrainz_Database,2026-08-31
THE ALFEE,THE ALFEE at フェスティバルホール,,フェスティバルホール,2014-06-15,待定,待定,公开数据集,https://musicbrainz.org/doc/MusicBrainz_Database,2026-08-31
THE ALFEE,THE ALFEE 40th Anniversary 2014 GENESIS @ 市川市文化会館,,市川市文化会館,2014-06-18,待定,待定,公开数据集,https://musicbrainz.org/doc/MusicBrainz_Database,2026-08-31
THE ALFEE,Neo Universe 2013 Grateful Birth Ⅱ @ サンシティ越谷市民ホール,,サンシティ越谷市民ホール,2013-10-03,待定,待定,公开数据集,https://musicbrainz.org/doc/MusicBrainz_Database,2026-08-31
Crux,"Punkfest 2007, Day 1",,Wellington Car Club,2007-10-19,待定,待定,公开数据集,https://musicbrainz.org/doc/MusicBrainz_Database,2026-08-31
Steve Winwood,"Later… with Jools Holland: Series 21, Episode 5",,,2003-06-13,待定,待定,公开数据集,https://musicbrainz.org/doc/MusicBrainz_Database,2026-08-31
The Doppelgängers,"Punkfest 2007, Day 2",,Wellington Car Club,2007-10-20,待定,待定,公开数据集,https://musicbrainz.org/doc/MusicBrainz_Database,2026-08-31
,Masters of Rock 2016,,Areál likérky Rudolf Jelínek,2016-07-14,待定,待定,公开数据集,https://musicbrainz.org/doc/MusicBrainz_Database,2026-08-31
“Weird Al” Yankovic,“Weird Al” Yankovic at RiverEdge Park,,John C. Dunham Pavilion,2016-07-02,待定,待定,公开数据集,https://musicbrainz.org/doc/MusicBrainz_Database,2026-08-31
The E Street Band,"2012‐08‐18: Gillette Stadium, Foxborough, MA, USA",,Gillette Stadium,2012-08-18,待定,待定,公开数据集,https://musicbrainz.org/doc/MusicBrainz_Database,2026-08-31
“Weird Al” Yankovic,“Weird Al” Yankovic at Toledo Zoo Amphitheater,,Toledo Zoo Amphitheater,2016-07-01,待定,待定,公开数据集,https://musicbrainz.org/doc/MusicBrainz_Database,2026-08-31
,The Proms 1968,,Royal Albert Hall,1968-07-19,待定,待定,公开数据集,https://musicbrainz.org/doc/MusicBrainz_Database,2026-08-31
Fun Lovin’ Criminals,"Later... with Jools Holland: Series 12, Episode 3",,,1998-10-30,待定,待定,公开数据集,https://musicbrainz.org/doc/MusicBrainz_Database,2026-08-31
,Frequency Festival 2002,,Salzburgring,2002-06-14,待定,待定,公开数据集,https://musicbrainz.org/doc/MusicBrainz_Database,2026-08-31
Herner Kreuz,Herner Kreuz at Sonne,,Sonne,2014-12-26,待定,待定,公开数据集,https://musicbrainz.org/doc/MusicBrainz_Database,2026-08-31
Vilde Frang,Vilde Frang Plays Britten Violin Concerto,,"Concert Hall, Hong Kong City Hall",2016-05-14,待定,待定,公开数据集,https://musicbrainz.org/doc/MusicBrainz_Database,2026-08-31
X-Clan,"SXSW 2007, day 4: SXSW Dew Music Festival at Town Lake",,Auditorium Shores,2007-03-16,待定,待定,公开数据集,https://musicbrainz.org/doc/MusicBrainz_Database,2026-08-31
The E Street Band,"2012‐08‐24: Rogers Centre, Toronto, ON, Canada",,Rogers Centre,2012-08-24,待定,待定,公开数据集,https://musicbrainz.org/doc/MusicBrainz_Database,2026-08-31
,The Proms 1969,,Royal Albert Hall,1969-07-18,待定,待定,公开数据集,https://musicbrainz.org/doc/MusicBrainz_Database,2026-08-31
GlasBlasSing Quintett,GlasBlasSing Quintett at Jubez,,Jubez,2011-05-06,待定,待定,公开数据集,https://musicbrainz.org/doc/MusicBrainz_Database,2026-08-31
Books on Tape,Captain Ahab / Books On Tape / Lord Grunge / 8Cylinder,,Garfield Artworks,2006-05-04,待定,待定,公开数据集,https://musicbrainz.org/doc/MusicBrainz_Database,2026-08-31
“Weird Al” Yankovic,“Weird Al” Yankovic at BankPlus Amphitheatre at Snowden Grove,,BankPlus Amphitheatre at Snowden Grove,2016-07-10,待定,待定,公开数据集,https://musicbrainz.org/doc/MusicBrainz_Database,2026-08-31
The Photos,The Photos in London,,The Venue,1981-03-11,待定,待定,公开数据集,https://musicbrainz.org/doc/MusicBrainz_Database,2026-08-31
張駿豪,Play the Groove,,Fringe Dairy,2016-07-13,待定,待定,公开数据集,https://musicbrainz.org/doc/MusicBrainz_Database,2026-08-31
,JazzFest Berlin 2018,,,2018-01-11,待定,待定,公开数据集,https://musicbrainz.org/doc/MusicBrainz_Database,2026-08-31
Sufjan Stevens,Sufjan Stevens in Indianapolis,,Old National Centre: Egyptian Room,2006-09-23,待定,待定,公开数据集,https://musicbrainz.org/doc/MusicBrainz_Database,2026-08-31
,The Proms 1970,,Royal Albert Hall,1970-07-17,待定,待定,公开数据集,https://musicbrainz.org/doc/MusicBrainz_Database,2026-08-31
,‘Kathleen Collins: My Book of Songs’ CD Launch,,,2009-11-20,待定,待定,公开数据集,https://musicbrainz.org/doc/MusicBrainz_Database,2026-08-31
Lambert,Lambert at Exil,,Exil,2019-10-25,待定,待定,公开数据集,https://musicbrainz.org/doc/MusicBrainz_Database,2026-08-31
Garrison Keillor,A Prairie Home Companion,,,1996-03-30,待定,待定,公开数据集,https://musicbrainz.org/doc/MusicBrainz_Database,2026-08-31
Samm Bones,RANT 2016 Saturday @ The Abbey afternoon,,,2016-08-13,待定,待定,公开数据集,https://musicbrainz.org/doc/MusicBrainz_Database,2026-08-31
,The Proms 1971,,Royal Albert Hall,1971-07-23,待定,待定,公开数据集,https://musicbrainz.org/doc/MusicBrainz_Database,2026-08-31
Sufjan Stevens,Sufjan Stevens in St. Louis,,The Pageant,2006-09-24,待定,待定,公开数据集,https://musicbrainz.org/doc/MusicBrainz_Database,2026-08-31
,The Proms 1897,,Queen’s Hall,1897-08-28,待定,待定,公开数据集,https://musicbrainz.org/doc/MusicBrainz_Database,2026-08-31
,The Proms 1899,,Queen’s Hall,1899-08-26,待定,待定,公开数据集,https://musicbrainz.org/doc/MusicBrainz_Database,2026-08-31
Lambert,Lambert at Wiener Konzerthaus,,Konzerthaus: Berio Saal,2019-10-27,待定,待定,公开数据集,https://musicbrainz.org/doc/MusicBrainz_Database,2026-08-31
“Weird Al” Yankovic,“Weird Al” Yankovic at Brown Theater at Wortham Center,,Alice and George Brown Theater,2016-07-14,待定,待定,公开数据集,https://musicbrainz.org/doc/MusicBrainz_Database,2026-08-31
Make the Girl Dance,"SXSW 2010, day 2: Speakeasy Kabaret",,Speakeasy Kabaret,2010-03-18,待定,待定,公开数据集,https://musicbrainz.org/doc/MusicBrainz_Database,2026-08-31
“Weird Al” Yankovic,“Weird Al” Yankovic at Hard Rock Live - Hard Rock Hotel and Casino,,Hard Rock Live,2016-07-15,待定,待定,公开数据集,https://musicbrainz.org/doc/MusicBrainz_Database,2026-08-31
,1943 BBC Prom 21,,Royal Albert Hall,1943-07-13,待定,待定,公开数据集,https://musicbrainz.org/doc/MusicBrainz_Database,2026-08-31
“Weird Al” Yankovic,“Weird Al” Yankovic at Winspear Opera House,,Margot and Bill Winspear Opera House,2016-07-16,待定,待定,公开数据集,https://musicbrainz.org/doc/MusicBrainz_Database,2026-08-31
Trans‐Siberian Orchestra,Trans‐Siberian Orchestra at Conseco Fieldhouse,,Gainbridge Fieldhouse,2010-11-27,待定,待定,公开数据集,https://musicbrainz.org/doc/MusicBrainz_Database,2026-08-31
The Photos,The Photos in Sheffield,,The Limit,1981-03-15,待定,待定,公开数据集,https://musicbrainz.org/doc/MusicBrainz_Database,2026-08-31
Trans‐Siberian Orchestra,Trans‐Siberian Orchestra at Conseco Fieldhouse,,Gainbridge Fieldhouse,2010-11-27,待定,待定,公开数据集,https://musicbrainz.org/doc/MusicBrainz_Database,2026-08-31
,1919 BBC Prom 25,,,1919-09-13,待定,待定,公开数据集,https://musicbrainz.org/doc/MusicBrainz_Database,2026-08-31
Elona Planman,Solidaritet holder fest!,,Solidaritetshuset,2016-02-27,待定,待定,公开数据集,https://musicbrainz.org/doc/MusicBrainz_Database,2026-08-31
Your Finest Drops,Your Finest Drops at Kattwinkelsche Fabrik,,Kattwinkelsche Fabrik,1998-02-14,待定,待定,公开数据集,https://musicbrainz.org/doc/MusicBrainz_Database,2026-08-31
Orchestral Manoeuvres in the Dark,Orchestral Manoeuvres in the Dark in Blackburn,,King George’s Hall,1980-11-19,待定,待定,公开数据集,https://musicbrainz.org/doc/MusicBrainz_Database,2026-08-31
,2001 BBC Prom 12,,Royal Albert Hall,2001-07-29,待定,待定,公开数据集,https://musicbrainz.org/doc/MusicBrainz_Database,2026-08-31
The E Street Band,"1981‐08‐24: Los Angeles Memorial Sports Arena, Los Angeles, CA, USA",,Los Angeles Memorial Sports Arena,1981-08-24,待定,待定,公开数据集,https://musicbrainz.org/doc/MusicBrainz_Database,2026-08-31
,Three Choirs Festival 1950,,,1950,待定,待定,公开数据集,https://musicbrainz.org/doc/MusicBrainz_Database,2026-08-31
Orchestral Manoeuvres in the Dark,Orchestral Manoeuvres in the Dark in Liverpool,,Empire Theatre,1980-11-20,待定,待定,公开数据集,https://musicbrainz.org/doc/MusicBrainz_Database,2026-08-31
Your Finest Drops,Your Finest Drops at Subrosa,,Subrosa,1997-12-19,待定,待定,公开数据集,https://musicbrainz.org/doc/MusicBrainz_Database,2026-08-31
Garrison Keillor,A Prairie Home Companion,,,1996-04-06,待定,待定,公开数据集,https://musicbrainz.org/doc/MusicBrainz_Database,2026-08-31
Erykah Badu,"Later… with Jools Holland: Series 9, Episode 6",,,1997-06-14,待定,待定,公开数据集,https://musicbrainz.org/doc/MusicBrainz_Database,2026-08-31
Orchestral Manoeuvres in the Dark,Orchestral Manoeuvres in the Dark in Glasgow,,The Apollo,1980-11-10,待定,待定,公开数据集,https://musicbrainz.org/doc/MusicBrainz_Database,2026-08-31
Lambert,Musikaliska möten: Tvärvägen & Lambert,,Goethe-Institut Stockholm,2015-11-26,待定,待定,公开数据集,https://musicbrainz.org/doc/MusicBrainz_Database,2026-08-31
,The Proms 1898,,Queen’s Hall,1898-08-27,待定,待定,公开数据集,https://musicbrainz.org/doc/MusicBrainz_Database,2026-08-31
The Beautiful South,"Later... with Jools Holland: Series 12, Episode 6",,,1998-11-20,待定,待定,公开数据集,https://musicbrainz.org/doc/MusicBrainz_Database,2026-08-31
Scouts Honor,"SXSW 2007, day 4: Red 7 Patio",,Sony Club @ Red 7 Patio,2007-03-16,待定,待定,公开数据集,https://musicbrainz.org/doc/MusicBrainz_Database,2026-08-31
Buzzcocks,Buzzcocks in Birmingham,,Birmingham Odeon,1980-10-30,待定,待定,公开数据集,https://musicbrainz.org/doc/MusicBrainz_Database,2026-08-31
,Sonorama Ribera 2017,,,2017-08-09,待定,待定,公开数据集,https://musicbrainz.org/doc/MusicBrainz_Database,2026-08-31
Alan Parsons,Alan Parsons at Philipshalle,,Mitsubishi Electric Halle,2004-02-07,待定,待定,公开数据集,https://musicbrainz.org/doc/MusicBrainz_Database,2026-08-31
,Está Mal?,,,2019-06-16,待定,待定,公开数据集,https://musicbrainz.org/doc/MusicBrainz_Database,2026-08-31
,Clockenflap Music and Arts Festival 2015,,West Kowloon Cultural District,2015-11-27,待定,待定,公开数据集,https://musicbrainz.org/doc/MusicBrainz_Database,2026-08-31
The Dutch Disciples,"Graspop Metal Meeting 2019, Day 3: Classic Rock Café",,Classic Rock Café,2019-06-23,待定,待定,公开数据集,https://musicbrainz.org/doc/MusicBrainz_Database,2026-08-31
,Clockenflap Music and Arts Festival 2016,,Central Harbourfront,2016-11-25,待定,待定,公开数据集,https://musicbrainz.org/doc/MusicBrainz_Database,2026-08-31
Spiritualized,"Later… with Jools Holland: Series 11, Episode 1",,,1998-04-17,待定,待定,公开数据集,https://musicbrainz.org/doc/MusicBrainz_Database,2026-08-31
,The Proms 1979,,Royal Albert Hall,1979-07-20,待定,待定,公开数据集,https://musicbrainz.org/doc/MusicBrainz_Database,2026-08-31
,The Proms 1928,,Queen’s Hall,1928-08-11,待定,待定,公开数据集,https://musicbrainz.org/doc/MusicBrainz_Database,2026-08-31
SuperSkunk,Super Skunk + Useless Dogs at Barracudas,,Barracudas Rock Bar,2017-06-01,待定,待定,公开数据集,https://musicbrainz.org/doc/MusicBrainz_Database,2026-08-31
,Rock of Ages 2012,,Festplatz Seebronn,2012-07-27,待定,待定,公开数据集,https://musicbrainz.org/doc/MusicBrainz_Database,2026-08-31
,The Proms 1929,,Queen’s Hall,1929-08-10,待定,待定,公开数据集,https://musicbrainz.org/doc/MusicBrainz_Database,2026-08-31
Buzzcocks,Buzzcocks in Glasgow,,The Apollo,1980-11-06,待定,待定,公开数据集,https://musicbrainz.org/doc/MusicBrainz_Database,2026-08-31
Sad Café,Sad Café in Birmingham,,Birmingham Odeon,1980-11-09,待定,待定,公开数据集,https://musicbrainz.org/doc/MusicBrainz_Database,2026-08-31
The E Street Band,"2012‐06‐03: Bela Vista Park, Lisbon, Portugal",,Palco Mundo,2012-06-04,待定,待定,公开数据集,https://musicbrainz.org/doc/MusicBrainz_Database,2026-08-31
,Davos Festival 2003,,,,待定,待定,公开数据集,https://musicbrainz.org/doc/MusicBrainz_Database,2026-08-31
,The Proms 1940,,Queen’s Hall,1940-08-10,待定,待定,公开数据集,https://musicbrainz.org/doc/MusicBrainz_Database,2026-08-31
Sad Café,Sad Café in Leicester,,De Montfort Hall,1980-11-11,待定,待定,公开数据集,https://musicbrainz.org/doc/MusicBrainz_Database,2026-08-31
Destroy All False Metal,DISARMAMENTAL,,Valhalla,2016-03-11,待定,待定,公开数据集,https://musicbrainz.org/doc/MusicBrainz_Database,2026-08-31
The E Street Band,"2012‐06‐17: Estadio Santiago Bernabéu, Madrid, Spain",,Estadio Santiago Bernabéu,2012-06-17,待定,待定,公开数据集,https://musicbrainz.org/doc/MusicBrainz_Database,2026-08-31
Signal to Noise,"SXSW 2007, day 4: Redrum",,Redrum,2007-03-16,待定,待定,公开数据集,https://musicbrainz.org/doc/MusicBrainz_Database,2026-08-31
,The Proms 1942,,Royal Albert Hall,1942-06-27,待定,待定,公开数据集,https://musicbrainz.org/doc/MusicBrainz_Database,2026-08-31
Sad Café,Sad Café in Oxford,,New Theatre Oxford,1980-11-14,待定,待定,公开数据集,https://musicbrainz.org/doc/MusicBrainz_Database,2026-08-31
,Festival Présences 2008,,,,待定,待定,公开数据集,https://musicbrainz.org/doc/MusicBrainz_Database,2026-08-31
Avian Terror,Dispolar at Black Wire Records,,Black Wire Records,2015-08-22,待定,待定,公开数据集,https://musicbrainz.org/doc/MusicBrainz_Database,2026-08-31
The Hitmen,The Hitmen in London,,Lyceum Theatre,1980-10-23,待定,待定,公开数据集,https://musicbrainz.org/doc/MusicBrainz_Database,2026-08-31
Lambert,Lambert at International Anthony Burgess Foundation,,International Anthony Burgess Foundation,2019-10-23,待定,待定,公开数据集,https://musicbrainz.org/doc/MusicBrainz_Database,2026-08-31
The E Street Band,"2012‐05‐15: Estadio de Gran Canaria, Las Palmas, Spain",,Estadio Gran Canaria,2012-05-15,待定,待定,公开数据集,https://musicbrainz.org/doc/MusicBrainz_Database,2026-08-31
,The Proms 1932,,Queen’s Hall,1932-08-06,待定,待定,公开数据集,https://musicbrainz.org/doc/MusicBrainz_Database,2026-08-31
,The Proms Summer 1948,,Royal Albert Hall,1948-07-24,待定,待定,公开数据集,https://musicbrainz.org/doc/MusicBrainz_Database,2026-08-31
DIR EN GREY,TOUR2013 GHOUL -instinct-,,T.O.P.S Bitts HALL,2013-10-08,待定,待定,公开数据集,https://musicbrainz.org/doc/MusicBrainz_Database,2026-08-31
The E Street Band,"2012‐05‐25: Commerzbank‐Arena, Frankfurt, Germany",,Deutsche Bank Park,2012-05-25,待定,待定,公开数据集,https://musicbrainz.org/doc/MusicBrainz_Database,2026-08-31
Sleaford Mods,Sleaford Mods at Kägelbanan,,Kägelbanan,2018-05-14,待定,待定,公开数据集,https://musicbrainz.org/doc/MusicBrainz_Database,2026-08-31
The E Street Band,"2012‐05‐18: Estadi Olímpic Lluís Companys, Barcelona, Spain",,Estadi Olímpic Lluís Companys,2012-05-18,待定,待定,公开数据集,https://musicbrainz.org/doc/MusicBrainz_Database,2026-08-31
,"Gretna Heritage Festival 2017, Day 3",,Gretna Heritage Festival Grounds,2017-10-01,待定,待定,公开数据集,https://musicbrainz.org/doc/MusicBrainz_Database,2026-08-31
,Leverkusener Jazztage 2013,,,2013-11-08,待定,待定,公开数据集,https://musicbrainz.org/doc/MusicBrainz_Database,2026-08-31
KISS,KISS and Aerosmith at Pepsi Arena,,MVP Arena,2003-11-28,待定,待定,公开数据集,https://musicbrainz.org/doc/MusicBrainz_Database,2026-08-31
Roger Waters,Roger Waters at Lanxess Arena,,Lanxess Arena,2018-06-11,待定,待定,公开数据集,https://musicbrainz.org/doc/MusicBrainz_Database,2026-08-31
KISS,KISS at City Hall,,O₂ City Hall Newcastle,1988-09-29,待定,待定,公开数据集,https://musicbrainz.org/doc/MusicBrainz_Database,2026-08-31
きゃりーぱみゅぱみゅ,The Spooky OBAKEYASHIKI - Pumpkins Strike Back - in Berlin,,Columbia Theater,2018-05-22,待定,待定,公开数据集,https://musicbrainz.org/doc/MusicBrainz_Database,2026-08-31
Jason Collett,"Canadian Music Fest 2010, day 1: Lee's Palace",,Lee’s Palace,2010-03-10,待定,待定,公开数据集,https://musicbrainz.org/doc/MusicBrainz_Database,2026-08-31
Anton Moser,[concert],,Wiener Musikverein,1905-01-29,待定,待定,公开数据集,https://musicbrainz.org/doc/MusicBrainz_Database,2026-08-31
,Prom 04,,Queen’s Hall,1896-09-02,待定,待定,公开数据集,https://musicbrainz.org/doc/MusicBrainz_Database,2026-08-31
,Prom 05,,Queen’s Hall,1896-09-03,待定,待定,公开数据集,https://musicbrainz.org/doc/MusicBrainz_Database,2026-08-31
きゃりーぱみゅぱみゅ,The Spooky OBAKEYASHIKI - Pumpkins Strike Back -,,東京体育館,2017-10-28,待定,待定,公开数据集,https://musicbrainz.org/doc/MusicBrainz_Database,2026-08-31
Paul Stanley,Paul Stanley at The Channel,,The Channel,1989-02-16,待定,待定,公开数据集,https://musicbrainz.org/doc/MusicBrainz_Database,2026-08-31
,[concert],,,1907-02-08,待定,待定,公开数据集,https://musicbrainz.org/doc/MusicBrainz_Database,2026-08-31
Trans‐Siberian Orchestra,Trans‐Siberian Orchestra at Oklahoma City Arena,,Paycom Center,2010-12-01,待定,待定,公开数据集,https://musicbrainz.org/doc/MusicBrainz_Database,2026-08-31
Barry Manilow,Barry Manilow at Westgate Las Vegas Resort & Casino,,Westgate Las Vegas Resort & Casino: International Theater,2021-03-04,待定,待定,公开数据集,https://musicbrainz.org/doc/MusicBrainz_Database,2026-08-31
DJ Bruno X,"Rock in Rio 2015, Day 2: Street Dance",,Palco Street Dance,2015-09-19,待定,待定,公开数据集,https://musicbrainz.org/doc/MusicBrainz_Database,2026-08-31
きゃりーぱみゅぱみゅ,NANDA COLLECTION WORLD TOUR 2014 in SEATTLE,,The Showbox,2014-02-13,待定,待定,公开数据集,https://musicbrainz.org/doc/MusicBrainz_Database,2026-08-31
The E Street Band,"2013‐05‐11: Friends Arena, Solna, Sweden",,Strawberry Arena,2013-05-11,待定,待定,公开数据集,https://musicbrainz.org/doc/MusicBrainz_Database,2026-08-31
Trans‐Siberian Orchestra,Trans‐Siberian Orchestra at Colonial Life Arena,,Colonial Life Arena,2010-12-03,待定,待定,公开数据集,https://musicbrainz.org/doc/MusicBrainz_Database,2026-08-31
Barry Manilow,Barry Manilow at Resorts World Arena,,bp pulse LIVE,2020-08-26,待定,待定,公开数据集,https://musicbrainz.org/doc/MusicBrainz_Database,2026-08-31
DJ Bruno X,"Rock in Rio 2015, Day 3: Street Dance",,Palco Street Dance,2015-09-20,待定,待定,公开数据集,https://musicbrainz.org/doc/MusicBrainz_Database,2026-08-31
L’Orchestre de Jeux Vidéo,FINAL BOSS,,La Salle Marguerite-Bourgeoys,2015-10-31,待定,待定,公开数据集,https://musicbrainz.org/doc/MusicBrainz_Database,2026-08-31
,Prom 34,,Queen’s Hall,1896-10-07,待定,待定,公开数据集,https://musicbrainz.org/doc/MusicBrainz_Database,2026-08-31
L’Orchestre de Jeux Vidéo,ZELDA,,Pollack Hall,2014-02-08,待定,待定,公开数据集,https://musicbrainz.org/doc/MusicBrainz_Database,2026-08-31
,Prom 15,,Queen’s Hall,1897-09-14,待定,待定,公开数据集,https://musicbrainz.org/doc/MusicBrainz_Database,2026-08-31
,Prom 16,,Queen’s Hall,1897-09-15,待定,待定,公开数据集,https://musicbrainz.org/doc/MusicBrainz_Database,2026-08-31
The Fading Light,Deutschtown Music Festival 2019 Friday at Teutonia Mannerchor Tent,,,2019-07-12,待定,待定,公开数据集,https://musicbrainz.org/doc/MusicBrainz_Database,2026-08-31
Lutz 'Lüül' Ulbrich,Lüül & Band at Mikado,,Kulturhaus Mikado,2017-03-05,待定,待定,公开数据集,https://musicbrainz.org/doc/MusicBrainz_Database,2026-08-31
,Prom 06,,Queen’s Hall,1897-09-03,待定,待定,公开数据集,https://musicbrainz.org/doc/MusicBrainz_Database,2026-08-31
,Prom 26,,Queen’s Hall,1897-09-27,待定,待定,公开数据集,https://musicbrainz.org/doc/MusicBrainz_Database,2026-08-31
,Prom 07,,Queen’s Hall,1897-09-04,待定,待定,公开数据集,https://musicbrainz.org/doc/MusicBrainz_Database,2026-08-31
The E Street Band,"2013‐06‐18: Hampden Park, Glasgow, Scotland, UK",,Hampden Park,2013-06-18,待定,待定,公开数据集,https://musicbrainz.org/doc/MusicBrainz_Database,2026-08-31
きゃりーぱみゅぱみゅ,NANDA COLLECTION WORLD TOUR 2014 in COLOGNE,,Gloria Theater,2014-04-27,待定,待定,公开数据集,https://musicbrainz.org/doc/MusicBrainz_Database,2026-08-31
Mark Bragg,"SXSW 2007, day 5: Co-op Bar",,Co-op Bar,2007-03-17,待定,待定,公开数据集,https://musicbrainz.org/doc/MusicBrainz_Database,2026-08-31
Deftones,"Rock in Rio 2015, Day 4: Palco Sunset",,Palco Sunset,2015-09-24,待定,待定,公开数据集,https://musicbrainz.org/doc/MusicBrainz_Database,2026-08-31
,Prom 37,,Queen’s Hall,1897-10-09,待定,待定,公开数据集,https://musicbrainz.org/doc/MusicBrainz_Database,2026-08-31
,Prom 12,,Queen’s Hall,1897-09-10,待定,待定,公开数据集,https://musicbrainz.org/doc/MusicBrainz_Database,2026-08-31
Graham Coxon,"Later… with Jools Holland: Series 20, Episode 8",,,2002-12-06,待定,待定,公开数据集,https://musicbrainz.org/doc/MusicBrainz_Database,2026-08-31
The E Street Band,"2013‐06‐01: Stadio Euganeo, Padua, Italy",,Stadio Euganeo,2013-06-01,待定,待定,公开数据集,https://musicbrainz.org/doc/MusicBrainz_Database,2026-08-31
,Nautilus Tour,,,2002,待定,待定,公开数据集,https://musicbrainz.org/doc/MusicBrainz_Database,2026-08-31
Nethers,"SXSW 2006, day 2: Buffalo Billiards",,Buffalo Billiards,2006-03-16,待定,待定,公开数据集,https://musicbrainz.org/doc/MusicBrainz_Database,2026-08-31
Barry Manilow,Barry Manilow at Utilita Arena Newcastle,,Utilita Arena Newcastle,2020-09-03,待定,待定,公开数据集,https://musicbrainz.org/doc/MusicBrainz_Database,2026-08-31
,Prom 38,,Queen’s Hall,1897-10-11,待定,待定,公开数据集,https://musicbrainz.org/doc/MusicBrainz_Database,2026-08-31
The E Street Band,"2013‐07: Orion Live, Rome, Italy",,Orion Live Club,2013-07-08,待定,待定,公开数据集,https://musicbrainz.org/doc/MusicBrainz_Database,2026-08-31
Jandek,"SXSW 2007, day 5: Central Presbyterian Church",,Central Presbyterian Church,2007-03-17,待定,待定,公开数据集,https://musicbrainz.org/doc/MusicBrainz_Database,2026-08-31
Barry Manilow,Barry Manilow at Westgate Las Vegas Resort & Casino,,Westgate Las Vegas Resort & Casino: International Theater,2021-09-16,待定,待定,公开数据集,https://musicbrainz.org/doc/MusicBrainz_Database,2026-08-31
Barry Manilow,Barry Manilow at Westgate Las Vegas Resort & Casino,,Westgate Las Vegas Resort & Casino: International Theater,2021-09-23,待定,待定,公开数据集,https://musicbrainz.org/doc/MusicBrainz_Database,2026-08-31
,Prom 03,,Queen’s Hall,1897-08-31,待定,待定,公开数据集,https://musicbrainz.org/doc/MusicBrainz_Database,2026-08-31
Viking Skull,"Bloodstock Open Air 2012, Day 0: Sophie Lancaster Stage",,Sophie Lancaster Stage,2012-08-09,待定,待定,公开数据集,https://musicbrainz.org/doc/MusicBrainz_Database,2026-08-31
Young Fathers,Young Fathers at Steirischer Herbst 2015: Soundtracks,,Orpheum,2015-10-10,待定,待定,公开数据集,https://musicbrainz.org/doc/MusicBrainz_Database,2026-08-31
Electric Six,"Later… with Jools Holland: Series 21, Episode 2",,,2003-05-23,待定,待定,公开数据集,https://musicbrainz.org/doc/MusicBrainz_Database,2026-08-31
,Rage Against Racism 2017,,Jugendzentrum „Die Mühle“,2017-06-16,待定,待定,公开数据集,https://musicbrainz.org/doc/MusicBrainz_Database,2026-08-31
Furia,Za ćmą w dym 2017 at Klub Kwadrat,,Klub Kwadrat,2017-11-24,待定,待定,公开数据集,https://musicbrainz.org/doc/MusicBrainz_Database,2026-08-31
Trans‐Siberian Orchestra,Trans‐Siberian Orchestra at Jacksonville Veterans Memorial Arena,,VyStar Veterans Memorial Arena,2010-12-09,待定,待定,公开数据集,https://musicbrainz.org/doc/MusicBrainz_Database,2026-08-31
Barry Manilow,Barry Manilow at Utilita Arena Newcastle,,Utilita Arena Newcastle,2021-06-03,待定,待定,公开数据集,https://musicbrainz.org/doc/MusicBrainz_Database,2026-08-31
The Moaners,"SXSW 2006, day 2: Continental Club",,The Continental Club,2006-03-16,待定,待定,公开数据集,https://musicbrainz.org/doc/MusicBrainz_Database,2026-08-31
,Prom 35,,Queen’s Hall,1897-10-07,待定,待定,公开数据集,https://musicbrainz.org/doc/MusicBrainz_Database,2026-08-31
Paul Stanley,Paul Stanley at Newport Music Hall,,Newport Music Hall,1989-03-01,待定,待定,公开数据集,https://musicbrainz.org/doc/MusicBrainz_Database,2026-08-31
Paul Stanley,Paul Stanley at Agora Ballroom,,Agora Theatre and Ballroom,1989-03-03,待定,待定,公开数据集,https://musicbrainz.org/doc/MusicBrainz_Database,2026-08-31
,Prom 19,,Queen’s Hall,1898-09-17,待定,待定,公开数据集,https://musicbrainz.org/doc/MusicBrainz_Database,2026-08-31
New Look,"Canadian Music Fest 2010, day 2: Lee's Palace",,Lee’s Palace,2010-03-11,待定,待定,公开数据集,https://musicbrainz.org/doc/MusicBrainz_Database,2026-08-31
Bruce Springsteen,"2014‐01‐18: Paramount Theatre, Asbury Park, NJ, USA",,Paramount Theatre,2014-01-18,待定,待定,公开数据集,https://musicbrainz.org/doc/MusicBrainz_Database,2026-08-31
NovemberDecember,The Sound of Bronkow Music Festival 2015,,Societaetstheater,2015-09-05,待定,待定,公开数据集,https://musicbrainz.org/doc/MusicBrainz_Database,2026-08-31
OKBADLANDS,Brisbabes #1,,The Foundry,2015-10-09,待定,待定,公开数据集,https://musicbrainz.org/doc/MusicBrainz_Database,2026-08-31
,Cheltenham Music Festival 1955,,,1955,待定,待定,公开数据集,https://musicbrainz.org/doc/MusicBrainz_Database,2026-08-31
Eric Hanke,"SXSW 2007, day 5: The Ale House",,Austin Ale House,2007-03-17,待定,待定,公开数据集,https://musicbrainz.org/doc/MusicBrainz_Database,2026-08-31
Dreamcatcher,"Bloodstock Open Air 2012, Day 3: New Blood Stage",,New Blood Stage,2012-08-12,待定,待定,公开数据集,https://musicbrainz.org/doc/MusicBrainz_Database,2026-08-31
Barry Manilow,Barry Manilow at McCallum Theatre,,McCallum Theatre,2021-12-12,待定,待定,公开数据集,https://musicbrainz.org/doc/MusicBrainz_Database,2026-08-31
Trans‐Siberian Orchestra,Trans‐Siberian Orchestra at BJCC Arena,,Legacy Arena,2010-12-11,待定,待定,公开数据集,https://musicbrainz.org/doc/MusicBrainz_Database,2026-08-31
Barry Manilow,Barry Manilow at Westgate Las Vegas Resort & Casino,,Westgate Las Vegas Resort & Casino: International Theater,2019-09-19,待定,待定,公开数据集,https://musicbrainz.org/doc/MusicBrainz_Database,2026-08-31
The Luckies,"VOLT Fesztivál 2016, Day 4: OpenAir Rádio Terasz",,OpenAir Rádio Terasz,2016-07-01,待定,待定,公开数据集,https://musicbrainz.org/doc/MusicBrainz_Database,2026-08-31
,Prom 12,,Queen’s Hall,1896-09-11,待定,待定,公开数据集,https://musicbrainz.org/doc/MusicBrainz_Database,2026-08-31
Blue Meanies,Ska Against Racism Tour: Phoenix,,Club Rio,1998-04-04,待定,待定,公开数据集,https://musicbrainz.org/doc/MusicBrainz_Database,2026-08-31
Barry Manilow,Barry Manilow at Westgate Las Vegas Resort & Casino,,Westgate Las Vegas Resort & Casino: International Theater,2019-10-17,待定,待定,公开数据集,https://musicbrainz.org/doc/MusicBrainz_Database,2026-08-31
,Prom 24,,Queen’s Hall,1898-09-23,待定,待定,公开数据集,https://musicbrainz.org/doc/MusicBrainz_Database,2026-08-31
,Prom 25,,Queen’s Hall,1898-09-24,待定,待定,公开数据集,https://musicbrainz.org/doc/MusicBrainz_Database,2026-08-31
E.L.84 Band,E.L.84 Band at Black Jacks in Spanish Fork,,,2015-09-26,待定,待定,公开数据集,https://musicbrainz.org/doc/MusicBrainz_Database,2026-08-31
KISS,KISS at Alamodome,,Alamodome,2000-03-31,待定,待定,公开数据集,https://musicbrainz.org/doc/MusicBrainz_Database,2026-08-31
,Prom 08,,Queen’s Hall,1899-09-04,待定,待定,公开数据集,https://musicbrainz.org/doc/MusicBrainz_Database,2026-08-31
KISS,KISS at Xebio Arena Sendai,,ゼビオアリーナ仙台,2019-12-08,待定,待定,公开数据集,https://musicbrainz.org/doc/MusicBrainz_Database,2026-08-31
KISS,KISS at Dolphins Arena,,愛知県体育館,2019-12-19,待定,待定,公开数据集,https://musicbrainz.org/doc/MusicBrainz_Database,2026-08-31
Alexander Romanovsky,Rakhmanínov og Beethoven,,Harpa: Eldborg,2016-03-10,待定,待定,公开数据集,https://musicbrainz.org/doc/MusicBrainz_Database,2026-08-31
Dr James and the Zero Patients,Main Performer,,The Birmingham Hotel,2001-06-19,待定,待定,公开数据集,https://musicbrainz.org/doc/MusicBrainz_Database,2026-08-31
,Mars Is Heaven!,,,1955-05-08,待定,待定,公开数据集,https://musicbrainz.org/doc/MusicBrainz_Database,2026-08-31
C-Fiction,Rage Against Racism 2008,,Jugendzentrum „Die Mühle“,2008-05-24,待定,待定,公开数据集,https://musicbrainz.org/doc/MusicBrainz_Database,2026-08-31
,Prom 20,,Queen’s Hall,1899-09-18,待定,待定,公开数据集,https://musicbrainz.org/doc/MusicBrainz_Database,2026-08-31
Trans‐Siberian Orchestra,Trans‐Siberian Orchestra at Bradley Center,,BMO Harris Bradley Center,2010-12-26,待定,待定,公开数据集,https://musicbrainz.org/doc/MusicBrainz_Database,2026-08-31
Trans‐Siberian Orchestra,Trans‐Siberian Orchestra at Bradley Center,,BMO Harris Bradley Center,2010-12-26,待定,待定,公开数据集,https://musicbrainz.org/doc/MusicBrainz_Database,2026-08-31
Eric Hofbauer,"SXSW 2007, day 5: Elephant Room",,Elephant Room,2007-03-17,待定,待定,公开数据集,https://musicbrainz.org/doc/MusicBrainz_Database,2026-08-31
,Prom 25,,Queen’s Hall,1899-09-23,待定,待定,公开数据集,https://musicbrainz.org/doc/MusicBrainz_Database,2026-08-31
,Prom 26,,Queen’s Hall,1896-09-28,待定,待定,公开数据集,https://musicbrainz.org/doc/MusicBrainz_Database,2026-08-31
Trans‐Siberian Orchestra,Trans‐Siberian Orchestra at Nassau Veterans Memorial Coliseum,,Nassau Veterans Memorial Coliseum,2010-12-17,待定,待定,公开数据集,https://musicbrainz.org/doc/MusicBrainz_Database,2026-08-31
Barry Manilow,Barry Manilow at Westgate Las Vegas Resort & Casino,,Westgate Las Vegas Resort & Casino: International Theater,2019-05-24,待定,待定,公开数据集,https://musicbrainz.org/doc/MusicBrainz_Database,2026-08-31
Trans‐Siberian Orchestra,Trans‐Siberian Orchestra at Tower Theatre,,Tower Theater,2010-04-07,待定,待定,公开数据集,https://musicbrainz.org/doc/MusicBrainz_Database,2026-08-31
,The Man in the Moon,,,1955-05-29,待定,待定,公开数据集,https://musicbrainz.org/doc/MusicBrainz_Database,2026-08-31
Big Big Train,Big Big Train at Cadogan Hall,,Cadogan Hall,2017-09-29,待定,待定,公开数据集,https://musicbrainz.org/doc/MusicBrainz_Database,2026-08-31
Fozzey & VanC,Fozzey & VanC at Northcote Social Club,,Northcote Social Club,2013-05-18,待定,待定,公开数据集,https://musicbrainz.org/doc/MusicBrainz_Database,2026-08-31
,Prom 43,,Queen’s Hall,1900-10-13,待定,待定,公开数据集,https://musicbrainz.org/doc/MusicBrainz_Database,2026-08-31
KISS,KISS at City Island Sports Complex,,Skyline Sports Complex,1990-07-08,待定,待定,公开数据集,https://musicbrainz.org/doc/MusicBrainz_Database,2026-08-31
,Prom 45,,Queen’s Hall,1900-10-16,待定,待定,公开数据集,https://musicbrainz.org/doc/MusicBrainz_Database,2026-08-31
KISS,KISS at Bakersfield Centennial Garden,,Dignity Health Arena,2000-03-21,待定,待定,公开数据集,https://musicbrainz.org/doc/MusicBrainz_Database,2026-08-31
,Prom 34,,Queen’s Hall,1898-10-05,待定,待定,公开数据集,https://musicbrainz.org/doc/MusicBrainz_Database,2026-08-31
The Strokes,"Later… With Jools Holland: Series 27, Episode 8",,BBC Television Centre,2006-06-23,待定,待定,公开数据集,https://musicbrainz.org/doc/MusicBrainz_Database,2026-08-31
Robert Kraft,Robert Kraft at Newport Jazz Festival 1980,,The Town Hall,1980-07-06,待定,待定,公开数据集,https://musicbrainz.org/doc/MusicBrainz_Database,2026-08-31
,The Proms 1960,,Royal Albert Hall,1960-07-23,待定,待定,公开数据集,https://musicbrainz.org/doc/MusicBrainz_Database,2026-08-31
The E Street Band,"2012‐07‐14: Hyde Park, London, England, UK",,Hyde Park,2012-07-14,待定,待定,公开数据集,https://musicbrainz.org/doc/MusicBrainz_Database,2026-08-31
,Rogers Sarnia Bayfest 2012,,Centennial Park,2012-07-12,待定,待定,公开数据集,https://musicbrainz.org/doc/MusicBrainz_Database,2026-08-31
The E Street Band,"2012‐07‐12: Ernst‐Happel‐Stadion, Vienna, Austria",,Ernst‐Happel‐Stadion,2012-07-12,待定,待定,公开数据集,https://musicbrainz.org/doc/MusicBrainz_Database,2026-08-31
The E Street Band,"2012‐07‐17: RDS Arena, Dublin, Ireland",,RDS Arena,2012-07-17,待定,待定,公开数据集,https://musicbrainz.org/doc/MusicBrainz_Database,2026-08-31
,City of London Festival,,,,待定,待定,公开数据集,https://musicbrainz.org/doc/MusicBrainz_Database,2026-08-31
Sufjan Stevens,Sufjan Stevens in Atlanta,,Fox Theatre,2006-09-20,待定,待定,公开数据集,https://musicbrainz.org/doc/MusicBrainz_Database,2026-08-31
,The Proms 1961,,Royal Albert Hall,1961-07-22,待定,待定,公开数据集,https://musicbrainz.org/doc/MusicBrainz_Database,2026-08-31
Sunwook Kim,Sunwook Kim Plays Brahms,,"Concert Hall, Hong Kong City Hall",2016-07-09,待定,待定,公开数据集,https://musicbrainz.org/doc/MusicBrainz_Database,2026-08-31
Ginger and the Bee,"Gretna Heritage Festival 2017, Day 2: Riverfront Stage",,Riverfront Stage,2017-09-30,待定,待定,公开数据集,https://musicbrainz.org/doc/MusicBrainz_Database,2026-08-31
Mermaidens,Mermgrown Festival 2021,,Workingmens Bowling Club,2021-02-20,待定,待定,公开数据集,https://musicbrainz.org/doc/MusicBrainz_Database,2026-08-31
“Weird Al” Yankovic,“Weird Al” Yankovic at McMenamin’s Historic Edgefield Manor,,McMenamins Edgefield,2016-07-28,待定,待定,公开数据集,https://musicbrainz.org/doc/MusicBrainz_Database,2026-08-31
Michael Schiefel,My Home Is My Tent,,Fringe Dairy,2016-06-14,待定,待定,公开数据集,https://musicbrainz.org/doc/MusicBrainz_Database,2026-08-31
,Nashville Pussy,,,2019-09-27,待定,待定,公开数据集,https://musicbrainz.org/doc/MusicBrainz_Database,2026-08-31
Our Lady Peace,"Gretna Heritage Festival 2017, Day 2: Main Stage",,Main Stage,2017-09-30,待定,待定,公开数据集,https://musicbrainz.org/doc/MusicBrainz_Database,2026-08-31
Lambert,Lambert at XJAZZ 2014,,Emmauskirche,2014-05-10,待定,待定,公开数据集,https://musicbrainz.org/doc/MusicBrainz_Database,2026-08-31
,Massive Attack,,,2019-09-14,待定,待定,公开数据集,https://musicbrainz.org/doc/MusicBrainz_Database,2026-08-31
,Sacrum Profanum Festival 2009,,,,待定,待定,公开数据集,https://musicbrainz.org/doc/MusicBrainz_Database,2026-08-31
Michael Schiefel,My Home Is My Tent,,Fringe Dairy,2016-06-15,待定,待定,公开数据集,https://musicbrainz.org/doc/MusicBrainz_Database,2026-08-31
Carlo Ditta,"Gretna Heritage Festival 2017, Day 2: Italian Village Stage",,Italian Village Stage,2017-09-30,待定,待定,公开数据集,https://musicbrainz.org/doc/MusicBrainz_Database,2026-08-31
“Weird Al” Yankovic,“Weird Al” Yankovic at Red Butte Garden Amphitheatre,,Red Butte Garden Amphitheatre,2016-08-05,待定,待定,公开数据集,https://musicbrainz.org/doc/MusicBrainz_Database,2026-08-31
Black Chrome,"Punkfest 2006, Day 1",,Wellington Car Club,2006-10-20,待定,待定,公开数据集,https://musicbrainz.org/doc/MusicBrainz_Database,2026-08-31
“Weird Al” Yankovic,“Weird Al” Yankovic at Starlight Theatre,,Starlight Theatre,2016-08-07,待定,待定,公开数据集,https://musicbrainz.org/doc/MusicBrainz_Database,2026-08-31
10 Years,"Rock Fest 2012, Day 2",,Chippewa Valley Festival Grounds,2012-07-20,待定,待定,公开数据集,https://musicbrainz.org/doc/MusicBrainz_Database,2026-08-31
Hazel O’Connor,Hazel O'Connor in London,,The Dominion Theatre,1980-12-06,待定,待定,公开数据集,https://musicbrainz.org/doc/MusicBrainz_Database,2026-08-31
Arktis,Arktis Promotion Gig auf dem Marktplatz vor dem Alten Rathaus,,Bühne auf dem Marktplatz vor dem Alten Rathaus,1975-05-30,待定,待定,公开数据集,https://musicbrainz.org/doc/MusicBrainz_Database,2026-08-31
Hazel O’Connor,Hazel O'Connor in Liverpool,,University of Liverpool,1980-11-28,待定,待定,公开数据集,https://musicbrainz.org/doc/MusicBrainz_Database,2026-08-31
,City of London Festival,,,2012-06-24,待定,待定,公开数据集,https://musicbrainz.org/doc/MusicBrainz_Database,2026-08-31
,The Proms 1959,,Royal Albert Hall,1959-07-25,待定,待定,公开数据集,https://musicbrainz.org/doc/MusicBrainz_Database,2026-08-31
Hazel O’Connor,Hazel O'Connor in Edinburgh,,The Odeon,1980-11-29,待定,待定,公开数据集,https://musicbrainz.org/doc/MusicBrainz_Database,2026-08-31
“Weird Al” Yankovic,“Weird Al” Yankovic at Arlington Theatre,,Arlington Theatre,2016-08-02,待定,待定,公开数据集,https://musicbrainz.org/doc/MusicBrainz_Database,2026-08-31
Hazel O’Connor,Hazel O'Connor in Newcastle,,O₂ City Hall Newcastle,1980-12-01,待定,待定,公开数据集,https://musicbrainz.org/doc/MusicBrainz_Database,2026-08-31
Bruce Springsteen,"2012‐07‐22: Rådhusplassen, Oslo, Norway",,Rådhusplassen,2012-07-22,待定,待定,公开数据集,https://musicbrainz.org/doc/MusicBrainz_Database,2026-08-31
“Weird Al” Yankovic,“Weird Al” Yankovic at Comerica Theatre,,Arizona Financial Theatre,2016-08-03,待定,待定,公开数据集,https://musicbrainz.org/doc/MusicBrainz_Database,2026-08-31
Hazel O’Connor,Hazel O'Connor in Leicester,,De Montfort Hall,1980-12-02,待定,待定,公开数据集,https://musicbrainz.org/doc/MusicBrainz_Database,2026-08-31
Art of Dying,"Rock Fest 2012, Day 1",,Chippewa Valley Festival Grounds,2012-07-19,待定,待定,公开数据集,https://musicbrainz.org/doc/MusicBrainz_Database,2026-08-31
Hazel O’Connor,Hazel O'Connor in Leeds,,University of Leeds,1980-12-03,待定,待定,公开数据集,https://musicbrainz.org/doc/MusicBrainz_Database,2026-08-31
David Greilsammer,David Greilsammer & Hong Kong Sinfonietta: Paris – Vienna – Budapest,,"Concert Hall, Hong Kong City Hall",2016-06-25,待定,待定,公开数据集,https://musicbrainz.org/doc/MusicBrainz_Database,2026-08-31
The E Street Band,"2012‐07‐24: Koengen, Bergen, Norway",,Koengen,2012-07-24,待定,待定,公开数据集,https://musicbrainz.org/doc/MusicBrainz_Database,2026-08-31
Woods,"Canadian Music Fest 2010, day 5: Horseshoe Tavern",,Horseshoe Tavern,2010-03-14,待定,待定,公开数据集,https://musicbrainz.org/doc/MusicBrainz_Database,2026-08-31
ハニーストラップ,Honey Feast 1杯目 – ハニーハウスへようこそ！-,,池袋HUMAXシネマズ,2019-07-15,待定,待定,公开数据集,https://musicbrainz.org/doc/MusicBrainz_Database,2026-08-31
,Festival Musica 2009,,,,待定,待定,公开数据集,https://musicbrainz.org/doc/MusicBrainz_Database,2026-08-31
Prince,"Prince Aftershow at the Paard van Troje, Den Haag, Netherlands",,Paard,1988-08-19,待定,待定,公开数据集,https://musicbrainz.org/doc/MusicBrainz_Database,2026-08-31
,The Proms 1996,,Royal Albert Hall,1996-07-19,待定,待定,公开数据集,https://musicbrainz.org/doc/MusicBrainz_Database,2026-08-31
KISS,KISS at Tarrant County Convention Center,,Fort Worth Convention Center,1988-02-27,待定,待定,公开数据集,https://musicbrainz.org/doc/MusicBrainz_Database,2026-08-31
Buda Folk Band,"VOLT Fesztivál 2016, Day 3: Erzsébet-Utalvány Folk Színpad",,Erzsébet-Utalvány Folk Színpad,2016-06-30,待定,待定,公开数据集,https://musicbrainz.org/doc/MusicBrainz_Database,2026-08-31
Five Star,Five Star in Birmingham,,National Exhibition Centre,1987-10-13,待定,待定,公开数据集,https://musicbrainz.org/doc/MusicBrainz_Database,2026-08-31
,The Proms 1997,,Royal Albert Hall,1997-07-18,待定,待定,公开数据集,https://musicbrainz.org/doc/MusicBrainz_Database,2026-08-31
Sufjan Stevens,Sufjan Stevens in Philadelphia,,Tower Theater,2006-09-28,待定,待定,公开数据集,https://musicbrainz.org/doc/MusicBrainz_Database,2026-08-31
Empathy Test,Safe From Harm Tour,,Melodrom,2017-12-30,待定,待定,公开数据集,https://musicbrainz.org/doc/MusicBrainz_Database,2026-08-31
,The Proms 1998,,Royal Albert Hall,1998-07-17,待定,待定,公开数据集,https://musicbrainz.org/doc/MusicBrainz_Database,2026-08-31
Five Star,Five Star in Nottingham,,Royal Concert Hall,1987-10-15,待定,待定,公开数据集,https://musicbrainz.org/doc/MusicBrainz_Database,2026-08-31
KISS,KISS at Dane County Expo Center Coliseum,,Alliant Energy Center: Veterans Memorial Coliseum,1988-03-01,待定,待定,公开数据集,https://musicbrainz.org/doc/MusicBrainz_Database,2026-08-31
Sufjan Stevens,Sufjan Stevens in New York,,The Town Hall,2006-09-29,待定,待定,公开数据集,https://musicbrainz.org/doc/MusicBrainz_Database,2026-08-31
The E Street Band,"2012‐09‐07: Wrigley Field, Chicago, IL, USA",,Wrigley Field,2012-09-07,待定,待定,公开数据集,https://musicbrainz.org/doc/MusicBrainz_Database,2026-08-31
,The Proms 1999,,Royal Albert Hall,1999-07-16,待定,待定,公开数据集,https://musicbrainz.org/doc/MusicBrainz_Database,2026-08-31
Empathy Test,Safe From Harm Tour,,Reithalle,2017-12-31,待定,待定,公开数据集,https://musicbrainz.org/doc/MusicBrainz_Database,2026-08-31
Five Star,Five Star in Nottingham,,Royal Concert Hall,1987-10-16,待定,待定,公开数据集,https://musicbrainz.org/doc/MusicBrainz_Database,2026-08-31
KISS,KISS at Star Plaza Theatre,,Star Plaza Theatre,1988-03-02,待定,待定,公开数据集,https://musicbrainz.org/doc/MusicBrainz_Database,2026-08-31
,The Proms 2000,,Royal Albert Hall,2000-07-14,待定,待定,公开数据集,https://musicbrainz.org/doc/MusicBrainz_Database,2026-08-31
Sufjan Stevens,Sufjan Stevens in New York,,The Town Hall,2006-09-30,待定,待定,公开数据集,https://musicbrainz.org/doc/MusicBrainz_Database,2026-08-31
Strike,[concert],,Wellington Town Hall,2000-10-26,待定,待定,公开数据集,https://musicbrainz.org/doc/MusicBrainz_Database,2026-08-31
DJ Future,"VOLT Fesztivál 2016, Day 2: Soproni Dóm",,Soproni Dóm,2016-06-29,待定,待定,公开数据集,https://musicbrainz.org/doc/MusicBrainz_Database,2026-08-31
Neko Case,Neko Case at Castle Clinton,,Castle Clinton,2002-08-01,待定,待定,公开数据集,https://musicbrainz.org/doc/MusicBrainz_Database,2026-08-31
,The Proms 2001,,Royal Albert Hall,2001-07-20,待定,待定,公开数据集,https://musicbrainz.org/doc/MusicBrainz_Database,2026-08-31
Five Star,Five Star in Bristol,,Bristol Hippodrome,1987-10-18,待定,待定,公开数据集,https://musicbrainz.org/doc/MusicBrainz_Database,2026-08-31
KISS,KISS at Carver Arena at Peoria Civic Center,,Carver Arena,1988-03-03,待定,待定,公开数据集,https://musicbrainz.org/doc/MusicBrainz_Database,2026-08-31
Sufjan Stevens,Sufjan Stevens in New York,,The Town Hall,2006-10-01,待定,待定,公开数据集,https://musicbrainz.org/doc/MusicBrainz_Database,2026-08-31
Skunk Anansie,"Later... with Jools Holland: Series 13, Episode 3",,,1999-04-30,待定,待定,公开数据集,https://musicbrainz.org/doc/MusicBrainz_Database,2026-08-31
,The Proms 2002,,Royal Albert Hall,2002-07-19,待定,待定,公开数据集,https://musicbrainz.org/doc/MusicBrainz_Database,2026-08-31
Sonic Youth,Sonic Youth at Central Park,,Central Park,2002-08-11,待定,待定,公开数据集,https://musicbrainz.org/doc/MusicBrainz_Database,2026-08-31
The E Street Band,"2012‐09‐08: Wrigley Field, Chicago, IL, USA",,Wrigley Field,2012-09-08,待定,待定,公开数据集,https://musicbrainz.org/doc/MusicBrainz_Database,2026-08-31
Five Star,Five Star in Bristol,,Bristol Hippodrome,1987-10-19,待定,待定,公开数据集,https://musicbrainz.org/doc/MusicBrainz_Database,2026-08-31
KISS,KISS at Winnipeg Arena,,Winnipeg Arena,1988-03-05,待定,待定,公开数据集,https://musicbrainz.org/doc/MusicBrainz_Database,2026-08-31
Sufjan Stevens,Sufjan Stevens in Los Angeles,,The Wiltern,2006-10-09,待定,待定,公开数据集,https://musicbrainz.org/doc/MusicBrainz_Database,2026-08-31
,The Proms 2003,,Royal Albert Hall,2003-07-18,待定,待定,公开数据集,https://musicbrainz.org/doc/MusicBrainz_Database,2026-08-31
The Brisk,SchoolJam 2015 Bochum,,Bahnhof Langendreer,2015-02-11,待定,待定,公开数据集,https://musicbrainz.org/doc/MusicBrainz_Database,2026-08-31
,The Proms 2004,,Royal Albert Hall,2004-07-16,待定,待定,公开数据集,https://musicbrainz.org/doc/MusicBrainz_Database,2026-08-31
KISS,KISS at Edmonton Coliseum,,Northlands Coliseum,1988-03-08,待定,待定,公开数据集,https://musicbrainz.org/doc/MusicBrainz_Database,2026-08-31
The E Street Band,"2012‐09‐14: Nationals Park, Washington, DC, USA",,Nationals Park,2012-09-14,待定,待定,公开数据集,https://musicbrainz.org/doc/MusicBrainz_Database,2026-08-31
Sufjan Stevens,Sufjan Stevens in Berkeley,,Zellerbach Hall,2006-10-10,待定,待定,公开数据集,https://musicbrainz.org/doc/MusicBrainz_Database,2026-08-31
Ferdinand Helmann,[concert],,,1940-03-14,待定,待定,公开数据集,https://musicbrainz.org/doc/MusicBrainz_Database,2026-08-31
,The Proms 2005,,Royal Albert Hall,2005-07-15,待定,待定,公开数据集,https://musicbrainz.org/doc/MusicBrainz_Database,2026-08-31
Five Star,Five Star in St. Austell,,Cornwall Coliseum,1987-10-21,待定,待定,公开数据集,https://musicbrainz.org/doc/MusicBrainz_Database,2026-08-31
KISS,KISS at Olympic Saddledome,,Scotiabank Saddledome,1988-03-09,待定,待定,公开数据集,https://musicbrainz.org/doc/MusicBrainz_Database,2026-08-31
Sufjan Stevens,Sufjan Stevens in Berkeley,,Zellerbach Hall,2006-10-11,待定,待定,公开数据集,https://musicbrainz.org/doc/MusicBrainz_Database,2026-08-31
,The Proms 2006,,Royal Albert Hall,2006-07-14,待定,待定,公开数据集,https://musicbrainz.org/doc/MusicBrainz_Database,2026-08-31
The E Street Band,"2012‐09‐19: MetLife Stadium, East Rutherford, NJ, USA",,MetLife Stadium,2012-09-19,待定,待定,公开数据集,https://musicbrainz.org/doc/MusicBrainz_Database,2026-08-31
Gregor Piatigorsky,[concert],,Symphony Hall,1941-02-07,待定,待定,公开数据集,https://musicbrainz.org/doc/MusicBrainz_Database,2026-08-31
Five Star,Five Star in Bournemouth,,Bournemouth International Centre,1987-10-23,待定,待定,公开数据集,https://musicbrainz.org/doc/MusicBrainz_Database,2026-08-31
KISS,KISS at Pacific Coliseum,,Pacific Coliseum,1988-03-11,待定,待定,公开数据集,https://musicbrainz.org/doc/MusicBrainz_Database,2026-08-31
,The Proms 2007,,Royal Albert Hall,2007-07-13,待定,待定,公开数据集,https://musicbrainz.org/doc/MusicBrainz_Database,2026-08-31
The E Street Band,"2012‐09‐21: MetLife Stadium, East Rutherford, NJ, USA",,MetLife Stadium,2012-09-21,待定,待定,公开数据集,https://musicbrainz.org/doc/MusicBrainz_Database,2026-08-31
Marilyn Manson,"Festival de Carcassonne 2012, Day: Théâtre Jean-Deschamps",,Théâtre Jean-Deschamps,2012-07-19,待定,待定,公开数据集,https://musicbrainz.org/doc/MusicBrainz_Database,2026-08-31
Ambros Chapel,Ambros Chapel at Café Da Capo,,Café Da Capo,2017-09-22,待定,待定,公开数据集,https://musicbrainz.org/doc/MusicBrainz_Database,2026-08-31
,The Proms 2008,,Royal Albert Hall,2008-07-18,待定,待定,公开数据集,https://musicbrainz.org/doc/MusicBrainz_Database,2026-08-31
Five Star,Five Star in London,,OVO Arena Wembley,1987-10-24,待定,待定,公开数据集,https://musicbrainz.org/doc/MusicBrainz_Database,2026-08-31
KISS,KISS at Jackson County Expo Park,,Jackson County Expo,1988-03-13,待定,待定,公开数据集,https://musicbrainz.org/doc/MusicBrainz_Database,2026-08-31
Sufjan Stevens,Sufjan Stevens in Vancouver,,St. Andrew's Wesley Church,2006-10-14,待定,待定,公开数据集,https://musicbrainz.org/doc/MusicBrainz_Database,2026-08-31
Barry Manilow,Barry Manilow at McCallum Theatre,,McCallum Theatre,2021-12-08,待定,待定,公开数据集,https://musicbrainz.org/doc/MusicBrainz_Database,2026-08-31
Ars Nova,Planet Pul V,,De Pul,1997-06-07,待定,待定,公开数据集,https://musicbrainz.org/doc/MusicBrainz_Database,2026-08-31
,Prom 25,,Queen’s Hall,1898-09-24,待定,待定,公开数据集,https://musicbrainz.org/doc/MusicBrainz_Database,2026-08-31
Annihilist,"Uncle Alberts, Middlesbrough",,Uncle Alberts,2009-05-11,待定,待定,公开数据集,https://musicbrainz.org/doc/MusicBrainz_Database,2026-08-31
The E Street Band,"2014‐01‐13: SIR Studios, New York City, NY, USA",,SIR Studios,2014-01-13,待定,待定,公开数据集,https://musicbrainz.org/doc/MusicBrainz_Database,2026-08-31
Lambert,Lambert at Ampere,,Ampere,2016-01-10,待定,待定,公开数据集,https://musicbrainz.org/doc/MusicBrainz_Database,2026-08-31
The Drivers,One More Cigarette Release Party,,,2019-07-19,待定,待定,公开数据集,https://musicbrainz.org/doc/MusicBrainz_Database,2026-08-31
KISS,KISS at Charleston Civic Center,,Charleston Civic Center Coliseum,1990-07-14,待定,待定,公开数据集,https://musicbrainz.org/doc/MusicBrainz_Database,2026-08-31
,Prom 50,,Queen’s Hall,1900-10-22,待定,待定,公开数据集,https://musicbrainz.org/doc/MusicBrainz_Database,2026-08-31
Barry Manilow,Barry Manilow at Westgate Las Vegas Resort & Casino,,Westgate Las Vegas Resort & Casino: International Theater,2019-02-23,待定,待定,公开数据集,https://musicbrainz.org/doc/MusicBrainz_Database,2026-08-31
Desakato,"Resurrection Fest XI, Day 2: Main Stage",,Main Stage,2016-07-08,待定,待定,公开数据集,https://musicbrainz.org/doc/MusicBrainz_Database,2026-08-31
Amadeus Quartet,Aldeburgh Festival 1966: [concert],,St Peter and St Paul's Church,1966-06-12,待定,待定,公开数据集,https://musicbrainz.org/doc/MusicBrainz_Database,2026-08-31
Travis,"Summer Sonic Festival Osaka 2007, day 2: Sonic Stage",,舞洲アリーナ,2007-08-12,待定,待定,公开数据集,https://musicbrainz.org/doc/MusicBrainz_Database,2026-08-31
Six Demon Bag,Deutschtown Music Festival 2019 Saturday at Allegheny City Brewery,,,2019-07-13,待定,待定,公开数据集,https://musicbrainz.org/doc/MusicBrainz_Database,2026-08-31
Carpet Crawlers,Carpet Crawlers at Heinz‐Hilpert‐Theater,,Heinz‐Hilpert‐Theater,2017-10-03,待定,待定,公开数据集,https://musicbrainz.org/doc/MusicBrainz_Database,2026-08-31
Obliveon,"25 Ans du Métal Québécois, day 1: Bands from 1990s",,Club Soda,2007-08-31,待定,待定,公开数据集,https://musicbrainz.org/doc/MusicBrainz_Database,2026-08-31
,Prom 51,,Queen’s Hall,1900-10-23,待定,待定,公开数据集,https://musicbrainz.org/doc/MusicBrainz_Database,2026-08-31
,Aldeburgh Festival 1960,,,1960-06-11,待定,待定,公开数据集,https://musicbrainz.org/doc/MusicBrainz_Database,2026-08-31
Barry Manilow,Barry Manilow at Westgate Las Vegas Resort & Casino,,Westgate Las Vegas Resort & Casino: International Theater,2019-02-22,待定,待定,公开数据集,https://musicbrainz.org/doc/MusicBrainz_Database,2026-08-31
KISS,KISS at Rupp Arena,,Rupp Arena at Central Bank Center,1990-07-17,待定,待定,公开数据集,https://musicbrainz.org/doc/MusicBrainz_Database,2026-08-31
Birna Hallgrímsdóttir,"Föstudagsröðin - Hafið, hafið...",,Harpa: Eldborg,2016-04-01,待定,待定,公开数据集,https://musicbrainz.org/doc/MusicBrainz_Database,2026-08-31
Hoodoo Gurus,WDR 1 Rocknacht,,Biskuithalle,1994-11-12,待定,待定,公开数据集,https://musicbrainz.org/doc/MusicBrainz_Database,2026-08-31
Barry Manilow,Barry Manilow at Westgate Las Vegas Resort & Casino,,Westgate Las Vegas Resort & Casino: International Theater,2019-02-21,待定,待定,公开数据集,https://musicbrainz.org/doc/MusicBrainz_Database,2026-08-31
Grant Street Grifters,RANT 2016 Saturday @ Full Pint Wild Side,,,2016-08-13,待定,待定,公开数据集,https://musicbrainz.org/doc/MusicBrainz_Database,2026-08-31
Gary Collocott,Gary Collocott at Mr. P.P.'s Deli & Rooftop,,Mr. P.P.'s Deli & Rooftop,2018-04-06,待定,待定,公开数据集,https://musicbrainz.org/doc/MusicBrainz_Database,2026-08-31
Lofi Delphi,RANT 2016 Saturday @ Javo Studios,,,2016-08-13,待定,待定,公开数据集,https://musicbrainz.org/doc/MusicBrainz_Database,2026-08-31
KISS,KISS at Lubbock Memorial Coliseum,,Lubbock Municipal Coliseum,1990-05-04,待定,待定,公开数据集,https://musicbrainz.org/doc/MusicBrainz_Database,2026-08-31
Trans‐Siberian Orchestra,Trans‐Siberian Orchestra at Nassau Veterans Memorial Coliseum,,Nassau Veterans Memorial Coliseum,2010-12-17,待定,待定,公开数据集,https://musicbrainz.org/doc/MusicBrainz_Database,2026-08-31
Barry Manilow,Barry Manilow at Westgate Las Vegas Resort & Casino,,Westgate Las Vegas Resort & Casino: International Theater,2019-09-26,待定,待定,公开数据集,https://musicbrainz.org/doc/MusicBrainz_Database,2026-08-31
Barry Manilow,Barry Manilow at Westgate Las Vegas Resort & Casino,,Westgate Las Vegas Resort & Casino: International Theater,2019-09-21,待定,待定,公开数据集,https://musicbrainz.org/doc/MusicBrainz_Database,2026-08-31
,Prom 37,,Queen’s Hall,1898-10-08,待定,待定,公开数据集,https://musicbrainz.org/doc/MusicBrainz_Database,2026-08-31
,Prom 40,,Queen’s Hall,1898-10-12,待定,待定,公开数据集,https://musicbrainz.org/doc/MusicBrainz_Database,2026-08-31
Only Flesh,Deutschtown Music Festival 2019 Saturday at Straub Stage,,,2019-07-13,待定,待定,公开数据集,https://musicbrainz.org/doc/MusicBrainz_Database,2026-08-31
Genesis,Genesis at Stadt‐Theater Osnabrück,,Theater am Domhof,1973-09-23,待定,待定,公开数据集,https://musicbrainz.org/doc/MusicBrainz_Database,2026-08-31
Sinfóníuhljómsveit Íslands,Favourite arias,,Harpa: Eldborg,2016-09-22,待定,待定,公开数据集,https://musicbrainz.org/doc/MusicBrainz_Database,2026-08-31
Fireabend,Fireabend @ Schützenfest Nordlünen/Alstedde,,Gymnasium Altlünen,2019-06-22,待定,待定,公开数据集,https://musicbrainz.org/doc/MusicBrainz_Database,2026-08-31
,Prom 52,,Queen’s Hall,1900-10-24,待定,待定,公开数据集,https://musicbrainz.org/doc/MusicBrainz_Database,2026-08-31
Red Room Effect,RANT 2016 Saturday @ Arsenal Bowl lanes night,,,2016-08-13,待定,待定,公开数据集,https://musicbrainz.org/doc/MusicBrainz_Database,2026-08-31
,Amy Montgomery | KnockanStockan | July 19,,,2019-07-19,待定,待定,公开数据集,https://musicbrainz.org/doc/MusicBrainz_Database,2026-08-31
Barry Manilow,Barry Manilow at Westgate Las Vegas Resort & Casino,,Westgate Las Vegas Resort & Casino: International Theater,2019-02-16,待定,待定,公开数据集,https://musicbrainz.org/doc/MusicBrainz_Database,2026-08-31
Thirteen Bled Promises,"Resurrection Fest XI, Day 2: Ritual Stage",,Ritual Stage,2016-07-08,待定,待定,公开数据集,https://musicbrainz.org/doc/MusicBrainz_Database,2026-08-31
Daniel Lanois,Daniel Lanois in Hamilton,,Theatre Aquarius,2003-05-26,待定,待定,公开数据集,https://musicbrainz.org/doc/MusicBrainz_Database,2026-08-31
,Prom 34,,Queen’s Hall,1898-10-05,待定,待定,公开数据集,https://musicbrainz.org/doc/MusicBrainz_Database,2026-08-31
Мстислав Ростропович,Aldeburgh Festival 1961: [concert],,,1961-07-06,待定,待定,公开数据集,https://musicbrainz.org/doc/MusicBrainz_Database,2026-08-31
,Rage Against Racism 2015,,Jugendzentrum „Die Mühle“,2015-06-05,待定,待定,公开数据集,https://musicbrainz.org/doc/MusicBrainz_Database,2026-08-31
,Prom 39,,Queen’s Hall,1898-10-11,待定,待定,公开数据集,https://musicbrainz.org/doc/MusicBrainz_Database,2026-08-31
,Prom 41,,Queen’s Hall,1898-10-13,待定,待定,公开数据集,https://musicbrainz.org/doc/MusicBrainz_Database,2026-08-31
KISS,KISS at Hulman Center,,Hulman Center,1990-05-17,待定,待定,公开数据集,https://musicbrainz.org/doc/MusicBrainz_Database,2026-08-31
DBC,"25 Ans du Métal Québécois, day 2: Bands from 1980s",,Club Soda,2007-09-01,待定,待定,公开数据集,https://musicbrainz.org/doc/MusicBrainz_Database,2026-08-31
Bruce Springsteen,"2017‐09‐29: Walter Kerr Theatre, New York City, NY, USA",,Walter Kerr Theatre,2017-09-29,待定,待定,公开数据集,https://musicbrainz.org/doc/MusicBrainz_Database,2026-08-31
Barry Manilow,Barry Manilow at Westgate Las Vegas Resort & Casino,,Westgate Las Vegas Resort & Casino: International Theater,2019-02-15,待定,待定,公开数据集,https://musicbrainz.org/doc/MusicBrainz_Database,2026-08-31
7EVE,"SXSW 2005, Day 4: Copa",,Copa Bar & Grill,2005-03-19,待定,待定,公开数据集,https://musicbrainz.org/doc/MusicBrainz_Database,2026-08-31
Adam Franklin,Adam Franklin in Winnipeg,,West End Cultural Centre,2003-05-31,待定,待定,公开数据集,https://musicbrainz.org/doc/MusicBrainz_Database,2026-08-31
,Prom 43 - Last Night of the Proms 1898,,Queen’s Hall,1898-10-15,待定,待定,公开数据集,https://musicbrainz.org/doc/MusicBrainz_Database,2026-08-31
Carpet Crawlers,Carpet Crawlers at Colos‐Saal,,Colos‐Saal,2017-10-10,待定,待定,公开数据集,https://musicbrainz.org/doc/MusicBrainz_Database,2026-08-31
KISS,KISS at Sports Arena,,Toledo Sports Arena,1990-05-19,待定,待定,公开数据集,https://musicbrainz.org/doc/MusicBrainz_Database,2026-08-31
They Shoot Horses Don't They?,"SXSW 2006, day 2: Emo’s Annex",,Emo’s Annex,2006-03-16,待定,待定,公开数据集,https://musicbrainz.org/doc/MusicBrainz_Database,2026-08-31
Baiba Skride,Baiba spilar Beethoven,,Harpa: Eldborg,2015-11-12,待定,待定,公开数据集,https://musicbrainz.org/doc/MusicBrainz_Database,2026-08-31
Negativa,"25 Ans du Métal Québécois, day 3: Bands from 2007",,Club Soda,2007-09-02,待定,待定,公开数据集,https://musicbrainz.org/doc/MusicBrainz_Database,2026-08-31
Wounded Moose,Deutschtown Music Festival 2019 Saturday at Local Brewhouse,,,2019-07-13,待定,待定,公开数据集,https://musicbrainz.org/doc/MusicBrainz_Database,2026-08-31
Trans‐Siberian Orchestra,Trans‐Siberian Orchestra at Scotiabank Place,,Canadian Tire Centre,2010-12-22,待定,待定,公开数据集,https://musicbrainz.org/doc/MusicBrainz_Database,2026-08-31
KISS,KISS at Lakewood Amphitheatre,,Cellairis Amphitheatre at Lakewood,1990-07-20,待定,待定,公开数据集,https://musicbrainz.org/doc/MusicBrainz_Database,2026-08-31
Toyah,Toyah in Bristol,,Bristol Beacon,1982-07-04,待定,待定,公开数据集,https://musicbrainz.org/doc/MusicBrainz_Database,2026-08-31
Kult Kyss,By The Meadow 2018,,,2018-04-06,待定,待定,公开数据集,https://musicbrainz.org/doc/MusicBrainz_Database,2026-08-31
Barry Manilow,Barry Manilow at Westgate Las Vegas Resort & Casino,,Westgate Las Vegas Resort & Casino: International Theater,2019-02-14,待定,待定,公开数据集,https://musicbrainz.org/doc/MusicBrainz_Database,2026-08-31
Barry Manilow,Barry Manilow at Hollywood Bowl,,Hollywood Bowl,2019-09-07,待定,待定,公开数据集,https://musicbrainz.org/doc/MusicBrainz_Database,2026-08-31
Melbourne Symphony Orchestra,A Spectacular Return,,Hamer Hall,2012-08-09,待定,待定,公开数据集,https://musicbrainz.org/doc/MusicBrainz_Database,2026-08-31
KISS,KISS at Red River Valley Speedway,,Red River Valley Speedway,1990-05-26,待定,待定,公开数据集,https://musicbrainz.org/doc/MusicBrainz_Database,2026-08-31
Alexandre Tharaud,Meesterpianisten: Alexandre Tharaud,,Concertgebouw: Grote Zaal,2015-04-19,待定,待定,公开数据集,https://musicbrainz.org/doc/MusicBrainz_Database,2026-08-31
Cannibal Grandpa,"Resurrection Fest XI, Day 3: Chaos Stage",,Chaos Stage,2016-07-09,待定,待定,公开数据集,https://musicbrainz.org/doc/MusicBrainz_Database,2026-08-31
Carpet Crawlers,Carpet Crawlers at Spirit of ’66,,Spirit of 66,2017-10-13,待定,待定,公开数据集,https://musicbrainz.org/doc/MusicBrainz_Database,2026-08-31
,Prom 09,,Queen’s Hall,1899-09-05,待定,待定,公开数据集,https://musicbrainz.org/doc/MusicBrainz_Database,2026-08-31
Toyah,Toyah in Poole,,The Lighthouse,1982-07-03,待定,待定,公开数据集,https://musicbrainz.org/doc/MusicBrainz_Database,2026-08-31
KISS,KISS at Brown County Veterans Memorial Arena,,Brown County Veterans Memorial Arena,1990-05-28,待定,待定,公开数据集,https://musicbrainz.org/doc/MusicBrainz_Database,2026-08-31
Brainstorm,Rage Against Racism 2009,,Jugendzentrum „Die Mühle“,2009-06-13,待定,待定,公开数据集,https://musicbrainz.org/doc/MusicBrainz_Database,2026-08-31
,Prom 17,,Queen’s Hall,1899-09-14,待定,待定,公开数据集,https://musicbrainz.org/doc/MusicBrainz_Database,2026-08-31
DJ Future,"VOLT Fesztivál 2016, Day 3: Soproni Dóm",,Soproni Dóm,2016-06-30,待定,待定,公开数据集,https://musicbrainz.org/doc/MusicBrainz_Database,2026-08-31
Kinnie Starr,Kinnie Starr in Toronto,,El Mocambo,2003-05-29,待定,待定,公开数据集,https://musicbrainz.org/doc/MusicBrainz_Database,2026-08-31
Lucas & Arthur Jussen,Frönsk veisla,,Harpa: Eldborg,2017-09-21,待定,待定,公开数据集,https://musicbrainz.org/doc/MusicBrainz_Database,2026-08-31
Toyah,Toyah in Liverpool,,Empire Theatre,1982-07-14,待定,待定,公开数据集,https://musicbrainz.org/doc/MusicBrainz_Database,2026-08-31
,Prom 24,,Queen’s Hall,1899-09-22,待定,待定,公开数据集,https://musicbrainz.org/doc/MusicBrainz_Database,2026-08-31
KISS,KISS at Alltel Arena,,Simmons Bank Arena,2000-04-05,待定,待定,公开数据集,https://musicbrainz.org/doc/MusicBrainz_Database,2026-08-31
Suede,Suede at London Roundhouse,,Roundhouse,2015-11-13,待定,待定,公开数据集,https://musicbrainz.org/doc/MusicBrainz_Database,2026-08-31
Trans‐Siberian Orchestra,Trans‐Siberian Orchestra at Times Union Center,,MVP Arena,2010-12-26,待定,待定,公开数据集,https://musicbrainz.org/doc/MusicBrainz_Database,2026-08-31
Carpet Crawlers,Carpet Crawlers at De Boerderij,,Boerderij,2017-10-14,待定,待定,公开数据集,https://musicbrainz.org/doc/MusicBrainz_Database,2026-08-31
,Festival de Verão Salvador 2004,,Parque de Exposições Agropecuárias de Salvador,2004-01-28,待定,待定,公开数据集,https://musicbrainz.org/doc/MusicBrainz_Database,2026-08-31
,Støttefest Welcome To Denmark X Toke 30 år!!,,,2015-10-03,待定,待定,公开数据集,https://musicbrainz.org/doc/MusicBrainz_Database,2026-08-31
KISS,KISS at Coca‐Cola Starwood Amphitheatre,,Starwood Amphitheatre,1990-07-21,待定,待定,公开数据集,https://musicbrainz.org/doc/MusicBrainz_Database,2026-08-31
Carpet Crawlers,Carpet Crawlers at Jovel Club,,Jovel Club,2017-10-02,待定,待定,公开数据集,https://musicbrainz.org/doc/MusicBrainz_Database,2026-08-31
The Budos Band,"SXSW 2007, day 5: Emo’s Annex",,Emo’s Annex,2007-03-17,待定,待定,公开数据集,https://musicbrainz.org/doc/MusicBrainz_Database,2026-08-31
Trans‐Siberian Orchestra,Trans‐Siberian Orchestra at Sprint Center,,T‐Mobile Center,2010-12-29,待定,待定,公开数据集,https://musicbrainz.org/doc/MusicBrainz_Database,2026-08-31
Trans‐Siberian Orchestra,Trans‐Siberian Orchestra at Sprint Center,,T‐Mobile Center,2010-12-29,待定,待定,公开数据集,https://musicbrainz.org/doc/MusicBrainz_Database,2026-08-31
DIR EN GREY,TOUR20 This Way to Self-Destruction,,FZW: Halle,2020-01-31,待定,待定,公开数据集,https://musicbrainz.org/doc/MusicBrainz_Database,2026-08-31
Carpet Crawlers,Carpet Crawlers at LKA‐Longhorn,,LKA Longhorn,2017-10-08,待定,待定,公开数据集,https://musicbrainz.org/doc/MusicBrainz_Database,2026-08-31
Marty Morell's Latin Jazz Band,Marty Morell's Latin Jazz Band at Chick 'n' Deli,,Chick 'n' Deli,1981-10-05,待定,待定,公开数据集,https://musicbrainz.org/doc/MusicBrainz_Database,2026-08-31
KISS,KISS at Carolina Coliseum,,Carolina Coliseum,1990-07-24,待定,待定,公开数据集,https://musicbrainz.org/doc/MusicBrainz_Database,2026-08-31
,Punkfest 2000,,Scottish Pipe Band Hall,2000-10-20,待定,待定,公开数据集,https://musicbrainz.org/doc/MusicBrainz_Database,2026-08-31
DIR EN GREY,TOUR20 This Way to Self-Destruction,,Islington Assembly Hall,2020-02-05,待定,待定,公开数据集,https://musicbrainz.org/doc/MusicBrainz_Database,2026-08-31
Trans‐Siberian Orchestra,Trans‐Siberian Orchestra at Palace Theatre,,Connor Palace,2010-03-27,待定,待定,公开数据集,https://musicbrainz.org/doc/MusicBrainz_Database,2026-08-31
The Florescents,"1965‐10‐08: I.B. Club, Howell, NJ, USA",,I.B. Club,1965-10-08,待定,待定,公开数据集,https://musicbrainz.org/doc/MusicBrainz_Database,2026-08-31
91 Suite,91 Suite at Underground,,Underground,2006-04-28,待定,待定,公开数据集,https://musicbrainz.org/doc/MusicBrainz_Database,2026-08-31
KISS,KISS at Brisbane Entertainment Centre,,Brisbane Entertainment Centre,1995-02-11,待定,待定,公开数据集,https://musicbrainz.org/doc/MusicBrainz_Database,2026-08-31
Doro Pesch,"Graspop Metal Meeting 2018, Day 1: Main Stage 2",,Main Stage 02,2018-06-21,待定,待定,公开数据集,https://musicbrainz.org/doc/MusicBrainz_Database,2026-08-31
The Rolling Stones,The Rolling Stones at Festivalpark Werchter,,Festivalpark Werchter,1998-06-21,待定,待定,公开数据集,https://musicbrainz.org/doc/MusicBrainz_Database,2026-08-31
,Highfield Festival 2007,,Stausee Hohenfelden,2007-08-17,待定,待定,公开数据集,https://musicbrainz.org/doc/MusicBrainz_Database,2026-08-31
KISS,KISS at Sydney Entertainment Centre,,Sydney Entertainment Centre,1995-02-14,待定,待定,公开数据集,https://musicbrainz.org/doc/MusicBrainz_Database,2026-08-31
The Rolling Stones,The Rolling Stones at Messegelände Hannover,,Messegelände Hannover,1998-06-26,待定,待定,公开数据集,https://musicbrainz.org/doc/MusicBrainz_Database,2026-08-31
The Rolling Stones,The Rolling Stones at Mercedes‐Benz Superdome,,Caesars Superdome,2019-07-15,待定,待定,公开数据集,https://musicbrainz.org/doc/MusicBrainz_Database,2026-08-31
Radiohead,Radiohead in Houston,,Bayou Music Center,1998-03-28,待定,待定,公开数据集,https://musicbrainz.org/doc/MusicBrainz_Database,2026-08-31
The Rolling Stones,The Rolling Stones at TIAA Bank Field,,TIAA Bank Field,2019-07-19,待定,待定,公开数据集,https://musicbrainz.org/doc/MusicBrainz_Database,2026-08-31
Bob Isaacs,Nor'easter at Glen Echo Park in March 2016,,Glen Echo Park,2016-03-04,待定,待定,公开数据集,https://musicbrainz.org/doc/MusicBrainz_Database,2026-08-31
Alan Fitzgerald,"2005‐05‐28: Royal Albert Hall, London, England, UK",,Royal Albert Hall,2005-05-28,待定,待定,公开数据集,https://musicbrainz.org/doc/MusicBrainz_Database,2026-08-31
Rosarte Choir,Rosarte at the 10th World Choir Games,,,2018-07-04,待定,待定,公开数据集,https://musicbrainz.org/doc/MusicBrainz_Database,2026-08-31
,Aldeburgh Festival 1967,,,1967-06-03,待定,待定,公开数据集,https://musicbrainz.org/doc/MusicBrainz_Database,2026-08-31
Святослав Рихтер,Aldeburgh Festival 1967: [concert],,Snape Maltings,1967-06-16,待定,待定,公开数据集,https://musicbrainz.org/doc/MusicBrainz_Database,2026-08-31
Crowded House,"Later... with Jools Holland: Series 36, Episode 5",,,2010-05-14,待定,待定,公开数据集,https://musicbrainz.org/doc/MusicBrainz_Database,2026-08-31
Faber,"Das Fest 2019, Freitag, Hauptbühne",,Günther‐Klotz‐Anlage,2019-07-19,待定,待定,公开数据集,https://musicbrainz.org/doc/MusicBrainz_Database,2026-08-31
,"Sturgis Motorcycle Rally 2016, Day 1",,,2016-08-08,待定,待定,公开数据集,https://musicbrainz.org/doc/MusicBrainz_Database,2026-08-31
Barry Manilow,Barry Manilow at 1st Mariner Arena,,CFG Bank Arena,2012-09-15,待定,待定,公开数据集,https://musicbrainz.org/doc/MusicBrainz_Database,2026-08-31
Trans‐Siberian Orchestra,Trans‐Siberian Orchestra at Philips Arena,,State Farm Arena,2008-11-16,待定,待定,公开数据集,https://musicbrainz.org/doc/MusicBrainz_Database,2026-08-31
FJØRT,"Das Fest 2019, Freitag, Feldbühne",,Günther‐Klotz‐Anlage,2019-07-19,待定,待定,公开数据集,https://musicbrainz.org/doc/MusicBrainz_Database,2026-08-31
,"Sturgis Motorcycle Rally 2016, Day 2",,,2016-08-09,待定,待定,公开数据集,https://musicbrainz.org/doc/MusicBrainz_Database,2026-08-31
Alicia Keys,"Later... with Jools Holland: Series 36, Episode 6",,,2010-05-22,待定,待定,公开数据集,https://musicbrainz.org/doc/MusicBrainz_Database,2026-08-31
Alfred Rosé,[concert],,,1934,待定,待定,公开数据集,https://musicbrainz.org/doc/MusicBrainz_Database,2026-08-31
The Rolling Stones,The Rolling Stones at Balaídos,,Balaídos,1998-07-18,待定,待定,公开数据集,https://musicbrainz.org/doc/MusicBrainz_Database,2026-08-31
Aurora,"Das Fest 2019, Samstag, Hauptbühne",,Günther‐Klotz‐Anlage,2019-07-20,待定,待定,公开数据集,https://musicbrainz.org/doc/MusicBrainz_Database,2026-08-31
Manic Street Preachers,Later 250… with Jools Holland,,,2010-09-17,待定,待定,公开数据集,https://musicbrainz.org/doc/MusicBrainz_Database,2026-08-31
Barry Manilow,Barry Manilow at McCallum Theatre,,McCallum Theatre,2012-12-16,待定,待定,公开数据集,https://musicbrainz.org/doc/MusicBrainz_Database,2026-08-31
Trans‐Siberian Orchestra,Trans‐Siberian Orchestra at Mississippi Coliseum,,Mississippi Coliseum,2008-12-17,待定,待定,公开数据集,https://musicbrainz.org/doc/MusicBrainz_Database,2026-08-31
KISS,KISS at Spektrum,,Oslo Spektrum,1999-02-28,待定,待定,公开数据集,https://musicbrainz.org/doc/MusicBrainz_Database,2026-08-31
,Rock am Bach 1999,,Festivalgelände Rock am Bach,1999-08-06,待定,待定,公开数据集,https://musicbrainz.org/doc/MusicBrainz_Database,2026-08-31
Jackson Browne,Rally for Nuclear Disarmament,,Central Park,1982-06-12,待定,待定,公开数据集,https://musicbrainz.org/doc/MusicBrainz_Database,2026-08-31
“Weird Al” Yankovic,“Weird Al” Yankovic at Overture Hall,,Overture Hall,2016-08-21,待定,待定,公开数据集,https://musicbrainz.org/doc/MusicBrainz_Database,2026-08-31
KISS,KISS at Stockholm Globe Arena,,Avicii Arena,1999-03-02,待定,待定,公开数据集,https://musicbrainz.org/doc/MusicBrainz_Database,2026-08-31
Barry Manilow,Barry Manilow at DCU Center,,DCU Center,2012-09-14,待定,待定,公开数据集,https://musicbrainz.org/doc/MusicBrainz_Database,2026-08-31
Backyard Babies,"Graspop Metal Meeting 2018, Day 3: Main Stage 1",,Main Stage 01,2018-06-23,待定,待定,公开数据集,https://musicbrainz.org/doc/MusicBrainz_Database,2026-08-31
“Weird Al” Yankovic,“Weird Al” Yankovic at Coronado Performing Arts Center,,Coronado Performing Arts Center,2016-08-23,待定,待定,公开数据集,https://musicbrainz.org/doc/MusicBrainz_Database,2026-08-31
Trans‐Siberian Orchestra,Trans‐Siberian Orchestra at Mellon Arena,,Civic Arena,2008-12-17,待定,待定,公开数据集,https://musicbrainz.org/doc/MusicBrainz_Database,2026-08-31
Brink of Life,PVC and Leather 3/7/2015,,Thunderground,2015-03-07,待定,待定,公开数据集,https://musicbrainz.org/doc/MusicBrainz_Database,2026-08-31
The 1992–93 World Tour Band,"1993‐06‐01: Valle Hovin Stadion, Oslo, Norway",,Valle Hovin,1993-06-01,待定,待定,公开数据集,https://musicbrainz.org/doc/MusicBrainz_Database,2026-08-31
Southside Johnny,"1971‐04‐30: Student Prince, Asbury Park, NJ, USA",,Student Prince,1971-04-30,待定,待定,公开数据集,https://musicbrainz.org/doc/MusicBrainz_Database,2026-08-31
“Weird Al” Yankovic,“Weird Al” Yankovic at Filene Center at Wolf Trap,,Filene Center,2016-09-11,待定,待定,公开数据集,https://musicbrainz.org/doc/MusicBrainz_Database,2026-08-31
Black Rebel Motorcycle Club,Black Rebel Motorcycle Club in Toronto,,Lee’s Palace,2003-07-05,待定,待定,公开数据集,https://musicbrainz.org/doc/MusicBrainz_Database,2026-08-31
Lambert,"FAQ Bregenzerwald, Day 2",,Alte Säge,2016-09-02,待定,待定,公开数据集,https://musicbrainz.org/doc/MusicBrainz_Database,2026-08-31
Los Suaves,"Los Suaves @ Velilla del Río Carrión, Palencia",,,2015-08-14,待定,待定,公开数据集,https://musicbrainz.org/doc/MusicBrainz_Database,2026-08-31
Barry Manilow,Barry Manilow at Chicago Theatre,,Chicago Theatre,2012-07-12,待定,待定,公开数据集,https://musicbrainz.org/doc/MusicBrainz_Database,2026-08-31
The Sundance Blues Band,"1971‐05‐01: Student Prince, Asbury Park, NJ, USA",,Student Prince,1971-05-01,待定,待定,公开数据集,https://musicbrainz.org/doc/MusicBrainz_Database,2026-08-31
Amon Tobin,Amon Tobin in Vancouver,,Commodore Ballroom,2003-06-20,待定,待定,公开数据集,https://musicbrainz.org/doc/MusicBrainz_Database,2026-08-31
Los Suaves,"Los Suaves @ Totem, Villava, Navarra",,Totem,2015-05-23,待定,待定,公开数据集,https://musicbrainz.org/doc/MusicBrainz_Database,2026-08-31
Trans‐Siberian Orchestra,Trans‐Siberian Orchestra at FedExForum,,FedExForum,2008-12-23,待定,待定,公开数据集,https://musicbrainz.org/doc/MusicBrainz_Database,2026-08-31
The Sundance Blues Band,"1971‐05‐07: Student Prince, Asbury Park, NJ, USA",,Student Prince,1971-05-07,待定,待定,公开数据集,https://musicbrainz.org/doc/MusicBrainz_Database,2026-08-31
Los Suaves,"Los Suaves @ Santana 27, Bilbao",,,2015-05-22,待定,待定,公开数据集,https://musicbrainz.org/doc/MusicBrainz_Database,2026-08-31
,Slottskogen Goes Progressive 2004,,,2004-08-21,待定,待定,公开数据集,https://musicbrainz.org/doc/MusicBrainz_Database,2026-08-31
Minus the Bear,Minus the Bear in Vancouver,,The Royal,2003-06-27,待定,待定,公开数据集,https://musicbrainz.org/doc/MusicBrainz_Database,2026-08-31
The Sundance Blues Band,"1971‐05‐08: Student Prince, Asbury Park, NJ, USA",,Student Prince,1971-05-08,待定,待定,公开数据集,https://musicbrainz.org/doc/MusicBrainz_Database,2026-08-31
,"Pitchfork Music Festival Paris 2011, Day 2",,Grande Halle de la Villette,2011-10-29,待定,待定,公开数据集,https://musicbrainz.org/doc/MusicBrainz_Database,2026-08-31
Trans‐Siberian Orchestra,Trans‐Siberian Orchestra at FedExForum,,FedExForum,2008-12-23,待定,待定,公开数据集,https://musicbrainz.org/doc/MusicBrainz_Database,2026-08-31
Los Suaves,"Los Suaves @ Razzmatazz 1, Barcelona",,Razzmatazz,2015-04-25,待定,待定,公开数据集,https://musicbrainz.org/doc/MusicBrainz_Database,2026-08-31
Lucien Foort,"Roskilde Festival 2001, day 4: White Stage",,White,2001-06-28,待定,待定,公开数据集,https://musicbrainz.org/doc/MusicBrainz_Database,2026-08-31
Q and Not U,Q and Not U in Toronto,,Club Rockit,2003-06-30,待定,待定,公开数据集,https://musicbrainz.org/doc/MusicBrainz_Database,2026-08-31
,Super Bowl XXV,,Tampa Stadium,1991-01-27,待定,待定,公开数据集,https://musicbrainz.org/doc/MusicBrainz_Database,2026-08-31
Los Suaves,"Los Suaves @ Repvblicca, Valencia",,Repvblicca,2015-04-24,待定,待定,公开数据集,https://musicbrainz.org/doc/MusicBrainz_Database,2026-08-31
Mott the Hoople,Mott the Hoople ’74 at Capitol Theatre,,Capitol Theatre,2019-10-21,待定,待定,公开数据集,https://musicbrainz.org/doc/MusicBrainz_Database,2026-08-31
,VIII Cine & Rock na Praça,,,2015-11-07,待定,待定,公开数据集,https://musicbrainz.org/doc/MusicBrainz_Database,2026-08-31
Julian Nantes,"FAQ Bregenzerwald, Day 3",,Kapelle Niedere,2016-09-03,待定,待定,公开数据集,https://musicbrainz.org/doc/MusicBrainz_Database,2026-08-31
KISS,KISS at Estádio Beira-rio,,Estádio José Pinheiro Borda,1999-04-15,待定,待定,公开数据集,https://musicbrainz.org/doc/MusicBrainz_Database,2026-08-31
Rick Avery,Mariposa Mainland,,York Quay Centre,1981-10-07,待定,待定,公开数据集,https://musicbrainz.org/doc/MusicBrainz_Database,2026-08-31
Haute,"MaMA Festival 2016, Day 2: Le Carmen",,Le Carmen,2016-10-13,待定,待定,公开数据集,https://musicbrainz.org/doc/MusicBrainz_Database,2026-08-31
Richie Sambora,"1998‐01‐31: Count Basie Theatre, Red Bank, NJ, USA",,Hackensack Meridian Health Theatre,1998-01-31,待定,待定,公开数据集,https://musicbrainz.org/doc/MusicBrainz_Database,2026-08-31
Southside Johnny,"1971‐07‐03: The Upstage, Asbury Park, NJ, USA",,The Upstage,1971-07-04,待定,待定,公开数据集,https://musicbrainz.org/doc/MusicBrainz_Database,2026-08-31
The Bevis Frond,"SXSW 2000, day 3: Atomic Cafe",,Atomic Cafe,2000-03-17,待定,待定,公开数据集,https://musicbrainz.org/doc/MusicBrainz_Database,2026-08-31
KISS,KISS at Hanns‐Martin‐Schleyer‐Halle,,Hanns‐Martin‐Schleyer‐Halle,1999-03-20,待定,待定,公开数据集,https://musicbrainz.org/doc/MusicBrainz_Database,2026-08-31
Fish Karma,"SXSW 2007, day 5: The Parish II",,The Parish II,2007-03-17,待定,待定,公开数据集,https://musicbrainz.org/doc/MusicBrainz_Database,2026-08-31
,Festival des Terre-Neuvas,,,2007-07-06,待定,待定,公开数据集,https://musicbrainz.org/doc/MusicBrainz_Database,2026-08-31
Cotton Claw,"MaMA Festival 2016, Day 1: La Machine du Moulin Rouge, La Chaufferie",,La Machine du Moulin Rouge: La Chaufferie,2016-10-12,待定,待定,公开数据集,https://musicbrainz.org/doc/MusicBrainz_Database,2026-08-31
Nick Cave & the Bad Seeds,Nick Cave & the Bad Seeds at Globen,,Avicii Arena,2017-10-18,待定,待定,公开数据集,https://musicbrainz.org/doc/MusicBrainz_Database,2026-08-31
Trans‐Siberian Orchestra,Trans‐Siberian Orchestra at Allstate Arena,,Allstate Arena,2007-12-02,待定,待定,公开数据集,https://musicbrainz.org/doc/MusicBrainz_Database,2026-08-31
KISS,KISS at Palais Omnisports de Paris‐Bercy,,Accor Arena,1999-03-22,待定,待定,公开数据集,https://musicbrainz.org/doc/MusicBrainz_Database,2026-08-31
Southside Johnny,"1971‐07‐04: Student Prince, Asbury Park, NJ, USA",,Student Prince,1971-07-04,待定,待定,公开数据集,https://musicbrainz.org/doc/MusicBrainz_Database,2026-08-31
Alexz Johnson,"Canadian Music Fest 2010, day 1: Rivoli",,Rivoli,2010-03-10,待定,待定,公开数据集,https://musicbrainz.org/doc/MusicBrainz_Database,2026-08-31
,Breakout Festival,,,2018-06-09,待定,待定,公开数据集,https://musicbrainz.org/doc/MusicBrainz_Database,2026-08-31
Trans‐Siberian Orchestra,Trans‐Siberian Orchestra at World Arena,,Broadmoor World Arena,2007-12-05,待定,待定,公开数据集,https://musicbrainz.org/doc/MusicBrainz_Database,2026-08-31
Bleubird,"SXSW 2007, day 5: The Parish",,Parish,2007-03-17,待定,待定,公开数据集,https://musicbrainz.org/doc/MusicBrainz_Database,2026-08-31
,Quart Festival 2005,,Odderøya,2005-07-05,待定,待定,公开数据集,https://musicbrainz.org/doc/MusicBrainz_Database,2026-08-31
Karpatenhund,"Highfield Festival 2007, day 1: Coca Cola Soundwave Tent",,Stausee Hohenfelden,2007-08-17,待定,待定,公开数据集,https://musicbrainz.org/doc/MusicBrainz_Database,2026-08-31
Dust Junkys,NME Redesign Launch: Dust Junkys,,Virgin Megastore,1998-03-18,待定,待定,公开数据集,https://musicbrainz.org/doc/MusicBrainz_Database,2026-08-31
Aphex Twin,L’inauguration du Centre Pompidou-Metz: Les concerts,,Jardins Jean-Marie Pelt,2010-05-15,待定,待定,公开数据集,https://musicbrainz.org/doc/MusicBrainz_Database,2026-08-31
Warm Jets,NME Redesign Launch: Warm Jets,,Virgin Megastore,1998-03-18,待定,待定,公开数据集,https://musicbrainz.org/doc/MusicBrainz_Database,2026-08-31
Asiago,"Steinkjerfestivalen 2010, Day 3: Guldbergaunet Stadion",,Guldbergaunet stadion,2010-06-26,待定,待定,公开数据集,https://musicbrainz.org/doc/MusicBrainz_Database,2026-08-31
Bruce Springsteen,"1971‐04‐10: The Green Mermaid, Asbury Park, NJ, USA",,The Green Mermaid,1971-04-10,待定,待定,公开数据集,https://musicbrainz.org/doc/MusicBrainz_Database,2026-08-31
Trans‐Siberian Orchestra,Trans‐Siberian Orchestra at American Airlines Center,,American Airlines Center,2007-12-28,待定,待定,公开数据集,https://musicbrainz.org/doc/MusicBrainz_Database,2026-08-31
松田聖子,松田聖子 at 日本武道館,,日本武道館,2012-07-14,待定,待定,公开数据集,https://musicbrainz.org/doc/MusicBrainz_Database,2026-08-31
Filastine,"MaMA Festival 2016, Day 3: Centre FGO-Barbara",,Centre FGO-Barbara,2016-10-14,待定,待定,公开数据集,https://musicbrainz.org/doc/MusicBrainz_Database,2026-08-31
Barry Manilow,Barry Manilow at Scottish Exhibition and Conference Centre,,"SEC Centre, Hall 4",2012-05-21,待定,待定,公开数据集,https://musicbrainz.org/doc/MusicBrainz_Database,2026-08-31
,"Steinkjerfestivalen 2010, Day 3",,,2010-06-26,待定,待定,公开数据集,https://musicbrainz.org/doc/MusicBrainz_Database,2026-08-31
Trans‐Siberian Orchestra,Trans‐Siberian Orchestra at Quicken Loans Arena,,Rocket Arena,2007-12-30,待定,待定,公开数据集,https://musicbrainz.org/doc/MusicBrainz_Database,2026-08-31
Barry Manilow,Barry Manilow at Chicago Theatre,,Chicago Theatre,2012-07-14,待定,待定,公开数据集,https://musicbrainz.org/doc/MusicBrainz_Database,2026-08-31
,Verbier Festival 2007,,,2007-07-20,待定,待定,公开数据集,https://musicbrainz.org/doc/MusicBrainz_Database,2026-08-31
PJ Harvey,"Later Live... with Jools Holland: Series 38, Episode 4",,,2011-04-26,待定,待定,公开数据集,https://musicbrainz.org/doc/MusicBrainz_Database,2026-08-31
Southside Johnny,"1971‐05‐15: Student Prince, Asbury Park, NJ, USA",,Student Prince,1971-05-15,待定,待定,公开数据集,https://musicbrainz.org/doc/MusicBrainz_Database,2026-08-31
Blancmange,Blancmange in Glasgow,,Queen Margaret College,1984-05-05,待定,待定,公开数据集,https://musicbrainz.org/doc/MusicBrainz_Database,2026-08-31
DELTA-9,DELTA-9 at RJ's Double Six Saloon,,RJ's Double Six Saloon,2007-04-28,待定,待定,公开数据集,https://musicbrainz.org/doc/MusicBrainz_Database,2026-08-31
DJ Future,"VOLT Fesztivál 2016, Day 5: Soproni Dóm",,Soproni Dóm,2016-07-02,待定,待定,公开数据集,https://musicbrainz.org/doc/MusicBrainz_Database,2026-08-31
Boyzone,"The Late, Late Show",,,,待定,待定,公开数据集,https://musicbrainz.org/doc/MusicBrainz_Database,2026-08-31
Amy Montgomery,Amy Montgomery | H2U Openair | Aug 16,,,2019-08-16,待定,待定,公开数据集,https://musicbrainz.org/doc/MusicBrainz_Database,2026-08-31
Bryan Vamp,RANT 2016 Saturday @ Bierport,,,2016-08-13,待定,待定,公开数据集,https://musicbrainz.org/doc/MusicBrainz_Database,2026-08-31
Brian Cummins,Be Gabriel: Peter Gabriel Unplugged by Brian Cummins at Boerderij,,Boerderij,2013-08-31,待定,待定,公开数据集,https://musicbrainz.org/doc/MusicBrainz_Database,2026-08-31
,Prom 60,,Queen’s Hall,1900-11-02,待定,待定,公开数据集,https://musicbrainz.org/doc/MusicBrainz_Database,2026-08-31
,The Proms 1921: Prom 11,,,1921-08-25,待定,待定,公开数据集,https://musicbrainz.org/doc/MusicBrainz_Database,2026-08-31
Amy Montgomery,Amy Montgomery | Stendahl Festival NI | Aug 17,,,2019-08-18,待定,待定,公开数据集,https://musicbrainz.org/doc/MusicBrainz_Database,2026-08-31
,Reykjavík Classics,,Harpa: Eldborg,2016,待定,待定,公开数据集,https://musicbrainz.org/doc/MusicBrainz_Database,2026-08-31
,Europäisches Musikfest Stuttgart 2004,,,2004,待定,待定,公开数据集,https://musicbrainz.org/doc/MusicBrainz_Database,2026-08-31
,Prom 29,,Queen’s Hall,1899-09-28,待定,待定,公开数据集,https://musicbrainz.org/doc/MusicBrainz_Database,2026-08-31
,Prom 30,,Queen’s Hall,1899-09-29,待定,待定,公开数据集,https://musicbrainz.org/doc/MusicBrainz_Database,2026-08-31
Blancmange,Blancmange in Norwich,,University of East Anglia,1984-05-15,待定,待定,公开数据集,https://musicbrainz.org/doc/MusicBrainz_Database,2026-08-31
Gustav Mahler,[concert],,Universität für Musik und darstellende Kunst Wien,1876-07-10,待定,待定,公开数据集,https://musicbrainz.org/doc/MusicBrainz_Database,2026-08-31
,Prom 61,,Queen’s Hall,1900-11-03,待定,待定,公开数据集,https://musicbrainz.org/doc/MusicBrainz_Database,2026-08-31
Missing Teeth,"Punkfest 2000, Day 1",,Scottish Pipe Band Hall,2000-10-20,待定,待定,公开数据集,https://musicbrainz.org/doc/MusicBrainz_Database,2026-08-31
Woven Collective,The Moonshine Music Festival,,,2016-08-12,待定,待定,公开数据集,https://musicbrainz.org/doc/MusicBrainz_Database,2026-08-31
Blancmange,Blancmange in Bristol,,O₂ Academy Bristol,1984-05-20,待定,待定,公开数据集,https://musicbrainz.org/doc/MusicBrainz_Database,2026-08-31
,Prom 41,,Queen’s Hall,1899-10-12,待定,待定,公开数据集,https://musicbrainz.org/doc/MusicBrainz_Database,2026-08-31
Amy Montgomery,Amy Montgomery Sep 25th 2019 @ Paper Dress Vintage,,,2019-09-25,待定,待定,公开数据集,https://musicbrainz.org/doc/MusicBrainz_Database,2026-08-31
Blancmange,Blancmange in Nottingham,,Rock City,1984-05-22,待定,待定,公开数据集,https://musicbrainz.org/doc/MusicBrainz_Database,2026-08-31
Chandelier,Chandelier at Star Club,,Kulttempel,1997-05-03,待定,待定,公开数据集,https://musicbrainz.org/doc/MusicBrainz_Database,2026-08-31
Gojira,Gojira at Münchenbryggeriet,,Münchenbryggeriet,2017-03-07,待定,待定,公开数据集,https://musicbrainz.org/doc/MusicBrainz_Database,2026-08-31
Amy Montgomery,Amy Montgomery Sep 26th 2019 @ Upstairs At Whelans,,,2019-09-26,待定,待定,公开数据集,https://musicbrainz.org/doc/MusicBrainz_Database,2026-08-31
,Prom 62,,Queen’s Hall,1900-11-05,待定,待定,公开数据集,https://musicbrainz.org/doc/MusicBrainz_Database,2026-08-31
Boni,"Rock Fest Barcelona 2016, Day 1: Rock Tent",,Rock Tent,2016-07-15,待定,待定,公开数据集,https://musicbrainz.org/doc/MusicBrainz_Database,2026-08-31
KISS,KISS at Mesker Music Theatre,,Mesker Amphitheatre,1990-05-31,待定,待定,公开数据集,https://musicbrainz.org/doc/MusicBrainz_Database,2026-08-31
Amy Montgomery,Amy Montgomery | Sep 27th 2019 @ Mc Hughs Basement Bar,,,2019-09-27,待定,待定,公开数据集,https://musicbrainz.org/doc/MusicBrainz_Database,2026-08-31
Seconds Out,5. Prog Convention,,Stadthalle am Schloss,1997-04-19,待定,待定,公开数据集,https://musicbrainz.org/doc/MusicBrainz_Database,2026-08-31
DELTA-9,DELTA-9 at RJ's Double Six Saloon,,RJ's Double Six Saloon,2007-02-10,待定,待定,公开数据集,https://musicbrainz.org/doc/MusicBrainz_Database,2026-08-31
,Prom 48,,Queen’s Hall,1899-10-20,待定,待定,公开数据集,https://musicbrainz.org/doc/MusicBrainz_Database,2026-08-31
DIR EN GREY,TOUR16-17 FROM DEPRESSION TO ________ [mode of 鬼葬],,Zepp Sapporo,2016-11-13,待定,待定,公开数据集,https://musicbrainz.org/doc/MusicBrainz_Database,2026-08-31
KISS,KISS Sailaway Show,,Carnival Destiny: Pool Deck,2011-10-13,待定,待定,公开数据集,https://musicbrainz.org/doc/MusicBrainz_Database,2026-08-31
,Prom 63,,Queen’s Hall,1900-11-06,待定,待定,公开数据集,https://musicbrainz.org/doc/MusicBrainz_Database,2026-08-31
’77,"Rock Fest Barcelona 2016, Day 2: Rock Tent",,Rock Tent,2016-07-16,待定,待定,公开数据集,https://musicbrainz.org/doc/MusicBrainz_Database,2026-08-31
Amy Montgomery,"Amy Montgomery | GerIsh! Festival, Alte Mühle | Oct 12",,,2019-10-12,待定,待定,公开数据集,https://musicbrainz.org/doc/MusicBrainz_Database,2026-08-31
Passion Puppets,Passion Puppets in Bristol,,O₂ Academy Bristol,1984-05-27,待定,待定,公开数据集,https://musicbrainz.org/doc/MusicBrainz_Database,2026-08-31
Fozzey & VanC,Fozzey & VanC at The Zoo,,The Zoo,2014-05-16,待定,待定,公开数据集,https://musicbrainz.org/doc/MusicBrainz_Database,2026-08-31
DIR EN GREY,TOUR16-17 FROM DEPRESSION TO ________ [mode of 鬼葬],,サンポートホール,2016-11-17,待定,待定,公开数据集,https://musicbrainz.org/doc/MusicBrainz_Database,2026-08-31
KISS,KISS at Greenville Memorial Auditorium,,Greenville Memorial Auditorium,1990-07-26,待定,待定,公开数据集,https://musicbrainz.org/doc/MusicBrainz_Database,2026-08-31
,Prom 64,,Queen’s Hall,1900-11-07,待定,待定,公开数据集,https://musicbrainz.org/doc/MusicBrainz_Database,2026-08-31
Thundermother,"Rock Fest Barcelona 2016, Day 3: Rock Tent",,Rock Tent,2016-07-17,待定,待定,公开数据集,https://musicbrainz.org/doc/MusicBrainz_Database,2026-08-31
DIR EN GREY,TOUR16-17 FROM DEPRESSION TO ________ [mode of 鬼葬],,福岡国際会議場 メインホール,2016-11-20,待定,待定,公开数据集,https://musicbrainz.org/doc/MusicBrainz_Database,2026-08-31
Jane Fair Quartet,Jane Fair Quartet at George's Spaghetti House,,George's Spaghetti House,1981-10-05,待定,待定,公开数据集,https://musicbrainz.org/doc/MusicBrainz_Database,2026-08-31
,High Hazels @ Leeds Lending Room,,,2017-10-18,待定,待定,公开数据集,https://musicbrainz.org/doc/MusicBrainz_Database,2026-08-31
,Prom 05,,Queen’s Hall,1900-08-30,待定,待定,公开数据集,https://musicbrainz.org/doc/MusicBrainz_Database,2026-08-31
,"Paléo Festival de Nyon 2016, Day 1",,L’Asse,2016-07-19,待定,待定,公开数据集,https://musicbrainz.org/doc/MusicBrainz_Database,2026-08-31
Jane Fair Quartet,Jane Fair Quartet at George's Spaghetti House,,George's Spaghetti House,1981-10-06,待定,待定,公开数据集,https://musicbrainz.org/doc/MusicBrainz_Database,2026-08-31
Ackee,FIFO vs Negativ Hardcore - Hard Extended Summer,,Klubb Blå,2017-09-29,待定,待定,公开数据集,https://musicbrainz.org/doc/MusicBrainz_Database,2026-08-31
Satans Tornade,Satanstornade and Whitehouse at Volksbühne,,Volksbühne am Rosa‐Luxemburg‐Platz,2003-03-30,待定,待定,公开数据集,https://musicbrainz.org/doc/MusicBrainz_Database,2026-08-31
,"Paléo Festival de Nyon 2016, Day 2",,L’Asse,2016-07-20,待定,待定,公开数据集,https://musicbrainz.org/doc/MusicBrainz_Database,2026-08-31
DIR EN GREY,TOUR16-17 FROM DEPRESSION TO ________ [mode of 鬼葬],,名古屋市公会堂,2016-11-22,待定,待定,公开数据集,https://musicbrainz.org/doc/MusicBrainz_Database,2026-08-31
Jane Fair Quartet,Jane Fair Quartet at George's Spaghetti House,,George's Spaghetti House,1981-10-07,待定,待定,公开数据集,https://musicbrainz.org/doc/MusicBrainz_Database,2026-08-31
,Volendam van het Zuiden,,,2018-06-03,待定,待定,公开数据集,https://musicbrainz.org/doc/MusicBrainz_Database,2026-08-31
Killtrain,"Punkfest 1997, Day 2",,Aro Valley Hall,1997-10-25,待定,待定,公开数据集,https://musicbrainz.org/doc/MusicBrainz_Database,2026-08-31
The White Stripes,"Later… with Jools Holland: Series 29, Episode 5",,BBC Television Centre,2007-06-01,待定,待定,公开数据集,https://musicbrainz.org/doc/MusicBrainz_Database,2026-08-31
Barry Manilow,Barry Manilow at Lunt–Fontanne Theatre,,Lunt–Fontanne Theatre,2019-08-10,待定,待定,公开数据集,https://musicbrainz.org/doc/MusicBrainz_Database,2026-08-31
Fozzey & VanC,Fozzey & VanC at Corner Hotel,,The Corner Hotel,2014-05-02,待定,待定,公开数据集,https://musicbrainz.org/doc/MusicBrainz_Database,2026-08-31
Puma Danger,"VOLT Fesztivál 2016, Day 5: OpenAir Rádio Terasz",,OpenAir Rádio Terasz,2016-07-02,待定,待定,公开数据集,https://musicbrainz.org/doc/MusicBrainz_Database,2026-08-31
Barry Manilow,Barry Manilow at Lunt–Fontanne Theatre,,Lunt–Fontanne Theatre,2019-08-03,待定,待定,公开数据集,https://musicbrainz.org/doc/MusicBrainz_Database,2026-08-31
Oddy Jay,Oddyssey Live Concert,,,2017-04-26,待定,待定,公开数据集,https://musicbrainz.org/doc/MusicBrainz_Database,2026-08-31
Black Milk,"SXSW 2010, day 2: Victory Grill",,Victory Grill,2010-03-18,待定,待定,公开数据集,https://musicbrainz.org/doc/MusicBrainz_Database,2026-08-31
Philippe Bernold,[concert],,JW Marriott Cannes: Grand Auditorium,2000-01-09,待定,待定,公开数据集,https://musicbrainz.org/doc/MusicBrainz_Database,2026-08-31
KISS,KISS at Broome County Veterans Memorial Arena,,Visions Federal Credit Union Veterans Memorial Arena,1990-06-22,待定,待定,公开数据集,https://musicbrainz.org/doc/MusicBrainz_Database,2026-08-31
,Prom 33,,Queen’s Hall,1900-10-02,待定,待定,公开数据集,https://musicbrainz.org/doc/MusicBrainz_Database,2026-08-31
Iron Maiden,Iron Maiden at Letisko Žilina,,Letisko Žilina,2016-07-06,待定,待定,公开数据集,https://musicbrainz.org/doc/MusicBrainz_Database,2026-08-31
Duffy,"Later… with Jools Holland: Series 31, Episode 4",,BBC Television Centre,2008-02-22,待定,待定,公开数据集,https://musicbrainz.org/doc/MusicBrainz_Database,2026-08-31
Gerard Zalsman,[concert],,Concertgebouw,1906-05-20,待定,待定,公开数据集,https://musicbrainz.org/doc/MusicBrainz_Database,2026-08-31
Thomas Kagermann,Meditativer Gottesdienst zur Jahreslosung 2017,,Dorfkirche Repelen,2017-03-12,待定,待定,公开数据集,https://musicbrainz.org/doc/MusicBrainz_Database,2026-08-31
Feine Sahne Fischfilet,"Feine Sahne Fischfilet, Afterpartees at c/o pop Festival 2015",,Gloria Theater,2015-08-22,待定,待定,公开数据集,https://musicbrainz.org/doc/MusicBrainz_Database,2026-08-31
Supergrass,"Later… with Jools Holland: Series 31, Episode 5",,BBC Television Centre,2008-02-29,待定,待定,公开数据集,https://musicbrainz.org/doc/MusicBrainz_Database,2026-08-31
Megan Pennington,Deutschtown Music Festival 2019 Saturday at Threadbare Restaurant,,,2019-07-13,待定,待定,公开数据集,https://musicbrainz.org/doc/MusicBrainz_Database,2026-08-31
Kansas,"Red, White & Blue Ash",,Summit Park,2019-07-04,待定,待定,公开数据集,https://musicbrainz.org/doc/MusicBrainz_Database,2026-08-31
,Prom 39,,Queen’s Hall,1900-10-09,待定,待定,公开数据集,https://musicbrainz.org/doc/MusicBrainz_Database,2026-08-31
KISS,KISS at New Haven Veterans Memorial Coliseum,,New Haven Veterans Memorial Coliseum,1990-07-05,待定,待定,公开数据集,https://musicbrainz.org/doc/MusicBrainz_Database,2026-08-31
PIERROT,ANDROGYNOS - a view of the Megiddo -,,横浜アリーナ,2017-07-07,待定,待定,公开数据集,https://musicbrainz.org/doc/MusicBrainz_Database,2026-08-31
Stereophonics,Stereophonics in Brussels,,Ancienne Belgique,1998-02-13,待定,待定,公开数据集,https://musicbrainz.org/doc/MusicBrainz_Database,2026-08-31
Barry Manilow,Barry Manilow at Westgate Las Vegas Resort & Casino,,Westgate Las Vegas Resort & Casino: International Theater,2019-04-19,待定,待定,公开数据集,https://musicbrainz.org/doc/MusicBrainz_Database,2026-08-31
,Glastonbury Festival 1995,,Worthy Farm,1995-06-23,待定,待定,公开数据集,https://musicbrainz.org/doc/MusicBrainz_Database,2026-08-31
Fozzey & VanC,Fozzey & VanC at Barwon Heads Hotel,,Barwon Heads Hotel,2013-03-02,待定,待定,公开数据集,https://musicbrainz.org/doc/MusicBrainz_Database,2026-08-31
Paul Labrise,RANT 2016 Saturday @ Allegheny Wine Mixer,,,2016-08-13,待定,待定,公开数据集,https://musicbrainz.org/doc/MusicBrainz_Database,2026-08-31
Facteurs Chevaux,Facteurs Chevaux at Terminus,,Terminus,2017-09-30,待定,待定,公开数据集,https://musicbrainz.org/doc/MusicBrainz_Database,2026-08-31
Clara Strauss,[concert],,Centre Tchèque,2002-10-16,待定,待定,公开数据集,https://musicbrainz.org/doc/MusicBrainz_Database,2026-08-31
Stereophonics,Stereophonics in Paris,,Le Divan du Monde,1998-02-23,待定,待定,公开数据集,https://musicbrainz.org/doc/MusicBrainz_Database,2026-08-31
Barry Manilow,Barry Manilow at PPL Center,,PPL Center,2017-10-06,待定,待定,公开数据集,https://musicbrainz.org/doc/MusicBrainz_Database,2026-08-31
,Woburn Music Festival,,,1968-07-06,待定,待定,公开数据集,https://musicbrainz.org/doc/MusicBrainz_Database,2026-08-31
Def Leppard,Def Leppard at DTE Energy Music Theatre,,Pine Knob Music Theatre,2016-07-15,待定,待定,公开数据集,https://musicbrainz.org/doc/MusicBrainz_Database,2026-08-31
THE ALFEE,4th Summer ALFEE YOKOHAMA STADIUM 3DAYS,,横浜スタジアム,1985-08-28,待定,待定,公开数据集,https://musicbrainz.org/doc/MusicBrainz_Database,2026-08-31
Lambert,Lambert at Weinkirche,,Weinkirche,2016-10-30,待定,待定,公开数据集,https://musicbrainz.org/doc/MusicBrainz_Database,2026-08-31
,Paredes de Coura Festival 2007,,Praia Fluvial do Taboão,2007-08-12,待定,待定,公开数据集,https://musicbrainz.org/doc/MusicBrainz_Database,2026-08-31
Trans‐Siberian Orchestra,Trans‐Siberian Orchestra at Verizon Theatre at Grand Prairie,,Texas Trust CU Theatre at Grand Prairie,2010-05-02,待定,待定,公开数据集,https://musicbrainz.org/doc/MusicBrainz_Database,2026-08-31
Bruce Springsteen,"1995‐12‐09: Tower Theater, Upper Darby, Philadelphia, PA, USA",,Tower Theater,1995-12-09,待定,待定,公开数据集,https://musicbrainz.org/doc/MusicBrainz_Database,2026-08-31
,The Proms 1995: Prom 27,,,1995-08-11,待定,待定,公开数据集,https://musicbrainz.org/doc/MusicBrainz_Database,2026-08-31
Jannah Beth,Jannah Beth at Beach Burrito Company Newtown,,Beach Burrito Company Newtown,2018-03-23,待定,待定,公开数据集,https://musicbrainz.org/doc/MusicBrainz_Database,2026-08-31
Trillbass,"SXSW 2010, day 3: Barcelona",,Barcelona,2010-03-19,待定,待定,公开数据集,https://musicbrainz.org/doc/MusicBrainz_Database,2026-08-31
Haley Gibby,"Canadian Music Fest 2010, day 4: Maro",,Maro,2010-03-13,待定,待定,公开数据集,https://musicbrainz.org/doc/MusicBrainz_Database,2026-08-31
The Walkmen,"Capital Idea! Festival, Day 3",,Bronson Centre,2007-06-22,待定,待定,公开数据集,https://musicbrainz.org/doc/MusicBrainz_Database,2026-08-31
Shawn James,Cormac Neeson | Shawn James | The White Horse | May 10th,,,2019-05-10,待定,待定,公开数据集,https://musicbrainz.org/doc/MusicBrainz_Database,2026-08-31
Barry Manilow,Barry Manilow at St. James Theatre,,St. James Theatre,2013-01-18,待定,待定,公开数据集,https://musicbrainz.org/doc/MusicBrainz_Database,2026-08-31
Trans‐Siberian Orchestra,Trans‐Siberian Orchestra at Ford Center,,Paycom Center,2008-11-30,待定,待定,公开数据集,https://musicbrainz.org/doc/MusicBrainz_Database,2026-08-31
Bruce Springsteen,"1979‐01‐01: Richfield Coliseum, Richfield, OH, USA",,Richfield Coliseum,1979-01-01,待定,待定,公开数据集,https://musicbrainz.org/doc/MusicBrainz_Database,2026-08-31
Galahad,Galahad at Parkvilla Theater,,Parktheater,2018-06-22,待定,待定,公开数据集,https://musicbrainz.org/doc/MusicBrainz_Database,2026-08-31
KISS,25th Anniversary La Semana Alegre: East Stage,,East Stage,1994-04-19,待定,待定,公开数据集,https://musicbrainz.org/doc/MusicBrainz_Database,2026-08-31
Steel Mill,"1970‐10‐17: MC Gym, Monmouth College, West Long Branch, NJ, USA",,MC Gym,1970-10-17,待定,待定,公开数据集,https://musicbrainz.org/doc/MusicBrainz_Database,2026-08-31
Coerced,"Waitangi Waste Fest 2021, Day 3",,Valhalla,2021-02-07,待定,待定,公开数据集,https://musicbrainz.org/doc/MusicBrainz_Database,2026-08-31
KISS,KISS at Value City Arena at the Jerome Schottenstein Center,,Value City Arena at the Jerome Schottenstein Center,1998-12-05,待定,待定,公开数据集,https://musicbrainz.org/doc/MusicBrainz_Database,2026-08-31
The New Pornographers,The New Pornographers in Brooklyn,,Warsaw,2002-02-19,待定,待定,公开数据集,https://musicbrainz.org/doc/MusicBrainz_Database,2026-08-31
KISS,KISS at Gund Arena,,Rocket Arena,1998-12-06,待定,待定,公开数据集,https://musicbrainz.org/doc/MusicBrainz_Database,2026-08-31
Bruce Springsteen,"1971‐03‐05: The Upstage, Asbury Park, NJ, USA",,The Upstage,1971-03-05,待定,待定,公开数据集,https://musicbrainz.org/doc/MusicBrainz_Database,2026-08-31
Electric Light Orchestra,"Jeff Lynne’s ELO at The SSE Arena, Belfast",,The SSE Arena,2018-10-26,待定,待定,公开数据集,https://musicbrainz.org/doc/MusicBrainz_Database,2026-08-31
,Amplify Presents Paint The Town Red 15,,,2015-04-11,待定,待定,公开数据集,https://musicbrainz.org/doc/MusicBrainz_Database,2026-08-31
The Absurdistan,Erlenhof Open Air 2016,,Erlenhof,2016-07-16,待定,待定,公开数据集,https://musicbrainz.org/doc/MusicBrainz_Database,2026-08-31
Peter Pringle,Peter Pringle at PWD,,PWD,1981-10-05,待定,待定,公开数据集,https://musicbrainz.org/doc/MusicBrainz_Database,2026-08-31
Trans‐Siberian Orchestra,Trans‐Siberian Orchestra at Reno Events Center,,Reno Events Center,2008-11-14,待定,待定,公开数据集,https://musicbrainz.org/doc/MusicBrainz_Database,2026-08-31
Peter Pringle,Peter Pringle at PWD,,PWD,1981-10-06,待定,待定,公开数据集,https://musicbrainz.org/doc/MusicBrainz_Database,2026-08-31
Bruce Springsteen,"2005‐05‐05: Paramount Theatre, Oakland, CA, USA",,Paramount Theatre,2005-05-05,待定,待定,公开数据集,https://musicbrainz.org/doc/MusicBrainz_Database,2026-08-31
Peter Pringle,Peter Pringle at PWD,,PWD,1981-10-07,待定,待定,公开数据集,https://musicbrainz.org/doc/MusicBrainz_Database,2026-08-31
KISS,KISS at Five Seasons Center,,Alliant Energy PowerHouse,1992-11-15,待定,待定,公开数据集,https://musicbrainz.org/doc/MusicBrainz_Database,2026-08-31
KISS,KISS at Adelaide Entertainment Centre,,Adelaide Entertainment Centre Arena,2001-04-01,待定,待定,公开数据集,https://musicbrainz.org/doc/MusicBrainz_Database,2026-08-31
Peter Pringle,Peter Pringle at PWD,,PWD,1981-10-08,待定,待定,公开数据集,https://musicbrainz.org/doc/MusicBrainz_Database,2026-08-31
Trans‐Siberian Orchestra,Trans‐Siberian Orchestra at ARCO Arena,,ARCO Arena,2008-11-15,待定,待定,公开数据集,https://musicbrainz.org/doc/MusicBrainz_Database,2026-08-31
Trans‐Siberian Orchestra,Trans‐Siberian Orchestra at The Palace of Auburn Hills,,The Palace of Auburn Hills,2008-12-21,待定,待定,公开数据集,https://musicbrainz.org/doc/MusicBrainz_Database,2026-08-31
Imagine Dragons,"Summerfest 2018, Day 1: American Family Insurance Amphitheater",,American Family Insurance Amphitheater,2018-06-27,待定,待定,公开数据集,https://musicbrainz.org/doc/MusicBrainz_Database,2026-08-31
Acoustical South,Erlenhof Open Air 2020,,Erlenhof,2020-07-18,待定,待定,公开数据集,https://musicbrainz.org/doc/MusicBrainz_Database,2026-08-31
KISS,KISS at Wings Stadium,,Wings Event Center,1992-11-17,待定,待定,公开数据集,https://musicbrainz.org/doc/MusicBrainz_Database,2026-08-31
Trans‐Siberian Orchestra,Trans‐Siberian Orchestra at ARCO Arena,,ARCO Arena,2008-11-15,待定,待定,公开数据集,https://musicbrainz.org/doc/MusicBrainz_Database,2026-08-31
,Unsigned Festival,,,2015-06-19,待定,待定,公开数据集,https://musicbrainz.org/doc/MusicBrainz_Database,2026-08-31
Acoustical South,Erlenhof Open Air 2021,,Erlenhof,2021-07-17,待定,待定,公开数据集,https://musicbrainz.org/doc/MusicBrainz_Database,2026-08-31
Steel Mill,"1970‐05‐10: Monmouth College, West Long Branch, NJ, USA",,Monmouth University,1970-05-10,待定,待定,公开数据集,https://musicbrainz.org/doc/MusicBrainz_Database,2026-08-31
,"Fuzza, Dogo + Mansestral en el Willys",,,2019-07-05,待定,待定,公开数据集,https://musicbrainz.org/doc/MusicBrainz_Database,2026-08-31
Trans‐Siberian Orchestra,Trans‐Siberian Orchestra at HP Pavilion,,SAP Center at San Jose,2008-11-16,待定,待定,公开数据集,https://musicbrainz.org/doc/MusicBrainz_Database,2026-08-31
Bruce Springsteen,"1971‐03‐12: The Upstage, Asbury Park, NJ, USA",,The Upstage,1971-03-12,待定,待定,公开数据集,https://musicbrainz.org/doc/MusicBrainz_Database,2026-08-31
KISS,KISS at Rupp Arena,,Rupp Arena at Central Bank Center,2000-09-08,待定,待定,公开数据集,https://musicbrainz.org/doc/MusicBrainz_Database,2026-08-31
,"Rewire Festival 2019, Day 3",,,2019-03-31,待定,待定,公开数据集,https://musicbrainz.org/doc/MusicBrainz_Database,2026-08-31
Steel Mill,"1969‐11‐22: Crenshaw Gymnasium, Randolph‐Macon College, Ashland, VA, USA",,Crenshaw Gymnasium,1969-11-22,待定,待定,公开数据集,https://musicbrainz.org/doc/MusicBrainz_Database,2026-08-31
Der Moderne Man,Der Moderne Man at Nachtleben,,Nachtleben,2021-12-03,待定,待定,公开数据集,https://musicbrainz.org/doc/MusicBrainz_Database,2026-08-31
The Rolling Stones,The Rolling Stones at Principality Stadium,,Stadiwm Principality Stadium,2018-06-15,待定,待定,公开数据集,https://musicbrainz.org/doc/MusicBrainz_Database,2026-08-31
John Pickard,[concert],,,1989-11-30,待定,待定,公开数据集,https://musicbrainz.org/doc/MusicBrainz_Database,2026-08-31
Jacob Banks,"Paléo Festival Nyon 2019, Day 5: Les Arches",,Les Arches,2019-07-27,待定,待定,公开数据集,https://musicbrainz.org/doc/MusicBrainz_Database,2026-08-31
Elsas eget omdöme,Elsas Eget Omdöme + Se Och Hör at Fasching,,Fasching,2017-08-31,待定,待定,公开数据集,https://musicbrainz.org/doc/MusicBrainz_Database,2026-08-31
Heart,Heart at The Joint at Hard Rock Hotel & Casino,,The Theatre at Virgin Hotels Las Vegas,1995-10-16,待定,待定,公开数据集,https://musicbrainz.org/doc/MusicBrainz_Database,2026-08-31
Trans‐Siberian Orchestra,Trans‐Siberian Orchestra at Kohl Center,,Kohl Center,2008-12-11,待定,待定,公开数据集,https://musicbrainz.org/doc/MusicBrainz_Database,2026-08-31
The Rolling Stones,The Rolling Stones at Estadio San Mamés,,San Mamés Stadium,1998-06-18,待定,待定,公开数据集,https://musicbrainz.org/doc/MusicBrainz_Database,2026-08-31
91 Suite,91 Suite at Underground,,Underground,2006-04-28,待定,待定,公开数据集,https://musicbrainz.org/doc/MusicBrainz_Database,2026-08-31
Lydia Lunch,Lydia Lunch solokonsert at Fylkingen,,Fylkingen,2017-09-06,待定,待定,公开数据集,https://musicbrainz.org/doc/MusicBrainz_Database,2026-08-31
Doro Pesch,"Graspop Metal Meeting 2018, Day 1: Main Stage 2",,Main Stage 02,2018-06-21,待定,待定,公开数据集,https://musicbrainz.org/doc/MusicBrainz_Database,2026-08-31
,Highfield Festival 2007,,Stausee Hohenfelden,2007-08-17,待定,待定,公开数据集,https://musicbrainz.org/doc/MusicBrainz_Database,2026-08-31
KISS,KISS at Sydney Entertainment Centre,,Sydney Entertainment Centre,1995-02-14,待定,待定,公开数据集,https://musicbrainz.org/doc/MusicBrainz_Database,2026-08-31
The Rolling Stones,The Rolling Stones at Messegelände Hannover,,Messegelände Hannover,1998-06-26,待定,待定,公开数据集,https://musicbrainz.org/doc/MusicBrainz_Database,2026-08-31
Bruce Springsteen,"1969‐12‐12: MC Gym, Monmouth College, West Long Branch, NJ, USA",,MC Gym,1969-12-12,待定,待定,公开数据集,https://musicbrainz.org/doc/MusicBrainz_Database,2026-08-31
高見沢俊彦,Takamiy at パシフィコ横浜 国立大ホール,,パシフィコ横浜 国立大ホール,2018-09-02,待定,待定,公开数据集,https://musicbrainz.org/doc/MusicBrainz_Database,2026-08-31
The Rolling Stones,The Rolling Stones at TIAA Bank Field,,TIAA Bank Field,2019-07-19,待定,待定,公开数据集,https://musicbrainz.org/doc/MusicBrainz_Database,2026-08-31
Push to Talk,"SXSW 2005, Day 4: Sake on Sixth",,Sake on Sixth,2005-03-19,待定,待定,公开数据集,https://musicbrainz.org/doc/MusicBrainz_Database,2026-08-31
Trans‐Siberian Orchestra,Trans‐Siberian Orchestra at MTS Centre,,Canada Life Centre,2008-11-03,待定,待定,公开数据集,https://musicbrainz.org/doc/MusicBrainz_Database,2026-08-31
Étienne de Crécy,Space Echo Live,,Les Arches,2019-07-28,待定,待定,公开数据集,https://musicbrainz.org/doc/MusicBrainz_Database,2026-08-31
Judith LeClair,[concert],,David Geffen Hall,1995-04-12,待定,待定,公开数据集,https://musicbrainz.org/doc/MusicBrainz_Database,2026-08-31
,Matt Allwright's Saturday Solution,,BBC Radio Berkshire,2016-03-26,待定,待定,公开数据集,https://musicbrainz.org/doc/MusicBrainz_Database,2026-08-31
,"Sturgis Motorcycle Rally 2016, Day 1",,,2016-08-08,待定,待定,公开数据集,https://musicbrainz.org/doc/MusicBrainz_Database,2026-08-31
Barry Manilow,Barry Manilow at Cynthia Woods Mitchell Pavilion,,Cynthia Woods Mitchell Pavilion,2013-06-30,待定,待定,公开数据集,https://musicbrainz.org/doc/MusicBrainz_Database,2026-08-31
Snow Patrol,"Southside 2004, Day 3, Second Stage",,,2004-06-27,待定,待定,公开数据集,https://musicbrainz.org/doc/MusicBrainz_Database,2026-08-31
KISS,KISS at The Centrum,,DCU Center,1992-10-08,待定,待定,公开数据集,https://musicbrainz.org/doc/MusicBrainz_Database,2026-08-31
Trans‐Siberian Orchestra,Trans‐Siberian Orchestra at Credit Union Centre,,SaskTel Centre,2008-11-04,待定,待定,公开数据集,https://musicbrainz.org/doc/MusicBrainz_Database,2026-08-31
So Sick Social Club,"Canadian Music Fest 2010, day 2: Phoenix Concert Theatre",,Phoenix Concert Theatre,2010-03-11,待定,待定,公开数据集,https://musicbrainz.org/doc/MusicBrainz_Database,2026-08-31
Jets Overhead,"SXSW 2007, day 5: Molotov Lounge",,Molotov Lounge,2007-03-17,待定,待定,公开数据集,https://musicbrainz.org/doc/MusicBrainz_Database,2026-08-31
The Sessions Band,"2006‐06‐19: Saratoga Performing Arts Center, Saratoga Springs, NY, USA",,Saratoga Performing Arts Center,2006-06-19,待定,待定,公开数据集,https://musicbrainz.org/doc/MusicBrainz_Database,2026-08-31
Barry Manilow,Barry Manilow at Value City Arena at the Jerome Schottenstein Center,,Value City Arena at the Jerome Schottenstein Center,2012-04-21,待定,待定,公开数据集,https://musicbrainz.org/doc/MusicBrainz_Database,2026-08-31
Kevin Buell,"2005‐05‐27: Royal Albert Hall, London, England, UK",,Royal Albert Hall,2005-05-27,待定,待定,公开数据集,https://musicbrainz.org/doc/MusicBrainz_Database,2026-08-31
Radiohead,Radiohead in Dallas,,Music Hall at Fair Park,1998-03-29,待定,待定,公开数据集,https://musicbrainz.org/doc/MusicBrainz_Database,2026-08-31
The Rolling Stones,The Rolling Stones at Amsterdam Arena,,Johan Cruijff ArenA,1998-07-02,待定,待定,公开数据集,https://musicbrainz.org/doc/MusicBrainz_Database,2026-08-31
David Nail,David Nail at Indiana State Fair 2019,,Free Stage,2019-08-10,待定,待定,公开数据集,https://musicbrainz.org/doc/MusicBrainz_Database,2026-08-31
Edvard Grieg,[concert],,Gewandhaus,1887-12-10,待定,待定,公开数据集,https://musicbrainz.org/doc/MusicBrainz_Database,2026-08-31
,"х/ф ""Душа""",,,1981,待定,待定,公开数据集,https://musicbrainz.org/doc/MusicBrainz_Database,2026-08-31
Alan Fitzgerald,"2005‐11‐08: Wachovia Spectrum, Philadelphia, PA, USA",,Wachovia Spectrum,2005-11-08,待定,待定,公开数据集,https://musicbrainz.org/doc/MusicBrainz_Database,2026-08-31
Kent Nagano,[concert],,,1997-10-07,待定,待定,公开数据集,https://musicbrainz.org/doc/MusicBrainz_Database,2026-08-31
Francesca Battistelli,Francesca Battistelli at Indiana State Fair 2019,,Free Stage,2019-08-11,待定,待定,公开数据集,https://musicbrainz.org/doc/MusicBrainz_Database,2026-08-31
Kevin Buell,"2005‐05‐30: Forest National, Brussels, Belgium",,Vorst Nationaal,2005-05-30,待定,待定,公开数据集,https://musicbrainz.org/doc/MusicBrainz_Database,2026-08-31
The Rolling Stones,The Rolling Stones at Olympiastadion Berlin,,Olympiastadion Berlin,2018-06-22,待定,待定,公开数据集,https://musicbrainz.org/doc/MusicBrainz_Database,2026-08-31
The Rolling Stones,The Rolling Stones at Grosse Allmend,,Grosse Allmend,1998-07-09,待定,待定,公开数据集,https://musicbrainz.org/doc/MusicBrainz_Database,2026-08-31
,Lake 07,,,2007-07-07,待定,待定,公开数据集,https://musicbrainz.org/doc/MusicBrainz_Database,2026-08-31
Elise Elizza,[concert],,Wiener Musikverein: Großer Musikvereinssaal,1901-02-17,待定,待定,公开数据集,https://musicbrainz.org/doc/MusicBrainz_Database,2026-08-31
Bruce Springsteen,"2005‐04‐22: Paramount Theatre, Asbury Park, NJ, USA",,Paramount Theatre,2005-04-22,待定,待定,公开数据集,https://musicbrainz.org/doc/MusicBrainz_Database,2026-08-31
Switchfoot,Switchfoot at Indiana State Fair 2019,,Free Stage,2019-08-07,待定,待定,公开数据集,https://musicbrainz.org/doc/MusicBrainz_Database,2026-08-31
Wax Fang,"SXSW 2007, day 5: Mohawk Patio",,Mohawk Patio,2007-03-17,待定,待定,公开数据集,https://musicbrainz.org/doc/MusicBrainz_Database,2026-08-31
Tuck & Patti,Tuck & Patti at Colos-Saal,,Colos‐Saal,2016-03-14,待定,待定,公开数据集,https://musicbrainz.org/doc/MusicBrainz_Database,2026-08-31
Dianne Heatherington,Dianne Heatherington at Garbo's,,Garbo's,1981-10-06,待定,待定,公开数据集,https://musicbrainz.org/doc/MusicBrainz_Database,2026-08-31
Himmerlands Danse‐ og spillemandslaug,Rebild Folkemusiktræf 2018: Festivalteltet,,,2018-06-30,待定,待定,公开数据集,https://musicbrainz.org/doc/MusicBrainz_Database,2026-08-31
The 1992–93 World Tour Band,"1993‐06‐01: Valle Hovin Stadion, Oslo, Norway",,Valle Hovin,1993-06-01,待定,待定,公开数据集,https://musicbrainz.org/doc/MusicBrainz_Database,2026-08-31
KISS,KISS at Scandinavium,,Scandinavium,1999-03-05,待定,待定,公开数据集,https://musicbrainz.org/doc/MusicBrainz_Database,2026-08-31
Barry Manilow,Barry Manilow at McCallum Theatre,,McCallum Theatre,2012-12-14,待定,待定,公开数据集,https://musicbrainz.org/doc/MusicBrainz_Database,2026-08-31
The Guess Who,The Guess Who at Indiana State Fair 2019,,Free Stage,2019-08-17,待定,待定,公开数据集,https://musicbrainz.org/doc/MusicBrainz_Database,2026-08-31
Anna Aagaard,Anna Aagard eksamenskoncert 2016,,Syddansk Musikkonservatorium,2016-06-16,待定,待定,公开数据集,https://musicbrainz.org/doc/MusicBrainz_Database,2026-08-31
José Feliciano,José Feliciano at El Mocambo,,El Mocambo,1981-10-15,待定,待定,公开数据集,https://musicbrainz.org/doc/MusicBrainz_Database,2026-08-31
José Feliciano,José Feliciano at El Mocambo,,El Mocambo,1981-10-15,待定,待定,公开数据集,https://musicbrainz.org/doc/MusicBrainz_Database,2026-08-31
Cigarettes After Sex,Cigarettes After Sex at Dachauer Musiksommer,,Rathausplatz,2018-07-01,待定,待定,公开数据集,https://musicbrainz.org/doc/MusicBrainz_Database,2026-08-31
Mary Mary,Mary Mary at Indiana State Fair 2019,,Free Stage,2019-08-18,待定,待定,公开数据集,https://musicbrainz.org/doc/MusicBrainz_Database,2026-08-31
Maggie Walters,"SXSW 2006, day 3: Copa",,Copa Bar & Grill,2006-03-17,待定,待定,公开数据集,https://musicbrainz.org/doc/MusicBrainz_Database,2026-08-31
,"Sturgis Motorcycle Rally 2016, Day 4",,,2016-08-11,待定,待定,公开数据集,https://musicbrainz.org/doc/MusicBrainz_Database,2026-08-31
Jello Biafra and The Guantanamo School of Medicine,"Hellfest 2010, Day 2: Terrorizer Tent",,Terrorizer Tent,2010-06-19,待定,待定,公开数据集,https://musicbrainz.org/doc/MusicBrainz_Database,2026-08-31
KISS,KISS at National Exhibition Centre,,National Exhibition Centre,1992-05-26,待定,待定,公开数据集,https://musicbrainz.org/doc/MusicBrainz_Database,2026-08-31
KISS,KISS at Hilton Coliseum,,Hilton Coliseum,1992-11-14,待定,待定,公开数据集,https://musicbrainz.org/doc/MusicBrainz_Database,2026-08-31
Steel Mill,"1969‐11‐14: Monmouth College, West Long Branch, NJ, USA",,Monmouth University,1969-11-14,待定,待定,公开数据集,https://musicbrainz.org/doc/MusicBrainz_Database,2026-08-31
Bruce Springsteen,"1992‐06‐05: Hollywood Center Studios, Studio #4, Los Angeles, CA, USA",,Sunset Las Palmas Studios,1992-06-05,待定,待定,公开数据集,https://musicbrainz.org/doc/MusicBrainz_Database,2026-08-31
Trans‐Siberian Orchestra,Trans‐Siberian Orchestra at Sommet Center,,Bridgestone Arena,2010-01-03,待定,待定,公开数据集,https://musicbrainz.org/doc/MusicBrainz_Database,2026-08-31
Steel Mill,"1970‐11‐25: Student Center, Newark State College, Union, NJ, USA",,Student Center,1970-11-25,待定,待定,公开数据集,https://musicbrainz.org/doc/MusicBrainz_Database,2026-08-31
Peter Pringle,Peter Pringle at PWD,,PWD,1981-10-05,待定,待定,公开数据集,https://musicbrainz.org/doc/MusicBrainz_Database,2026-08-31
Trans‐Siberian Orchestra,Trans‐Siberian Orchestra at Reno Events Center,,Reno Events Center,2008-11-14,待定,待定,公开数据集,https://musicbrainz.org/doc/MusicBrainz_Database,2026-08-31
Peter Pringle,Peter Pringle at PWD,,PWD,1981-10-06,待定,待定,公开数据集,https://musicbrainz.org/doc/MusicBrainz_Database,2026-08-31
Peter Pringle,Peter Pringle at PWD,,PWD,1981-10-07,待定,待定,公开数据集,https://musicbrainz.org/doc/MusicBrainz_Database,2026-08-31
,Cuba Dupa 2021,,,2021-03-27,待定,待定,公开数据集,https://musicbrainz.org/doc/MusicBrainz_Database,2026-08-31
Bears of Legend,"Paléo Festival Nyon 2019, Day 4: Le Dôme",,Dôme,2019-07-26,待定,待定,公开数据集,https://musicbrainz.org/doc/MusicBrainz_Database,2026-08-31
Trans‐Siberian Orchestra,Trans‐Siberian Orchestra at Sommet Center,,Bridgestone Arena,2010-01-03,待定,待定,公开数据集,https://musicbrainz.org/doc/MusicBrainz_Database,2026-08-31
Peter Pringle,Peter Pringle at PWD,,PWD,1981-10-08,待定,待定,公开数据集,https://musicbrainz.org/doc/MusicBrainz_Database,2026-08-31
Niels Wilhelm Gade,[concert],,,1852-12-11,待定,待定,公开数据集,https://musicbrainz.org/doc/MusicBrainz_Database,2026-08-31
Trans‐Siberian Orchestra,Trans‐Siberian Orchestra at ARCO Arena,,ARCO Arena,2008-11-15,待定,待定,公开数据集,https://musicbrainz.org/doc/MusicBrainz_Database,2026-08-31
Imagine Dragons,"Summerfest 2018, Day 1: American Family Insurance Amphitheater",,American Family Insurance Amphitheater,2018-06-27,待定,待定,公开数据集,https://musicbrainz.org/doc/MusicBrainz_Database,2026-08-31
Marillion,Marillion,,Theater of the Living Arts,2004-10-08,待定,待定,公开数据集,https://musicbrainz.org/doc/MusicBrainz_Database,2026-08-31
Acoustical South,Erlenhof Open Air 2020,,Erlenhof,2020-07-18,待定,待定,公开数据集,https://musicbrainz.org/doc/MusicBrainz_Database,2026-08-31
Barry Manilow,Barry Manilow at Red Rocks Amphitheatre,,Red Rocks Amphitheatre,2013-07-11,待定,待定,公开数据集,https://musicbrainz.org/doc/MusicBrainz_Database,2026-08-31
KISS,KISS at Wings Stadium,,Wings Event Center,1992-11-17,待定,待定,公开数据集,https://musicbrainz.org/doc/MusicBrainz_Database,2026-08-31
Ms. Jen & the Jellyfish,"Summerfest 2018, Day 1: Kohl’s Captivation Station",,Kohl’s Captivation Station,2018-06-27,待定,待定,公开数据集,https://musicbrainz.org/doc/MusicBrainz_Database,2026-08-31
Danny Dziuk,Danny Dziuk Trio at Kulturfenster,,Kulturfenster,2017-03-17,待定,待定,公开数据集,https://musicbrainz.org/doc/MusicBrainz_Database,2026-08-31
KISS,KISS at Stabler Arena,,Stabler Arena,1992-10-01,待定,待定,公开数据集,https://musicbrainz.org/doc/MusicBrainz_Database,2026-08-31
Mammuthus,"Cuba Dupa, Valhalla Stage",,Valhalla,2021-03-27,待定,待定,公开数据集,https://musicbrainz.org/doc/MusicBrainz_Database,2026-08-31
Acoustical South,Erlenhof Open Air 2021,,Erlenhof,2021-07-17,待定,待定,公开数据集,https://musicbrainz.org/doc/MusicBrainz_Database,2026-08-31
,La Route du Rock 2006 Collection Été,,Fort de Saint-Père,2006-08-11,待定,待定,公开数据集,https://musicbrainz.org/doc/MusicBrainz_Database,2026-08-31
Southside Johnny,"1971‐01‐08: The Upstage, Asbury Park, NJ, USA",,The Upstage,1971-01-08,待定,待定,公开数据集,https://musicbrainz.org/doc/MusicBrainz_Database,2026-08-31
Backyard Babies,"Southside 2004, Day 2, Main Stage",,,2004-06-26,待定,待定,公开数据集,https://musicbrainz.org/doc/MusicBrainz_Database,2026-08-31
Less Than Jake,Ska Against Racism Tour: Milwaukee,,Rave Hall,1998-05-02,待定,待定,公开数据集,https://musicbrainz.org/doc/MusicBrainz_Database,2026-08-31
KISS,KISS at Jack Breslin Student Events Center,,Breslin Student Events Center,2000-09-06,待定,待定,公开数据集,https://musicbrainz.org/doc/MusicBrainz_Database,2026-08-31
Southside Johnny,"1971‐01‐09: The Upstage, Asbury Park, NJ, USA",,The Upstage,1971-01-09,待定,待定,公开数据集,https://musicbrainz.org/doc/MusicBrainz_Database,2026-08-31
Bruce Springsteen,"1969‐11‐20: The Center, Free University, Richmond, VA, USA",,The Center,1969-11-20,待定,待定,公开数据集,https://musicbrainz.org/doc/MusicBrainz_Database,2026-08-31
Kaltbruching Acideath,Tales,,小岩ブッシュバッシュ,2019-07-20,待定,待定,公开数据集,https://musicbrainz.org/doc/MusicBrainz_Database,2026-08-31
Trans‐Siberian Orchestra,Trans‐Siberian Orchestra at HP Pavilion,,SAP Center at San Jose,2008-11-16,待定,待定,公开数据集,https://musicbrainz.org/doc/MusicBrainz_Database,2026-08-31
Edward Sharpe and the Magnetic Zeros,Edward Sharpe & The Magnetic Zeros in Telluride,,Sheridan Opera House,2009-12-02,待定,待定,公开数据集,https://musicbrainz.org/doc/MusicBrainz_Database,2026-08-31
Trans‐Siberian Orchestra,Trans‐Siberian Orchestra at Mid‐America Center,,Mid‐America Center,2008-11-01,待定,待定,公开数据集,https://musicbrainz.org/doc/MusicBrainz_Database,2026-08-31
KISS,KISS at Estadio Obras Sanitarias,,Estadio Obras Sanitarias,1994-09-14,待定,待定,公开数据集,https://musicbrainz.org/doc/MusicBrainz_Database,2026-08-31
Trans‐Siberian Orchestra,Trans‐Siberian Orchestra at HSBC Arena,,KeyBank Center,2008-12-06,待定,待定,公开数据集,https://musicbrainz.org/doc/MusicBrainz_Database,2026-08-31
Tracker,"SXSW 2005, Day 4: Red Eyed Fly",,Red Eyed Fly,2005-03-19,待定,待定,公开数据集,https://musicbrainz.org/doc/MusicBrainz_Database,2026-08-31
Ra Ra Riot,Ra Ra Riot at Lee’s Palace,,Lee’s Palace,2013-03-06,待定,待定,公开数据集,https://musicbrainz.org/doc/MusicBrainz_Database,2026-08-31
Trans‐Siberian Orchestra,Trans‐Siberian Orchestra at Giant Center,,Giant Center,2008-11-02,待定,待定,公开数据集,https://musicbrainz.org/doc/MusicBrainz_Database,2026-08-31
KISS,KISS at Ervin J. Nutter Center,,Wright State University Nutter Center,1998-12-11,待定,待定,公开数据集,https://musicbrainz.org/doc/MusicBrainz_Database,2026-08-31
KISS,KISS at Rupp Arena,,Rupp Arena at Central Bank Center,2000-09-08,待定,待定,公开数据集,https://musicbrainz.org/doc/MusicBrainz_Database,2026-08-31
Steel Mill,"1969‐11‐22: Crenshaw Gymnasium, Randolph‐Macon College, Ashland, VA, USA",,Crenshaw Gymnasium,1969-11-22,待定,待定,公开数据集,https://musicbrainz.org/doc/MusicBrainz_Database,2026-08-31
Trans‐Siberian Orchestra,Trans‐Siberian Orchestra at Giant Center,,Giant Center,2008-11-02,待定,待定,公开数据集,https://musicbrainz.org/doc/MusicBrainz_Database,2026-08-31
Jacob Banks,"Paléo Festival Nyon 2019, Day 5: Les Arches",,Les Arches,2019-07-27,待定,待定,公开数据集,https://musicbrainz.org/doc/MusicBrainz_Database,2026-08-31
KISS,KISS at Osaka Castle Hall,,大阪城ホール,1995-01-24,待定,待定,公开数据集,https://musicbrainz.org/doc/MusicBrainz_Database,2026-08-31
Trans‐Siberian Orchestra,Trans‐Siberian Orchestra at Alerus Center,,Alerus Center,2008-11-02,待定,待定,公开数据集,https://musicbrainz.org/doc/MusicBrainz_Database,2026-08-31
KISS,KISS at Allen County War Memorial Coliseum,,Allen County War Memorial Coliseum,1992-11-18,待定,待定,公开数据集,https://musicbrainz.org/doc/MusicBrainz_Database,2026-08-31
Grannysmith,"Southside 2004, Day 3, Main Stage",,,2004-06-27,待定,待定,公开数据集,https://musicbrainz.org/doc/MusicBrainz_Database,2026-08-31
KISS,KISS at Rod Laver Arena,,Rod Laver Arena,2001-04-05,待定,待定,公开数据集,https://musicbrainz.org/doc/MusicBrainz_Database,2026-08-31
KISS,KISS at Conseco Fieldhouse,,Gainbridge Fieldhouse,2000-09-09,待定,待定,公开数据集,https://musicbrainz.org/doc/MusicBrainz_Database,2026-08-31
Soft Plastics,Creep on Creepin',,Wellington Museum,2021-02-12,待定,待定,公开数据集,https://musicbrainz.org/doc/MusicBrainz_Database,2026-08-31
Edward Sharpe and the Magnetic Zeros,Edward Sharpe & The Magnetic Zeros in Vancouver,,Biltmore Cabaret,2009-12-08,待定,待定,公开数据集,https://musicbrainz.org/doc/MusicBrainz_Database,2026-08-31
KISS,KISS at Forum de Montréal,,Montreal Forum,1992-10-05,待定,待定,公开数据集,https://musicbrainz.org/doc/MusicBrainz_Database,2026-08-31
Barry Manilow,Barry Manilow at Cynthia Woods Mitchell Pavilion,,Cynthia Woods Mitchell Pavilion,2013-05-19,待定,待定,公开数据集,https://musicbrainz.org/doc/MusicBrainz_Database,2026-08-31
,Vocaloid Fantasia 4,,横浜産貿ホール,2013-09-15,待定,待定,公开数据集,https://musicbrainz.org/doc/MusicBrainz_Database,2026-08-31
Bruce Springsteen,"1969‐12‐12: MC Gym, Monmouth College, West Long Branch, NJ, USA",,MC Gym,1969-12-12,待定,待定,公开数据集,https://musicbrainz.org/doc/MusicBrainz_Database,2026-08-31
The Rolling Stones,The Rolling Stones at Olympiastadion München,,Olympiastadion München,1998-05-24,待定,待定,公开数据集,https://musicbrainz.org/doc/MusicBrainz_Database,2026-08-31
Hellsongs,"Canadian Music Fest 2010, day 4: Painted Lady",,The Painted Lady,2010-03-13,待定,待定,公开数据集,https://musicbrainz.org/doc/MusicBrainz_Database,2026-08-31
Trans‐Siberian Orchestra,Trans‐Siberian Orchestra at MTS Centre,,Canada Life Centre,2008-11-03,待定,待定,公开数据集,https://musicbrainz.org/doc/MusicBrainz_Database,2026-08-31
The Rolling Stones,The Rolling Stones at Hipodrom,,Zagrebački hipodrom,1998-05-28,待定,待定,公开数据集,https://musicbrainz.org/doc/MusicBrainz_Database,2026-08-31
Étienne de Crécy,Space Echo Live,,Les Arches,2019-07-28,待定,待定,公开数据集,https://musicbrainz.org/doc/MusicBrainz_Database,2026-08-31
,Manchester Academy 3,,,2015-02-28,待定,待定,公开数据集,https://musicbrainz.org/doc/MusicBrainz_Database,2026-08-31
KISS,KISS at Roberts Municipal Stadium,,Roberts Municipal Stadium,2000-09-10,待定,待定,公开数据集,https://musicbrainz.org/doc/MusicBrainz_Database,2026-08-31
,Night & Day,,,2015-03-20,待定,待定,公开数据集,https://musicbrainz.org/doc/MusicBrainz_Database,2026-08-31
The Rolling Stones,The Rolling Stones at Maimarktgelände,,Maimarktgelände,1998-06-07,待定,待定,公开数据集,https://musicbrainz.org/doc/MusicBrainz_Database,2026-08-31
Edward Sharpe and the Magnetic Zeros,Edward Sharpe & The Magnetic Zeros in Portland,,Doug Fir Lounge,2009-12-09,待定,待定,公开数据集,https://musicbrainz.org/doc/MusicBrainz_Database,2026-08-31
Trans‐Siberian Orchestra,Trans‐Siberian Orchestra at Philips Arena,,State Farm Arena,2008-11-16,待定,待定,公开数据集,https://musicbrainz.org/doc/MusicBrainz_Database,2026-08-31
KISS,KISS at National Tennis Centre at Flinders Park,,Rod Laver Arena,1995-02-09,待定,待定,公开数据集,https://musicbrainz.org/doc/MusicBrainz_Database,2026-08-31
Trans‐Siberian Orchestra,Trans‐Siberian Orchestra at Wachovia Arena,,Mohegan Arena at Casey Plaza,2008-11-05,待定,待定,公开数据集,https://musicbrainz.org/doc/MusicBrainz_Database,2026-08-31
Union Youth,"Southside 2003, Day 1, Hauptbühne",,,2003-06-20,待定,待定,公开数据集,https://musicbrainz.org/doc/MusicBrainz_Database,2026-08-31
,Race Against Blood Cancer Charity Event,,,2016-08-06,待定,待定,公开数据集,https://musicbrainz.org/doc/MusicBrainz_Database,2026-08-31
Trans‐Siberian Orchestra,Trans‐Siberian Orchestra at Nassau Veterans Memorial Coliseum,,Nassau Veterans Memorial Coliseum,2008-12-12,待定,待定,公开数据集,https://musicbrainz.org/doc/MusicBrainz_Database,2026-08-31
KISS,KISS at Pine Knob Music Theatre,,Pine Knob Music Theatre,2000-09-12,待定,待定,公开数据集,https://musicbrainz.org/doc/MusicBrainz_Database,2026-08-31
Edward Sharpe and the Magnetic Zeros,Edward Sharpe & The Magnetic Zeros in Eugene,,WOW Hall,2009-12-10,待定,待定,公开数据集,https://musicbrainz.org/doc/MusicBrainz_Database,2026-08-31
Le Winston Band,"Paléo Festival Nyon 2019, Day 5: Le Dôme",,Dôme,2019-07-27,待定,待定,公开数据集,https://musicbrainz.org/doc/MusicBrainz_Database,2026-08-31
Trans‐Siberian Orchestra,Trans‐Siberian Orchestra at Wachovia Arena,,Mohegan Arena at Casey Plaza,2008-11-05,待定,待定,公开数据集,https://musicbrainz.org/doc/MusicBrainz_Database,2026-08-31
The Rolling Stones,The Rolling Stones at Amsterdam Arena,,Johan Cruijff ArenA,1998-07-01,待定,待定,公开数据集,https://musicbrainz.org/doc/MusicBrainz_Database,2026-08-31
KISS,KISS at Nassau Veterans Memorial Coliseum,,Nassau Veterans Memorial Coliseum,1992-10-11,待定,待定,公开数据集,https://musicbrainz.org/doc/MusicBrainz_Database,2026-08-31
Gorillaz,"Later... with Jools Holland: Series 36, Episode 3",,,2010-04-30,待定,待定,公开数据集,https://musicbrainz.org/doc/MusicBrainz_Database,2026-08-31
Too Late,"Hamtown Smakdown 2014, Day 1",,The Meteor,2014-03-21,待定,待定,公开数据集,https://musicbrainz.org/doc/MusicBrainz_Database,2026-08-31
Bruce Springsteen,"1969‐12‐31: Esalen Institute, Big Sur, CA, USA",,Esalen Institute,1969-12-31,待定,待定,公开数据集,https://musicbrainz.org/doc/MusicBrainz_Database,2026-08-31
Trans‐Siberian Orchestra,Trans‐Siberian Orchestra at Blue Cross Arena,,Blue Cross Arena,2008-12-27,待定,待定,公开数据集,https://musicbrainz.org/doc/MusicBrainz_Database,2026-08-31
KISS,KISS at Ervin J. Nutter Center,,Wright State University Nutter Center,2000-09-13,待定,待定,公开数据集,https://musicbrainz.org/doc/MusicBrainz_Database,2026-08-31
Circa Survive,"SXSW 2005, Day 4: Redrum",,Redrum,2005-03-19,待定,待定,公开数据集,https://musicbrainz.org/doc/MusicBrainz_Database,2026-08-31
Southside Johnny,"1971‐05‐28: Student Prince, Asbury Park, NJ, USA",,Student Prince,1971-05-28,待定,待定,公开数据集,https://musicbrainz.org/doc/MusicBrainz_Database,2026-08-31
Amy Montgomery,Amy Montgomery / Dashville Skyline 2019 / Oct 4-6,,,2019-10-04,待定,待定,公开数据集,https://musicbrainz.org/doc/MusicBrainz_Database,2026-08-31
Edward Sharpe and the Magnetic Zeros,Edward Sharpe & The Magnetic Zeros in Los Angeles,,Mayan Theater,2009-12-14,待定,待定,公开数据集,https://musicbrainz.org/doc/MusicBrainz_Database,2026-08-31
Timo Korhonen,Concert,,,2008-04-10,待定,待定,公开数据集,https://musicbrainz.org/doc/MusicBrainz_Database,2026-08-31
,Night of the Prog Festival XV,,Freilichtbühne Loreley,2020-07-17,待定,待定,公开数据集,https://musicbrainz.org/doc/MusicBrainz_Database,2026-08-31
,Das Fest 2019,,Günther‐Klotz‐Anlage,2019-07-19,待定,待定,公开数据集,https://musicbrainz.org/doc/MusicBrainz_Database,2026-08-31
Biga Ranx,"MaMA Festival 2016, Day 1: La Cigale",,La Cigale,2016-10-12,待定,待定,公开数据集,https://musicbrainz.org/doc/MusicBrainz_Database,2026-08-31
Peirson Ross,"Canadian Music Fest 2010, day 5: Painted Lady",,The Painted Lady,2010-03-14,待定,待定,公开数据集,https://musicbrainz.org/doc/MusicBrainz_Database,2026-08-31
Radiohead,Radiohead in Los Angeles,,Gibson Amphitheatre,1998-04-01,待定,待定,公开数据集,https://musicbrainz.org/doc/MusicBrainz_Database,2026-08-31
Wax Fang,"SXSW 2007, day 5: Mohawk Patio",,Mohawk Patio,2007-03-17,待定,待定,公开数据集,https://musicbrainz.org/doc/MusicBrainz_Database,2026-08-31
Superstardjs,"SXSW 2006, day 3: Club One 15",,Club One 15,2006-03-17,待定,待定,公开数据集,https://musicbrainz.org/doc/MusicBrainz_Database,2026-08-31
KISS,KISS at Broome County Veterans Memorial Auditorium,,Visions Federal Credit Union Veterans Memorial Arena,2000-09-15,待定,待定,公开数据集,https://musicbrainz.org/doc/MusicBrainz_Database,2026-08-31
The Rolling Stones,The Rolling Stones at Amsterdam Arena,,Johan Cruijff ArenA,1998-07-06,待定,待定,公开数据集,https://musicbrainz.org/doc/MusicBrainz_Database,2026-08-31
Alan Fitzgerald,"2005‐06‐01: Pavelló Olímpic de Badalona, Barcelona, Spain",,Palau Municipal d’Esports de Badalona,2005-06-01,待定,待定,公开数据集,https://musicbrainz.org/doc/MusicBrainz_Database,2026-08-31
Sherzandum,FOLKAMOK! 8.0,,Studenterhuset,2015-04-11,待定,待定,公开数据集,https://musicbrainz.org/doc/MusicBrainz_Database,2026-08-31
O‐Town,Pop 2000 Tour at Indiana State Fair 2019,,Free Stage,2019-08-09,待定,待定,公开数据集,https://musicbrainz.org/doc/MusicBrainz_Database,2026-08-31
Trans‐Siberian Orchestra,Trans‐Siberian Orchestra at North Charleston Coliseum,,North Charleston Coliseum,2008-11-19,待定,待定,公开数据集,https://musicbrainz.org/doc/MusicBrainz_Database,2026-08-31
Barry Manilow,Barry Manilow at Consol Energy Center,,PPG Paints Arena,2013-04-19,待定,待定,公开数据集,https://musicbrainz.org/doc/MusicBrainz_Database,2026-08-31
Trans‐Siberian Orchestra,Trans‐Siberian Orchestra at Save Mart Center,,Save Mart Center at Fresno State,2008-11-19,待定,待定,公开数据集,https://musicbrainz.org/doc/MusicBrainz_Database,2026-08-31
The Rolling Stones,The Rolling Stones at Wiener Neustadt East Airfield,,Wiener Neustadt East Airfield,1998-07-11,待定,待定,公开数据集,https://musicbrainz.org/doc/MusicBrainz_Database,2026-08-31
,"Sturgis Motorcycle Rally 2016, Day 5",,,2016-08-12,待定,待定,公开数据集,https://musicbrainz.org/doc/MusicBrainz_Database,2026-08-31
KISS,KISS at Omaha Civic Auditorium,,Omaha Civic Auditorium,1998-12-16,待定,待定,公开数据集,https://musicbrainz.org/doc/MusicBrainz_Database,2026-08-31
,Hindu @ Fiddler's Elbow,,,2016-09-11,待定,待定,公开数据集,https://musicbrainz.org/doc/MusicBrainz_Database,2026-08-31
Trans‐Siberian Orchestra,Trans‐Siberian Orchestra at Peoria Civic Center,,Carver Arena,2008-12-12,待定,待定,公开数据集,https://musicbrainz.org/doc/MusicBrainz_Database,2026-08-31
The Rolling Stones,The Rolling Stones at Parken,,Parken,1998-07-29,待定,待定,公开数据集,https://musicbrainz.org/doc/MusicBrainz_Database,2026-08-31
Amæzing Snäke,"Graspop Metal Meeting 2018, Day 2: Classic Rock Café",,Classic Rock Café,2018-06-22,待定,待定,公开数据集,https://musicbrainz.org/doc/MusicBrainz_Database,2026-08-31
KISS,KISS at MetroCentre,,BMO Center,1998-12-18,待定,待定,公开数据集,https://musicbrainz.org/doc/MusicBrainz_Database,2026-08-31
The Rolling Stones,The Rolling Stones at Ullevi,,Ullevi,1998-07-31,待定,待定,公开数据集,https://musicbrainz.org/doc/MusicBrainz_Database,2026-08-31
“Weird Al” Yankovic,“Weird Al” Yankovic at Filene Center at Wolf Trap,,Filene Center,2016-09-11,待定,待定,公开数据集,https://musicbrainz.org/doc/MusicBrainz_Database,2026-08-31
Delta Spirit,"Later... with Jools Holland: Series 37, Episode 3",,,2010-10-01,待定,待定,公开数据集,https://musicbrainz.org/doc/MusicBrainz_Database,2026-08-31
KISS,KISS at Five Seasons Center,,Alliant Energy PowerHouse,1998-12-19,待定,待定,公开数据集,https://musicbrainz.org/doc/MusicBrainz_Database,2026-08-31
Barry Manilow,Barry Manilow at McCallum Theatre,,McCallum Theatre,2012-12-12,待定,待定,公开数据集,https://musicbrainz.org/doc/MusicBrainz_Database,2026-08-31
Alan Fitzgerald,"2005‐06‐15: Festhalle, Frankfurt, Germany",,Festhalle Frankfurt,2005-06-15,待定,待定,公开数据集,https://musicbrainz.org/doc/MusicBrainz_Database,2026-08-31
Lambert,"FAQ Bregenzerwald, Day 2",,Alte Säge,2016-09-02,待定,待定,公开数据集,https://musicbrainz.org/doc/MusicBrainz_Database,2026-08-31
Radiohead,Radiohead in Vancouver,,Pacific Coliseum,1998-04-06,待定,待定,公开数据集,https://musicbrainz.org/doc/MusicBrainz_Database,2026-08-31
The Rolling Stones,The Rolling Stones at Lauluväljak,,Lauluväljak,1998-08-08,待定,待定,公开数据集,https://musicbrainz.org/doc/MusicBrainz_Database,2026-08-31
KISS,KISS at Dane County Coliseum,,Alliant Energy Center: Veterans Memorial Coliseum,1998-12-27,待定,待定,公开数据集,https://musicbrainz.org/doc/MusicBrainz_Database,2026-08-31
The Rolling Stones,The Rolling Stones at Luzhniki Stadium,,Стадион «Лужники»,1998-08-11,待定,待定,公开数据集,https://musicbrainz.org/doc/MusicBrainz_Database,2026-08-31
Barry Manilow,Barry Manilow at Chicago Theatre,,Chicago Theatre,2012-07-12,待定,待定,公开数据集,https://musicbrainz.org/doc/MusicBrainz_Database,2026-08-31
The Sundance Blues Band,"1971‐05‐01: Student Prince, Asbury Park, NJ, USA",,Student Prince,1971-05-01,待定,待定,公开数据集,https://musicbrainz.org/doc/MusicBrainz_Database,2026-08-31
Trans‐Siberian Orchestra,Trans‐Siberian Orchestra at Izod Center,,Meadowlands Arena,2008-12-13,待定,待定,公开数据集,https://musicbrainz.org/doc/MusicBrainz_Database,2026-08-31
The Rolling Stones,The Rolling Stones at Służewiec,,Tor wyścigów konnych Służewiec,1998-08-14,待定,待定,公开数据集,https://musicbrainz.org/doc/MusicBrainz_Database,2026-08-31
Amon Tobin,Amon Tobin in Vancouver,,Commodore Ballroom,2003-06-20,待定,待定,公开数据集,https://musicbrainz.org/doc/MusicBrainz_Database,2026-08-31
Los Suaves,"Los Suaves @ Totem, Villava, Navarra",,Totem,2015-05-23,待定,待定,公开数据集,https://musicbrainz.org/doc/MusicBrainz_Database,2026-08-31
KISS,KISS at Van Andel Arena,,Van Andel Arena,1998-12-30,待定,待定,公开数据集,https://musicbrainz.org/doc/MusicBrainz_Database,2026-08-31
Less Than Jake,Ska Against Racism Tour: Denver,,Mammoth Event Center,1998-05-08,待定,待定,公开数据集,https://musicbrainz.org/doc/MusicBrainz_Database,2026-08-31
Trans‐Siberian Orchestra,Trans‐Siberian Orchestra at Verizon Center,,Capital One Arena,2008-12-14,待定,待定,公开数据集,https://musicbrainz.org/doc/MusicBrainz_Database,2026-08-31
Trans‐Siberian Orchestra,Trans‐Siberian Orchestra at FedExForum,,FedExForum,2008-12-23,待定,待定,公开数据集,https://musicbrainz.org/doc/MusicBrainz_Database,2026-08-31
KISS,KISS at National Car Rental Center,,Amerant Bank Arena,1999-01-29,待定,待定,公开数据集,https://musicbrainz.org/doc/MusicBrainz_Database,2026-08-31
,Slottskogen Goes Progressive 2004,,,2004-08-21,待定,待定,公开数据集,https://musicbrainz.org/doc/MusicBrainz_Database,2026-08-31
Minus the Bear,Minus the Bear in Vancouver,,The Royal,2003-06-27,待定,待定,公开数据集,https://musicbrainz.org/doc/MusicBrainz_Database,2026-08-31
The Sundance Blues Band,"1971‐05‐08: Student Prince, Asbury Park, NJ, USA",,Student Prince,1971-05-08,待定,待定,公开数据集,https://musicbrainz.org/doc/MusicBrainz_Database,2026-08-31
Trans‐Siberian Orchestra,Trans‐Siberian Orchestra at FedExForum,,FedExForum,2008-12-23,待定,待定,公开数据集,https://musicbrainz.org/doc/MusicBrainz_Database,2026-08-31
Los Suaves,"Los Suaves @ Razzmatazz 1, Barcelona",,Razzmatazz,2015-04-25,待定,待定,公开数据集,https://musicbrainz.org/doc/MusicBrainz_Database,2026-08-31
Lucien Foort,"Roskilde Festival 2001, day 4: White Stage",,White,2001-06-28,待定,待定,公开数据集,https://musicbrainz.org/doc/MusicBrainz_Database,2026-08-31
Q and Not U,Q and Not U in Toronto,,Club Rockit,2003-06-30,待定,待定,公开数据集,https://musicbrainz.org/doc/MusicBrainz_Database,2026-08-31
The Rolling Stones,The Rolling Stones at Red Star Stadium,,Rajko Mitić Stadium,1998-09-10,待定,待定,公开数据集,https://musicbrainz.org/doc/MusicBrainz_Database,2026-08-31
Mott the Hoople,Mott the Hoople ’74 at Capitol Theatre,,Capitol Theatre,2019-10-21,待定,待定,公开数据集,https://musicbrainz.org/doc/MusicBrainz_Database,2026-08-31
,VIII Cine & Rock na Praça,,,2015-11-07,待定,待定,公开数据集,https://musicbrainz.org/doc/MusicBrainz_Database,2026-08-31
Trans‐Siberian Orchestra,Trans‐Siberian Orchestra at Mississippi Coliseum,,Mississippi Coliseum,2008-12-17,待定,待定,公开数据集,https://musicbrainz.org/doc/MusicBrainz_Database,2026-08-31
The Rolling Stones,The Rolling Stones at İnönü Stadium,,BJK İnönü Stadium,1998-09-13,待定,待定,公开数据集,https://musicbrainz.org/doc/MusicBrainz_Database,2026-08-31
KISS,KISS at Stockholm Globe Arena,,Avicii Arena,1999-03-03,待定,待定,公开数据集,https://musicbrainz.org/doc/MusicBrainz_Database,2026-08-31
Bruce Springsteen,"2005‐06‐30: Keflavik International Airport, Keflavik, Iceland",,Keflavík International Airport,2005-06-30,待定,待定,公开数据集,https://musicbrainz.org/doc/MusicBrainz_Database,2026-08-31
IQ,IQ at Turbinenhalle 2,,Turbinenhalle 2,2020-01-25,待定,待定,公开数据集,https://musicbrainz.org/doc/MusicBrainz_Database,2026-08-31
Barry Manilow,Barry Manilow at Ovation Hall,,Ovation Hall,2012-09-08,待定,待定,公开数据集,https://musicbrainz.org/doc/MusicBrainz_Database,2026-08-31
Radiohead,Radiohead in New York,,Radio City Music Hall,1998-04-17,待定,待定,公开数据集,https://musicbrainz.org/doc/MusicBrainz_Database,2026-08-31
Julian Nantes,"FAQ Bregenzerwald, Day 3",,Kapelle Niedere,2016-09-03,待定,待定,公开数据集,https://musicbrainz.org/doc/MusicBrainz_Database,2026-08-31
Trans‐Siberian Orchestra,Trans‐Siberian Orchestra at Mellon Arena,,Civic Arena,2008-12-17,待定,待定,公开数据集,https://musicbrainz.org/doc/MusicBrainz_Database,2026-08-31
Barry Manilow,Barry Manilow at Blue Cross Arena,,Blue Cross Arena,2012-09-07,待定,待定,公开数据集,https://musicbrainz.org/doc/MusicBrainz_Database,2026-08-31
“Weird Al” Yankovic,“Weird Al” Yankovic at DeVos Performance Hall,,DeVos Performance Hall,2016-08-26,待定,待定,公开数据集,https://musicbrainz.org/doc/MusicBrainz_Database,2026-08-31
KISS,KISS at Scandinavium,,Scandinavium,1999-03-04,待定,待定,公开数据集,https://musicbrainz.org/doc/MusicBrainz_Database,2026-08-31
Trans‐Siberian Orchestra,Trans‐Siberian Orchestra at New Orleans Arena,,Smoothie King Center,2008-12-18,待定,待定,公开数据集,https://musicbrainz.org/doc/MusicBrainz_Database,2026-08-31
,Hellfest 2003,,NY State Fairgrounds,2003-07-04,待定,待定,公开数据集,https://musicbrainz.org/doc/MusicBrainz_Database,2026-08-31
Barry Manilow,Barry Manilow at Sovereign Center,,Santander Arena,2012-09-06,待定,待定,公开数据集,https://musicbrainz.org/doc/MusicBrainz_Database,2026-08-31
Trans‐Siberian Orchestra,Trans‐Siberian Orchestra at Air Canada Centre,,Scotiabank Arena,2008-12-26,待定,待定,公开数据集,https://musicbrainz.org/doc/MusicBrainz_Database,2026-08-31
"A Life, a Song, a Cigarette","FAQ Bregenzerwald, Day 4",,Bergstation Baumgarten,2016-09-04,待定,待定,公开数据集,https://musicbrainz.org/doc/MusicBrainz_Database,2026-08-31
Dust Junkys,NME Redesign Launch: Dust Junkys,,Virgin Megastore,1998-03-18,待定,待定,公开数据集,https://musicbrainz.org/doc/MusicBrainz_Database,2026-08-31
,Newport Jazz Festival,,,2005-08-11,待定,待定,公开数据集,https://musicbrainz.org/doc/MusicBrainz_Database,2026-08-31
,Glastonbury Festival 2007,,Worthy Farm,2007-06-22,待定,待定,公开数据集,https://musicbrainz.org/doc/MusicBrainz_Database,2026-08-31
Mott the Hoople,Mott the Hoople ’74 at Majestic Theatre,,Majestic Theatre,2019-10-28,待定,待定,公开数据集,https://musicbrainz.org/doc/MusicBrainz_Database,2026-08-31
Southside Johnny,"1971‐05‐15: Student Prince, Asbury Park, NJ, USA",,Student Prince,1971-05-15,待定,待定,公开数据集,https://musicbrainz.org/doc/MusicBrainz_Database,2026-08-31
Mott the Hoople,Mott the Hoople ’74 at Austin City Limits Live at the Moody Theater,,Austin City Limits Live at the Moody Theater,2019-10-29,待定,待定,公开数据集,https://musicbrainz.org/doc/MusicBrainz_Database,2026-08-31
Trans‐Siberian Orchestra,Trans‐Siberian Orchestra at Alltel Arena,,Simmons Bank Arena,2008-12-26,待定,待定,公开数据集,https://musicbrainz.org/doc/MusicBrainz_Database,2026-08-31
Arctic Monkeys,"Glastonbury Festival 2007, Day 1: Pyramid stage",,Worthy Farm,2007-06-22,待定,待定,公开数据集,https://musicbrainz.org/doc/MusicBrainz_Database,2026-08-31
“Weird Al” Yankovic,“Weird Al” Yankovic at Proctor’s Theatre,,Proctor’s Theatre,2016-09-17,待定,待定,公开数据集,https://musicbrainz.org/doc/MusicBrainz_Database,2026-08-31
Mott the Hoople,Mott the Hoople ’74 at Talking Stick Resort Ballroom,,Talking Stick Resort & Casino: Salt River Grand Ballroom,2019-10-31,待定,待定,公开数据集,https://musicbrainz.org/doc/MusicBrainz_Database,2026-08-31
Barry Manilow,Barry Manilow at Hollywood Bowl,,Hollywood Bowl,2012-07-04,待定,待定,公开数据集,https://musicbrainz.org/doc/MusicBrainz_Database,2026-08-31
Heather Lynn,A Tennessee Waltz,,Tennessee State Capitol,2015-04-18,待定,待定,公开数据集,https://musicbrainz.org/doc/MusicBrainz_Database,2026-08-31
Alex John,Hamtown Smakdown 2014,,The Meteor,2014-03-21,待定,待定,公开数据集,https://musicbrainz.org/doc/MusicBrainz_Database,2026-08-31
Trans‐Siberian Orchestra,Trans‐Siberian Orchestra at Alltel Arena,,Simmons Bank Arena,2008-12-26,待定,待定,公开数据集,https://musicbrainz.org/doc/MusicBrainz_Database,2026-08-31
The Sundance Blues Band,"1971‐05‐21: Student Prince, Asbury Park, NJ, USA",,Student Prince,1971-05-21,待定,待定,公开数据集,https://musicbrainz.org/doc/MusicBrainz_Database,2026-08-31
Mott the Hoople,Mott the Hoople ’74 at Fox Theater,,Fox Theater,2019-11-03,待定,待定,公开数据集,https://musicbrainz.org/doc/MusicBrainz_Database,2026-08-31
“Weird Al” Yankovic,“Weird Al” Yankovic at Palace Theatre,,Palace Theater,2016-09-18,待定,待定,公开数据集,https://musicbrainz.org/doc/MusicBrainz_Database,2026-08-31
松田聖子,松田聖子 at 日本武道館,,日本武道館,2016-07-09,待定,待定,公开数据集,https://musicbrainz.org/doc/MusicBrainz_Database,2026-08-31
Barry Manilow,Barry Manilow at Hollywood Bowl,,Hollywood Bowl,2012-07-03,待定,待定,公开数据集,https://musicbrainz.org/doc/MusicBrainz_Database,2026-08-31
Mott the Hoople,Mott the Hoople ’74 at Arlene Schnitzer Concert Hall,,Arlene Schnitzer Concert Hall,2019-11-05,待定,待定,公开数据集,https://musicbrainz.org/doc/MusicBrainz_Database,2026-08-31
松田聖子,松田聖子 at 日本武道館,,日本武道館,2016-07-10,待定,待定,公开数据集,https://musicbrainz.org/doc/MusicBrainz_Database,2026-08-31
Mott the Hoople,Mott the Hoople ’74 at Moore Theatre,,Moore Theatre,2019-11-06,待定,待定,公开数据集,https://musicbrainz.org/doc/MusicBrainz_Database,2026-08-31
松田聖子,松田聖子 at 日本武道館,,日本武道館,2014-07-13,待定,待定,公开数据集,https://musicbrainz.org/doc/MusicBrainz_Database,2026-08-31
Barry Manilow,Barry Manilow at Hollywood Bowl,,Hollywood Bowl,2012-07-02,待定,待定,公开数据集,https://musicbrainz.org/doc/MusicBrainz_Database,2026-08-31
,Glastonbury 2014: The Park Stage,,Worthy Farm,2014-06-27,待定,待定,公开数据集,https://musicbrainz.org/doc/MusicBrainz_Database,2026-08-31
KISS,KISS at North Charleston Coliseum,,North Charleston Coliseum,1996-09-24,待定,待定,公开数据集,https://musicbrainz.org/doc/MusicBrainz_Database,2026-08-31
KISS,KISS at Ziggo Dome,,Ziggo Dome,2015-06-18,待定,待定,公开数据集,https://musicbrainz.org/doc/MusicBrainz_Database,2026-08-31
Louisiana Jazz Time,"Montreux Jazz Festival 2018, Day 16: Montreux Jazz Trains",,Golden Pass Jazz Train,2018-07-14,待定,待定,公开数据集,https://musicbrainz.org/doc/MusicBrainz_Database,2026-08-31
“Weird Al” Yankovic,“Weird Al” Yankovic at Clay Center for the Arts & Sciences,,Clay Center for the Arts and Sciences of West Virginia,2016-09-22,待定,待定,公开数据集,https://musicbrainz.org/doc/MusicBrainz_Database,2026-08-31
Trans‐Siberian Orchestra,Trans‐Siberian Orchestra at CenturyTel Center,,Brookshire Grocery Arena,2008-12-27,待定,待定,公开数据集,https://musicbrainz.org/doc/MusicBrainz_Database,2026-08-31
Bruce Springsteen,"2005‐07‐28: Petersen Events Center, Pittsburgh, PA, USA",,Petersen Events Center,2005-07-28,待定,待定,公开数据集,https://musicbrainz.org/doc/MusicBrainz_Database,2026-08-31
KISS,KISS at Charlotte Coliseum,,Charlotte Coliseum,1996-09-27,待定,待定,公开数据集,https://musicbrainz.org/doc/MusicBrainz_Database,2026-08-31
Metric,"Festival d'été de Québec 2012, day 10: La scène Loto-Québec",,Parc de la Francophonie,2012-07-14,待定,待定,公开数据集,https://musicbrainz.org/doc/MusicBrainz_Database,2026-08-31
Napalm Death,"Deathcrusher: Australian / New Zealand Tour, Wellington, New Zealand, Day 1",,Valhalla,2015-04-21,待定,待定,公开数据集,https://musicbrainz.org/doc/MusicBrainz_Database,2026-08-31
Blue Foundation,"Roskilde Festival 2001, day 4: Blue Stage",,Blue,2001-06-28,待定,待定,公开数据集,https://musicbrainz.org/doc/MusicBrainz_Database,2026-08-31
Björk,"Sasquatch! Music Festival 2007, day 1: Main Stage",,The Gorge Amphitheatre,2007-05-26,待定,待定,公开数据集,https://musicbrainz.org/doc/MusicBrainz_Database,2026-08-31
,Glastonbury 2014: Glade,,Worthy Farm,2014-06-26,待定,待定,公开数据集,https://musicbrainz.org/doc/MusicBrainz_Database,2026-08-31
KISS,KISS at Osaka Castle Hall,,大阪城ホール,2001-03-21,待定,待定,公开数据集,https://musicbrainz.org/doc/MusicBrainz_Database,2026-08-31
Trans‐Siberian Orchestra,Trans‐Siberian Orchestra at BankAtlantic Center,,Amerant Bank Arena,2008-11-13,待定,待定,公开数据集,https://musicbrainz.org/doc/MusicBrainz_Database,2026-08-31
Bruce Springsteen,"1970‐05‐02: Kenan Stadium, University of North Carolina, Chapel Hill, NC, USA",,Kenan Memorial Stadium,1970-05-02,待定,待定,公开数据集,https://musicbrainz.org/doc/MusicBrainz_Database,2026-08-31
Electric Light Orchestra,Jeff Lynne’s ELO at Echo Arena Liverpool,,M&S Bank Arena Liverpool,2018-10-23,待定,待定,公开数据集,https://musicbrainz.org/doc/MusicBrainz_Database,2026-08-31
KISS,KISS at Osaka Castle Hall,,大阪城ホール,2001-03-22,待定,待定,公开数据集,https://musicbrainz.org/doc/MusicBrainz_Database,2026-08-31
Trans‐Siberian Orchestra,Trans‐Siberian Orchestra at E Center,,Maverik Center,2008-11-13,待定,待定,公开数据集,https://musicbrainz.org/doc/MusicBrainz_Database,2026-08-31
Electric Light Orchestra,Jeff Lynne’s ELO at 3Arena,,3Arena,2018-10-25,待定,待定,公开数据集,https://musicbrainz.org/doc/MusicBrainz_Database,2026-08-31
Ryan McIntyre,"Summerfest 2018, Day 1: Klement’s Sausage & Beer Garden",,Klement’s Sausage & Beer Garden,2018-06-27,待定,待定,公开数据集,https://musicbrainz.org/doc/MusicBrainz_Database,2026-08-31
Steel Mill,"1971‐01‐23: The Upstage, Asbury Park, NJ, USA",,The Upstage,1971-01-23,待定,待定,公开数据集,https://musicbrainz.org/doc/MusicBrainz_Database,2026-08-31
Bruce Springsteen,"2005‐07‐23: Philips Arena, Atlanta, GA, USA",,State Farm Arena,2005-07-23,待定,待定,公开数据集,https://musicbrainz.org/doc/MusicBrainz_Database,2026-08-31
Steel Mill,"1970‐02‐27: The Center, Free University, Richmond, VA, USA",,The Center,1970-02-27,待定,待定,公开数据集,https://musicbrainz.org/doc/MusicBrainz_Database,2026-08-31
Bruce Springsteen,"1971‐03‐05: The Upstage, Asbury Park, NJ, USA",,The Upstage,1971-03-05,待定,待定,公开数据集,https://musicbrainz.org/doc/MusicBrainz_Database,2026-08-31
Duo Eolienne,Duo Eolienne @ Moon Newtown,,MOON 1,2021-05-30,待定,待定,公开数据集,https://musicbrainz.org/doc/MusicBrainz_Database,2026-08-31
KISS,KISS at Glen Helen Blockbuster Pavilion,,Glen Helen Amphitheater,2000-08-12,待定,待定,公开数据集,https://musicbrainz.org/doc/MusicBrainz_Database,2026-08-31
Steel Mill,"1970‐11‐25: Student Center, Newark State College, Union, NJ, USA",,Student Center,1970-11-25,待定,待定,公开数据集,https://musicbrainz.org/doc/MusicBrainz_Database,2026-08-31
Peter Pringle,Peter Pringle at PWD,,PWD,1981-10-07,待定,待定,公开数据集,https://musicbrainz.org/doc/MusicBrainz_Database,2026-08-31
KISS,KISS at Five Seasons Center,,Alliant Energy PowerHouse,1992-11-15,待定,待定,公开数据集,https://musicbrainz.org/doc/MusicBrainz_Database,2026-08-31
KISS,KISS at Adelaide Entertainment Centre,,Adelaide Entertainment Centre Arena,2001-04-01,待定,待定,公开数据集,https://musicbrainz.org/doc/MusicBrainz_Database,2026-08-31
Peter Pringle,Peter Pringle at PWD,,PWD,1981-10-08,待定,待定,公开数据集,https://musicbrainz.org/doc/MusicBrainz_Database,2026-08-31
Trans‐Siberian Orchestra,Trans‐Siberian Orchestra at ARCO Arena,,ARCO Arena,2008-11-15,待定,待定,公开数据集,https://musicbrainz.org/doc/MusicBrainz_Database,2026-08-31
Imagine Dragons,"Summerfest 2018, Day 1: American Family Insurance Amphitheater",,American Family Insurance Amphitheater,2018-06-27,待定,待定,公开数据集,https://musicbrainz.org/doc/MusicBrainz_Database,2026-08-31
Acoustical South,Erlenhof Open Air 2020,,Erlenhof,2020-07-18,待定,待定,公开数据集,https://musicbrainz.org/doc/MusicBrainz_Database,2026-08-31
KISS,KISS at Wings Stadium,,Wings Event Center,1992-11-17,待定,待定,公开数据集,https://musicbrainz.org/doc/MusicBrainz_Database,2026-08-31
Trans‐Siberian Orchestra,Trans‐Siberian Orchestra at ARCO Arena,,ARCO Arena,2008-11-15,待定,待定,公开数据集,https://musicbrainz.org/doc/MusicBrainz_Database,2026-08-31
Acoustical South,Erlenhof Open Air 2021,,Erlenhof,2021-07-17,待定,待定,公开数据集,https://musicbrainz.org/doc/MusicBrainz_Database,2026-08-31
Steel Mill,"1970‐05‐10: Monmouth College, West Long Branch, NJ, USA",,Monmouth University,1970-05-10,待定,待定,公开数据集,https://musicbrainz.org/doc/MusicBrainz_Database,2026-08-31
Trans‐Siberian Orchestra,Trans‐Siberian Orchestra at HP Pavilion,,SAP Center at San Jose,2008-11-16,待定,待定,公开数据集,https://musicbrainz.org/doc/MusicBrainz_Database,2026-08-31
KISS,KISS at Allen County War Memorial Coliseum,,Allen County War Memorial Coliseum,1992-11-18,待定,待定,公开数据集,https://musicbrainz.org/doc/MusicBrainz_Database,2026-08-31
KISS,KISS at Rod Laver Arena,,Rod Laver Arena,2001-04-05,待定,待定,公开数据集,https://musicbrainz.org/doc/MusicBrainz_Database,2026-08-31
KISS,KISS at WinStar World Casino and Resort,,WinStar World Casino and Resort: Global Event Center,2017-02-24,待定,待定,公开数据集,https://musicbrainz.org/doc/MusicBrainz_Database,2026-08-31
Push to Talk,"SXSW 2005, Day 4: Sake on Sixth",,Sake on Sixth,2005-03-19,待定,待定,公开数据集,https://musicbrainz.org/doc/MusicBrainz_Database,2026-08-31
Judith LeClair,[concert],,David Geffen Hall,1995-04-12,待定,待定,公开数据集,https://musicbrainz.org/doc/MusicBrainz_Database,2026-08-31
Polarkreis 18,"Highfield Festival 2007, day 1: Main Stage",,Stausee Hohenfelden,2007-08-17,待定,待定,公开数据集,https://musicbrainz.org/doc/MusicBrainz_Database,2026-08-31
,Takamiy 2018 Metal of Renaissance,,,2018-09-01,待定,待定,公开数据集,https://musicbrainz.org/doc/MusicBrainz_Database,2026-08-31
KISS,KISS at Cumberland County Memorial Arena,,Cumberland County Memorial Arena,1992-10-24,待定,待定,公开数据集,https://musicbrainz.org/doc/MusicBrainz_Database,2026-08-31
Bruce Springsteen,"1971‐03‐18: Deal Park Recreation Center, Deal, NJ, USA",,Deal Park Recreation Center,1971-03-18,待定,待定,公开数据集,https://musicbrainz.org/doc/MusicBrainz_Database,2026-08-31
,Matt Allwright's Saturday Solution,,BBC Radio Berkshire,2016-03-26,待定,待定,公开数据集,https://musicbrainz.org/doc/MusicBrainz_Database,2026-08-31
Babes in Toyland,Pukkelpop 1992,,Kempische Steenweg Kiewit,1992-08-29,待定,待定,公开数据集,https://musicbrainz.org/doc/MusicBrainz_Database,2026-08-31
Barry Manilow,Barry Manilow at The Arena at Gwinnett Center,,Gas South Arena,2013-04-27,待定,待定,公开数据集,https://musicbrainz.org/doc/MusicBrainz_Database,2026-08-31
富士葵,OVERTURE – 序曲 -,,Veats Shibuya,2019-10-05,待定,待定,公开数据集,https://musicbrainz.org/doc/MusicBrainz_Database,2026-08-31
The Rolling Stones,The Rolling Stones at Amsterdam Arena,,Johan Cruijff ArenA,1998-06-29,待定,待定,公开数据集,https://musicbrainz.org/doc/MusicBrainz_Database,2026-08-31
So Sick Social Club,"Canadian Music Fest 2010, day 2: Phoenix Concert Theatre",,Phoenix Concert Theatre,2010-03-11,待定,待定,公开数据集,https://musicbrainz.org/doc/MusicBrainz_Database,2026-08-31
The Dream Syndicate,The Dream Syndicate at Kägelbanan,,Kägelbanan,2017-10-16,待定,待定,公开数据集,https://musicbrainz.org/doc/MusicBrainz_Database,2026-08-31
KISS,KISS at Carolina Coliseum,,Carolina Coliseum,1992-10-25,待定,待定,公开数据集,https://musicbrainz.org/doc/MusicBrainz_Database,2026-08-31
Barry Manilow,Barry Manilow at Blossom Music Center,,Blossom Music Center,2012-08-02,待定,待定,公开数据集,https://musicbrainz.org/doc/MusicBrainz_Database,2026-08-31
Chandelier,Chandelier at Geschwister‐Scholl‐Haus,,Geschwister-Scholl-Haus,1993-04-02,待定,待定,公开数据集,https://musicbrainz.org/doc/MusicBrainz_Database,2026-08-31
Trans‐Siberian Orchestra,Trans‐Siberian Orchestra at Sommet Center,,Bridgestone Arena,2008-12-21,待定,待定,公开数据集,https://musicbrainz.org/doc/MusicBrainz_Database,2026-08-31
Bruce Springsteen,"2005‐04‐10: The Stone Pony, Asbury Park, NJ, USA",,The Stone Pony,2005-04-10,待定,待定,公开数据集,https://musicbrainz.org/doc/MusicBrainz_Database,2026-08-31
Victor Nováček,Sinfoniakonsertti,,Helsingin yliopiston päärakennus: juhlasali,1904-02-08,待定,待定,公开数据集,https://musicbrainz.org/doc/MusicBrainz_Database,2026-08-31
Henrik Freischlader Band,Night Train to Budapest Farewell Tour,,Scala Club,2014-10-19,待定,待定,公开数据集,https://musicbrainz.org/doc/MusicBrainz_Database,2026-08-31
Henrik Freischlader Band,Night Train to Budapest Farewell Tour,,Moritzbastei,2014-10-21,待定,待定,公开数据集,https://musicbrainz.org/doc/MusicBrainz_Database,2026-08-31
KISS,KISS at Asheville Civic Center Auditorium,,Thomas Wolfe Auditorium,1992-10-27,待定,待定,公开数据集,https://musicbrainz.org/doc/MusicBrainz_Database,2026-08-31
Kent Nagano,[concert],,,1997-10-07,待定,待定,公开数据集,https://musicbrainz.org/doc/MusicBrainz_Database,2026-08-31
The Rolling Stones,The Rolling Stones at Amsterdam Arena,,Johan Cruijff ArenA,1998-07-05,待定,待定,公开数据集,https://musicbrainz.org/doc/MusicBrainz_Database,2026-08-31
Henrik Freischlader Band,Night Train to Budapest Farewell Tour,,Alte Mälzerei,2014-10-22,待定,待定,公开数据集,https://musicbrainz.org/doc/MusicBrainz_Database,2026-08-31
Abraham Ojanperä,[Opening of the National Helsinki Theatre],,Suomen Kansallisteatteri,1902-04-09,待定,待定,公开数据集,https://musicbrainz.org/doc/MusicBrainz_Database,2026-08-31
The Rolling Stones,The Rolling Stones at Olympiastadion Berlin,,Olympiastadion Berlin,2018-06-22,待定,待定,公开数据集,https://musicbrainz.org/doc/MusicBrainz_Database,2026-08-31
The Rolling Stones,The Rolling Stones at Grosse Allmend,,Grosse Allmend,1998-07-09,待定,待定,公开数据集,https://musicbrainz.org/doc/MusicBrainz_Database,2026-08-31
,Songwriters on the Beach 2013,,,2013,待定,待定,公开数据集,https://musicbrainz.org/doc/MusicBrainz_Database,2026-08-31
The Blues Messengers,Summer Blues Festival 2019,,,,待定,待定,公开数据集,https://musicbrainz.org/doc/MusicBrainz_Database,2026-08-31
Bruce Springsteen,"1971‐04‐11: The Green Mermaid, Asbury Park, NJ, USA",,The Green Mermaid,1971-04-11,待定,待定,公开数据集,https://musicbrainz.org/doc/MusicBrainz_Database,2026-08-31
Saint Louis Symphony Orchestra,[unknown],,Powell Hall,2004-09-17,待定,待定,公开数据集,https://musicbrainz.org/doc/MusicBrainz_Database,2026-08-31
Elise Elizza,[concert],,Wiener Musikverein: Großer Musikvereinssaal,1901-02-17,待定,待定,公开数据集,https://musicbrainz.org/doc/MusicBrainz_Database,2026-08-31
Bruce Springsteen,"2005‐04‐22: Paramount Theatre, Asbury Park, NJ, USA",,Paramount Theatre,2005-04-22,待定,待定,公开数据集,https://musicbrainz.org/doc/MusicBrainz_Database,2026-08-31
Bruce Springsteen,"1971‐04‐17: The Upstage, Asbury Park, NJ, USA",,The Upstage,1971-04-17,待定,待定,公开数据集,https://musicbrainz.org/doc/MusicBrainz_Database,2026-08-31
Superstardjs,"SXSW 2006, day 3: Club One 15",,Club One 15,2006-03-17,待定,待定,公开数据集,https://musicbrainz.org/doc/MusicBrainz_Database,2026-08-31
Henrik Freischlader Band,Night Train to Budapest Farewell Tour,,Live in Cham,2014-10-25,待定,待定,公开数据集,https://musicbrainz.org/doc/MusicBrainz_Database,2026-08-31
Henrik Freischlader Band,Night Train to Budapest Farewell Tour,,Roxy,2014-10-26,待定,待定,公开数据集,https://musicbrainz.org/doc/MusicBrainz_Database,2026-08-31
Dianne Heatherington,Dianne Heatherington at Garbo's,,Garbo's,1981-10-11,待定,待定,公开数据集,https://musicbrainz.org/doc/MusicBrainz_Database,2026-08-31
Barry Manilow,Barry Manilow at Chicago Theatre,,Chicago Theatre,2012-07-13,待定,待定,公开数据集,https://musicbrainz.org/doc/MusicBrainz_Database,2026-08-31
Southside Johnny,"1971‐06‐19: Student Prince, Asbury Park, NJ, USA",,Student Prince,1971-06-19,待定,待定,公开数据集,https://musicbrainz.org/doc/MusicBrainz_Database,2026-08-31
Trans‐Siberian Orchestra,Trans‐Siberian Orchestra at Van Andel Arena,,Van Andel Arena,2007-12-01,待定,待定,公开数据集,https://musicbrainz.org/doc/MusicBrainz_Database,2026-08-31
Rodney Brown,Rod Brown's Original Music Show at Turning Point,,Turning Point,1981-10-07,待定,待定,公开数据集,https://musicbrainz.org/doc/MusicBrainz_Database,2026-08-31
KISS,KISS at Wiener Stadthalle,,"Wiener Stadthalle, Halle D",1999-03-17,待定,待定,公开数据集,https://musicbrainz.org/doc/MusicBrainz_Database,2026-08-31
Trans‐Siberian Orchestra,Trans‐Siberian Orchestra at Kansas Coliseum,,Britt Brown Arena at Kansas Coliseum,2007-12-07,待定,待定,公开数据集,https://musicbrainz.org/doc/MusicBrainz_Database,2026-08-31
内里美香,"SXSW 2006, day 3: Creekside EMC at Capitol Place",,Creekside,2006-03-17,待定,待定,公开数据集,https://musicbrainz.org/doc/MusicBrainz_Database,2026-08-31
Александр Зилоти,[concert],,,1909-02-06,待定,待定,公开数据集,https://musicbrainz.org/doc/MusicBrainz_Database,2026-08-31
Charlie Cunningham,"MaMA Festival 2016, Day 1: Théâtre de l’Atalante",,Théâtre de l’Atalante,2016-10-12,待定,待定,公开数据集,https://musicbrainz.org/doc/MusicBrainz_Database,2026-08-31
,Ann Arbor Blues Festival,,,1973-09-09,待定,待定,公开数据集,https://musicbrainz.org/doc/MusicBrainz_Database,2026-08-31
DIR EN GREY,TOUR16-17 FROM DEPRESSION TO ________ [mode of THE MARROW OF A BONE],,Zepp Osaka Bayside,2017-04-11,待定,待定,公开数据集,https://musicbrainz.org/doc/MusicBrainz_Database,2026-08-31
Electric Light Orchestra,Jeff Lynne’s ELO at Mercedes‐Benz Arena,,Uber Arena,2018-09-19,待定,待定,公开数据集,https://musicbrainz.org/doc/MusicBrainz_Database,2026-08-31
KISS,KISS at Osaka Castle Hall,,大阪城ホール,2000-11-15,待定,待定,公开数据集,https://musicbrainz.org/doc/MusicBrainz_Database,2026-08-31
The Rolling Stones,The Rolling Stones at Estadi Olímpic Lluís Companys,,Estadi Olímpic Lluís Companys,1998-07-20,待定,待定,公开数据集,https://musicbrainz.org/doc/MusicBrainz_Database,2026-08-31
,C.O.C. @ Harpos Concert Theatre,,Harpos Concert Theatre,2001-04-20,待定,待定,公开数据集,https://musicbrainz.org/doc/MusicBrainz_Database,2026-08-31
Zookeeper,"SXSW 2007, day 5: The Rio",,The Rio,2007-03-17,待定,待定,公开数据集,https://musicbrainz.org/doc/MusicBrainz_Database,2026-08-31
Radiohead,Radiohead in San Francisco,,Bill Graham Civic Auditorium,1998-04-02,待定,待定,公开数据集,https://musicbrainz.org/doc/MusicBrainz_Database,2026-08-31
Henrik Freischlader Band,Night Train to Budapest Farewell Tour,,Kammgarn,2014-10-10,待定,待定,公开数据集,https://musicbrainz.org/doc/MusicBrainz_Database,2026-08-31
Bruce Springsteen,"1971‐03‐13: The Upstage, Asbury Park, NJ, USA",,The Upstage,1971-03-13,待定,待定,公开数据集,https://musicbrainz.org/doc/MusicBrainz_Database,2026-08-31
Bruce Springsteen,"2005‐06‐04: PalaMalaguti, Bologna, Italy",,Unipol Arena,2005-06-04,待定,待定,公开数据集,https://musicbrainz.org/doc/MusicBrainz_Database,2026-08-31
ASG,"Psycho Las Vegas 2016, Day 3: Vinyl",,Vinyl,2016-08-28,待定,待定,公开数据集,https://musicbrainz.org/doc/MusicBrainz_Database,2026-08-31
,ROD 2015,,Grundtvigsskolen,2015-03-28,待定,待定,公开数据集,https://musicbrainz.org/doc/MusicBrainz_Database,2026-08-31
The Rolling Stones,The Rolling Stones at Stade Vélodrome,,Orange Vélodrome,1998-07-22,待定,待定,公开数据集,https://musicbrainz.org/doc/MusicBrainz_Database,2026-08-31
,ROD-dagen,,Grundtvigsskolen,2015-04-02,待定,待定,公开数据集,https://musicbrainz.org/doc/MusicBrainz_Database,2026-08-31
TJ & the Reasons to Live,TJ & The Reasons To Live + Black Seagull,,,2016-10-01,待定,待定,公开数据集,https://musicbrainz.org/doc/MusicBrainz_Database,2026-08-31
,"Sturgis Motorcycle Rally 2016, Day 6",,,2016-08-13,待定,待定,公开数据集,https://musicbrainz.org/doc/MusicBrainz_Database,2026-08-31
Radiohead,Radiohead in Seattle,,Paramount Theatre,1998-04-05,待定,待定,公开数据集,https://musicbrainz.org/doc/MusicBrainz_Database,2026-08-31
Barry Manilow,Barry Manilow at McCallum Theatre,,McCallum Theatre,2012-12-15,待定,待定,公开数据集,https://musicbrainz.org/doc/MusicBrainz_Database,2026-08-31
Trans‐Siberian Orchestra,Trans‐Siberian Orchestra at iWireless Center,,Vibrant Arena at The MARK,2008-12-13,待定,待定,公开数据集,https://musicbrainz.org/doc/MusicBrainz_Database,2026-08-31
The Rolling Stones,The Rolling Stones at Valle Hovin,,Valle Hovin,1998-08-02,待定,待定,公开数据集,https://musicbrainz.org/doc/MusicBrainz_Database,2026-08-31
KISS,KISS at Bradley Center,,BMO Harris Bradley Center,1998-12-20,待定,待定,公开数据集,https://musicbrainz.org/doc/MusicBrainz_Database,2026-08-31
Bruce Springsteen,"1973‐03‐12: Oliver’s, Boston, MA, USA",,Oliver’s,1973-03-12,待定,待定,公开数据集,https://musicbrainz.org/doc/MusicBrainz_Database,2026-08-31
Dizzee Rascal,"Rock en Seine 2007, day 1: Grande Scène",,Domaine national de Saint-Cloud,2007-08-24,待定,待定,公开数据集,https://musicbrainz.org/doc/MusicBrainz_Database,2026-08-31
The Rapture,The Rapture in Hoboken,,Maxwell’s,2001-08-05,待定,待定,公开数据集,https://musicbrainz.org/doc/MusicBrainz_Database,2026-08-31
Barry Manilow,Barry Manilow at Las Vegas Hilton,,Westgate Las Vegas Resort & Casino: International Theater,2008-06-26,待定,待定,公开数据集,https://musicbrainz.org/doc/MusicBrainz_Database,2026-08-31
John Abercrombie,"Festival d'été de Québec 2012, day 2: Largo Resto-Club",,Largo Resto‐Club,2012-07-06,待定,待定,公开数据集,https://musicbrainz.org/doc/MusicBrainz_Database,2026-08-31
The Rapture,The Rapture in Cambridge,,The Middle East: Upstairs,2001-08-06,待定,待定,公开数据集,https://musicbrainz.org/doc/MusicBrainz_Database,2026-08-31
Downless,"Paléo Festival de Nyon 2007, day 5: FMR",,L’Asse,2007-07-28,待定,待定,公开数据集,https://musicbrainz.org/doc/MusicBrainz_Database,2026-08-31
,"Glastonbury Festival 2019, Thursday: Glade",,Worthy Farm,2019-06-27,待定,待定,公开数据集,https://musicbrainz.org/doc/MusicBrainz_Database,2026-08-31
Barry Manilow,Barry Manilow at Las Vegas Hilton,,Westgate Las Vegas Resort & Casino: International Theater,2008-06-25,待定,待定,公开数据集,https://musicbrainz.org/doc/MusicBrainz_Database,2026-08-31
Mercury Rev,Mercury Rev in Dublin,,The Mean Fiddler,1998-10-20,待定,待定,公开数据集,https://musicbrainz.org/doc/MusicBrainz_Database,2026-08-31
Denis Matsuev,[concert],,Théâtre des Champs-Élysées,2018-09-17,待定,待定,公开数据集,https://musicbrainz.org/doc/MusicBrainz_Database,2026-08-31
,ProgPower USA XV,,Center Stage Atlanta,2014-09-10,待定,待定,公开数据集,https://musicbrainz.org/doc/MusicBrainz_Database,2026-08-31
Bruce Springsteen,"2016‐04‐03: Chesapeake Energy Arena, Oklahoma City, OK, USA",,Paycom Center,2016-04-03,待定,待定,公开数据集,https://musicbrainz.org/doc/MusicBrainz_Database,2026-08-31
Faithless,Faithless in Brighton,,Paradox,1998-10-26,待定,待定,公开数据集,https://musicbrainz.org/doc/MusicBrainz_Database,2026-08-31
Kansas,Kansas at Mark C. Smith Concert Hall at Von Braun Center,,Mark C. Smith Concert Hall,2019-11-23,待定,待定,公开数据集,https://musicbrainz.org/doc/MusicBrainz_Database,2026-08-31
Lambert,Lambert & Dekker at Café NUN,,NUN,2018-11-17,待定,待定,公开数据集,https://musicbrainz.org/doc/MusicBrainz_Database,2026-08-31
Noah Sasso,Dollar Electronic Night 2004-08-25,,Garfield Artworks,2004-08-25,待定,待定,公开数据集,https://musicbrainz.org/doc/MusicBrainz_Database,2026-08-31
Kill Me Tomorrow,Kill Me Tomorrow / Kero / Derek Michael / Relative Q,,Garfield Artworks,2004-10-17,待定,待定,公开数据集,https://musicbrainz.org/doc/MusicBrainz_Database,2026-08-31
Kansas,Kansas at Selena Auditorium,,Selena Auditorium,2019-12-06,待定,待定,公开数据集,https://musicbrainz.org/doc/MusicBrainz_Database,2026-08-31
,"Glastonbury Festival 2017, Day 3: Avalon Stage",,Worthy Farm,2017-06-25,待定,待定,公开数据集,https://musicbrainz.org/doc/MusicBrainz_Database,2026-08-31
Warpaint,"Rock Werchter 2011, Day 1",,Festivalpark Werchter,2011-06-30,待定,待定,公开数据集,https://musicbrainz.org/doc/MusicBrainz_Database,2026-08-31
,"Download Festival 2014, Day 1",,Donington Park,2014-06-13,待定,待定,公开数据集,https://musicbrainz.org/doc/MusicBrainz_Database,2026-08-31
Bruce Springsteen,"1973‐03‐14: Oliver’s, Boston, MA, USA",,Oliver’s,1973-03-14,待定,待定,公开数据集,https://musicbrainz.org/doc/MusicBrainz_Database,2026-08-31
Neil Finn,Neil Finn in Bristol,,Bristol Beacon,1998-09-25,待定,待定,公开数据集,https://musicbrainz.org/doc/MusicBrainz_Database,2026-08-31
Kebu,Flashback Future Live,,Room 1+1,2016-04-09,待定,待定,公开数据集,https://musicbrainz.org/doc/MusicBrainz_Database,2026-08-31
The Edukatorz,"Lokerse Feesten 2013, Day 9: Red Bull Elektropedia Room",,Red Bull Elektropedia Room,2013-08-10,待定,待定,公开数据集,https://musicbrainz.org/doc/MusicBrainz_Database,2026-08-31
Bruce Springsteen,"2005‐10‐03: WBJB‐FM Studios, Lincroft, NJ, USA",,WBJB‐FM,2005-10-03,待定,待定,公开数据集,https://musicbrainz.org/doc/MusicBrainz_Database,2026-08-31
Babybird,Babybird in Brighton,,Sallis Benney Theatre,1998-09-23,待定,待定,公开数据集,https://musicbrainz.org/doc/MusicBrainz_Database,2026-08-31
Sean Paul,"Glastonbury Festival 2019, Saturday: John Peel Stage",,Worthy Farm,2019-06-29,待定,待定,公开数据集,https://musicbrainz.org/doc/MusicBrainz_Database,2026-08-31
Jon Bon Jovi,Jon Bon Jovi at Élysée Montmartre,,Élysée Montmartre,1997-06-10,待定,待定,公开数据集,https://musicbrainz.org/doc/MusicBrainz_Database,2026-08-31
Kevin Buell,"2005‐10‐09: Nassau Veterans Memorial Coliseum, Uniondale, NY, USA",,Nassau Veterans Memorial Coliseum,2005-10-09,待定,待定,公开数据集,https://musicbrainz.org/doc/MusicBrainz_Database,2026-08-31
Placebo,Placebo at Leas Cliff Hall,,Leas Cliff Hall,1998-10-08,待定,待定,公开数据集,https://musicbrainz.org/doc/MusicBrainz_Database,2026-08-31
Bon Jovi,Bon Jovi at Agora Ballroom,,Agora Ballroom,1984-03-17,待定,待定,公开数据集,https://musicbrainz.org/doc/MusicBrainz_Database,2026-08-31
Far East Movement,"Lokerse Feesten 2013, Day 6: Mainstage",,Mainstage,2013-08-07,待定,待定,公开数据集,https://musicbrainz.org/doc/MusicBrainz_Database,2026-08-31
Mannheim Steamroller,Mannheim Steamroller at INB Performing Arts Center,,First Interstate Center for the Arts,2017-11-18,待定,待定,公开数据集,https://musicbrainz.org/doc/MusicBrainz_Database,2026-08-31
White Whale,"SXSW 2006, day 4: Antone’s",,Antone’s,2006-03-18,待定,待定,公开数据集,https://musicbrainz.org/doc/MusicBrainz_Database,2026-08-31
Street Drum Corps,"SXSW 2006, day 3: Redrum Annex",,Redrum Annex,2006-03-17,待定,待定,公开数据集,https://musicbrainz.org/doc/MusicBrainz_Database,2026-08-31
Propofol,"Festival d'été de Québec 2012, day 1: Impérial de Québec",,L’Impérial de Québec,2012-07-05,待定,待定,公开数据集,https://musicbrainz.org/doc/MusicBrainz_Database,2026-08-31
Motörhead,Motörhead in London,,O₂ Academy Brixton,1998-10-17,待定,待定,公开数据集,https://musicbrainz.org/doc/MusicBrainz_Database,2026-08-31
,Rottweil Musikfestival Sommersprossen 2014,,,2014,待定,待定,公开数据集,https://musicbrainz.org/doc/MusicBrainz_Database,2026-08-31
PRISS,PRISS on The KISS Kruise IV,,Norwegian Pearl: Atrium,2014-11-01,待定,待定,公开数据集,https://musicbrainz.org/doc/MusicBrainz_Database,2026-08-31
Miss V & The Lonestars,"Festival d'été de Québec 2012, day 8: Largo Resto-Club",,Largo Resto‐Club,2012-07-12,待定,待定,公开数据集,https://musicbrainz.org/doc/MusicBrainz_Database,2026-08-31
Delaney Davidson,Delaney Davidson's Magic Lightbox,,Kiwi Hall,2017-11-19,待定,待定,公开数据集,https://musicbrainz.org/doc/MusicBrainz_Database,2026-08-31
Maggie Jo Saylor,Old Farmers Ball New Years Eve Contra Dance 2011,,Warren Wilson College: Bryson Gym,2011-12-31,待定,待定,公开数据集,https://musicbrainz.org/doc/MusicBrainz_Database,2026-08-31
Babyshambles,"Lokerse Feesten 2013, Day 7: Red Bull Elektropedia Room",,Red Bull Elektropedia Room,2013-08-08,待定,待定,公开数据集,https://musicbrainz.org/doc/MusicBrainz_Database,2026-08-31
Noah Scharf,Trap Circus,,,2017-11-22,待定,待定,公开数据集,https://musicbrainz.org/doc/MusicBrainz_Database,2026-08-31
Aerosmith,"Rock am Ring 1997, Day 2",,Nürburgring,1997-05-17,待定,待定,公开数据集,https://musicbrainz.org/doc/MusicBrainz_Database,2026-08-31
Lambert,Lambert & Dekker at Neues Schauspiel,,Neues Schauspiel,2018-11-13,待定,待定,公开数据集,https://musicbrainz.org/doc/MusicBrainz_Database,2026-08-31
Kansas,Kansas at Palace Theatre,,Palace Theatre,2019-10-26,待定,待定,公开数据集,https://musicbrainz.org/doc/MusicBrainz_Database,2026-08-31
Barry Manilow,Barry Manilow at Las Vegas Hilton,,Westgate Las Vegas Resort & Casino: International Theater,2008-03-07,待定,待定,公开数据集,https://musicbrainz.org/doc/MusicBrainz_Database,2026-08-31
Depeche Mode,The Delta Machine Tour,,Merkur Spiel‐Arena,2013-07-03,待定,待定,公开数据集,https://musicbrainz.org/doc/MusicBrainz_Database,2026-08-31
Antal Doráti,[concert],,Royal Festival Hall,1962-11-14,待定,待定,公开数据集,https://musicbrainz.org/doc/MusicBrainz_Database,2026-08-31
Kansas,Kansas at Grand Théâtre de Québec,,Salle Louis‐Fréchette,2019-11-01,待定,待定,公开数据集,https://musicbrainz.org/doc/MusicBrainz_Database,2026-08-31
,Borgholm Brinner,,,2018-07-27,待定,待定,公开数据集,https://musicbrainz.org/doc/MusicBrainz_Database,2026-08-31
Barry Manilow,Barry Manilow at Las Vegas Hilton,,Westgate Las Vegas Resort & Casino: International Theater,2008-03-05,待定,待定,公开数据集,https://musicbrainz.org/doc/MusicBrainz_Database,2026-08-31
Simon & Jan,Simon & Jan at Jubez,,Jubez,2015-02-26,待定,待定,公开数据集,https://musicbrainz.org/doc/MusicBrainz_Database,2026-08-31
Kansas,Kansas at Warner Theatre,,Warner Theatre,2019-11-09,待定,待定,公开数据集,https://musicbrainz.org/doc/MusicBrainz_Database,2026-08-31
Netsky,"Lokerse Feesten 2013, Day 8: Mainstage",,Mainstage,2013-08-09,待定,待定,公开数据集,https://musicbrainz.org/doc/MusicBrainz_Database,2026-08-31
Kansas,Kansas at Santander Performing Arts Center,,Santander Performing Arts Center,2019-11-15,待定,待定,公开数据集,https://musicbrainz.org/doc/MusicBrainz_Database,2026-08-31
,M3-2016春,,東京流通センター,2016-04-24,待定,待定,公开数据集,https://musicbrainz.org/doc/MusicBrainz_Database,2026-08-31
Thrift Street,Cross Out Your Future EP release,,,2017-11-03,待定,待定,公开数据集,https://musicbrainz.org/doc/MusicBrainz_Database,2026-08-31
Mumbai Science,"Lokerse Feesten 2013, Day 8: Red Bull Elektropedia Room",,Red Bull Elektropedia Room,2013-08-09,待定,待定,公开数据集,https://musicbrainz.org/doc/MusicBrainz_Database,2026-08-31
,Rock Werchter 2002,,Festivalpark Werchter,2002-06-28,待定,待定,公开数据集,https://musicbrainz.org/doc/MusicBrainz_Database,2026-08-31
,Otakon 2009,,Baltimore Convention Center,2009-07-17,待定,待定,公开数据集,https://musicbrainz.org/doc/MusicBrainz_Database,2026-08-31
Kansas,Kansas at Durham Performing Arts Center,,Durham Performing Arts Center,2019-11-16,待定,待定,公开数据集,https://musicbrainz.org/doc/MusicBrainz_Database,2026-08-31
Air,Air in London,,Theatre Royal,1998-11-01,待定,待定,公开数据集,https://musicbrainz.org/doc/MusicBrainz_Database,2026-08-31
Barry Manilow,Barry Manilow at AmericanAirlines Arena,,Kaseya Center,2008-02-24,待定,待定,公开数据集,https://musicbrainz.org/doc/MusicBrainz_Database,2026-08-31
Lambert,Lambert at Jubez,,Jubez,2015-10-15,待定,待定,公开数据集,https://musicbrainz.org/doc/MusicBrainz_Database,2026-08-31
Lambert,Lambert & Dekker at Gleis 22,,Gleis 22,2018-11-15,待定,待定,公开数据集,https://musicbrainz.org/doc/MusicBrainz_Database,2026-08-31
Fatboy Slim,Sound City: Fatboy Slim on Radio 1,,Riverside,1998-10-29,待定,待定,公开数据集,https://musicbrainz.org/doc/MusicBrainz_Database,2026-08-31
Natalie Imbruglia,Natalie Imbruglia in Wolverhampton,,Wolverhampton Civic Hall,1998-11-11,待定,待定,公开数据集,https://musicbrainz.org/doc/MusicBrainz_Database,2026-08-31
Barry Manilow,Barry Manilow at BankAtlantic Center,,Amerant Bank Arena,2008-02-23,待定,待定,公开数据集,https://musicbrainz.org/doc/MusicBrainz_Database,2026-08-31
Victor Wainwright and the WildRoots,"Festival d'été de Québec 2012, day 7: La Casbah",,La Casbah,2012-07-11,待定,待定,公开数据集,https://musicbrainz.org/doc/MusicBrainz_Database,2026-08-31
,"""Break On Through"" Tour 2004, Emden",,Nordseehalle,2004-04-02,待定,待定,公开数据集,https://musicbrainz.org/doc/MusicBrainz_Database,2026-08-31
New Cheyenne,New Cheyenne at Waldschlösschen Dresden,,Waldschlösschen,2020-08-23,待定,待定,公开数据集,https://musicbrainz.org/doc/MusicBrainz_Database,2026-08-31
,Inauguration of the Järvenpää Church,,Järvenpään kirkko,1968-12-01,待定,待定,公开数据集,https://musicbrainz.org/doc/MusicBrainz_Database,2026-08-31
Adaline,"Canadian Music Fest 2010, day 1: Supermarket",,Supermarket,2010-03-10,待定,待定,公开数据集,https://musicbrainz.org/doc/MusicBrainz_Database,2026-08-31
Barry Manilow,Barry Manilow at Las Vegas Hilton,,Westgate Las Vegas Resort & Casino: International Theater,2007-04-27,待定,待定,公开数据集,https://musicbrainz.org/doc/MusicBrainz_Database,2026-08-31
La Luna Caballera,"Festival d'été de Québec 2012, day 4: Place de la famille le Lait",,Espace 400e,2012-07-08,待定,待定,公开数据集,https://musicbrainz.org/doc/MusicBrainz_Database,2026-08-31
Chatham County Line,"Lowlands 2007, day 3: Lima",,Spijk en Bremerberg,2007-08-19,待定,待定,公开数据集,https://musicbrainz.org/doc/MusicBrainz_Database,2026-08-31
Barry Manilow,Barry Manilow at Las Vegas Hilton,,Westgate Las Vegas Resort & Casino: International Theater,2007-04-19,待定,待定,公开数据集,https://musicbrainz.org/doc/MusicBrainz_Database,2026-08-31
Five Star Hotel,"Machine Girl with Five Star Hotel, Spednar",,Collision,2019-09-21,待定,待定,公开数据集,https://musicbrainz.org/doc/MusicBrainz_Database,2026-08-31
Sebadoh,Sebadoh in London,,The Garage,1998-11-20,待定,待定,公开数据集,https://musicbrainz.org/doc/MusicBrainz_Database,2026-08-31
Barry Manilow,Barry Manilow at Las Vegas Hilton,,Westgate Las Vegas Resort & Casino: International Theater,2007-04-05,待定,待定,公开数据集,https://musicbrainz.org/doc/MusicBrainz_Database,2026-08-31
Quintette Vincent Gagnon,"Festival d'été de Québec 2012, day 11: Largo Resto-Club",,Largo Resto‐Club,2012-07-15,待定,待定,公开数据集,https://musicbrainz.org/doc/MusicBrainz_Database,2026-08-31
Barry Manilow,Barry Manilow at Las Vegas Hilton,,Westgate Las Vegas Resort & Casino: International Theater,2007-03-22,待定,待定,公开数据集,https://musicbrainz.org/doc/MusicBrainz_Database,2026-08-31
Depeche Mode,Tour of the Universe,,אצטדיון רמת גן,2009-05-10,待定,待定,公开数据集,https://musicbrainz.org/doc/MusicBrainz_Database,2026-08-31
The Go! Team,"Connect Music Festival 2007, day 1: Guitars & Other Machines",,Inveraray Castle,2007-08-31,待定,待定,公开数据集,https://musicbrainz.org/doc/MusicBrainz_Database,2026-08-31
Alberta Cross,"Leeds Festival 2007, day 3: Carling Stage",,Bramham Park,2007-08-25,待定,待定,公开数据集,https://musicbrainz.org/doc/MusicBrainz_Database,2026-08-31
Ronnie Spector,Ronnie Spector in London,,Dingwalls,1998-12-06,待定,待定,公开数据集,https://musicbrainz.org/doc/MusicBrainz_Database,2026-08-31
Barry Manilow,Barry Manilow at Las Vegas Hilton,,Westgate Las Vegas Resort & Casino: International Theater,2007-02-22,待定,待定,公开数据集,https://musicbrainz.org/doc/MusicBrainz_Database,2026-08-31
KISS,KISS at Silvretta Ski and Funsport Arena,,Silvretta Ski and Funsport Arena,1997-05-31,待定,待定,公开数据集,https://musicbrainz.org/doc/MusicBrainz_Database,2026-08-31
Iron Maiden,Iron Maiden at Festhalle,,Festhalle Frankfurt,2017-04-28,待定,待定,公开数据集,https://musicbrainz.org/doc/MusicBrainz_Database,2026-08-31
,Festival of Endless Gratitude 2019,,KPH Volume,2019-09-12,待定,待定,公开数据集,https://musicbrainz.org/doc/MusicBrainz_Database,2026-08-31
Matthew Sweet,Matthew Sweet at Lee's Palace,,Lee’s Palace,1999-11-05,待定,待定,公开数据集,https://musicbrainz.org/doc/MusicBrainz_Database,2026-08-31
The Dhol Foundation,"Electric Picnic 2007, day 2: Trends Lab",,Stradbally Hall,2007-09-01,待定,待定,公开数据集,https://musicbrainz.org/doc/MusicBrainz_Database,2026-08-31
Barry Manilow,Barry Manilow at Las Vegas Hilton,,Westgate Las Vegas Resort & Casino: International Theater,2007-02-15,待定,待定,公开数据集,https://musicbrainz.org/doc/MusicBrainz_Database,2026-08-31
Lita Ford,Lita Ford on The KISS Kruise V,,Norwegian Pearl: Pool Deck,2015-11-01,待定,待定,公开数据集,https://musicbrainz.org/doc/MusicBrainz_Database,2026-08-31
IQ,IQ at Colos‐Saal,,Colos‐Saal,2020-01-24,待定,待定,公开数据集,https://musicbrainz.org/doc/MusicBrainz_Database,2026-08-31
Grand Theft Culture,Grand Theft Culture on The KISS Kruise V,,Norwegian Pearl: Atrium,2015-11-01,待定,待定,公开数据集,https://musicbrainz.org/doc/MusicBrainz_Database,2026-08-31
Iron Maiden,Iron Maiden at SSE Hydro Arena,,OVO Hydro,2017-05-16,待定,待定,公开数据集,https://musicbrainz.org/doc/MusicBrainz_Database,2026-08-31
Barry Manilow,Barry Manilow at Madison Square Garden,,Madison Square Garden,2007-01-16,待定,待定,公开数据集,https://musicbrainz.org/doc/MusicBrainz_Database,2026-08-31
Iron Maiden,Iron Maiden at Echo Arena,,M&S Bank Arena Liverpool,2017-05-20,待定,待定,公开数据集,https://musicbrainz.org/doc/MusicBrainz_Database,2026-08-31
King Crimson,King Crimson at Cirkus,,Cirkus,2018-07-06,待定,待定,公开数据集,https://musicbrainz.org/doc/MusicBrainz_Database,2026-08-31
Barry Manilow,Barry Manilow at Las Vegas Hilton,,Westgate Las Vegas Resort & Casino: International Theater,2006-12-30,待定,待定,公开数据集,https://musicbrainz.org/doc/MusicBrainz_Database,2026-08-31
James,James in Manchester,,AO Arena,1998-12-12,待定,待定,公开数据集,https://musicbrainz.org/doc/MusicBrainz_Database,2026-08-31
Barry Manilow,Barry Manilow at Las Vegas Hilton,,Westgate Las Vegas Resort & Casino: International Theater,2006-12-29,待定,待定,公开数据集,https://musicbrainz.org/doc/MusicBrainz_Database,2026-08-31
Novak,Novak in London,,The Underworld,1998-12-17,待定,待定,公开数据集,https://musicbrainz.org/doc/MusicBrainz_Database,2026-08-31
Iron Maiden,Iron Maiden at Prudential Center,,Prudential Center,2017-06-07,待定,待定,公开数据集,https://musicbrainz.org/doc/MusicBrainz_Database,2026-08-31
Blood Blush,Blood Blush / Death Instinct,,Belvedere's,2018-07-26,待定,待定,公开数据集,https://musicbrainz.org/doc/MusicBrainz_Database,2026-08-31
Dinosaur Jr.,Dinosaur Jr. at Webster Hall,,Webster Hall,2007-09-03,待定,待定,公开数据集,https://musicbrainz.org/doc/MusicBrainz_Database,2026-08-31
The Clint Boon Experience!,The Clint Boon Experience! in London,,Bull and Gate,1998-12-17,待定,待定,公开数据集,https://musicbrainz.org/doc/MusicBrainz_Database,2026-08-31
The Montrose Avenue,The Montrose Avenue in York,,Fibbers,1998-03-02,待定,待定,公开数据集,https://musicbrainz.org/doc/MusicBrainz_Database,2026-08-31
Marilyn Manson,Marilyn Manson in London,,O₂ Academy Brixton,1998-12-17,待定,待定,公开数据集,https://musicbrainz.org/doc/MusicBrainz_Database,2026-08-31
KISS,KISS at Margitszigeti Stadion,,Margitszigeti Atlétikai Centrum,1997-06-05,待定,待定,公开数据集,https://musicbrainz.org/doc/MusicBrainz_Database,2026-08-31
The Montrose Avenue,The Montrose Avenue in Oxford,,Point,1998-03-06,待定,待定,公开数据集,https://musicbrainz.org/doc/MusicBrainz_Database,2026-08-31
,"Bluesfest Byron Bay 2017, Day 2",,Tyagarah Tea Tree Farm,2017-04-14,待定,待定,公开数据集,https://musicbrainz.org/doc/MusicBrainz_Database,2026-08-31
The Sessions Band,"2006‐04‐05: Paramount Theatre, Asbury Park, NJ, USA",,Paramount Theatre,2006-04-05,待定,待定,公开数据集,https://musicbrainz.org/doc/MusicBrainz_Database,2026-08-31
,"Bluesfest Byron Bay 2017, Day 5",,Tyagarah Tea Tree Farm,2017-04-17,待定,待定,公开数据集,https://musicbrainz.org/doc/MusicBrainz_Database,2026-08-31
Dinosaur Jr.,Dinosaur Jr. at Neumos,,Neumos,2007-09-11,待定,待定,公开数据集,https://musicbrainz.org/doc/MusicBrainz_Database,2026-08-31
,Bluesfest Byron Bay 2017,,Tyagarah Tea Tree Farm,2017-04-13,待定,待定,公开数据集,https://musicbrainz.org/doc/MusicBrainz_Database,2026-08-31
The Lottery Winners,"The Wonder Stuff, The Wedding Present and The Lottery Winners in Nottingham",,Rock City,2016-04-02,待定,待定,公开数据集,https://musicbrainz.org/doc/MusicBrainz_Database,2026-08-31
Gallant,"Bluesfest Byron Bay 2017, Day 1: Crossroads",,Crossroads,2017-04-13,待定,待定,公开数据集,https://musicbrainz.org/doc/MusicBrainz_Database,2026-08-31
The Sessions Band,"2006‐04‐12: Convention Hall, Asbury Park, NJ, USA",,Asbury Park Convention Hall,2006-04-12,待定,待定,公开数据集,https://musicbrainz.org/doc/MusicBrainz_Database,2026-08-31
Santana,"Santana and Earth, Wind & Fire at Concord Pavilion",,Toyota Pavilion at Concord,2021-06-23,待定,待定,公开数据集,https://musicbrainz.org/doc/MusicBrainz_Database,2026-08-31
Black Spider Stomp,"Black Spider Stomp, Meow",,Meow,2017-04-22,待定,待定,公开数据集,https://musicbrainz.org/doc/MusicBrainz_Database,2026-08-31
Kieran Hebden and Steve Reid,"Connect Music Festival 2007, day 2: Manicured Noise",,Inveraray Castle,2007-09-01,待定,待定,公开数据集,https://musicbrainz.org/doc/MusicBrainz_Database,2026-08-31
DIR EN GREY,TOUR18 WEARING HUMAN SKIN,,なんばHatch,2018-08-31,待定,待定,公开数据集,https://musicbrainz.org/doc/MusicBrainz_Database,2026-08-31
Duke,Duke at Piccolo Teatro,,Piccolo Teatro,2016-03-04,待定,待定,公开数据集,https://musicbrainz.org/doc/MusicBrainz_Database,2026-08-31
The Joe Mangels,Joe Mangels at Langlee Centre,,,2009-12-05,待定,待定,公开数据集,https://musicbrainz.org/doc/MusicBrainz_Database,2026-08-31
Steel Panther,Steel Panther on The KISS Kruise V,,Norwegian Pearl: Pool Deck,2015-10-31,待定,待定,公开数据集,https://musicbrainz.org/doc/MusicBrainz_Database,2026-08-31
Ratatat,"Electric Picnic 2007, day 2: Foggy Notions",,Stradbally Hall,2007-09-01,待定,待定,公开数据集,https://musicbrainz.org/doc/MusicBrainz_Database,2026-08-31
Santana,"Santana and Earth, Wind & Fire at Banc of California Stadium",,BMO Stadium,2021-06-19,待定,待定,公开数据集,https://musicbrainz.org/doc/MusicBrainz_Database,2026-08-31
Edvard Grieg,[concert],,Gewandhaus,1866-01-17,待定,待定,公开数据集,https://musicbrainz.org/doc/MusicBrainz_Database,2026-08-31
Trolska Polska,Trolska Polska @ ROD 2017,,Tønder Gymnasium,2017-04-11,待定,待定,公开数据集,https://musicbrainz.org/doc/MusicBrainz_Database,2026-08-31
Barry Manilow,Barry Manilow at Las Vegas Hilton,,Westgate Las Vegas Resort & Casino: International Theater,2006-12-14,待定,待定,公开数据集,https://musicbrainz.org/doc/MusicBrainz_Database,2026-08-31
Barry Manilow,Barry Manilow at Las Vegas Hilton,,Westgate Las Vegas Resort & Casino: International Theater,2006-11-17,待定,待定,公开数据集,https://musicbrainz.org/doc/MusicBrainz_Database,2026-08-31
Meta Holmboe,[concert],,,1941-05-03,待定,待定,公开数据集,https://musicbrainz.org/doc/MusicBrainz_Database,2026-08-31
Poul Ingerslev-Jensen,[concert],,,1943-03-04,待定,待定,公开数据集,https://musicbrainz.org/doc/MusicBrainz_Database,2026-08-31
Barry Manilow,Barry Manilow at Las Vegas Hilton,,Westgate Las Vegas Resort & Casino: International Theater,2006-08-16,待定,待定,公开数据集,https://musicbrainz.org/doc/MusicBrainz_Database,2026-08-31
,Día del odontólogo,,Unicoc,2019-10-03,待定,待定,公开数据集,https://musicbrainz.org/doc/MusicBrainz_Database,2026-08-31
Barry Manilow,Barry Manilow at Las Vegas Hilton,,Westgate Las Vegas Resort & Casino: International Theater,2007-06-02,待定,待定,公开数据集,https://musicbrainz.org/doc/MusicBrainz_Database,2026-08-31
Dinosaur Jr.,"Two Days a Week 2007, day 1",,Ottakringer Arena,2007-08-29,待定,待定,公开数据集,https://musicbrainz.org/doc/MusicBrainz_Database,2026-08-31
Box Car Racer,Box Car Racer in Montreal,,MTELUS,2002-11-06,待定,待定,公开数据集,https://musicbrainz.org/doc/MusicBrainz_Database,2026-08-31
Silence Is the Enemy,Social Breakdown + Silence Is the Enemy + Act of Apathy at Der Club,,Der Club,2018-05-25,待定,待定,公开数据集,https://musicbrainz.org/doc/MusicBrainz_Database,2026-08-31
Ensemble Karel,"Festival d'été de Québec 2012, day 6: Cour du Séminaire",,Cour du Séminaire,2012-07-10,待定,待定,公开数据集,https://musicbrainz.org/doc/MusicBrainz_Database,2026-08-31
Barry Manilow,Barry Manilow at Las Vegas Hilton,,Westgate Las Vegas Resort & Casino: International Theater,2007-05-30,待定,待定,公开数据集,https://musicbrainz.org/doc/MusicBrainz_Database,2026-08-31
DIR EN GREY,"TOUR2011 AGE QUOD AGIS Ratio ducat, non fortuna -Zombie-",,CLUB CITTA’,2011-09-13,待定,待定,公开数据集,https://musicbrainz.org/doc/MusicBrainz_Database,2026-08-31
DIR EN GREY,TOUR2012 IN SITU,,Zepp Nagoya,2012-11-14,待定,待定,公开数据集,https://musicbrainz.org/doc/MusicBrainz_Database,2026-08-31
Anett & Friends,Anett & Friends at Waldschlösschen Dresden,,Waldschlösschen,2014-03-09,待定,待定,公开数据集,https://musicbrainz.org/doc/MusicBrainz_Database,2026-08-31
Barry Manilow,Barry Manilow at Las Vegas Hilton,,Westgate Las Vegas Resort & Casino: International Theater,2007-03-14,待定,待定,公开数据集,https://musicbrainz.org/doc/MusicBrainz_Database,2026-08-31
Death Metallic,"Rock Carnival 2016, Day 2: GameLoud Arena",,GameLoud Arena,2016-10-01,待定,待定,公开数据集,https://musicbrainz.org/doc/MusicBrainz_Database,2026-08-31
Barry Manilow,Barry Manilow at Las Vegas Hilton,,Westgate Las Vegas Resort & Casino: International Theater,2007-03-13,待定,待定,公开数据集,https://musicbrainz.org/doc/MusicBrainz_Database,2026-08-31
Attrition,Almost Famous,,,2009-05-02,待定,待定,公开数据集,https://musicbrainz.org/doc/MusicBrainz_Database,2026-08-31
Band Marino,"SXSW 2006, day 4: Copa",,Copa Bar & Grill,2006-03-18,待定,待定,公开数据集,https://musicbrainz.org/doc/MusicBrainz_Database,2026-08-31
Brazz Tree,"SXSW 2006, day 4: Creekside EMC at Capitol Place",,Creekside,2006-03-18,待定,待定,公开数据集,https://musicbrainz.org/doc/MusicBrainz_Database,2026-08-31
Barry Manilow,Barry Manilow at Las Vegas Hilton,,Westgate Las Vegas Resort & Casino: International Theater,2007-02-16,待定,待定,公开数据集,https://musicbrainz.org/doc/MusicBrainz_Database,2026-08-31
Fallen Order,Under the Southern Cross VIII: Anzac Metal Alliance,,Valhalla,2016-04-09,待定,待定,公开数据集,https://musicbrainz.org/doc/MusicBrainz_Database,2026-08-31
Barry Manilow,Barry Manilow at Madison Square Garden,,Madison Square Garden,2007-01-18,待定,待定,公开数据集,https://musicbrainz.org/doc/MusicBrainz_Database,2026-08-31
Iron Maiden,Iron Maiden at first direct arena,,first direct arena,2017-05-11,待定,待定,公开数据集,https://musicbrainz.org/doc/MusicBrainz_Database,2026-08-31
Iron Maiden,Iron Maiden at Metro Radio Arena,,Utilita Arena Newcastle,2017-05-14,待定,待定,公开数据集,https://musicbrainz.org/doc/MusicBrainz_Database,2026-08-31
Jadis,Jadis + Crystal Palace at Zentrum Altenberg,,Zentrum Altenberg: Schlosserei,2018-04-07,待定,待定,公开数据集,https://musicbrainz.org/doc/MusicBrainz_Database,2026-08-31
The Montrose Avenue,The Montrose Avenue in Birmingham,,The Flapper,1998-02-21,待定,待定,公开数据集,https://musicbrainz.org/doc/MusicBrainz_Database,2026-08-31
The Montrose Avenue,The Montrose Avenue in Sheffield,,Sheffield University Foundry,1998-02-23,待定,待定,公开数据集,https://musicbrainz.org/doc/MusicBrainz_Database,2026-08-31
,Donauinselfest 2009,,Donauinsel,2009-06-26,待定,待定,公开数据集,https://musicbrainz.org/doc/MusicBrainz_Database,2026-08-31
,Rudolstadt-Festival 2014,,,2014-07-05,待定,待定,公开数据集,https://musicbrainz.org/doc/MusicBrainz_Database,2026-08-31
,Rudolstadt-Festival 2014,,,2014-07-06,待定,待定,公开数据集,https://musicbrainz.org/doc/MusicBrainz_Database,2026-08-31
“Weird Al” Yankovic,“Weird Al” Yankovic at The Paramount,,The Paramount,2018-03-17,待定,待定,公开数据集,https://musicbrainz.org/doc/MusicBrainz_Database,2026-08-31
The Lottery Winners,The Wonder Stuff and The Lottery Winners in Liverpool,,O2 Academy Liverpool,2016-03-11,待定,待定,公开数据集,https://musicbrainz.org/doc/MusicBrainz_Database,2026-08-31
The Wonder Stuff,"The Wonder Stuff, The Wedding Present and The Lottery Winners in Southampton",,Engine Rooms,2016-03-04,待定,待定,公开数据集,https://musicbrainz.org/doc/MusicBrainz_Database,2026-08-31
Zac Brown Band,"Bluesfest Byron Bay 2017, Day 4: Crossroads",,Crossroads,2017-04-16,待定,待定,公开数据集,https://musicbrainz.org/doc/MusicBrainz_Database,2026-08-31
The Wonder Stuff,"The Wonder Stuff, The Wedding Present and The Lottery Winners in Brighton",,The Concorde,2016-03-05,待定,待定,公开数据集,https://musicbrainz.org/doc/MusicBrainz_Database,2026-08-31
Dinosaur Jr.,Dinosaur Jr. at The Trocadero,,Trocadero Theatre,2007-09-04,待定,待定,公开数据集,https://musicbrainz.org/doc/MusicBrainz_Database,2026-08-31
The Fall,The Fall in London,,LA2,1998-12-16,待定,待定,公开数据集,https://musicbrainz.org/doc/MusicBrainz_Database,2026-08-31
Asia,Asia at Pop’s,,Pop’s,2005-07-16,待定,待定,公开数据集,https://musicbrainz.org/doc/MusicBrainz_Database,2026-08-31
DIR EN GREY,TOUR18 WEARING HUMAN SKIN,,東京国際フォーラム・ホールA,2018-08-23,待定,待定,公开数据集,https://musicbrainz.org/doc/MusicBrainz_Database,2026-08-31
Santana,"Santana and Earth, Wind & Fire at Northwell Health at Jones Beach Theater",,Northwell Health at Jones Beach Theater,2021-08-14,待定,待定,公开数据集,https://musicbrainz.org/doc/MusicBrainz_Database,2026-08-31
DIR EN GREY,TOUR2011 AGE QUOD AGIS,,Circo Volador,2011-12-02,待定,待定,公开数据集,https://musicbrainz.org/doc/MusicBrainz_Database,2026-08-31
Barclay James Harvest featuring Les Holroyd,Barclay James Harvest feat. Les Holroyd at Spirit of ’66,,Spirit of 66,2005-09-29,待定,待定,公开数据集,https://musicbrainz.org/doc/MusicBrainz_Database,2026-08-31
,Ludum Dare 33,,,2015-08-21,待定,待定,公开数据集,https://musicbrainz.org/doc/MusicBrainz_Database,2026-08-31
KISS,KISS at Scandinavium,,Scandinavium,2021-06-23,待定,待定,公开数据集,https://musicbrainz.org/doc/MusicBrainz_Database,2026-08-31
"Jonny ""2 Bags"" Wickersham",Jonny Two Bags in Buffalo,,Mohawk Place,2015-11-08,待定,待定,公开数据集,https://musicbrainz.org/doc/MusicBrainz_Database,2026-08-31
Def Leppard,"Rock USA Festival 2015, Day 4",,Ford Festival Park,2015-07-18,待定,待定,公开数据集,https://musicbrainz.org/doc/MusicBrainz_Database,2026-08-31
Don Francks,Don Francks at George's Spaghetti House,,George's Spaghetti House,1981-10-28,待定,待定,公开数据集,https://musicbrainz.org/doc/MusicBrainz_Database,2026-08-31
Colm Doyle,Doyle/Lawless/Gyllström - Irish Songs & Tunes,,Bartof Café,2019-11-30,待定,待定,公开数据集,https://musicbrainz.org/doc/MusicBrainz_Database,2026-08-31
,Rock USA Festival 2015,,Ford Festival Park,2015-07-15,待定,待定,公开数据集,https://musicbrainz.org/doc/MusicBrainz_Database,2026-08-31
Barclay James Harvest featuring Les Holroyd,Barclay James Harvest feat. Les Holroyd at Spirit of ’66,,Spirit of 66,2005-09-30,待定,待定,公开数据集,https://musicbrainz.org/doc/MusicBrainz_Database,2026-08-31
Bruce Springsteen,"1973‐07‐23, early show: Max’s Kansas City, New York City, NY, USA",,Max’s Kansas City,1973-07-23,待定,待定,公开数据集,https://musicbrainz.org/doc/MusicBrainz_Database,2026-08-31
Mannheim Steamroller,Mannheim Steamroller at Mayo Performing Arts Center,,Mayo Performing Arts Center,2017-12-02,待定,待定,公开数据集,https://musicbrainz.org/doc/MusicBrainz_Database,2026-08-31
Black Flag,"I Remember Mummy (Sic), 1st show",,Hong Kong Cafe,1979-09-25,待定,待定,公开数据集,https://musicbrainz.org/doc/MusicBrainz_Database,2026-08-31
KISS,KISS at Festhalle Frankfurt,,Festhalle Frankfurt,2021-06-25,待定,待定,公开数据集,https://musicbrainz.org/doc/MusicBrainz_Database,2026-08-31
Sigur Rós,Sigur Rós at Philipshalle,,Mitsubishi Electric Halle,2013-11-25,待定,待定,公开数据集,https://musicbrainz.org/doc/MusicBrainz_Database,2026-08-31
,"KISS Konvention Australia 2017, Day 1",,Sofitel Melbourne on Collins,2017-05-13,待定,待定,公开数据集,https://musicbrainz.org/doc/MusicBrainz_Database,2026-08-31
Black Flag,"I Remember Mummy (Sic), 2nd show",,Hong Kong Cafe,1979-09-27,待定,待定,公开数据集,https://musicbrainz.org/doc/MusicBrainz_Database,2026-08-31
Mannheim Steamroller,Mannheim Steamroller at McCallum Theatre,,McCallum Theatre,2017-12-02,待定,待定,公开数据集,https://musicbrainz.org/doc/MusicBrainz_Database,2026-08-31
KISS,KISS at Hallenstadion,,Hallenstadion,2021-06-30,待定,待定,公开数据集,https://musicbrainz.org/doc/MusicBrainz_Database,2026-08-31
,Prom 74,,Royal Albert Hall,2010-09-09,待定,待定,公开数据集,https://musicbrainz.org/doc/MusicBrainz_Database,2026-08-31
Carsie Blanton,Carsie Blanton in East Aurora,,189 Public House,2015-11-08,待定,待定,公开数据集,https://musicbrainz.org/doc/MusicBrainz_Database,2026-08-31
The Coral Reefer Band,Jimmy Buffett and the Coral Reefer Band at Wrigley Field,,Wrigley Field,2017-07-15,待定,待定,公开数据集,https://musicbrainz.org/doc/MusicBrainz_Database,2026-08-31
Guantanamo Baywatch,Guantanamo Baywatch (USA) - Wellington!,,Valhalla,2016-10-08,待定,待定,公开数据集,https://musicbrainz.org/doc/MusicBrainz_Database,2026-08-31
General Damage,Ice Age at The Venue,,,1989-11-26,待定,待定,公开数据集,https://musicbrainz.org/doc/MusicBrainz_Database,2026-08-31
Plain White T’s,Plain White T's Guantanamo and Beyond! Tour at the Trocadero Theatre,,Trocadero Theatre,2015-11-06,待定,待定,公开数据集,https://musicbrainz.org/doc/MusicBrainz_Database,2026-08-31
KISS,KISS at Akademik Stadium,,Akademik Stadium,2008-05-16,待定,待定,公开数据集,https://musicbrainz.org/doc/MusicBrainz_Database,2026-08-31
,Glastonbury Festival 2011: Dance Village,,,2011-06-24,待定,待定,公开数据集,https://musicbrainz.org/doc/MusicBrainz_Database,2026-08-31
Dead Can Dance,Dead Can Dance: Into The Labyrinth Tour: Le Grand Rex,,Le Grand Rex,1993-10-05,待定,待定,公开数据集,https://musicbrainz.org/doc/MusicBrainz_Database,2026-08-31
Plain White T’s,Plain White T's Guantanamo and Beyond! Tour at Juanita's,,,2015-11-16,待定,待定,公开数据集,https://musicbrainz.org/doc/MusicBrainz_Database,2026-08-31
The Mondrians,"Paléo Festival de Nyon 2007, day 1: Club Tent",,Club Tent,2007-07-24,待定,待定,公开数据集,https://musicbrainz.org/doc/MusicBrainz_Database,2026-08-31
Trans‐Siberian Orchestra,Trans‐Siberian Orchestra at Vivint Smart Home Arena,,Delta Center,2019-11-20,待定,待定,公开数据集,https://musicbrainz.org/doc/MusicBrainz_Database,2026-08-31
The Persuasions,"1973‐01‐27: The Quiet Knight, Chicago, IL, USA",,The Quiet Knight,1973-01-27,待定,待定,公开数据集,https://musicbrainz.org/doc/MusicBrainz_Database,2026-08-31
,Glastonbury Festival 2004: Jazzworld Stage,,Worthy Farm,2004-06-25,待定,待定,公开数据集,https://musicbrainz.org/doc/MusicBrainz_Database,2026-08-31
Star Eyes,"Canadian Music Fest 2010, day 2: Social",,The Social,2010-03-11,待定,待定,公开数据集,https://musicbrainz.org/doc/MusicBrainz_Database,2026-08-31
,Glastonbury CND Festival 1981,,Worthy Farm,1981-06-19,待定,待定,公开数据集,https://musicbrainz.org/doc/MusicBrainz_Database,2026-08-31
Scott and Rosanna,Deutschtown Music Festival 2018-07-13 at Arnold's Tea,,,2018-07-13,待定,待定,公开数据集,https://musicbrainz.org/doc/MusicBrainz_Database,2026-08-31
Dunderfunk,Pantera at Barrowland,,,1993-02-14,待定,待定,公开数据集,https://musicbrainz.org/doc/MusicBrainz_Database,2026-08-31
Barry Manilow,Barry Manilow at Las Vegas Hilton,,Westgate Las Vegas Resort & Casino: International Theater,2009-10-03,待定,待定,公开数据集,https://musicbrainz.org/doc/MusicBrainz_Database,2026-08-31
Philip Dore,[concert],,All Souls Church,1951-06-09,待定,待定,公开数据集,https://musicbrainz.org/doc/MusicBrainz_Database,2026-08-31
Levellers,Glastonbury Festival 2004: Avalon Stage,,Worthy Farm,2004-06-25,待定,待定,公开数据集,https://musicbrainz.org/doc/MusicBrainz_Database,2026-08-31
Deadwing,Double Denim Live Leeds: Deadwing plus Special Guests,,,2019-08-09,待定,待定,公开数据集,https://musicbrainz.org/doc/MusicBrainz_Database,2026-08-31
“Weird Al” Yankovic,“Weird Al” Yankovic at Wilbur Theatre,,The Wilbur Theatre,2015-06-02,待定,待定,公开数据集,https://musicbrainz.org/doc/MusicBrainz_Database,2026-08-31
Ciro Cruz,"Rock in Rio Lisboa 2016, Day 3: EDP Rock Street",,EDP Rock Street,2016-05-27,待定,待定,公开数据集,https://musicbrainz.org/doc/MusicBrainz_Database,2026-08-31
Barry Manilow,Barry Manilow at Las Vegas Hilton,,Westgate Las Vegas Resort & Casino: International Theater,2009-02-18,待定,待定,公开数据集,https://musicbrainz.org/doc/MusicBrainz_Database,2026-08-31
,Glastonbury Festival 1986,,Worthy Farm,1986-06-20,待定,待定,公开数据集,https://musicbrainz.org/doc/MusicBrainz_Database,2026-08-31
Bruce Springsteen,"1972‐05‐03: Columbia Recording Studios, Studio E, New York City, NY, USA",,Columbia (CBS) Studio ‘E’,1972-05-03,待定,待定,公开数据集,https://musicbrainz.org/doc/MusicBrainz_Database,2026-08-31
Marrow,Marrow in Toronto,,The Drake Hotel,2015-11-01,待定,待定,公开数据集,https://musicbrainz.org/doc/MusicBrainz_Database,2026-08-31
Mannheim Steamroller,Mannheim Steamroller at Music Center at Strathmore,,Music Center at Strathmore,2016-12-11,待定,待定,公开数据集,https://musicbrainz.org/doc/MusicBrainz_Database,2026-08-31
Biff Rose,"1973‐02‐05: Max’s Kansas City, New York City, NY, USA",,Max’s Kansas City,1973-02-05,待定,待定,公开数据集,https://musicbrainz.org/doc/MusicBrainz_Database,2026-08-31
Mannheim Steamroller,Mannheim Steamroller at Music Center at Strathmore,,Music Center at Strathmore,2016-12-11,待定,待定,公开数据集,https://musicbrainz.org/doc/MusicBrainz_Database,2026-08-31
Sverre Forchhammer,[concert],,,1935,待定,待定,公开数据集,https://musicbrainz.org/doc/MusicBrainz_Database,2026-08-31
Barry Manilow,Barry Manilow at PNC Bank Arts Center,,PNC Bank Arts Center,2002-08-02,待定,待定,公开数据集,https://musicbrainz.org/doc/MusicBrainz_Database,2026-08-31
Akli D.,"Paléo Festival de Nyon 2007, day 4: Dôme",,Dôme,2007-07-27,待定,待定,公开数据集,https://musicbrainz.org/doc/MusicBrainz_Database,2026-08-31
The Dives,The Dives on The KISS Kruise VII,,Norwegian Pearl: Pool Deck,2017-11-06,待定,待定,公开数据集,https://musicbrainz.org/doc/MusicBrainz_Database,2026-08-31
,Glastonbury Festival 2005: Jazzworld Stage,,,,待定,待定,公开数据集,https://musicbrainz.org/doc/MusicBrainz_Database,2026-08-31
METZ,"Rock in Rio Lisboa 2016, Day 3: Vodafone Rock Stage",,Vodafone Stage,2016-05-27,待定,待定,公开数据集,https://musicbrainz.org/doc/MusicBrainz_Database,2026-08-31
Limp Bizkit,"Woodstock ’99, Day 3, East Stage",,,1999-07-24,待定,待定,公开数据集,https://musicbrainz.org/doc/MusicBrainz_Database,2026-08-31
,BMIFC Bash 2008,,Westgate Las Vegas Resort & Casino,2008-12-19,待定,待定,公开数据集,https://musicbrainz.org/doc/MusicBrainz_Database,2026-08-31
,"The KISS Kruise VII, Day 2 “Dressed to Kill”: Bar City",,Norwegian Pearl: Bar City,2017-11-06,待定,待定,公开数据集,https://musicbrainz.org/doc/MusicBrainz_Database,2026-08-31
Barry Manilow,Barry Manilow at Las Vegas Hilton,,Westgate Las Vegas Resort & Casino: International Theater,2009-07-31,待定,待定,公开数据集,https://musicbrainz.org/doc/MusicBrainz_Database,2026-08-31
Kylie Minogue,Kylie Minogue in London,,O₂ Shepherd’s Bush Empire,1998-07-31,待定,待定,公开数据集,https://musicbrainz.org/doc/MusicBrainz_Database,2026-08-31
John Storgårds,Lux Musicae 2009: [concert],,,2009-11-15,待定,待定,公开数据集,https://musicbrainz.org/doc/MusicBrainz_Database,2026-08-31
Barry Manilow,Barry Manilow at Las Vegas Hilton,,Westgate Las Vegas Resort & Casino: International Theater,2009-09-26,待定,待定,公开数据集,https://musicbrainz.org/doc/MusicBrainz_Database,2026-08-31
中森明菜,夢 ’91 Akina Nakamori Special Live,,幕張メッセ イベントホール,1991-07-28,待定,待定,公开数据集,https://musicbrainz.org/doc/MusicBrainz_Database,2026-08-31
Spinnerette,Spinnerette at 59:1,,59:1,2009-08-31,待定,待定,公开数据集,https://musicbrainz.org/doc/MusicBrainz_Database,2026-08-31
Barry Manilow,Barry Manilow at Las Vegas Hilton,,Westgate Las Vegas Resort & Casino: International Theater,2008-12-18,待定,待定,公开数据集,https://musicbrainz.org/doc/MusicBrainz_Database,2026-08-31
Barry Manilow,Barry Manilow at Las Vegas Hilton,,Westgate Las Vegas Resort & Casino: International Theater,2008-11-19,待定,待定,公开数据集,https://musicbrainz.org/doc/MusicBrainz_Database,2026-08-31
Paul Butterfield’s Better Days,"1973‐02‐24: Civic Theater, San Diego, CA, USA",,San Diego Civic Theatre,1973-02-24,待定,待定,公开数据集,https://musicbrainz.org/doc/MusicBrainz_Database,2026-08-31
Jadis,Jadis + John Young at Spirit of 66,,Spirit of 66,2000-02-27,待定,待定,公开数据集,https://musicbrainz.org/doc/MusicBrainz_Database,2026-08-31
Barry Manilow,Barry Manilow at Las Vegas Hilton,,Westgate Las Vegas Resort & Casino: International Theater,2008-11-12,待定,待定,公开数据集,https://musicbrainz.org/doc/MusicBrainz_Database,2026-08-31
Stefan Mehlig,"Der Deutsche Genesis Fanclub it präsentiert: Anthony Phillips Event 2014, Day 2",,Bürgerhaus Welkers,2014-03-23,待定,待定,公开数据集,https://musicbrainz.org/doc/MusicBrainz_Database,2026-08-31
Spice Girls,Spice Girls in London,,Wembley Stadium,1998-09-19,待定,待定,公开数据集,https://musicbrainz.org/doc/MusicBrainz_Database,2026-08-31
Extreme,Extreme on The KISS Kruise VII,,Norwegian Pearl: Pool Deck,2017-11-06,待定,待定,公开数据集,https://musicbrainz.org/doc/MusicBrainz_Database,2026-08-31
Weisse Geist,"SXSW 2006, day 3: Karma Lounge",,Karma Lounge,2006-03-17,待定,待定,公开数据集,https://musicbrainz.org/doc/MusicBrainz_Database,2026-08-31
KISS,KISS at Peoria Civic Center,,Carver Arena,1997-04-13,待定,待定,公开数据集,https://musicbrainz.org/doc/MusicBrainz_Database,2026-08-31
,"Governors Ball Music Festival 2015, Day 2",,Randall’s Island Park,2015-06-06,待定,待定,公开数据集,https://musicbrainz.org/doc/MusicBrainz_Database,2026-08-31
,"The KISS Kruise VII, Day 2 “Dressed to Kill”: Pool Deck",,Norwegian Pearl: Pool Deck,2017-11-06,待定,待定,公开数据集,https://musicbrainz.org/doc/MusicBrainz_Database,2026-08-31
KISS,KISS at Kiel Center,,Enterprise Center,1997-04-15,待定,待定,公开数据集,https://musicbrainz.org/doc/MusicBrainz_Database,2026-08-31
KISS,KISS at Landon Arena at Kansas ExpoCentre,,Landon Arena,1997-04-16,待定,待定,公开数据集,https://musicbrainz.org/doc/MusicBrainz_Database,2026-08-31
Sophie Simmons,Sophie Simmons on The KISS Kruise VII,,Norwegian Pearl: Spinnaker,2017-11-06,待定,待定,公开数据集,https://musicbrainz.org/doc/MusicBrainz_Database,2026-08-31
Barry Manilow,Barry Manilow at Las Vegas Hilton,,Westgate Las Vegas Resort & Casino: International Theater,2009-07-30,待定,待定,公开数据集,https://musicbrainz.org/doc/MusicBrainz_Database,2026-08-31
Hard Day’s Night,Hard Day’s Night on The KISS Kruise VII,,Norwegian Pearl: Bar City,2017-11-06,待定,待定,公开数据集,https://musicbrainz.org/doc/MusicBrainz_Database,2026-08-31
Bruce Springsteen,"2016‐09‐06: Stone Hill Studio, Colts Neck, NJ, USA",,Stone Hill Studio,2016-09-06,待定,待定,公开数据集,https://musicbrainz.org/doc/MusicBrainz_Database,2026-08-31
KISS,KISS at Sioux Falls Arena,,Sioux Falls Arena,1997-04-18,待定,待定,公开数据集,https://musicbrainz.org/doc/MusicBrainz_Database,2026-08-31
Barry Manilow,Barry Manilow at Blue Cross Arena,,Blue Cross Arena,2009-07-07,待定,待定,公开数据集,https://musicbrainz.org/doc/MusicBrainz_Database,2026-08-31
Primal Scream,Primal Scream at The Guvernment,,The Guvernment,2000-05-30,待定,待定,公开数据集,https://musicbrainz.org/doc/MusicBrainz_Database,2026-08-31
Paul Winter Consort,"1973‐01‐19: My Father’s Place, Roslyn, NY, USA",,My Father’s Place,1973-01-19,待定,待定,公开数据集,https://musicbrainz.org/doc/MusicBrainz_Database,2026-08-31
Barry Manilow,Barry Manilow at Mellon Arena,,Civic Arena,2009-07-06,待定,待定,公开数据集,https://musicbrainz.org/doc/MusicBrainz_Database,2026-08-31
,2012 World Saxophone Congress XVI,,,2012-07-10,待定,待定,公开数据集,https://musicbrainz.org/doc/MusicBrainz_Database,2026-08-31
The Big Rock Show,The Big Rock Show on The KISS Kruise VII,,Norwegian Pearl: Pool Deck,2017-11-07,待定,待定,公开数据集,https://musicbrainz.org/doc/MusicBrainz_Database,2026-08-31
,XI Laulupidu,,,1938-06-23,待定,待定,公开数据集,https://musicbrainz.org/doc/MusicBrainz_Database,2026-08-31
,18th World Saxophone Congress 2018,,,2018-07,待定,待定,公开数据集,https://musicbrainz.org/doc/MusicBrainz_Database,2026-08-31
“Weird Al” Yankovic,“Weird Al” Yankovic at Pier Six Pavilion,,Pier Six Pavilion,2015-06-13,待定,待定,公开数据集,https://musicbrainz.org/doc/MusicBrainz_Database,2026-08-31
KISS,KISS Indoor Show #1,,Norwegian Pearl: Stardust Theater,2017-11-07,待定,待定,公开数据集,https://musicbrainz.org/doc/MusicBrainz_Database,2026-08-31
Till Brönner,35. Internationale Jazzwoche Burghausen 2004,,Wackerhalle,2004-04-28,待定,待定,公开数据集,https://musicbrainz.org/doc/MusicBrainz_Database,2026-08-31
Led Zepagain,Led Zepagain on The KISS Kruise VII,,Norwegian Pearl: Atrium,2017-11-08,待定,待定,公开数据集,https://musicbrainz.org/doc/MusicBrainz_Database,2026-08-31
,World Saxophone Congress XIII,,,2003-07-09,待定,待定,公开数据集,https://musicbrainz.org/doc/MusicBrainz_Database,2026-08-31
KISS,KISS at Five Seasons Center,,Alliant Energy PowerHouse,1997-04-20,待定,待定,公开数据集,https://musicbrainz.org/doc/MusicBrainz_Database,2026-08-31
,12th World Saxophone Congress,,,2000-07-05,待定,待定,公开数据集,https://musicbrainz.org/doc/MusicBrainz_Database,2026-08-31
Barry Manilow,Barry Manilow at Las Vegas Hilton,,Westgate Las Vegas Resort & Casino: International Theater,2009-05-24,待定,待定,公开数据集,https://musicbrainz.org/doc/MusicBrainz_Database,2026-08-31
,Dmytro Morykit's Metropolis LIVE,,The MAC (Metropolitan Arts Centre),2017-05-25,待定,待定,公开数据集,https://musicbrainz.org/doc/MusicBrainz_Database,2026-08-31
,"The KISS Kruise VII, Day 4 “Animalize”: Stardust",,Norwegian Pearl: Stardust Theater,2017-11-08,待定,待定,公开数据集,https://musicbrainz.org/doc/MusicBrainz_Database,2026-08-31
Red Cortez,"SXSW 2010, day 3: Maggie Mae's Rooftop",,Maggie Mae’s Rooftop,2010-03-19,待定,待定,公开数据集,https://musicbrainz.org/doc/MusicBrainz_Database,2026-08-31
CatPeople,"SXSW 2010, day 3: Mi Casa Cantina",,Mi Casa Cantina,2010-03-19,待定,待定,公开数据集,https://musicbrainz.org/doc/MusicBrainz_Database,2026-08-31
,"The KISS Kruise VII, Day 4 “Animalize”: Pool Deck",,Norwegian Pearl: Pool Deck,2017-11-08,待定,待定,公开数据集,https://musicbrainz.org/doc/MusicBrainz_Database,2026-08-31
,11th World Saxophone Congress,,,1997-07,待定,待定,公开数据集,https://musicbrainz.org/doc/MusicBrainz_Database,2026-08-31
,"The KISS Kruise VII, Day 4 “Animalize”: Spinnaker",,Norwegian Pearl: Spinnaker,2017-11-08,待定,待定,公开数据集,https://musicbrainz.org/doc/MusicBrainz_Database,2026-08-31
,10th World Saxophone Congress,,,1992,待定,待定,公开数据集,https://musicbrainz.org/doc/MusicBrainz_Database,2026-08-31
“Weird Al” Yankovic,“Weird Al” Yankovic at Ovens Auditorium,,Ovens Auditorium,2015-06-19,待定,待定,公开数据集,https://musicbrainz.org/doc/MusicBrainz_Database,2026-08-31
,"The KISS Kruise VII, Day 4 “Animalize”: Bar City",,Norwegian Pearl: Bar City,2017-11-08,待定,待定,公开数据集,https://musicbrainz.org/doc/MusicBrainz_Database,2026-08-31
,9th World Saxophone Congress,,,1988,待定,待定,公开数据集,https://musicbrainz.org/doc/MusicBrainz_Database,2026-08-31
The Lionheart Brothers,"Roskilde Festival 2007, day 8: Pavilion",,Pavilion,2007-07-08,待定,待定,公开数据集,https://musicbrainz.org/doc/MusicBrainz_Database,2026-08-31
The Black Heart Procession,"SXSW 2006, day 3: La Zona Rosa",,La Zona Rosa,2006-03-17,待定,待定,公开数据集,https://musicbrainz.org/doc/MusicBrainz_Database,2026-08-31
,BMIFC Convention 2010,,Paris Las Vegas,2010-07-09,待定,待定,公开数据集,https://musicbrainz.org/doc/MusicBrainz_Database,2026-08-31
,5th World Saxophone Congress,,,1976,待定,待定,公开数据集,https://musicbrainz.org/doc/MusicBrainz_Database,2026-08-31
Jake J and the Killjoys,Jake J and the Killjoys on The KISS Kruise VII,,Norwegian Pearl: Spinnaker,2017-11-09,待定,待定,公开数据集,https://musicbrainz.org/doc/MusicBrainz_Database,2026-08-31
,4th World Saxophone Congress,,,1974-07-03,待定,待定,公开数据集,https://musicbrainz.org/doc/MusicBrainz_Database,2026-08-31
,3rd World Saxophone Congress,,,1972-08,待定,待定,公开数据集,https://musicbrainz.org/doc/MusicBrainz_Database,2026-08-31
KISS,KISS at Saskatchewan Place,,SaskTel Centre,1997-05-01,待定,待定,公开数据集,https://musicbrainz.org/doc/MusicBrainz_Database,2026-08-31
Ridan,"Paléo Festival de Nyon 2007, day 4: Grande Scène",,Grande Scène,2007-07-27,待定,待定,公开数据集,https://musicbrainz.org/doc/MusicBrainz_Database,2026-08-31
Wucan,Wucan + Marius Tilly at Musiktheater Piano,,Musiktheater Piano,2016-09-23,待定,待定,公开数据集,https://musicbrainz.org/doc/MusicBrainz_Database,2026-08-31
TAKIM,Αυτά που μας ενώνουν,,,2019-09-02,待定,待定,公开数据集,https://musicbrainz.org/doc/MusicBrainz_Database,2026-08-31
,"The KISS Kruise VII, Day 5 “Psycho Circus”: Bar City",,Norwegian Pearl: Bar City,2017-11-09,待定,待定,公开数据集,https://musicbrainz.org/doc/MusicBrainz_Database,2026-08-31
Barry Manilow,Barry Manilow at Comcast Arena,,Angel of the Winds Arena,2009-03-15,待定,待定,公开数据集,https://musicbrainz.org/doc/MusicBrainz_Database,2026-08-31
Rollins Band,Rollins Band in Orlando,,Embassy Music Hall,1997-06-18,待定,待定,公开数据集,https://musicbrainz.org/doc/MusicBrainz_Database,2026-08-31
The Persuasions,"1973‐01‐26: The Quiet Knight, Chicago, IL, USA",,The Quiet Knight,1973-01-26,待定,待定,公开数据集,https://musicbrainz.org/doc/MusicBrainz_Database,2026-08-31
,Glastonbury Fayre 1979,,,1979-06-20,待定,待定,公开数据集,https://musicbrainz.org/doc/MusicBrainz_Database,2026-08-31
Barry Manilow,Barry Manilow at Las Vegas Hilton,,Westgate Las Vegas Resort & Casino: International Theater,2009-10-08,待定,待定,公开数据集,https://musicbrainz.org/doc/MusicBrainz_Database,2026-08-31
Arto Noras,Sinfoniasarja: [concert],,Helsingin yliopiston päärakennus: juhlasali,1969-10-16,待定,待定,公开数据集,https://musicbrainz.org/doc/MusicBrainz_Database,2026-08-31
Dead Can Dance,Dead Can Dance: Into The Labyrinth Tour: Ludwigsburg Forum,,Forum am Schlosspark,1993-10-08,待定,待定,公开数据集,https://musicbrainz.org/doc/MusicBrainz_Database,2026-08-31
KISS,KISS at Libro Music Hall,,Libro Music Hall,1996-12-16,待定,待定,公开数据集,https://musicbrainz.org/doc/MusicBrainz_Database,2026-08-31
,"The KISS Kruise VII, Day 2 “Dressed to Kill”",,Norwegian Pearl,2017-11-06,待定,待定,公开数据集,https://musicbrainz.org/doc/MusicBrainz_Database,2026-08-31
Barry Manilow,Barry Manilow at Las Vegas Hilton,,Westgate Las Vegas Resort & Casino: International Theater,2009-02-26,待定,待定,公开数据集,https://musicbrainz.org/doc/MusicBrainz_Database,2026-08-31
Sabaton,Sabaton at Flygeln,,Flygeln,2010-10-30,待定,待定,公开数据集,https://musicbrainz.org/doc/MusicBrainz_Database,2026-08-31
Avenged Sevenfold,"Download Festival 2014, Day 1: The Stephen Sutton Main Stage",,Main Stage,2014-06-13,待定,待定,公开数据集,https://musicbrainz.org/doc/MusicBrainz_Database,2026-08-31
Gentle Giant,Gentle Giant at Halle Münsterland,,Halle Münsterland,1974-04-05,待定,待定,公开数据集,https://musicbrainz.org/doc/MusicBrainz_Database,2026-08-31
Canine,"Canine New Zealand Tour, Wellington",,Biddy Mulligans,2015-01-31,待定,待定,公开数据集,https://musicbrainz.org/doc/MusicBrainz_Database,2026-08-31
The Freak Accident,"SXSW 2006, day 3: The Jackalope",,The Jackalope,2006-03-17,待定,待定,公开数据集,https://musicbrainz.org/doc/MusicBrainz_Database,2026-08-31
Sanseverino,"Paléo Festival de Nyon 2007, day 5: Grande Scène",,Grande Scène,2007-07-28,待定,待定,公开数据集,https://musicbrainz.org/doc/MusicBrainz_Database,2026-08-31
Isildurs Bane,"Night of the Prog Festival XIII, Day 3",,Freilichtbühne Loreley,2018-07-15,待定,待定,公开数据集,https://musicbrainz.org/doc/MusicBrainz_Database,2026-08-31
The E Street Band,"2016‐03‐17: Los Angeles Memorial Sports Arena, Los Angeles, CA, USA",,Los Angeles Memorial Sports Arena,2016-03-17,待定,待定,公开数据集,https://musicbrainz.org/doc/MusicBrainz_Database,2026-08-31
Dave Matthews Band,Dave Matthews Band at Wrigley Field,,Wrigley Field,2010-09-17,待定,待定,公开数据集,https://musicbrainz.org/doc/MusicBrainz_Database,2026-08-31
Bruce Springsteen,"1973‐01‐16: St. Mary’s Hall Auditorium Theatre, Villanova University, Villanova, PA, USA",,St. Mary’s Hall Auditorium Theatre,1973-01-16,待定,待定,公开数据集,https://musicbrainz.org/doc/MusicBrainz_Database,2026-08-31
Goldplay,"38. Monheimer Septemberfest, Tag 2",,Bühne Brandenburger Allee,2016-09-17,待定,待定,公开数据集,https://musicbrainz.org/doc/MusicBrainz_Database,2026-08-31
Amsterdam Klezmer Band,Amsterdam Klezmer Band at Tollhaus,,Tollhaus Karlsruhe,2017-04-06,待定,待定,公开数据集,https://musicbrainz.org/doc/MusicBrainz_Database,2026-08-31
KISS,KISS at Allen County War Memorial Coliseum,,Allen County War Memorial Coliseum,1997-04-09,待定,待定,公开数据集,https://musicbrainz.org/doc/MusicBrainz_Database,2026-08-31
Bob Mittnacht and the Crowning Glories,"Summerfest 2013, Day 2: K-Nation/Cascio Interstate Music Stage",,KNE New Music Stage,2013-06-27,待定,待定,公开数据集,https://musicbrainz.org/doc/MusicBrainz_Database,2026-08-31
Smomid,Ab Uno Pluribus,,The Three Jewels NYC,2016-09-24,待定,待定,公开数据集,https://musicbrainz.org/doc/MusicBrainz_Database,2026-08-31
,"Wacken Open Air 2016, Day 1",,Wacken Open Air Festival Grounds,2016-08-04,待定,待定,公开数据集,https://musicbrainz.org/doc/MusicBrainz_Database,2026-08-31
Barry Manilow,Barry Manilow at Mohegan Sun Arena,,Mohegan Sun Arena,2009-08-15,待定,待定,公开数据集,https://musicbrainz.org/doc/MusicBrainz_Database,2026-08-31
KISS,KISS Sail‐Away Acoustic Storytellers Set,,Norwegian Pearl: Pool Deck,2017-11-05,待定,待定,公开数据集,https://musicbrainz.org/doc/MusicBrainz_Database,2026-08-31
Dave Matthews Band,Dave Matthews Band at Toyota Pavilion at Montage Mountain,,The Pavilion at Montage Mountain,2010-07-14,待定,待定,公开数据集,https://musicbrainz.org/doc/MusicBrainz_Database,2026-08-31
Dave Matthews Band,Dave Matthews Band at Saratoga Performing Arts Center,,Saratoga Performing Arts Center,2009-06-12,待定,待定,公开数据集,https://musicbrainz.org/doc/MusicBrainz_Database,2026-08-31
Ellie Lee,Deutschtown Music Festival 2018-07-14 at Penn Brewery Biergarten,,,2018-07-14,待定,待定,公开数据集,https://musicbrainz.org/doc/MusicBrainz_Database,2026-08-31
Alan Fitzgerald,"2005‐11‐11: Ted Constant Convocation Center, Old Dominion University, Norfolk, VA, USA",,Ted Constant Convocation Center,2005-11-11,待定,待定,公开数据集,https://musicbrainz.org/doc/MusicBrainz_Database,2026-08-31
Clap Your Hands Say Yeah,Clap Your Hands Say Yeah + Danielle Durack,,,2019-08-24,待定,待定,公开数据集,https://musicbrainz.org/doc/MusicBrainz_Database,2026-08-31
Bigflo & Oli,"Paléo Festival de Nyon 2016, Day 5: Les Arches",,Les Arches,2016-07-23,待定,待定,公开数据集,https://musicbrainz.org/doc/MusicBrainz_Database,2026-08-31
Klawn,Ganesha at Side One Café,,Side One Café,2004-05-02,待定,待定,公开数据集,https://musicbrainz.org/doc/MusicBrainz_Database,2026-08-31
Dan Hicks and His Hot Licks,"1973‐02‐14: New Gymnasium, Virginia Commonwealth University, Richmond, VA, USA",,VCU New Gym,1973-02-14,待定,待定,公开数据集,https://musicbrainz.org/doc/MusicBrainz_Database,2026-08-31
Stefan Mehlig,"Der Deutsche Genesis Fanclub it präsentiert: Anthony Phillips Event 2014, Day 2",,Bürgerhaus Welkers,2014-03-23,待定,待定,公开数据集,https://musicbrainz.org/doc/MusicBrainz_Database,2026-08-31
KISS,KISS at Bryce Jordan Center,,Bryce Jordan Center,1997-03-29,待定,待定,公开数据集,https://musicbrainz.org/doc/MusicBrainz_Database,2026-08-31
“Weird Al” Yankovic,“Weird Al” Yankovic at Bloomington Center for the Performing Arts,,Bloomington Center for the Performing Arts,2015-05-26,待定,待定,公开数据集,https://musicbrainz.org/doc/MusicBrainz_Database,2026-08-31
Paul Butterfield’s Better Days,"1973‐02‐24: Civic Theater, San Diego, CA, USA",,San Diego Civic Theatre,1973-02-24,待定,待定,公开数据集,https://musicbrainz.org/doc/MusicBrainz_Database,2026-08-31
Barry Manilow,Barry Manilow at Las Vegas Hilton,,Westgate Las Vegas Resort & Casino: International Theater,2008-12-17,待定,待定,公开数据集,https://musicbrainz.org/doc/MusicBrainz_Database,2026-08-31
The Woodchoppers Association,The Woodchoppers Association in Toronto,,Tranzac Club,2015-11-01,待定,待定,公开数据集,https://musicbrainz.org/doc/MusicBrainz_Database,2026-08-31
The Afghan Whigs,Afghan Whigs in London,,Subterania,1998-08-25,待定,待定,公开数据集,https://musicbrainz.org/doc/MusicBrainz_Database,2026-08-31
Barry Manilow,Barry Manilow at Manchester Evening News Arena,,AO Arena,2008-12-08,待定,待定,公开数据集,https://musicbrainz.org/doc/MusicBrainz_Database,2026-08-31
Steve Grisbrook,Steve Grisbrook in Toronto,,The Blue Goose Tavern,2015-11-01,待定,待定,公开数据集,https://musicbrainz.org/doc/MusicBrainz_Database,2026-08-31
Paul Butterfield’s Better Days,"1973‐02‐27: Bakersfield Civic Auditorium, Bakersfield, CA, USA",,Dignity Health Theater and Convention Center,1973-02-27,待定,待定,公开数据集,https://musicbrainz.org/doc/MusicBrainz_Database,2026-08-31
“Weird Al” Yankovic,“Weird Al” Yankovic at Koka Booth Amphitheatre,,Koka Booth Amphitheatre,2015-06-18,待定,待定,公开数据集,https://musicbrainz.org/doc/MusicBrainz_Database,2026-08-31
Spirit Fest,Spirit Fest at Kassette,,Kassette,2017-12-09,待定,待定,公开数据集,https://musicbrainz.org/doc/MusicBrainz_Database,2026-08-31
Zero 7,Zero 7 on Morning Becomes Eclectic,,KCRW Studios,2009-12-16,待定,待定,公开数据集,https://musicbrainz.org/doc/MusicBrainz_Database,2026-08-31
Behzod Abduraimov,Behzod plays Rachmaninoff,,Harpa: Eldborg,2018-06-07,待定,待定,公开数据集,https://musicbrainz.org/doc/MusicBrainz_Database,2026-08-31
Chris Staig,Chris Staig in Toronto,,The Local Pub,2015-11-01,待定,待定,公开数据集,https://musicbrainz.org/doc/MusicBrainz_Database,2026-08-31
,"Glastonbury Festival 1994, day 3: Pyramid Stage",,Worthy Farm,1994-06-26,待定,待定,公开数据集,https://musicbrainz.org/doc/MusicBrainz_Database,2026-08-31
,"Lokerse Feesten 2013, Day 7",,Grote Kaai,2013-08-08,待定,待定,公开数据集,https://musicbrainz.org/doc/MusicBrainz_Database,2026-08-31
Nicola Vaughan,Nicola Vaughan in Toronto,,Hirut Restaurant,2015-11-01,待定,待定,公开数据集,https://musicbrainz.org/doc/MusicBrainz_Database,2026-08-31
The Olivia Tremor Control,Olivia Tremor Control in London,,The Garage,1998-08-18,待定,待定,公开数据集,https://musicbrainz.org/doc/MusicBrainz_Database,2026-08-31
,"Lokerse Feesten 2013, Day 10",,Grote Kaai,2013-08-11,待定,待定,公开数据集,https://musicbrainz.org/doc/MusicBrainz_Database,2026-08-31
Dave Matthews Band,Dave Matthews Band at Wrigley Field,,Wrigley Field,2010-09-18,待定,待定,公开数据集,https://musicbrainz.org/doc/MusicBrainz_Database,2026-08-31
KISS,KISS at Roberts Municipal Stadium,,Roberts Municipal Stadium,1997-04-08,待定,待定,公开数据集,https://musicbrainz.org/doc/MusicBrainz_Database,2026-08-31
Barry Manilow,Barry Manilow at Las Vegas Hilton,,Westgate Las Vegas Resort & Casino: International Theater,2009-08-27,待定,待定,公开数据集,https://musicbrainz.org/doc/MusicBrainz_Database,2026-08-31
Caught in the Act: C.I.A.,"Summerfest 2013, Day 2: Miller Lite Oasis",,Miller Lite Oasis,2013-06-27,待定,待定,公开数据集,https://musicbrainz.org/doc/MusicBrainz_Database,2026-08-31
The Big Rock Show,The Big Rock Show on The KISS Kruise VII,,Norwegian Pearl: Pool Deck,2017-11-05,待定,待定,公开数据集,https://musicbrainz.org/doc/MusicBrainz_Database,2026-08-31
Extreme,Extreme on The KISS Kruise VII,,Norwegian Pearl: Pool Deck,2017-11-08,待定,待定,公开数据集,https://musicbrainz.org/doc/MusicBrainz_Database,2026-08-31
Dave Matthews Band,Dave Matthews Band at Saratoga Performing Arts Center,,Saratoga Performing Arts Center,2009-06-13,待定,待定,公开数据集,https://musicbrainz.org/doc/MusicBrainz_Database,2026-08-31
Gene,Gene in Gloucester,,Gloucester Guildhall,1998-11-04,待定,待定,公开数据集,https://musicbrainz.org/doc/MusicBrainz_Database,2026-08-31
KISS,KISS at Winnipeg Arena,,Winnipeg Arena,1997-04-29,待定,待定,公开数据集,https://musicbrainz.org/doc/MusicBrainz_Database,2026-08-31
The Rolling Stones,The Rolling Stones at Hard Rock Stadium,,Hard Rock Stadium,2019-08-30,待定,待定,公开数据集,https://musicbrainz.org/doc/MusicBrainz_Database,2026-08-31
“Weird Al” Yankovic,“Weird Al” Yankovic at Fox Theater,,The Fox Theatre at Foxwoods Casino Resort,2018-03-02,待定,待定,公开数据集,https://musicbrainz.org/doc/MusicBrainz_Database,2026-08-31
Kasabian,"Rock Werchter 2005, Day 4",,Festivalpark Werchter,2005-07-03,待定,待定,公开数据集,https://musicbrainz.org/doc/MusicBrainz_Database,2026-08-31
Lambert,Lambert & Dekker at Artheater,,Artheater,2018-11-16,待定,待定,公开数据集,https://musicbrainz.org/doc/MusicBrainz_Database,2026-08-31
Sigur Rós,Sigur Rós in Toronto,,Massey Hall,2002-10-30,待定,待定,公开数据集,https://musicbrainz.org/doc/MusicBrainz_Database,2026-08-31
Neil Finn,Neil Finn in Bristol,,Bristol Beacon,1998-09-25,待定,待定,公开数据集,https://musicbrainz.org/doc/MusicBrainz_Database,2026-08-31
Snow Patrol,"Later… with Jools Holland: Series 52, Episode 1",,Maidstone Studios,,待定,待定,公开数据集,https://musicbrainz.org/doc/MusicBrainz_Database,2026-08-31
1TBC,We’re Beautiful Tour,,,2017,待定,待定,公开数据集,https://musicbrainz.org/doc/MusicBrainz_Database,2026-08-31
Barry Manilow,Barry Manilow at American Airlines Center,,American Airlines Center,2008-02-19,待定,待定,公开数据集,https://musicbrainz.org/doc/MusicBrainz_Database,2026-08-31
,"The KISS Kruise VII, Day 3 “Love Gun”: Atrium",,Norwegian Pearl: Atrium,2017-11-07,待定,待定,公开数据集,https://musicbrainz.org/doc/MusicBrainz_Database,2026-08-31
“Weird Al” Yankovic,“Weird Al” Yankovic at Center for the Arts at the University at Buffalo,,Center for the Arts at the University at Buffalo,2018-03-13,待定,待定,公开数据集,https://musicbrainz.org/doc/MusicBrainz_Database,2026-08-31
Kebu,Flashback Future Live,,Room 1+1,2016-04-09,待定,待定,公开数据集,https://musicbrainz.org/doc/MusicBrainz_Database,2026-08-31
Kevin Buell,"2005‐10‐09: Nassau Veterans Memorial Coliseum, Uniondale, NY, USA",,Nassau Veterans Memorial Coliseum,2005-10-09,待定,待定,公开数据集,https://musicbrainz.org/doc/MusicBrainz_Database,2026-08-31
,"Glastonbury Festival 2017, Day 2: Avalon Stage",,Worthy Farm,2017-06-24,待定,待定,公开数据集,https://musicbrainz.org/doc/MusicBrainz_Database,2026-08-31
“Weird Al” Yankovic,“Weird Al” Yankovic at Wilbur Theatre,,The Wilbur Theatre,2018-03-04,待定,待定,公开数据集,https://musicbrainz.org/doc/MusicBrainz_Database,2026-08-31
,"The KISS Kruise IV, Day 3",,Norwegian Pearl,2014-11-01,待定,待定,公开数据集,https://musicbrainz.org/doc/MusicBrainz_Database,2026-08-31
,"The KISS Kruise IV, Day 4",,Norwegian Pearl,2014-11-02,待定,待定,公开数据集,https://musicbrainz.org/doc/MusicBrainz_Database,2026-08-31
Fun Lovin’ Criminals,Fun Lovin' Criminals in Glasgow,,Barrowland Ballroom,1998-10-09,待定,待定,公开数据集,https://musicbrainz.org/doc/MusicBrainz_Database,2026-08-31
“Weird Al” Yankovic,“Weird Al” Yankovic at Berglund Performing Arts Theatre,,Berglund Performing Arts Theatre,2015-06-14,待定,待定,公开数据集,https://musicbrainz.org/doc/MusicBrainz_Database,2026-08-31
,"The KISS Kruise IV, Day 5",,Norwegian Pearl,2014-11-03,待定,待定,公开数据集,https://musicbrainz.org/doc/MusicBrainz_Database,2026-08-31
Barry Manilow,Barry Manilow at Las Vegas Hilton,,Westgate Las Vegas Resort & Casino: International Theater,2008-09-24,待定,待定,公开数据集,https://musicbrainz.org/doc/MusicBrainz_Database,2026-08-31
Squarepusher,Warp25: Squarepusher feat. Sinfonietta Cracovia,,Łaźnia Nowa Theater,2014-09-14,待定,待定,公开数据集,https://musicbrainz.org/doc/MusicBrainz_Database,2026-08-31
London Sinfonietta,Warp25: London Sinfonietta feat. Mira Calix - Warp Works and 20th Century Masters,,Łaźnia Nowa Theater,2014-09-19,待定,待定,公开数据集,https://musicbrainz.org/doc/MusicBrainz_Database,2026-08-31
,The Phoenix Festival 1993,,Long Marston Airfield,1993-07-16,待定,待定,公开数据集,https://musicbrainz.org/doc/MusicBrainz_Database,2026-08-31
Barry Manilow,Barry Manilow at Las Vegas Hilton,,Westgate Las Vegas Resort & Casino: International Theater,2008-09-05,待定,待定,公开数据集,https://musicbrainz.org/doc/MusicBrainz_Database,2026-08-31
KISS,KISS at Staples Center,,Crypto.com Arena,2020-03-04,待定,待定,公开数据集,https://musicbrainz.org/doc/MusicBrainz_Database,2026-08-31
,"Download Festival 2014, Day 2",,Donington Park,2014-06-14,待定,待定,公开数据集,https://musicbrainz.org/doc/MusicBrainz_Database,2026-08-31
Trans‐Siberian Orchestra,Trans‐Siberian Orchestra at Bon Secours Wellness Arena,,Bon Secours Wellness Arena,2019-12-06,待定,待定,公开数据集,https://musicbrainz.org/doc/MusicBrainz_Database,2026-08-31
Zombi,Zombi / Pinkish Black / (((Microwaves))) Nov 14,,Cattivo,2015-11-14,待定,待定,公开数据集,https://musicbrainz.org/doc/MusicBrainz_Database,2026-08-31
,Folk Music Festival Kaustinen 1968,,,1968-07-18,待定,待定,公开数据集,https://musicbrainz.org/doc/MusicBrainz_Database,2026-08-31
Donavon Frankenreiter,"Lokerse Feesten 2013, Day 7: Mainstage",,Mainstage,2013-08-08,待定,待定,公开数据集,https://musicbrainz.org/doc/MusicBrainz_Database,2026-08-31
Kansas,Kansas at Cheyenne Civic Center,,Cheyenne Civic Center,2019-09-22,待定,待定,公开数据集,https://musicbrainz.org/doc/MusicBrainz_Database,2026-08-31
Barry Manilow,Barry Manilow at Las Vegas Hilton,,Westgate Las Vegas Resort & Casino: International Theater,2008-03-14,待定,待定,公开数据集,https://musicbrainz.org/doc/MusicBrainz_Database,2026-08-31
Anders Paulsson,[concert],,,2015-11-11,待定,待定,公开数据集,https://musicbrainz.org/doc/MusicBrainz_Database,2026-08-31
Gnessin Institute Choir,[concert],,,1962-12-18,待定,待定,公开数据集,https://musicbrainz.org/doc/MusicBrainz_Database,2026-08-31
,Gloucester Music Festival,,,,待定,待定,公开数据集,https://musicbrainz.org/doc/MusicBrainz_Database,2026-08-31
Oh No Ono,"SXSW 2010, day 3: Lamberts",,Lamberts,2010-03-19,待定,待定,公开数据集,https://musicbrainz.org/doc/MusicBrainz_Database,2026-08-31
Reverse Engineering,"Paléo Festival de Nyon 2007, day 2: Club Tent",,Club Tent,2007-07-25,待定,待定,公开数据集,https://musicbrainz.org/doc/MusicBrainz_Database,2026-08-31
Richard Stoltzman,[concert],,,1991-09-05,待定,待定,公开数据集,https://musicbrainz.org/doc/MusicBrainz_Database,2026-08-31
,Desert Trip,,Empire Polo Club,2016-10-07,待定,待定,公开数据集,https://musicbrainz.org/doc/MusicBrainz_Database,2026-08-31
Carl Nielsen,[concert],,Odd Fellow Palæet,1916-02-01,待定,待定,公开数据集,https://musicbrainz.org/doc/MusicBrainz_Database,2026-08-31
The Rolling Stones,Desert Trip: October 7th,,Empire Polo Club,2016-10-07,待定,待定,公开数据集,https://musicbrainz.org/doc/MusicBrainz_Database,2026-08-31
School of Athens,Deutschtown Music Festival 2018-07-14 at YMR Club,,,2018-07-14,待定,待定,公开数据集,https://musicbrainz.org/doc/MusicBrainz_Database,2026-08-31
Boomer Nation,"Summerfest 2013, Day 1: BMO Harris Pavilion",,BMO Harris Pavilion with Miller Lite,2013-06-26,待定,待定,公开数据集,https://musicbrainz.org/doc/MusicBrainz_Database,2026-08-31
Depeche Mode,The Delta Machine Tour,,НСК «Олімпійський»,2013-06-29,待定,待定,公开数据集,https://musicbrainz.org/doc/MusicBrainz_Database,2026-08-31
Joel Andersson,CD Launch - The Irish Harmonica,,Inferno,2018-07-12,待定,待定,公开数据集,https://musicbrainz.org/doc/MusicBrainz_Database,2026-08-31
Plain White T’s,Plain White T's Guantanamo and Beyond! Tour at Brighton Music Hall,,Brighton Music Hall,2015-11-02,待定,待定,公开数据集,https://musicbrainz.org/doc/MusicBrainz_Database,2026-08-31
Depeche Mode,1981 Tour,,Pink Toothbrush,1981-06-27,待定,待定,公开数据集,https://musicbrainz.org/doc/MusicBrainz_Database,2026-08-31
Hendrik Lenstra,"Lowlands 2007, day 2: Juliet",,Spijk en Bremerberg,2007-08-18,待定,待定,公开数据集,https://musicbrainz.org/doc/MusicBrainz_Database,2026-08-31
Morgan Erina,Deutschtown Music Festival 2018-07-14 at Arnold's Tea,,,2018-07-14,待定,待定,公开数据集,https://musicbrainz.org/doc/MusicBrainz_Database,2026-08-31
Charm & Chain,Deutschtown Music Festival 2018-07-14 at Penn Brewery Restaurant,,,2018-07-14,待定,待定,公开数据集,https://musicbrainz.org/doc/MusicBrainz_Database,2026-08-31
Grachmusikoff,Grachmusikoff at Festhalle Durlach,,Festhalle Durlach,2017-11-03,待定,待定,公开数据集,https://musicbrainz.org/doc/MusicBrainz_Database,2026-08-31
Jenny Owen Youngs,"SXSW 2010, day 3: Live.Create. Lounge",,Live.Create. Lounge,2010-03-19,待定,待定,公开数据集,https://musicbrainz.org/doc/MusicBrainz_Database,2026-08-31
Germans,NXNE 2007: Exclaim! Showcase,,The Boat,2007-06-09,待定,待定,公开数据集,https://musicbrainz.org/doc/MusicBrainz_Database,2026-08-31
KISS,KISS at Arena di Verona,,Arena di Verona,2008-05-13,待定,待定,公开数据集,https://musicbrainz.org/doc/MusicBrainz_Database,2026-08-31
Barry Manilow,Barry Manilow at Las Vegas Hilton,,Westgate Las Vegas Resort & Casino: International Theater,2009-03-28,待定,待定,公开数据集,https://musicbrainz.org/doc/MusicBrainz_Database,2026-08-31
Biters,Biters on The KISS Kruise VII,,Norwegian Pearl: Bar City,2017-11-10,待定,待定,公开数据集,https://musicbrainz.org/doc/MusicBrainz_Database,2026-08-31
,Glastonbury Festival 2011: The Park Stage,,,2011-06-24,待定,待定,公开数据集,https://musicbrainz.org/doc/MusicBrainz_Database,2026-08-31
Sonata Arctica,"Sweden Rock Festival 2013, Day 2: Festival Stage",,Festival Stage,2013-06-06,待定,待定,公开数据集,https://musicbrainz.org/doc/MusicBrainz_Database,2026-08-31
,Shinshun Kemoket 3,,,2017-01-28,待定,待定,公开数据集,https://musicbrainz.org/doc/MusicBrainz_Database,2026-08-31
,3. Benefiz Symphoniekonzert,,Orangerie Fulda,2002-03-10,待定,待定,公开数据集,https://musicbrainz.org/doc/MusicBrainz_Database,2026-08-31
KISS,KISS at Charleston Civic Center,,Charleston Civic Center Coliseum,1997-03-31,待定,待定,公开数据集,https://musicbrainz.org/doc/MusicBrainz_Database,2026-08-31
Trans‐Siberian Orchestra,Trans‐Siberian Orchestra at PNC Arena,,Lenovo Center,2019-11-20,待定,待定,公开数据集,https://musicbrainz.org/doc/MusicBrainz_Database,2026-08-31
Gorilla Crash,"Masters of Rock 2018, Day 1: Rock Face Stage",,Rock Face Stage,2018-07-12,待定,待定,公开数据集,https://musicbrainz.org/doc/MusicBrainz_Database,2026-08-31
Ashby,RockME: Ashby + Aëdon at Der Club,,Der Club,2017-11-11,待定,待定,公开数据集,https://musicbrainz.org/doc/MusicBrainz_Database,2026-08-31
Deerhoof,Deerhoof at Fasching,,Fasching,2016-09-15,待定,待定,公开数据集,https://musicbrainz.org/doc/MusicBrainz_Database,2026-08-31
Plain White T’s,Plain White T's Guantanamo and Beyond! Tour at the Trocadero Theatre,,Trocadero Theatre,2015-11-06,待定,待定,公开数据集,https://musicbrainz.org/doc/MusicBrainz_Database,2026-08-31
Barry Manilow,Barry Manilow at Hollywood Bowl,,Hollywood Bowl,2009-10-24,待定,待定,公开数据集,https://musicbrainz.org/doc/MusicBrainz_Database,2026-08-31
slowthai,"Even Later… with Jools Holland: Series 54, with Lady Leshurr",,BBC Television Centre,2019-11-01,待定,待定,公开数据集,https://musicbrainz.org/doc/MusicBrainz_Database,2026-08-31
Slaraffenland,"Roskilde Festival 2007, day 7: Pavilion",,Pavilion,2007-07-07,待定,待定,公开数据集,https://musicbrainz.org/doc/MusicBrainz_Database,2026-08-31
Josh Cloud,"Summerfest 2013, Day 1: K-Nation/Cascio Interstate Music Stage",,KNE New Music Stage,2013-06-26,待定,待定,公开数据集,https://musicbrainz.org/doc/MusicBrainz_Database,2026-08-31
Phil Gator & Monsters Georges,Phil Gator & Monsters Georges,,La Cabane Trempée,2015-05-09,待定,待定,公开数据集,https://musicbrainz.org/doc/MusicBrainz_Database,2026-08-31
Plain White T’s,Plain White T's Guantanamo and Beyond! Tour at Mill City Nights,,Mill City Nights,2015-11-14,待定,待定,公开数据集,https://musicbrainz.org/doc/MusicBrainz_Database,2026-08-31
KISS,KISS at Wheeling Civic Center,,WesBanco Arena,1997-03-27,待定,待定,公开数据集,https://musicbrainz.org/doc/MusicBrainz_Database,2026-08-31
KISS,KISS at Dean Smith Center,,Dean Smith Center,1997-04-04,待定,待定,公开数据集,https://musicbrainz.org/doc/MusicBrainz_Database,2026-08-31
Boubacar Cissokho,Boubacar Cissoko at Terminus,,Terminus,2017-10-06,待定,待定,公开数据集,https://musicbrainz.org/doc/MusicBrainz_Database,2026-08-31
Threesound,Deutschtown Music Festival 2018-07-13 at Allegheny City Brewing,,,2018-07-13,待定,待定,公开数据集,https://musicbrainz.org/doc/MusicBrainz_Database,2026-08-31
The Persuasions,"1973‐01‐26: The Quiet Knight, Chicago, IL, USA",,The Quiet Knight,1973-01-26,待定,待定,公开数据集,https://musicbrainz.org/doc/MusicBrainz_Database,2026-08-31
Plain White T’s,Plain White T's Guantanamo and Beyond! Tour at Trees,,Trees,2015-11-17,待定,待定,公开数据集,https://musicbrainz.org/doc/MusicBrainz_Database,2026-08-31
Dead Can Dance,Dead Can Dance: Into The Labyrinth Tour: Ludwigsburg Forum,,Forum am Schlosspark,1993-10-08,待定,待定,公开数据集,https://musicbrainz.org/doc/MusicBrainz_Database,2026-08-31
KISS,KISS at Libro Music Hall,,Libro Music Hall,1996-12-16,待定,待定,公开数据集,https://musicbrainz.org/doc/MusicBrainz_Database,2026-08-31
Benefits,Deutschtown Music Festival 2018-07-13 at Allegheny Elks Lodge,,,2018-07-13,待定,待定,公开数据集,https://musicbrainz.org/doc/MusicBrainz_Database,2026-08-31
The Persuasions,"1973‐01‐27: The Quiet Knight, Chicago, IL, USA",,The Quiet Knight,1973-01-27,待定,待定,公开数据集,https://musicbrainz.org/doc/MusicBrainz_Database,2026-08-31
The Persuasions,"1973‐01‐28: The Quiet Knight, Chicago, IL, USA",,The Quiet Knight,1973-01-28,待定,待定,公开数据集,https://musicbrainz.org/doc/MusicBrainz_Database,2026-08-31
Laura Intravia,Video Games Live 2016: Bonus Round!,,Liederhalle: Beethovensaal,2016-03-26,待定,待定,公开数据集,https://musicbrainz.org/doc/MusicBrainz_Database,2026-08-31
Hollywood Vampires,"Rock in Rio Lisboa 2016, Day 3: Palco Mundo",,Palco Mundo,2016-05-27,待定,待定,公开数据集,https://musicbrainz.org/doc/MusicBrainz_Database,2026-08-31
Barry Manilow,Barry Manilow at Las Vegas Hilton,,Westgate Las Vegas Resort & Casino: International Theater,2009-09-04,待定,待定,公开数据集,https://musicbrainz.org/doc/MusicBrainz_Database,2026-08-31
,"The KISS Kruise VII, Day 2 “Dressed to Kill”",,Norwegian Pearl,2017-11-06,待定,待定,公开数据集,https://musicbrainz.org/doc/MusicBrainz_Database,2026-08-31
Ciro Cruz,"Rock in Rio Lisboa 2016, Day 3: EDP Rock Street",,EDP Rock Street,2016-05-27,待定,待定,公开数据集,https://musicbrainz.org/doc/MusicBrainz_Database,2026-08-31
Dave Matthews Band,Dave Matthews Band at Fenway Park,,Fenway Park,2006-07-08,待定,待定,公开数据集,https://musicbrainz.org/doc/MusicBrainz_Database,2026-08-31
“Weird Al” Yankovic,“Weird Al” Yankovic at Wilbur Theatre,,The Wilbur Theatre,2015-06-03,待定,待定,公开数据集,https://musicbrainz.org/doc/MusicBrainz_Database,2026-08-31
Ellen Andrea Wang Trio,Ellen Andrea Wang Trio (NO),,Stora Scenen @ The Tivoli,2017-10-04,待定,待定,公开数据集,https://musicbrainz.org/doc/MusicBrainz_Database,2026-08-31
Mia Klose,"Sweden Rock Festival 2013, Day 2: 4Sound Stage",,4Sound Stage,2013-06-06,待定,待定,公开数据集,https://musicbrainz.org/doc/MusicBrainz_Database,2026-08-31
Fischer Live,"38. Monheimer Septemberfest, Tag 1",,Bühne Brandenburger Allee,2016-09-16,待定,待定,公开数据集,https://musicbrainz.org/doc/MusicBrainz_Database,2026-08-31
Ellie Lee,Deutschtown Music Festival 2018-07-14 at Penn Brewery Biergarten,,,2018-07-14,待定,待定,公开数据集,https://musicbrainz.org/doc/MusicBrainz_Database,2026-08-31
Trans‐Siberian Orchestra,Trans‐Siberian Orchestra at Mississippi Coast Coliseum,,Mississippi Coast Coliseum,2007-11-09,待定,待定,公开数据集,https://musicbrainz.org/doc/MusicBrainz_Database,2026-08-31
Clap Your Hands Say Yeah,Clap Your Hands Say Yeah + Danielle Durack,,,2019-08-24,待定,待定,公开数据集,https://musicbrainz.org/doc/MusicBrainz_Database,2026-08-31
Bigflo & Oli,"Paléo Festival de Nyon 2016, Day 5: Les Arches",,Les Arches,2016-07-23,待定,待定,公开数据集,https://musicbrainz.org/doc/MusicBrainz_Database,2026-08-31
,38. Monheimer Septemberfest,,,2016-09-16,待定,待定,公开数据集,https://musicbrainz.org/doc/MusicBrainz_Database,2026-08-31
Barry Manilow,Barry Manilow at Paris Las Vegas,,Paris Las Vegas: Le Théâtre des Arts,2010-03-06,待定,待定,公开数据集,https://musicbrainz.org/doc/MusicBrainz_Database,2026-08-31
KISS,KISS at Palais Omnisports de Paris‐Bercy,,Accor Arena,2008-06-17,待定,待定,公开数据集,https://musicbrainz.org/doc/MusicBrainz_Database,2026-08-31
,"Wacken Open Air 2008, Day 4",,Wacken Open Air Festival Grounds,2008-08-02,待定,待定,公开数据集,https://musicbrainz.org/doc/MusicBrainz_Database,2026-08-31
Bruce Springsteen,"2006‐02: Thrill Hill East, Rumson, NJ, USA",,Thrill Hill East,2006-02,待定,待定,公开数据集,https://musicbrainz.org/doc/MusicBrainz_Database,2026-08-31
Barry Manilow,Barry Manilow at Sprint Center,,T‐Mobile Center,2008-04-26,待定,待定,公开数据集,https://musicbrainz.org/doc/MusicBrainz_Database,2026-08-31
Halsey,Halsey in Toronto,,Phoenix Concert Theatre,2015-11-03,待定,待定,公开数据集,https://musicbrainz.org/doc/MusicBrainz_Database,2026-08-31
Trans‐Siberian Orchestra,Trans‐Siberian Orchestra at DCU Center,,DCU Center,2007-11-10,待定,待定,公开数据集,https://musicbrainz.org/doc/MusicBrainz_Database,2026-08-31
Klawn,Ganesha at Side One Café,,Side One Café,2004-05-02,待定,待定,公开数据集,https://musicbrainz.org/doc/MusicBrainz_Database,2026-08-31
Barry Manilow,Barry Manilow at Las Vegas Hilton,,Westgate Las Vegas Resort & Casino: International Theater,2009-12-30,待定,待定,公开数据集,https://musicbrainz.org/doc/MusicBrainz_Database,2026-08-31
Frederick Bridge,Coronation of Their Majesties King George the Fifth and Queen Mary,,Westminster Abbey,1911-06-22,待定,待定,公开数据集,https://musicbrainz.org/doc/MusicBrainz_Database,2026-08-31
Bryan Adams,Bryan Adams at Hollywood Palladium,,Hollywood Palladium,1985-02-01,待定,待定,公开数据集,https://musicbrainz.org/doc/MusicBrainz_Database,2026-08-31
Marillion,Marillion at Ateneo Popular 9 Barris,,Ateneo Popular 9 Barris,1998-01-10,待定,待定,公开数据集,https://musicbrainz.org/doc/MusicBrainz_Database,2026-08-31
Trans‐Siberian Orchestra,Trans‐Siberian Orchestra at Mohegan Sun Arena,,Mohegan Sun Arena,2007-11-11,待定,待定,公开数据集,https://musicbrainz.org/doc/MusicBrainz_Database,2026-08-31
Barry Manilow,Barry Manilow at Las Vegas Hilton,,Westgate Las Vegas Resort & Casino: International Theater,2009-12-29,待定,待定,公开数据集,https://musicbrainz.org/doc/MusicBrainz_Database,2026-08-31
Bryan Adams,Bryan Adams at Tokyo Dome,,東京ドーム,1989-12-31,待定,待定,公开数据集,https://musicbrainz.org/doc/MusicBrainz_Database,2026-08-31
Birchville Cat Motel,Noise-drone-repeat,,Valhalla,2016-09-29,待定,待定,公开数据集,https://musicbrainz.org/doc/MusicBrainz_Database,2026-08-31
,"Summerfest 2013, Day 1",,Henry W. Maier Festival Park,2013-06-26,待定,待定,公开数据集,https://musicbrainz.org/doc/MusicBrainz_Database,2026-08-31
倉橋ヨエコ,感謝的解体ヨエコツアー,,東京キネマ倶楽部,2008-07-20,待定,待定,公开数据集,https://musicbrainz.org/doc/MusicBrainz_Database,2026-08-31
Justice,"Glastonbury Festival 2017, Day 3: West Holts Stage",,Worthy Farm,2017-06-25,待定,待定,公开数据集,https://musicbrainz.org/doc/MusicBrainz_Database,2026-08-31
Pearl Jam,Music Midtown 2012,,Piedmont Park,2012-09-21,待定,待定,公开数据集,https://musicbrainz.org/doc/MusicBrainz_Database,2026-08-31
Sober Eye of Reason,AB/CD at Volunteer Hall,,,2003-04-19,待定,待定,公开数据集,https://musicbrainz.org/doc/MusicBrainz_Database,2026-08-31
Talking Heads,Talking Heads at Berklee Performance Center,,Berklee Performance Center,1979-08-24,待定,待定,公开数据集,https://musicbrainz.org/doc/MusicBrainz_Database,2026-08-31
Barry Manilow,Barry Manilow at Chalfetz Arena,,Chaifetz Arena,2008-04-25,待定,待定,公开数据集,https://musicbrainz.org/doc/MusicBrainz_Database,2026-08-31
Thanatos,Thanatos in Toronto,,Horseshoe Tavern,2015-11-03,待定,待定,公开数据集,https://musicbrainz.org/doc/MusicBrainz_Database,2026-08-31
R.E.M.,R.E.M. on BBC Radio 1,,BBC Radio Theatre,1998-10-25,待定,待定,公开数据集,https://musicbrainz.org/doc/MusicBrainz_Database,2026-08-31
Lena Kopaneva,[concert],,,1986-01-10,待定,待定,公开数据集,https://musicbrainz.org/doc/MusicBrainz_Database,2026-08-31
Howard Jones,Electric Dreams Weekender 2017,,Butlin’s Bognor Regis Resort,2017-12-01,待定,待定,公开数据集,https://musicbrainz.org/doc/MusicBrainz_Database,2026-08-31
Satellite Falls,Nazareth at the Exchange,,,2004-10-16,待定,待定,公开数据集,https://musicbrainz.org/doc/MusicBrainz_Database,2026-08-31
The E Street Band,"2016‐03‐19: Los Angeles Memorial Sports Arena, Los Angeles, CA, USA",,Los Angeles Memorial Sports Arena,2016-03-19,待定,待定,公开数据集,https://musicbrainz.org/doc/MusicBrainz_Database,2026-08-31
Dan Walsh,Dan Walsh in Toronto,,Not My Dog,2015-11-03,待定,待定,公开数据集,https://musicbrainz.org/doc/MusicBrainz_Database,2026-08-31
Shtumm,Hi-On Maiden at Sports and Social Club,,,2004-10-23,待定,待定,公开数据集,https://musicbrainz.org/doc/MusicBrainz_Database,2026-08-31
Barry Manilow,Barry Manilow at Las Vegas Hilton,,Westgate Las Vegas Resort & Casino: International Theater,2008-04-12,待定,待定,公开数据集,https://musicbrainz.org/doc/MusicBrainz_Database,2026-08-31
Textbeak,Nothing Changes 2018-07-18,,Home Sweet Home,2018-07-18,待定,待定,公开数据集,https://musicbrainz.org/doc/MusicBrainz_Database,2026-08-31
This R 2 Tone,Big day out 2005,,,2005-07-02,待定,待定,公开数据集,https://musicbrainz.org/doc/MusicBrainz_Database,2026-08-31
The Do Good Badlies,The Do Good Badlies in Lindsay,,Coach & Horses,2015-11-03,待定,待定,公开数据集,https://musicbrainz.org/doc/MusicBrainz_Database,2026-08-31
Yuksek,"Festival d'été de Québec 2012, day 3: Impérial de Québec",,L’Impérial de Québec,2012-07-07,待定,待定,公开数据集,https://musicbrainz.org/doc/MusicBrainz_Database,2026-08-31
Barclay James Harvest featuring Les Holroyd,Barclay James Harvest feat. Les Holroyd at Rudolphs auf der Rennbahn,,Krefelder Rennbahn,2002-11-03,待定,待定,公开数据集,https://musicbrainz.org/doc/MusicBrainz_Database,2026-08-31
Paul Christopher,Paul Christopher at PWD,,PWD,1981-10-22,待定,待定,公开数据集,https://musicbrainz.org/doc/MusicBrainz_Database,2026-08-31
,Doomsday,,,2000-08-19,待定,待定,公开数据集,https://musicbrainz.org/doc/MusicBrainz_Database,2026-08-31
石川秀美,石川秀美 at 中野サンプラザ,,中野サンプラザ,1983-09-25,待定,待定,公开数据集,https://musicbrainz.org/doc/MusicBrainz_Database,2026-08-31
Barry Manilow,Barry Manilow at Las Vegas Hilton,,Westgate Las Vegas Resort & Casino: International Theater,2006-04-21,待定,待定,公开数据集,https://musicbrainz.org/doc/MusicBrainz_Database,2026-08-31
KISS,KISS at Coventry,,Coventry,1973-01-30,待定,待定,公开数据集,https://musicbrainz.org/doc/MusicBrainz_Database,2026-08-31
KISS,KISS at Palacio de Deportes de la Comunidad de Madrid,,Palacio de Deportes de la Comunidad de Madrid,1997-06-25,待定,待定,公开数据集,https://musicbrainz.org/doc/MusicBrainz_Database,2026-08-31
Dumpstaphunk,"Bluesfest Byron Bay 2017, Day 4: Juke Joint",,Juke Joint,2017-04-16,待定,待定,公开数据集,https://musicbrainz.org/doc/MusicBrainz_Database,2026-08-31
Alter Bridge,"Fort Rock 2017, Day 1: Yellow Stage",,Yellow Stage,2017-04-29,待定,待定,公开数据集,https://musicbrainz.org/doc/MusicBrainz_Database,2026-08-31
Artvark Saxophone Quartet,RNCM Saxophone Day,,Royal Northern College of Music,2016-11-20,待定,待定,公开数据集,https://musicbrainz.org/doc/MusicBrainz_Database,2026-08-31
Santana,"Santana and Earth, Wind & Fire at St. Joseph’s Health Amphitheater at Lakeview",,Empower Federal Credit Union Amphitheater at Lakeview,2021-08-18,待定,待定,公开数据集,https://musicbrainz.org/doc/MusicBrainz_Database,2026-08-31
Iron Maiden,Iron Maiden at Glen Helen Amphitheater,,Glen Helen Amphitheater,2017-07-01,待定,待定,公开数据集,https://musicbrainz.org/doc/MusicBrainz_Database,2026-08-31
Mannheim Steamroller,Mannheim Steamroller at Adams Center,,Adams Center,2017-11-21,待定,待定,公开数据集,https://musicbrainz.org/doc/MusicBrainz_Database,2026-08-31
Barry Manilow,Barry Manilow at Las Vegas Hilton,,Westgate Las Vegas Resort & Casino: International Theater,2006-04-14,待定,待定,公开数据集,https://musicbrainz.org/doc/MusicBrainz_Database,2026-08-31
アキシブproject,える！える！える！〜LIVE!LIVE!LIVE!〜,,Mboxx,2019-06-30,待定,待定,公开数据集,https://musicbrainz.org/doc/MusicBrainz_Database,2026-08-31
KISS,1973 Library Party,,Lamont Hall at Lamont-Doherty Earth Observatory,1973-05-26,待定,待定,公开数据集,https://musicbrainz.org/doc/MusicBrainz_Database,2026-08-31
Buckijit,Fête de la Musique at Dreikönigskirche,,Dreikönigskirche,2020-06-21,待定,待定,公开数据集,https://musicbrainz.org/doc/MusicBrainz_Database,2026-08-31
Lions Head,Lions Head at Altmarkt,,Altmarkt,2017-12-17,待定,待定,公开数据集,https://musicbrainz.org/doc/MusicBrainz_Database,2026-08-31
Headhunterz,Qlimax: The Source Code of Creation,,GelreDome,2014-11-22,待定,待定,公开数据集,https://musicbrainz.org/doc/MusicBrainz_Database,2026-08-31
Borodin Quartet,Edinburgh International Festival 1962: [concert],,Leith Theatre,1962-08-31,待定,待定,公开数据集,https://musicbrainz.org/doc/MusicBrainz_Database,2026-08-31
Borodin Quartet,Edinburgh International Festival 1962: [concert],,Leith Theatre,1962-08-29,待定,待定,公开数据集,https://musicbrainz.org/doc/MusicBrainz_Database,2026-08-31
KISS,KISS at The Daisy,,The Daisy,1973-04-13,待定,待定,公开数据集,https://musicbrainz.org/doc/MusicBrainz_Database,2026-08-31
Don Felder,"Rock Legends Cruise III, Day 3: Platinum Theatre",,Platinum Theatre,2015-02-21,待定,待定,公开数据集,https://musicbrainz.org/doc/MusicBrainz_Database,2026-08-31
My Brightest Diamond,"Eaux Claires Music & Arts Festival 2016, day 1: Flambeaux",,Foster Farms,2016-08-12,待定,待定,公开数据集,https://musicbrainz.org/doc/MusicBrainz_Database,2026-08-31
Dritte Wahl,Dritte Wahl at Alter Schlachthof,,Alter Schlachthof,2017-12-16,待定,待定,公开数据集,https://musicbrainz.org/doc/MusicBrainz_Database,2026-08-31
Trampled by Turtles,"SXSW 2010, day 3: Red Eyed Fly",,Red Eyed Fly,2010-03-19,待定,待定,公开数据集,https://musicbrainz.org/doc/MusicBrainz_Database,2026-08-31
Laibach,Laibach: Also sprach Zarathustra at Stary Klasztor,,Stary Klasztor,2017-11-19,待定,待定,公开数据集,https://musicbrainz.org/doc/MusicBrainz_Database,2026-08-31
Balkan Beat Box,"SXSW 2010, day 3: Spill",,Spill,2010-03-19,待定,待定,公开数据集,https://musicbrainz.org/doc/MusicBrainz_Database,2026-08-31
Chevelle,"Welcome to Rockville 2017, Day 2: Metropolitan Stage",,Metropolitan Stage,2017-04-30,待定,待定,公开数据集,https://musicbrainz.org/doc/MusicBrainz_Database,2026-08-31
,Moscow Music Peace Festival,,Стадион «Лужники»,1989-08-12,待定,待定,公开数据集,https://musicbrainz.org/doc/MusicBrainz_Database,2026-08-31
The Chainsmokers,The Chainsmokers in Toronto,,Sound Academy,2015-11-07,待定,待定,公开数据集,https://musicbrainz.org/doc/MusicBrainz_Database,2026-08-31
FingerFood,Fingerfood in der Katholischen Gemeinde Lüttringhausen,,Kirche Sankt Bonaventura und Heilig Kreuz,2016-06-05,待定,待定,公开数据集,https://musicbrainz.org/doc/MusicBrainz_Database,2026-08-31
Fuschia Gash,ONSLAUGHT 10,,Dunedin Muso's Club,2014-08-23,待定,待定,公开数据集,https://musicbrainz.org/doc/MusicBrainz_Database,2026-08-31
Bruce Springsteen,"2000‐03‐04: Orlando Arena, Orlando, FL, USA",,Amway Arena,2000-03-04,待定,待定,公开数据集,https://musicbrainz.org/doc/MusicBrainz_Database,2026-08-31
,"Resurrection Fest 2018, Day 2",,Campo de fútbol de Celeiro,2018-07-12,待定,待定,公开数据集,https://musicbrainz.org/doc/MusicBrainz_Database,2026-08-31
Københavns Strygekvartet,[concert],,,1988-04-19,待定,待定,公开数据集,https://musicbrainz.org/doc/MusicBrainz_Database,2026-08-31
Paul Christopher,Paul Christopher at PWD,,PWD,1981-10-31,待定,待定,公开数据集,https://musicbrainz.org/doc/MusicBrainz_Database,2026-08-31
Verjnuarmu,"Kuopio RockCock 2015, day 1: Puistolava",,Puistolava,2015-07-31,待定,待定,公开数据集,https://musicbrainz.org/doc/MusicBrainz_Database,2026-08-31
Gruzja,Co złego to my! Tour 2019 at Enerde,,NRD Klub,2019-10-20,待定,待定,公开数据集,https://musicbrainz.org/doc/MusicBrainz_Database,2026-08-31
BO-PEEP,"SXSW 2010, day 3: Valhalla",,Valhalla,2010-03-19,待定,待定,公开数据集,https://musicbrainz.org/doc/MusicBrainz_Database,2026-08-31
Islander,Islander at Local 506 Chapel Hill NC,,,2019-10-30,待定,待定,公开数据集,https://musicbrainz.org/doc/MusicBrainz_Database,2026-08-31
Don Francks,Don Francks at George's Spaghetti House,,George's Spaghetti House,1981-10-22,待定,待定,公开数据集,https://musicbrainz.org/doc/MusicBrainz_Database,2026-08-31
The Customers,The Customers at the Cabana Room,,Cabana Room,1981-09-18,待定,待定,公开数据集,https://musicbrainz.org/doc/MusicBrainz_Database,2026-08-31
,Maryland Deathfest I,,,2003-05-23,待定,待定,公开数据集,https://musicbrainz.org/doc/MusicBrainz_Database,2026-08-31
Aestiny,Electro - Electronic Music Festival,,,2016-04-08,待定,待定,公开数据集,https://musicbrainz.org/doc/MusicBrainz_Database,2026-08-31
Triple Shot,Triple Shot at Leah's Saloon,,,1987-08-21,待定,待定,公开数据集,https://musicbrainz.org/doc/MusicBrainz_Database,2026-08-31
Ougenweide,Open Air Festival 79,,Rosenaustadion,1979-07-14,待定,待定,公开数据集,https://musicbrainz.org/doc/MusicBrainz_Database,2026-08-31
J. Christopher,J. Christopher at Crystal Cactus,,,1987-08-28,待定,待定,公开数据集,https://musicbrainz.org/doc/MusicBrainz_Database,2026-08-31
The Metro Stompers,Jim Galloway and the Metro Stompers at Bohemia,,Bohemia,1981-09-18,待定,待定,公开数据集,https://musicbrainz.org/doc/MusicBrainz_Database,2026-08-31
The Sharks,The Sharks at Rondun,,Rondun,1981-09-18,待定,待定,公开数据集,https://musicbrainz.org/doc/MusicBrainz_Database,2026-08-31
Night River,Night River at Country Connection,,,1987-08-30,待定,待定,公开数据集,https://musicbrainz.org/doc/MusicBrainz_Database,2026-08-31
Hufeisen,Hufeisen at Friedrichshöhe,,Friedrichshöhe,2013-05-05,待定,待定,公开数据集,https://musicbrainz.org/doc/MusicBrainz_Database,2026-08-31
Culture Embassy Band,"Aro Valley Summer Sounds, Dec 22",,Aro Valley Hall,2018-12-22,待定,待定,公开数据集,https://musicbrainz.org/doc/MusicBrainz_Database,2026-08-31
The Doubtful Sounds,"Aro Valley Summer Sounds, Feb 9",,Aro Valley Hall,2019-02-09,待定,待定,公开数据集,https://musicbrainz.org/doc/MusicBrainz_Database,2026-08-31
Troy Campbell,"SXSW 2000, day 1: Antone's",,Antone’s,2000-03-15,待定,待定,公开数据集,https://musicbrainz.org/doc/MusicBrainz_Database,2026-08-31
Flathead,Drastic Measures at On The Rocks,,,1987-09-01,待定,待定,公开数据集,https://musicbrainz.org/doc/MusicBrainz_Database,2026-08-31
Bad News Band,Bad News Band at Cowboys,,,1987-09-03,待定,待定,公开数据集,https://musicbrainz.org/doc/MusicBrainz_Database,2026-08-31
Charles McPherson Quartet,Charles McPherson Quartet at Bourbon Street,,Bourbon Street,1981-09-23,待定,待定,公开数据集,https://musicbrainz.org/doc/MusicBrainz_Database,2026-08-31
Lori Nuic,"Canadian Music Week 2003, day 2: Silver Dollar",,The Silver Dollar Room,2003-02-27,待定,待定,公开数据集,https://musicbrainz.org/doc/MusicBrainz_Database,2026-08-31
Teachers’ Playground,Teachers’ Playground at Alte Pumpstation,,Alte Pumpstation,2018-12-15,待定,待定,公开数据集,https://musicbrainz.org/doc/MusicBrainz_Database,2026-08-31
Dr. Woo’s Rock ’n’ Roll Circus,Dr. Woo rocks Ansbach,,Kammerspiele,2019-02-08,待定,待定,公开数据集,https://musicbrainz.org/doc/MusicBrainz_Database,2026-08-31
Ougenweide,Honberg Sommer 1997,,Burg Honberg,1997-06-28,待定,待定,公开数据集,https://musicbrainz.org/doc/MusicBrainz_Database,2026-08-31
Doug Riley Trio,Doug Riley Trio at George's Spaghetti House,,George's Spaghetti House,1981-09-25,待定,待定,公开数据集,https://musicbrainz.org/doc/MusicBrainz_Database,2026-08-31
Ougenweide,Ougenweide,,Stadtpark Hamburg: Freilichtbühne,1980-05-17,待定,待定,公开数据集,https://musicbrainz.org/doc/MusicBrainz_Database,2026-08-31
Shirley Eikhard,Shirley Eikhard at Alistair's,,Alistair's,1981-09-22,待定,待定,公开数据集,https://musicbrainz.org/doc/MusicBrainz_Database,2026-08-31
Trio Rio,Trio Rio at Topos,,Topos,1984-02-02,待定,待定,公开数据集,https://musicbrainz.org/doc/MusicBrainz_Database,2026-08-31
,Madrid Is the Dark VI,,But,2018-12-07,待定,待定,公开数据集,https://musicbrainz.org/doc/MusicBrainz_Database,2026-08-31
Stuart Fiper,Stuart Fiper at Fat Tuesday,,,1987-09-15,待定,待定,公开数据集,https://musicbrainz.org/doc/MusicBrainz_Database,2026-08-31
Def Leppard,Def Leppard at Scotiabank Centre,,Scotiabank Centre,2019-07-12,待定,待定,公开数据集,https://musicbrainz.org/doc/MusicBrainz_Database,2026-08-31
Def Leppard,Def Leppard at Scotiabank Saddledome,,Scotiabank Saddledome,2019-07-31,待定,待定,公开数据集,https://musicbrainz.org/doc/MusicBrainz_Database,2026-08-31
Neøv,Neøv at Kassette,,Kassette,2019-03-27,待定,待定,公开数据集,https://musicbrainz.org/doc/MusicBrainz_Database,2026-08-31
,2. FreakParade Festival,,,2007-10-19,待定,待定,公开数据集,https://musicbrainz.org/doc/MusicBrainz_Database,2026-08-31
Shades of Dawn,ProgParade 3,,Musikwerkstatt,2002-02-16,待定,待定,公开数据集,https://musicbrainz.org/doc/MusicBrainz_Database,2026-08-31
Texas Sheiks of Rhythm & Blues,Texas Sheiks of Rhythm & Blues at Schooners,,,1987-10-23,待定,待定,公开数据集,https://musicbrainz.org/doc/MusicBrainz_Database,2026-08-31
樋口楓,"Kaede Higuchi 1st Live ""KANA-DERO""",,Zepp Osaka Bayside,2019-01-12,待定,待定,公开数据集,https://musicbrainz.org/doc/MusicBrainz_Database,2026-08-31
Cuban Fence Climbers,Cuban Fence Climbers at Bobbins,,Bobbins,1981-09-22,待定,待定,公开数据集,https://musicbrainz.org/doc/MusicBrainz_Database,2026-08-31
Clan of Xymox,Clan of Xymox at Gleis 22,,Gleis 22,2019-11-30,待定,待定,公开数据集,https://musicbrainz.org/doc/MusicBrainz_Database,2026-08-31
,Le Weekend,,Tolbooth,2002-04-25,待定,待定,公开数据集,https://musicbrainz.org/doc/MusicBrainz_Database,2026-08-31
Cuban Fence Climbers,Cuban Fence Climbers at Bobbins,,Bobbins,1981-09-26,待定,待定,公开数据集,https://musicbrainz.org/doc/MusicBrainz_Database,2026-08-31
,Reading Festival 2008,,Little John’s Farm,2008-08-22,待定,待定,公开数据集,https://musicbrainz.org/doc/MusicBrainz_Database,2026-08-31
,Burg Herzberg Festival 2011,,Hof Huhnstadt,2011-07-14,待定,待定,公开数据集,https://musicbrainz.org/doc/MusicBrainz_Database,2026-08-31
Glass Onion,Glass Onion at The HOP,,,1987-10-02,待定,待定,公开数据集,https://musicbrainz.org/doc/MusicBrainz_Database,2026-08-31
NQ Arbuckle,"Canadian Music Week 2003, day 3: El Mocambo",,El Mocambo,2003-02-28,待定,待定,公开数据集,https://musicbrainz.org/doc/MusicBrainz_Database,2026-08-31
Trans‐Siberian Orchestra,Trans‐Siberian Orchestra at Reno Events Center,,Reno Events Center,2006-12-01,待定,待定,公开数据集,https://musicbrainz.org/doc/MusicBrainz_Database,2026-08-31
Trans‐Siberian Orchestra,Trans‐Siberian Orchestra at Mellon Arena,,Civic Arena,2006-12-03,待定,待定,公开数据集,https://musicbrainz.org/doc/MusicBrainz_Database,2026-08-31
YuNi,YuNi 1st VR LIVE! 〜VeRy Merry X’mas〜,,,2018-12-24,待定,待定,公开数据集,https://musicbrainz.org/doc/MusicBrainz_Database,2026-08-31
Peter Gabriel,Peter Gabriel at Alcatraz Club,,Alcatraz Club,2002-09-18,待定,待定,公开数据集,https://musicbrainz.org/doc/MusicBrainz_Database,2026-08-31
Trans‐Siberian Orchestra,Trans‐Siberian Orchestra at Glendale Arena,,Desert Diamond Arena,2006-11-26,待定,待定,公开数据集,https://musicbrainz.org/doc/MusicBrainz_Database,2026-08-31
Trans‐Siberian Orchestra,Trans‐Siberian Orchestra at Quicken Loans Arena,,Rocket Arena,2006-12-01,待定,待定,公开数据集,https://musicbrainz.org/doc/MusicBrainz_Database,2026-08-31
Trans‐Siberian Orchestra,Trans‐Siberian Orchestra at ARCO Arena,,ARCO Arena,2006-12-02,待定,待定,公开数据集,https://musicbrainz.org/doc/MusicBrainz_Database,2026-08-31
Merzbow,Merzbow at Fundação de Serralves,,Auditório de Serralves,2003-04-12,待定,待定,公开数据集,https://musicbrainz.org/doc/MusicBrainz_Database,2026-08-31
Def Leppard,The Stadium Tour: San Diego,,Petco Park,2020-07-23,待定,待定,公开数据集,https://musicbrainz.org/doc/MusicBrainz_Database,2026-08-31
Def Leppard,The Stadium Tour: Detroit,,Comerica Park,2020-08-20,待定,待定,公开数据集,https://musicbrainz.org/doc/MusicBrainz_Database,2026-08-31
She Makes War,Beautiful Days Festival 2015,,Escot Park,2015-08-21,待定,待定,公开数据集,https://musicbrainz.org/doc/MusicBrainz_Database,2026-08-31
DJ Krush,"Canadian Music Week 2003, day 3: Opera House",,The Opera House,2003-02-28,待定,待定,公开数据集,https://musicbrainz.org/doc/MusicBrainz_Database,2026-08-31
Trooper,Trooper at The CNE,,CNE Bandshell,2012-08-25,待定,待定,公开数据集,https://musicbrainz.org/doc/MusicBrainz_Database,2026-08-31
David Burgin,David Bender at DJ's,,DJ's,1981-09-25,待定,待定,公开数据集,https://musicbrainz.org/doc/MusicBrainz_Database,2026-08-31
Cheryl Wheeler,Cheryl Wheeler w/ Kenny White at the Triple Door,,The Triple Door,2012-04-01,待定,待定,公开数据集,https://musicbrainz.org/doc/MusicBrainz_Database,2026-08-31
I Mother Earth,I Mother Earth at Federation Hall,,Federation Hall,2000-01-22,待定,待定,公开数据集,https://musicbrainz.org/doc/MusicBrainz_Database,2026-08-31
I Mother Earth,I Mother Earth at Orillia Opera House,,Orillia Opera House,2000-02-04,待定,待定,公开数据集,https://musicbrainz.org/doc/MusicBrainz_Database,2026-08-31
,"Glastonbury Festival 2019, Saturday: Avalon Stage",,Worthy Farm,2019-06-29,待定,待定,公开数据集,https://musicbrainz.org/doc/MusicBrainz_Database,2026-08-31
Toronto Symphony Orchestra,Toronto Symphony Orchestra at Massey Hall,,Massey Hall,1981-10-18,待定,待定,公开数据集,https://musicbrainz.org/doc/MusicBrainz_Database,2026-08-31
Old Salt,"1973‐03‐24: Student Center, Niagara University, Lewiston, NY, USA",,Student Center,1973-03-24,待定,待定,公开数据集,https://musicbrainz.org/doc/MusicBrainz_Database,2026-08-31
,"Glastonbury Festival 2019, Sunday: Avalon Stage",,Worthy Farm,2019-06-30,待定,待定,公开数据集,https://musicbrainz.org/doc/MusicBrainz_Database,2026-08-31
,Umbria Jazz Festival 2003,,Stadio Santa Giuliana,2003-07-11,待定,待定,公开数据集,https://musicbrainz.org/doc/MusicBrainz_Database,2026-08-31
Barry Manilow,Barry Manilow at Las Vegas Hilton,,Westgate Las Vegas Resort & Casino: International Theater,2008-10-22,待定,待定,公开数据集,https://musicbrainz.org/doc/MusicBrainz_Database,2026-08-31
“Weird Al” Yankovic,“Weird Al” Yankovic at Michigan Theater,,Michigan Theater,2018-03-11,待定,待定,公开数据集,https://musicbrainz.org/doc/MusicBrainz_Database,2026-08-31
Barry Manilow,Barry Manilow at Las Vegas Hilton,,Westgate Las Vegas Resort & Casino: International Theater,2008-10-04,待定,待定,公开数据集,https://musicbrainz.org/doc/MusicBrainz_Database,2026-08-31
Anthrax,Anthrax in London,,Astoria Theatre,1998-10-13,待定,待定,公开数据集,https://musicbrainz.org/doc/MusicBrainz_Database,2026-08-31
Zion's Power,"Paléo Festival de Nyon 2007, day 4: FMR",,L’Asse,2007-07-27,待定,待定,公开数据集,https://musicbrainz.org/doc/MusicBrainz_Database,2026-08-31
Sydfyenskvartetten,Jubileumsramslag,,Metronomen,2017-11-10,待定,待定,公开数据集,https://musicbrainz.org/doc/MusicBrainz_Database,2026-08-31
Gnessin Institute Choir,[concert],,,1962-12-18,待定,待定,公开数据集,https://musicbrainz.org/doc/MusicBrainz_Database,2026-08-31
,Rottweil Musikfestival Sommersprossen 2014,,,2014,待定,待定,公开数据集,https://musicbrainz.org/doc/MusicBrainz_Database,2026-08-31
The Younger Lovers,The Younger Lovers at Epplehaus,,Epplehaus,2016-09-23,待定,待定,公开数据集,https://musicbrainz.org/doc/MusicBrainz_Database,2026-08-31
Prometheus Burning,Needle Sharing / Larvae / Xanopticon / Prometheus Burning,,Garfield Artworks,2004-04-06,待定,待定,公开数据集,https://musicbrainz.org/doc/MusicBrainz_Database,2026-08-31
Barry Manilow,Barry Manilow at Las Vegas Hilton,,Westgate Las Vegas Resort & Casino: International Theater,2008-03-13,待定,待定,公开数据集,https://musicbrainz.org/doc/MusicBrainz_Database,2026-08-31
Kansas,Kansas at Orpheum Theater,,Orpheum Theater,2019-10-05,待定,待定,公开数据集,https://musicbrainz.org/doc/MusicBrainz_Database,2026-08-31
Ulf Rodenhäuser,Rottweil Musikfestival Sommersprossen 2014: [concert],,,2014-07-08,待定,待定,公开数据集,https://musicbrainz.org/doc/MusicBrainz_Database,2026-08-31
“Weird Al” Yankovic,“Weird Al” Yankovic at Tarrytown Music Hall,,Tarrytown Music Hall,2018-03-01,待定,待定,公开数据集,https://musicbrainz.org/doc/MusicBrainz_Database,2026-08-31
David Bowie,David Bowie - Heathen Tour - Paris Olympia,,L’Olympia,2002-07-01,待定,待定,公开数据集,https://musicbrainz.org/doc/MusicBrainz_Database,2026-08-31
Barry Manilow,Barry Manilow at Las Vegas Hilton,,Westgate Las Vegas Resort & Casino: International Theater,2009-03-19,待定,待定,公开数据集,https://musicbrainz.org/doc/MusicBrainz_Database,2026-08-31
Götz Widmann,Götz Widmann at Jubez,,Jubez,2012-01-24,待定,待定,公开数据集,https://musicbrainz.org/doc/MusicBrainz_Database,2026-08-31
,Radio 1 Sound City 1998,,,1998-10-24,待定,待定,公开数据集,https://musicbrainz.org/doc/MusicBrainz_Database,2026-08-31
,"LEKIDDO - Lord of The Lobsters! live at The Mistletoe Ball 2017, Grosvenor House, Park Lane, London W1",,,2017-12-02,待定,待定,公开数据集,https://musicbrainz.org/doc/MusicBrainz_Database,2026-08-31
Kansas,Kansas at State Theatre,,State Theatre,2019-10-12,待定,待定,公开数据集,https://musicbrainz.org/doc/MusicBrainz_Database,2026-08-31
Mascott,"SXSW 2006, day 4: The 18th Floor at Capitol Place",,18th Over Austin,2006-03-18,待定,待定,公开数据集,https://musicbrainz.org/doc/MusicBrainz_Database,2026-08-31
Maggie Jo Saylor,Old Farmers Ball New Years Eve Contra Dance 2011,,Warren Wilson College: Bryson Gym,2011-12-31,待定,待定,公开数据集,https://musicbrainz.org/doc/MusicBrainz_Database,2026-08-31
Kansas,Kansas at Virginia Theatre,,Virginia Theatre,2019-10-18,待定,待定,公开数据集,https://musicbrainz.org/doc/MusicBrainz_Database,2026-08-31
Barry Manilow,Barry Manilow at Las Vegas Hilton,,Westgate Las Vegas Resort & Casino: International Theater,2008-03-08,待定,待定,公开数据集,https://musicbrainz.org/doc/MusicBrainz_Database,2026-08-31
Elixir,"Elixir at Old Farmers Ball Sept 29, 2011",,Warren Wilson College: Bryson Gym,2011-09-29,待定,待定,公开数据集,https://musicbrainz.org/doc/MusicBrainz_Database,2026-08-31
牧瀬里穂,牧瀬里穂 at 東京厚生年金会館,,東京厚生年金会館 大ホール,1993-11-13,待定,待定,公开数据集,https://musicbrainz.org/doc/MusicBrainz_Database,2026-08-31
Babyshambles,"Lokerse Feesten 2013, Day 7: Red Bull Elektropedia Room",,Red Bull Elektropedia Room,2013-08-08,待定,待定,公开数据集,https://musicbrainz.org/doc/MusicBrainz_Database,2026-08-31
中山美穂,中山美穂 at 中野サンプラザ,,中野サンプラザ,1993-08-28,待定,待定,公开数据集,https://musicbrainz.org/doc/MusicBrainz_Database,2026-08-31
中山美穂,中山美穂 at 中野サンプラザ,,中野サンプラザ,1993-09-24,待定,待定,公开数据集,https://musicbrainz.org/doc/MusicBrainz_Database,2026-08-31
Kansas,Kansas at Capitol Center for the Arts,,Chubb Theatre at CCA,2019-10-25,待定,待定,公开数据集,https://musicbrainz.org/doc/MusicBrainz_Database,2026-08-31
Heather Harper,[concert],,Royal Festival Hall,1972-06-22,待定,待定,公开数据集,https://musicbrainz.org/doc/MusicBrainz_Database,2026-08-31
Lambert,Lambert & Dekker at Neues Schauspiel,,Neues Schauspiel,2018-11-13,待定,待定,公开数据集,https://musicbrainz.org/doc/MusicBrainz_Database,2026-08-31
Kansas,Kansas at Palace Theatre,,Palace Theatre,2019-10-26,待定,待定,公开数据集,https://musicbrainz.org/doc/MusicBrainz_Database,2026-08-31
Barry Manilow,Barry Manilow at Las Vegas Hilton,,Westgate Las Vegas Resort & Casino: International Theater,2008-03-07,待定,待定,公开数据集,https://musicbrainz.org/doc/MusicBrainz_Database,2026-08-31
Depeche Mode,The Delta Machine Tour,,Merkur Spiel‐Arena,2013-07-03,待定,待定,公开数据集,https://musicbrainz.org/doc/MusicBrainz_Database,2026-08-31
Antal Doráti,[concert],,Royal Festival Hall,1962-11-14,待定,待定,公开数据集,https://musicbrainz.org/doc/MusicBrainz_Database,2026-08-31
Kansas,Kansas at Grand Théâtre de Québec,,Salle Louis‐Fréchette,2019-11-01,待定,待定,公开数据集,https://musicbrainz.org/doc/MusicBrainz_Database,2026-08-31
Depeche Mode,The Delta Machine Tour,,Merkur Spiel‐Arena,2013-07-05,待定,待定,公开数据集,https://musicbrainz.org/doc/MusicBrainz_Database,2026-08-31
The E Street Band,"2016‐04‐05: American Airlines Center, Dallas, TX, USA",,American Airlines Center,2016-04-05,待定,待定,公开数据集,https://musicbrainz.org/doc/MusicBrainz_Database,2026-08-31
Simon & Jan,Simon & Jan at Jubez,,Jubez,2015-11-04,待定,待定,公开数据集,https://musicbrainz.org/doc/MusicBrainz_Database,2026-08-31
,Rock Werchter 2013,,Festivalpark Werchter,2013-07-04,待定,待定,公开数据集,https://musicbrainz.org/doc/MusicBrainz_Database,2026-08-31
Gene,Sound City: Gene on Radio 1,,Riverside,1998-10-28,待定,待定,公开数据集,https://musicbrainz.org/doc/MusicBrainz_Database,2026-08-31
Hothouse Flowers,"Glastonbury Festival 2017, Day 2: Acoustic Stage",,Worthy Farm,2017-06-24,待定,待定,公开数据集,https://musicbrainz.org/doc/MusicBrainz_Database,2026-08-31
Barry Manilow,Barry Manilow at Las Vegas Hilton,,Westgate Las Vegas Resort & Casino: International Theater,2008-03-05,待定,待定,公开数据集,https://musicbrainz.org/doc/MusicBrainz_Database,2026-08-31
Simon & Jan,Simon & Jan at Jubez,,Jubez,2015-02-26,待定,待定,公开数据集,https://musicbrainz.org/doc/MusicBrainz_Database,2026-08-31
Kansas,Kansas at Warner Theatre,,Warner Theatre,2019-11-09,待定,待定,公开数据集,https://musicbrainz.org/doc/MusicBrainz_Database,2026-08-31
Netsky,"Lokerse Feesten 2013, Day 8: Mainstage",,Mainstage,2013-08-09,待定,待定,公开数据集,https://musicbrainz.org/doc/MusicBrainz_Database,2026-08-31
Kansas,Kansas at Santander Performing Arts Center,,Santander Performing Arts Center,2019-11-15,待定,待定,公开数据集,https://musicbrainz.org/doc/MusicBrainz_Database,2026-08-31
,M3-2016春,,東京流通センター,2016-04-24,待定,待定,公开数据集,https://musicbrainz.org/doc/MusicBrainz_Database,2026-08-31
Thrift Street,Cross Out Your Future EP release,,,2017-11-03,待定,待定,公开数据集,https://musicbrainz.org/doc/MusicBrainz_Database,2026-08-31
Mumbai Science,"Lokerse Feesten 2013, Day 8: Red Bull Elektropedia Room",,Red Bull Elektropedia Room,2013-08-09,待定,待定,公开数据集,https://musicbrainz.org/doc/MusicBrainz_Database,2026-08-31
Lambert,Lambert & Dekker at Burg Schnabel,,Burg Schnabel,2018-11-14,待定,待定,公开数据集,https://musicbrainz.org/doc/MusicBrainz_Database,2026-08-31
,Rock Werchter 2002,,Festivalpark Werchter,2002-06-28,待定,待定,公开数据集,https://musicbrainz.org/doc/MusicBrainz_Database,2026-08-31
,Otakon 2009,,Baltimore Convention Center,2009-07-17,待定,待定,公开数据集,https://musicbrainz.org/doc/MusicBrainz_Database,2026-08-31
Kansas,Kansas at Durham Performing Arts Center,,Durham Performing Arts Center,2019-11-16,待定,待定,公开数据集,https://musicbrainz.org/doc/MusicBrainz_Database,2026-08-31
Air,Air in London,,Theatre Royal,1998-11-01,待定,待定,公开数据集,https://musicbrainz.org/doc/MusicBrainz_Database,2026-08-31
Barry Manilow,Barry Manilow at AmericanAirlines Arena,,Kaseya Center,2008-02-24,待定,待定,公开数据集,https://musicbrainz.org/doc/MusicBrainz_Database,2026-08-31
Lambert,Lambert at Jubez,,Jubez,2015-10-15,待定,待定,公开数据集,https://musicbrainz.org/doc/MusicBrainz_Database,2026-08-31
Lambert,Lambert & Dekker at Gleis 22,,Gleis 22,2018-11-15,待定,待定,公开数据集,https://musicbrainz.org/doc/MusicBrainz_Database,2026-08-31
Fatboy Slim,Sound City: Fatboy Slim on Radio 1,,Riverside,1998-10-29,待定,待定,公开数据集,https://musicbrainz.org/doc/MusicBrainz_Database,2026-08-31
Race Horse Company,"Festival d'été de Québec 2012, day 1: Théâtre de la Bordée",,Théâtre de la Bordée,2012-07-05,待定,待定,公开数据集,https://musicbrainz.org/doc/MusicBrainz_Database,2026-08-31
Hoobastank,"Rock Werchter 2002, Day 2, Main Stage",,Festivalpark Werchter,2002-06-29,待定,待定,公开数据集,https://musicbrainz.org/doc/MusicBrainz_Database,2026-08-31
Самуил Самосуд,[concert],,,1942-03-05,待定,待定,公开数据集,https://musicbrainz.org/doc/MusicBrainz_Database,2026-08-31
Atari Teenage Riot,Atari Teenage Riot in London,,The Garage,1998-10-30,待定,待定,公开数据集,https://musicbrainz.org/doc/MusicBrainz_Database,2026-08-31
Kapitein Winokio,"Lokerse Feesten 2013, Day 9: Mainstage",,Mainstage,2013-08-10,待定,待定,公开数据集,https://musicbrainz.org/doc/MusicBrainz_Database,2026-08-31
,Rock Werchter 2005,,Festivalpark Werchter,2005-06-30,待定,待定,公开数据集,https://musicbrainz.org/doc/MusicBrainz_Database,2026-08-31
Colin Vallon Trio,"Festival d'été de Québec 2012, day 1: Largo Resto-Club",,Largo Resto‐Club,2012-07-05,待定,待定,公开数据集,https://musicbrainz.org/doc/MusicBrainz_Database,2026-08-31
Barry Manilow,Barry Manilow at BankAtlantic Center,,Amerant Bank Arena,2008-02-23,待定,待定,公开数据集,https://musicbrainz.org/doc/MusicBrainz_Database,2026-08-31
Bruce Springsteen,"2005‐10‐15: Dane County Arena at Alliant Center, Madison, WI, USA",,Dane County Arena,2005-10-15,待定,待定,公开数据集,https://musicbrainz.org/doc/MusicBrainz_Database,2026-08-31
Barry Manilow,Barry Manilow at Las Vegas Hilton,,Westgate Las Vegas Resort & Casino: International Theater,2006-05-25,待定,待定,公开数据集,https://musicbrainz.org/doc/MusicBrainz_Database,2026-08-31
Asia,Rockin’ on the Riverfront 2007,,GMRenCen,2007-07-06,待定,待定,公开数据集,https://musicbrainz.org/doc/MusicBrainz_Database,2026-08-31
,Anime Expo 2015,,Los Angeles Convention Center,2015-07-02,待定,待定,公开数据集,https://musicbrainz.org/doc/MusicBrainz_Database,2026-08-31
Barry Manilow,Barry Manilow at Las Vegas Hilton,,Westgate Las Vegas Resort & Casino: International Theater,2006-05-19,待定,待定,公开数据集,https://musicbrainz.org/doc/MusicBrainz_Database,2026-08-31
,Emagister Talk,,Unicoc,2020-03-01,待定,待定,公开数据集,https://musicbrainz.org/doc/MusicBrainz_Database,2026-08-31
,Unicoc Party,,Unicoc,2019-10-25,待定,待定,公开数据集,https://musicbrainz.org/doc/MusicBrainz_Database,2026-08-31
,Día del odontólogo,,Unicoc,2019-10-03,待定,待定,公开数据集,https://musicbrainz.org/doc/MusicBrainz_Database,2026-08-31
,concurso decora tu oficina Bogota,,Unicoc,2019-10-01,待定,待定,公开数据集,https://musicbrainz.org/doc/MusicBrainz_Database,2026-08-31
Santana,"Santana and Earth, Wind & Fire at Cellairis Amphitheatre at Lakewood",,Cellairis Amphitheatre at Lakewood,2021-08-25,待定,待定,公开数据集,https://musicbrainz.org/doc/MusicBrainz_Database,2026-08-31
Box Car Racer,Box Car Racer in Montreal,,MTELUS,2002-11-06,待定,待定,公开数据集,https://musicbrainz.org/doc/MusicBrainz_Database,2026-08-31
Asound,"Asound // White Tuxedo // Ephen Ager // Middle Children // Mt. Marcy // Think Less, Do More // Portopak",,Moron Mountain,2015-03-28,待定,待定,公开数据集,https://musicbrainz.org/doc/MusicBrainz_Database,2026-08-31
Barry Manilow,Barry Manilow at Las Vegas Hilton,,Westgate Las Vegas Resort & Casino: International Theater,2006-04-22,待定,待定,公开数据集,https://musicbrainz.org/doc/MusicBrainz_Database,2026-08-31
Wicked Lester,Wicked Lester at Rivoli Theatre,,Rivoli Theatre,1971-04-23,待定,待定,公开数据集,https://musicbrainz.org/doc/MusicBrainz_Database,2026-08-31
Chandelier,Chandelier + t at Spirit of 66,,Spirit of 66,2020-03-13,待定,待定,公开数据集,https://musicbrainz.org/doc/MusicBrainz_Database,2026-08-31
DIR EN GREY,TOUR2011 AGE QUOD AGIS,,Bluebird Theater,2011-12-20,待定,待定,公开数据集,https://musicbrainz.org/doc/MusicBrainz_Database,2026-08-31
KISS,KISS at Coventry,,Coventry,1973-01-31,待定,待定,公开数据集,https://musicbrainz.org/doc/MusicBrainz_Database,2026-08-31
宇佐美日和,宇佐美日和♡Birthday Live2018 *Reach for the next glitter*,,,2018-02-24,待定,待定,公开数据集,https://musicbrainz.org/doc/MusicBrainz_Database,2026-08-31
The Doobie Brothers,The Doobie Brothers at Coastal Credit Union Music Park at Walnut Creek,,Coastal Credit Union Music Park at Walnut Creek,2021-07-27,待定,待定,公开数据集,https://musicbrainz.org/doc/MusicBrainz_Database,2026-08-31
Las Ruinas,Las Ruinas + Blacanova + Chicago Toys,,Planta Baja,2016-05-27,待定,待定,公开数据集,https://musicbrainz.org/doc/MusicBrainz_Database,2026-08-31
DIR EN GREY,"TOUR2011 AGE QUOD AGIS Ratio ducat, non fortuna -Zombie-",,CLUB CITTA’,2011-09-13,待定,待定,公开数据集,https://musicbrainz.org/doc/MusicBrainz_Database,2026-08-31
Neil Finn,"Bluesfest Byron Bay 2017, Day 5: Crossroads",,Crossroads,2017-04-17,待定,待定,公开数据集,https://musicbrainz.org/doc/MusicBrainz_Database,2026-08-31
Barry Manilow,Barry Manilow at Las Vegas Hilton,,Westgate Las Vegas Resort & Casino: International Theater,2006-04-12,待定,待定,公开数据集,https://musicbrainz.org/doc/MusicBrainz_Database,2026-08-31
Dumpstaphunk,"Bluesfest Byron Bay 2017, Day 5: Jambalaya",,Jambalaya,2017-04-17,待定,待定,公开数据集,https://musicbrainz.org/doc/MusicBrainz_Database,2026-08-31
銀河アリス,#ウタオウヨ act.1,,,2019-08-30,待定,待定,公开数据集,https://musicbrainz.org/doc/MusicBrainz_Database,2026-08-31
Barry Manilow,Barry Manilow at Las Vegas Hilton,,Westgate Las Vegas Resort & Casino: International Theater,2006-03-31,待定,待定,公开数据集,https://musicbrainz.org/doc/MusicBrainz_Database,2026-08-31
Ekaterina Gubanova,Gulbenkian Música 19/20: 3.ª de Mahler,,Fundação Calouste Gulbenkian: Grande Auditório,2019-10-17,待定,待定,公开数据集,https://musicbrainz.org/doc/MusicBrainz_Database,2026-08-31
Christopher Cross,Christopher Cross in London,,O₂ Shepherd’s Bush Empire,2016-07-22,待定,待定,公开数据集,https://musicbrainz.org/doc/MusicBrainz_Database,2026-08-31
Creeper,"Download Festival 2015, Day 2: Jake’s Stage",,Fourth Stage,2015-06-13,待定,待定,公开数据集,https://musicbrainz.org/doc/MusicBrainz_Database,2026-08-31
Olaf Schubert,Olaf Schubert at FriedrichstaTT Palast,,FriedrichstaTT Palast,2020-03-01,待定,待定,公开数据集,https://musicbrainz.org/doc/MusicBrainz_Database,2026-08-31
Shakey Graves,Shakey Graves in Toronto,,Danforth Music Hall,2015-11-08,待定,待定,公开数据集,https://musicbrainz.org/doc/MusicBrainz_Database,2026-08-31
Queen + Adam Lambert,Queen + Adam Lambert at Rogers Arena,,Rogers Arena,2019-07-10,待定,待定,公开数据集,https://musicbrainz.org/doc/MusicBrainz_Database,2026-08-31
,Glastonbury Festival 2019: Pussy Parlure,,Worthy Farm,2019-06-27,待定,待定,公开数据集,https://musicbrainz.org/doc/MusicBrainz_Database,2026-08-31
Def Leppard,The Stadium Tour: Milwaukee,,American Family Field,2020-08-18,待定,待定,公开数据集,https://musicbrainz.org/doc/MusicBrainz_Database,2026-08-31
,Intervarsity Choral Festival 2012,,,2012,待定,待定,公开数据集,https://musicbrainz.org/doc/MusicBrainz_Database,2026-08-31
Désiré‐Émile Inghelbrecht,[concert],,Théâtre du Vaudeville,1919-12-10,待定,待定,公开数据集,https://musicbrainz.org/doc/MusicBrainz_Database,2026-08-31
DIR EN GREY,TOUR19 The Insulated World,,広島アステールプラザ大ホール,2019-04-12,待定,待定,公开数据集,https://musicbrainz.org/doc/MusicBrainz_Database,2026-08-31
I Mother Earth,I Mother Earth at AJ's,,AJ's Hanger,2000-01-26,待定,待定,公开数据集,https://musicbrainz.org/doc/MusicBrainz_Database,2026-08-31
Journey,Journey at Don Haskins Center,,Don Haskins Center,2017-07-19,待定,待定,公开数据集,https://musicbrainz.org/doc/MusicBrainz_Database,2026-08-31
Enuff Z’Nuff,Enuff Z’Nuff at The Firmament,,The Firmament,2020-01-23,待定,待定,公开数据集,https://musicbrainz.org/doc/MusicBrainz_Database,2026-08-31
Cream,Cream at Oakland–Alameda County Coliseum Arena,,Oakland Arena,1968-10-04,待定,待定,公开数据集,https://musicbrainz.org/doc/MusicBrainz_Database,2026-08-31
Bon Jovi,Bon Jovi at Wembley Arena,,OVO Arena Wembley,1988-12-13,待定,待定,公开数据集,https://musicbrainz.org/doc/MusicBrainz_Database,2026-08-31
Lullabye Arkestra,Lullabye Arkestra at The Garrison,,The Garrison,2009-12-17,待定,待定,公开数据集,https://musicbrainz.org/doc/MusicBrainz_Database,2026-08-31
Queen + Adam Lambert,Queen + Adam Lambert at Madison Square Garden,,Madison Square Garden,2019-08-07,待定,待定,公开数据集,https://musicbrainz.org/doc/MusicBrainz_Database,2026-08-31
Queen + Adam Lambert,Queen + Adam Lambert at Bridgestone Arena,,Bridgestone Arena,2019-08-15,待定,待定,公开数据集,https://musicbrainz.org/doc/MusicBrainz_Database,2026-08-31
Kryp,"Buktafestivalen 2017, Day 3: Paradisbukta Scene",,Paradisbukta Scene,2017-07-22,待定,待定,公开数据集,https://musicbrainz.org/doc/MusicBrainz_Database,2026-08-31
Auguste Delacroix,[concert],,Théâtre des Mathurins,1905-05-15,待定,待定,公开数据集,https://musicbrainz.org/doc/MusicBrainz_Database,2026-08-31
Björk,"Björk at Hollywood Palladium, 1st show",,Hollywood Palladium,2013-06-02,待定,待定,公开数据集,https://musicbrainz.org/doc/MusicBrainz_Database,2026-08-31
The Trews,"Canadian Music Week 2003, day 3: Rivoli",,Rivoli,2003-02-28,待定,待定,公开数据集,https://musicbrainz.org/doc/MusicBrainz_Database,2026-08-31
King Reign,"Canadian Music Week 2003, day 3: Savannah Lounge",,Savannah Lounge,2003-02-28,待定,待定,公开数据集,https://musicbrainz.org/doc/MusicBrainz_Database,2026-08-31
Ignescent,"Rock Fest 2017, Day 3: This Bud’s for You Stage",,This Bud’s for You Stage,2017-07-15,待定,待定,公开数据集,https://musicbrainz.org/doc/MusicBrainz_Database,2026-08-31
Foreigner,Foreigner at Providence Medical Center Amphitheater,,Azura Amphitheater,2020-07-24,待定,待定,公开数据集,https://musicbrainz.org/doc/MusicBrainz_Database,2026-08-31
KISS,KISS at Maple Leaf Gardens,,Maple Leaf Gardens,1976-04-26,待定,待定,公开数据集,https://musicbrainz.org/doc/MusicBrainz_Database,2026-08-31
,Freeborn County Fair 2017,,Freeborn County Fairgrounds,2017-08-01,待定,待定,公开数据集,https://musicbrainz.org/doc/MusicBrainz_Database,2026-08-31
Barry Manilow,Barry Manilow at Fukuoka Sunpalace,,福岡サンパレス,1985-06-07,待定,待定,公开数据集,https://musicbrainz.org/doc/MusicBrainz_Database,2026-08-31
Barry Manilow,Barry Manilow at Shizuoka City Culture Hall,,静岡市民文化会館,1985-06-11,待定,待定,公开数据集,https://musicbrainz.org/doc/MusicBrainz_Database,2026-08-31
Klō,Klō at Grossman's Tavern,,Grossman's Tavern,1981-09-23,待定,待定,公开数据集,https://musicbrainz.org/doc/MusicBrainz_Database,2026-08-31
KISS,KISS at Philipshalle,,Mitsubishi Electric Halle,1976-05-19,待定,待定,公开数据集,https://musicbrainz.org/doc/MusicBrainz_Database,2026-08-31
Harold Macintyre and Area Code 705,Harold Macintyre and Area Code 705 at Horseshoe Tavern,,Horseshoe Tavern,1981-09-21,待定,待定,公开数据集,https://musicbrainz.org/doc/MusicBrainz_Database,2026-08-31
Harold Macintyre and Area Code 705,Harold Macintyre and Area Code 705 at Horseshoe Tavern,,Horseshoe Tavern,1981-09-25,待定,待定,公开数据集,https://musicbrainz.org/doc/MusicBrainz_Database,2026-08-31
KISS,KISS at Falkoner Teatret,,Falkoner Teatret,1976-05-29,待定,待定,公开数据集,https://musicbrainz.org/doc/MusicBrainz_Database,2026-08-31
KISS,KISS at Olympen,,Olympen,1976-05-30,待定,待定,公开数据集,https://musicbrainz.org/doc/MusicBrainz_Database,2026-08-31
Hollywood Vampires,Hollywood Vampires at Britt Pavilion,,Britt Pavilion,2016-07-23,待定,待定,公开数据集,https://musicbrainz.org/doc/MusicBrainz_Database,2026-08-31
Foreigner,Foreigner at Oak Mountain Amphitheatre,,Oak Mountain Amphitheatre,2020-08-30,待定,待定,公开数据集,https://musicbrainz.org/doc/MusicBrainz_Database,2026-08-31
,Yvonne Catterfield 2004,,,2004-03-21,待定,待定,公开数据集,https://musicbrainz.org/doc/MusicBrainz_Database,2026-08-31
Energy,Energy at Second Encounter,,,1987-08-21,待定,待定,公开数据集,https://musicbrainz.org/doc/MusicBrainz_Database,2026-08-31
,Maryland Deathfest IX,,Sonar,2011-05-26,待定,待定,公开数据集,https://musicbrainz.org/doc/MusicBrainz_Database,2026-08-31
,Maryland Deathfest XVI,,Baltimore Sound Stage,2018-05-24,待定,待定,公开数据集,https://musicbrainz.org/doc/MusicBrainz_Database,2026-08-31
Kaitlyn Lusk,Der Herr der Ringe - Die Rückkehr des Königs,,Philharmonie im Gasteig,2010-03-27,待定,待定,公开数据集,https://musicbrainz.org/doc/MusicBrainz_Database,2026-08-31
Jackson Hawke,Jackson Hawke at Jarvis House,,Jarvis House,1981-09-23,待定,待定,公开数据集,https://musicbrainz.org/doc/MusicBrainz_Database,2026-08-31
Foreigner,Foreigner at Coral Sky Amphitheatre at the South Florida Fairgrounds,,iTHINK Financial Amphitheatre at the South Florida Fairgrounds,2020-09-06,待定,待定,公开数据集,https://musicbrainz.org/doc/MusicBrainz_Database,2026-08-31
Jackson Hawke,Jackson Hawke at Jarvis House,,Jarvis House,1981-09-26,待定,待定,公开数据集,https://musicbrainz.org/doc/MusicBrainz_Database,2026-08-31
Shakespeare Company Berlin,Shakespeare Company Berlin at Ilmbühne,,Ilmbühne,2014-08-16,待定,待定,公开数据集,https://musicbrainz.org/doc/MusicBrainz_Database,2026-08-31
Schuller,Schuller at Jazz Lev e.V. im Topos,,Topos,2003-01-18,待定,待定,公开数据集,https://musicbrainz.org/doc/MusicBrainz_Database,2026-08-31
Handsome,Handsome at On The Rocks,,,1987-09-11,待定,待定,公开数据集,https://musicbrainz.org/doc/MusicBrainz_Database,2026-08-31
Shirley Eikhard,Shirley Eikhard at Alistair's,,Alistair's,1981-09-24,待定,待定,公开数据集,https://musicbrainz.org/doc/MusicBrainz_Database,2026-08-31
Shirley Eikhard,Shirley Eikhard at Alistair's,,Alistair's,1981-09-25,待定,待定,公开数据集,https://musicbrainz.org/doc/MusicBrainz_Database,2026-08-31
The Harmonica Rascals,The Harmonica Rascals at Chick 'n' Deli East,,Chick 'n' Deli East,1981-09-29,待定,待定,公开数据集,https://musicbrainz.org/doc/MusicBrainz_Database,2026-08-31
KISS,KISS at T.H. Barton Coliseum,,Barton Coliseum,1976-08-04,待定,待定,公开数据集,https://musicbrainz.org/doc/MusicBrainz_Database,2026-08-31
Trio Lukasheva/Khabirpour/Entzian,Trio Lukasheva/Khabirpour/Entzian at Universität/Markt,,Universität/Markt,2014-07-25,待定,待定,公开数据集,https://musicbrainz.org/doc/MusicBrainz_Database,2026-08-31
Earthless,"Freak Valley Festival 2015, Day 3",,AWO‐Gelände,2015-06-06,待定,待定,公开数据集,https://musicbrainz.org/doc/MusicBrainz_Database,2026-08-31
Toronto Symphony Orchestra,Toronto Symphony Orchestra at Massey Hall,,Massey Hall,1981-09-19,待定,待定,公开数据集,https://musicbrainz.org/doc/MusicBrainz_Database,2026-08-31
Soulmama & Friends,Soulmama & Friends at Dixiebahnhof,,Dixiebahnhof,2018-09-01,待定,待定,公开数据集,https://musicbrainz.org/doc/MusicBrainz_Database,2026-08-31
Into Orbit,Into Orbit w/ Clæmus & Planet Hunter,,San Fran,2019-01-12,待定,待定,公开数据集,https://musicbrainz.org/doc/MusicBrainz_Database,2026-08-31
Million Dollar Marxists,"Canadian Music Week 2003, day 2: Rancho Relaxo",,Rancho Relaxo,2003-02-27,待定,待定,公开数据集,https://musicbrainz.org/doc/MusicBrainz_Database,2026-08-31
Brian Katz,Brian Katz and Friends at Pears,,Pears Cabaret,1981-09-22,待定,待定,公开数据集,https://musicbrainz.org/doc/MusicBrainz_Database,2026-08-31
KISS,KISS at Varsity Stadium,,Varsity Stadium,1976-09-06,待定,待定,公开数据集,https://musicbrainz.org/doc/MusicBrainz_Database,2026-08-31
Don Henley,Don Henley at California Mid-State Fair 2016,,Chumash Grandstand Arena,2016-07-26,待定,待定,公开数据集,https://musicbrainz.org/doc/MusicBrainz_Database,2026-08-31
Antiquariat,Antiquariat at Museumsmeile/Heussallee,,Museumsmeile/Heussallee,2014-07-25,待定,待定,公开数据集,https://musicbrainz.org/doc/MusicBrainz_Database,2026-08-31
Lambert,Lambert at Cultural Center Dom,,Культурный центр ДОМ,2017-11-04,待定,待定,公开数据集,https://musicbrainz.org/doc/MusicBrainz_Database,2026-08-31
Hayden,Hayden at The Cameron House,,The Cameron House,2013-02-21,待定,待定,公开数据集,https://musicbrainz.org/doc/MusicBrainz_Database,2026-08-31
Kenny Wayne Shepherd,Kenny Wayne Shepherd & Jonny Lang at California Mid-State Fair 2016,,Chumash Grandstand Arena,2016-07-28,待定,待定,公开数据集,https://musicbrainz.org/doc/MusicBrainz_Database,2026-08-31
KISS,KISS at Greenville Municipal Auditorium,,Greenville Memorial Auditorium,1976-11-28,待定,待定,公开数据集,https://musicbrainz.org/doc/MusicBrainz_Database,2026-08-31
Foghat,Foghat at California Mid-State Fair 2016,,Fort Frontier Stage,2016-07-29,待定,待定,公开数据集,https://musicbrainz.org/doc/MusicBrainz_Database,2026-08-31
,Skandaløs Festival 2017,,Festivalgelände am Hülltofter Tief,2017-08-03,待定,待定,公开数据集,https://musicbrainz.org/doc/MusicBrainz_Database,2026-08-31
Wannabe Jalva,"Lollapalooza Brazil 2013, dias 3: Alternativo",,Jockey Club de São Paulo,2013-03-31,待定,待定,公开数据集,https://musicbrainz.org/doc/MusicBrainz_Database,2026-08-31
KISS,KISS at Jacksonville Veterans Memorial Coliseum,,Jacksonville Veterans Memorial Coliseum,1976-12-10,待定,待定,公开数据集,https://musicbrainz.org/doc/MusicBrainz_Database,2026-08-31
Family of the Year,"Life Is Beautiful 2013, day 1: Downtown Stage",,,2013-10-26,待定,待定,公开数据集,https://musicbrainz.org/doc/MusicBrainz_Database,2026-08-31
The Free Raisins,The Free Raisins at Glen Echo Park in 2011,,Glen Echo Park,2011-12-11,待定,待定,公开数据集,https://musicbrainz.org/doc/MusicBrainz_Database,2026-08-31
NZ Harp Duo,NZ Harp Duo at The Third Eye,,The Third Eye: Tuatara's Temple of Taste,2017-08-02,待定,待定,公开数据集,https://musicbrainz.org/doc/MusicBrainz_Database,2026-08-31
,"Later Live... with Jools Holland: Series 34, Episode 6",,BBC Television Centre,2009-05-12,待定,待定,公开数据集,https://musicbrainz.org/doc/MusicBrainz_Database,2026-08-31
静カニ潜ム日々,"Fuji Rock Festival 2013, day 1: Rookie A Go-Go",,苗場スキー場,2013-07-26,待定,待定,公开数据集,https://musicbrainz.org/doc/MusicBrainz_Database,2026-08-31
DEARDROPS,OVERDRIVE 5th Anniversary Live 「d2b vs DEARDROPS」,,,2011-10-08,待定,待定,公开数据集,https://musicbrainz.org/doc/MusicBrainz_Database,2026-08-31
Whoa-La!,Whoa-La! at Concord Scout House,,Concord Scout House,,待定,待定,公开数据集,https://musicbrainz.org/doc/MusicBrainz_Database,2026-08-31
Poverty Playboys,Jimmie Rodgers Jubilee,,,1987-09-19,待定,待定,公开数据集,https://musicbrainz.org/doc/MusicBrainz_Database,2026-08-31
Def Leppard,Def Leppard at Canadian Tire Centre,,Canadian Tire Centre,2019-07-19,待定,待定,公开数据集,https://musicbrainz.org/doc/MusicBrainz_Database,2026-08-31
Def Leppard,Def Leppard at Rogers Place,,Rogers Place,2019-07-29,待定,待定,公开数据集,https://musicbrainz.org/doc/MusicBrainz_Database,2026-08-31
The Musical Box,The Musical Box at Colosseum Theater,,Colosseum Theater Essen,2019-11-01,待定,待定,公开数据集,https://musicbrainz.org/doc/MusicBrainz_Database,2026-08-31
echolyn,FreakParade: Echolyn + Nordberg + Skybirth at AKW!,,AKW!,2005-09-11,待定,待定,公开数据集,https://musicbrainz.org/doc/MusicBrainz_Database,2026-08-31
Scythe,ProgParade 2,,Glaskasten,2000-12-09,待定,待定,公开数据集,https://musicbrainz.org/doc/MusicBrainz_Database,2026-08-31
Street Vipers,"Street Vipers, Radioactive Monkeys @ Morrison Bar",,Morrison Bar,2016-06-17,待定,待定,公开数据集,https://musicbrainz.org/doc/MusicBrainz_Database,2026-08-31
Slum City,"SXSW 2000, day 1: Beerland at the Gallery Lombardi Lounge",,Beerland Texas,2000-03-15,待定,待定,公开数据集,https://musicbrainz.org/doc/MusicBrainz_Database,2026-08-31
,Be a Mensch: Willi Resetarits & Freunde,,"Wiener Stadthalle, Hall F",2008-02-28,待定,待定,公开数据集,https://musicbrainz.org/doc/MusicBrainz_Database,2026-08-31
Marsala,"Canadian Music Week 2003, day 3: Cameron House",,The Cameron House,2003-02-28,待定,待定,公开数据集,https://musicbrainz.org/doc/MusicBrainz_Database,2026-08-31
KISS,KISS at Brown County Veterans Memorial Arena,,Brown County Veterans Memorial Arena,1977-02-03,待定,待定,公开数据集,https://musicbrainz.org/doc/MusicBrainz_Database,2026-08-31
KISS,KISS at Kemper Arena,,Kemper Arena,1977-02-09,待定,待定,公开数据集,https://musicbrainz.org/doc/MusicBrainz_Database,2026-08-31
Crippled Black Phoenix,"Burg Herzberg Festival 2011, Day 1",,Hof Huhnstadt,2011-07-14,待定,待定,公开数据集,https://musicbrainz.org/doc/MusicBrainz_Database,2026-08-31
Ougenweide,Ougenweide / Kraan,,Stadthalle,1975-09-28,待定,待定,公开数据集,https://musicbrainz.org/doc/MusicBrainz_Database,2026-08-31
Shirley Eikhard,Shirley Eikhard at Alistair's,,Alistair's,1981-09-26,待定,待定,公开数据集,https://musicbrainz.org/doc/MusicBrainz_Database,2026-08-31
Marianne Girard,"Canadian Music Week 2003, day 2: Tranzac Club",,Tranzac Club,2003-02-27,待定,待定,公开数据集,https://musicbrainz.org/doc/MusicBrainz_Database,2026-08-31
,"Later Live… with Jools Holland: Series 43, Episode 3",,Maidstone Studios,2013-10-01,待定,待定,公开数据集,https://musicbrainz.org/doc/MusicBrainz_Database,2026-08-31
Mourning Sun,"Madrid Is the Dark VI, Day 2",,But,2018-12-08,待定,待定,公开数据集,https://musicbrainz.org/doc/MusicBrainz_Database,2026-08-31
Grimes,Rhinestone Cowgirl Tour,,Commodore Ballroom,2015-10-26,待定,待定,公开数据集,https://musicbrainz.org/doc/MusicBrainz_Database,2026-08-31
Hysteria,Hysteria at Quatre Estacions,,Quatre Estacions,2017-01-28,待定,待定,公开数据集,https://musicbrainz.org/doc/MusicBrainz_Database,2026-08-31
Trans‐Siberian Orchestra,Trans‐Siberian Orchestra at Air Canada Centre,,Scotiabank Arena,2006-11-29,待定,待定,公开数据集,https://musicbrainz.org/doc/MusicBrainz_Database,2026-08-31
The Blackers,The Blackers at Schooners,,,1987-09-17,待定,待定,公开数据集,https://musicbrainz.org/doc/MusicBrainz_Database,2026-08-31
Clément Bazin,Clément Bazin,,Le Botanique: Orangerie,2019-01-12,待定,待定,公开数据集,https://musicbrainz.org/doc/MusicBrainz_Database,2026-08-31
Dominique A,Dominique A - Laetitia Velma,,Le Botanique: Orangerie,2019-01-25,待定,待定,公开数据集,https://musicbrainz.org/doc/MusicBrainz_Database,2026-08-31
Lambert,Lambert at Rotunde,,Rotunde,2017-10-28,待定,待定,公开数据集,https://musicbrainz.org/doc/MusicBrainz_Database,2026-08-31
Queen + Adam Lambert,Queen + Adam Lambert at Talking Stick Resort Arena,,PHX Arena,2019-07-16,待定,待定,公开数据集,https://musicbrainz.org/doc/MusicBrainz_Database,2026-08-31
Michael McClure,McClure/Manzarek Vancouver 1987,,Graceland,1987-11-12,待定,待定,公开数据集,https://musicbrainz.org/doc/MusicBrainz_Database,2026-08-31
No Name,ProgParade 1,,Klangstation,1999-12-04,待定,待定,公开数据集,https://musicbrainz.org/doc/MusicBrainz_Database,2026-08-31
Trans‐Siberian Orchestra,Trans‐Siberian Orchestra at Toyota Center,,Toyota Center,2006-12-17,待定,待定,公开数据集,https://musicbrainz.org/doc/MusicBrainz_Database,2026-08-31
,"Musica, festival international des musiques d'aujourd'hui de Strasbourg",,,2009-09-18,待定,待定,公开数据集,https://musicbrainz.org/doc/MusicBrainz_Database,2026-08-31
Sarah Messias,"Lollapalooza Brazil 2013, dias 3: Kidzapalooza",,Jockey Club de São Paulo,2013-03-31,待定,待定,公开数据集,https://musicbrainz.org/doc/MusicBrainz_Database,2026-08-31
Emperors and Elephants,"Rock Fest 2017, Day 2: Who’s on Top Stage",,Who’s on Top Stage,2017-07-14,待定,待定,公开数据集,https://musicbrainz.org/doc/MusicBrainz_Database,2026-08-31
The Crown Jewels,"Rock Fest 2017, Day 3: Jack’s Tribute Stage",,Jack Daniel’s Tribute Stage,2017-07-15,待定,待定,公开数据集,https://musicbrainz.org/doc/MusicBrainz_Database,2026-08-31
Foreigner,Foreigner at FivePoint Amphitheatre,,FivePoint Amphitheatre,2020-07-13,待定,待定,公开数据集,https://musicbrainz.org/doc/MusicBrainz_Database,2026-08-31
Daniel Lanois,"Canadian Music Week 2003, day 4: El Mocambo",,,2003-03-01,待定,待定,公开数据集,https://musicbrainz.org/doc/MusicBrainz_Database,2026-08-31
Laura Mvula,"Later… with Jools Holland: Series 42, Episode 1",,Maidstone Studios,2013-04-12,待定,待定,公开数据集,https://musicbrainz.org/doc/MusicBrainz_Database,2026-08-31
Foreigner,Foreigner at Sunlight Supply Amphitheater,,Cascades Amphitheater,2020-07-17,待定,待定,公开数据集,https://musicbrainz.org/doc/MusicBrainz_Database,2026-08-31
Chris Gethard,"2013 Bonnaroo Music Festival, day 2: Bonnaroo Comedy Theatre hosted by IFC",,Great Stage Park,2013-06-14,待定,待定,公开数据集,https://musicbrainz.org/doc/MusicBrainz_Database,2026-08-31
Gorillaz,Glastonbury Festival 2010,,Worthy Farm,2010-06-23,待定,待定,公开数据集,https://musicbrainz.org/doc/MusicBrainz_Database,2026-08-31
Spellbound,1. Letmather Melodic Rock Night,,Städtischer Saalbau Letmathe,1993-03-06,待定,待定,公开数据集,https://musicbrainz.org/doc/MusicBrainz_Database,2026-08-31
The Paranoids,"SXSW 2000, day 1: Flamingo Cantina",,Flamingo Cantina,2000-03-15,待定,待定,公开数据集,https://musicbrainz.org/doc/MusicBrainz_Database,2026-08-31
Steeler,Steeler at Perkins Palace,,Raymond Theatre,1983-05-07,待定,待定,公开数据集,https://musicbrainz.org/doc/MusicBrainz_Database,2026-08-31
,"Glastonbury Festival 2019, Friday: Sonic",,Worthy Farm,2019-06-28,待定,待定,公开数据集,https://musicbrainz.org/doc/MusicBrainz_Database,2026-08-31
,Popmeeting Lochem 1980,,De Zandkuil Openluchttheater,,待定,待定,公开数据集,https://musicbrainz.org/doc/MusicBrainz_Database,2026-08-31
Ratchild,Ratchild at Joe's Garage,,,1987-10-02,待定,待定,公开数据集,https://musicbrainz.org/doc/MusicBrainz_Database,2026-08-31
Der Moderne Man,Der Moderne Man at The Cave,,The Cave,2020-10-31,待定,待定,公开数据集,https://musicbrainz.org/doc/MusicBrainz_Database,2026-08-31
David Burgin,David Bender at DJ's,,DJ's,1981-09-23,待定,待定,公开数据集,https://musicbrainz.org/doc/MusicBrainz_Database,2026-08-31
Dale Newman,Der Deutsche Genesis Fanclub it präsentiert: When in Welkers Event,,Bürgerhaus Welkers,2008-05-11,待定,待定,公开数据集,https://musicbrainz.org/doc/MusicBrainz_Database,2026-08-31
,Ao vivo em Uberlândia launch event at Uberlândia,,Uberlândia,2007,待定,待定,公开数据集,https://musicbrainz.org/doc/MusicBrainz_Database,2026-08-31
中山博之,PIANO OPERA: music from FINAL FANTASY,,Centro Cultural Roberto Cantoral,2016-03-04,待定,待定,公开数据集,https://musicbrainz.org/doc/MusicBrainz_Database,2026-08-31
,"Later Live... with Jools Holland: Series 37, Episode 3",,,2010-09-28,待定,待定,公开数据集,https://musicbrainz.org/doc/MusicBrainz_Database,2026-08-31
Santana,Santana at Hollywood Bowl,,Hollywood Bowl,2019-06-24,待定,待定,公开数据集,https://musicbrainz.org/doc/MusicBrainz_Database,2026-08-31
Super Narco Man,Eyegum Wednesdays: Super Narco Man + Opium Eater,,San Fran,2017-08-02,待定,待定,公开数据集,https://musicbrainz.org/doc/MusicBrainz_Database,2026-08-31
NZ Harp Duo,Adventure and Fantasy,,St Peter's on Willis,2017-08-19,待定,待定,公开数据集,https://musicbrainz.org/doc/MusicBrainz_Database,2026-08-31
獅子神レオナ,獅子神レオナ1st Live -Brightenin' Hope -,,池袋HUMAXシネマズ,2019-12-07,待定,待定,公开数据集,https://musicbrainz.org/doc/MusicBrainz_Database,2026-08-31
Lambert,Lambert at URSA mtl,,URSA,2020-03-27,待定,待定,公开数据集,https://musicbrainz.org/doc/MusicBrainz_Database,2026-08-31
KISS,KISS at Duluth Arena Auditorium,,DECC Arena,1977-01-18,待定,待定,公开数据集,https://musicbrainz.org/doc/MusicBrainz_Database,2026-08-31
KISS,KISS at Pershing Auditorium,,Pershing Auditorium,1977-01-20,待定,待定,公开数据集,https://musicbrainz.org/doc/MusicBrainz_Database,2026-08-31
Lorde,"Melodrama World Tour: Wellington, New Zealand",,Michael Fowler Centre,2017-11-11,待定,待定,公开数据集,https://musicbrainz.org/doc/MusicBrainz_Database,2026-08-31
Maiden Minneapolis,"Rock Fest 2016, Day 2: Jack’s Tribute Stage",,Jack Daniel’s Tribute Stage,2016-07-15,待定,待定,公开数据集,https://musicbrainz.org/doc/MusicBrainz_Database,2026-08-31
Saga,Saga at Spirit of 66,,Spirit of 66,2001-03-29,待定,待定,公开数据集,https://musicbrainz.org/doc/MusicBrainz_Database,2026-08-31
Bon Jovi,Bon Jovi at Lakeland Civic Center,,Jenkins Arena,1989-09-25,待定,待定,公开数据集,https://musicbrainz.org/doc/MusicBrainz_Database,2026-08-31
Bon Jovi,Bon Jovi at Wembley Arena,,OVO Arena Wembley,1988-12-09,待定,待定,公开数据集,https://musicbrainz.org/doc/MusicBrainz_Database,2026-08-31
Lullabye Arkestra,Lullabye Arkestra at Starlight Room,,Starlight Social Club,2009-12-15,待定,待定,公开数据集,https://musicbrainz.org/doc/MusicBrainz_Database,2026-08-31
,"Buktafestivalen 2017, Day 3",,Buktafestivalen Grounds,2017-07-22,待定,待定,公开数据集,https://musicbrainz.org/doc/MusicBrainz_Database,2026-08-31
Queen + Adam Lambert,Queen + Adam Lambert at Nationwide Arena,,Nationwide Arena,2019-08-13,待定,待定,公开数据集,https://musicbrainz.org/doc/MusicBrainz_Database,2026-08-31
Trans‐Siberian Orchestra,Trans‐Siberian Orchestra at AT&T Center,,Frost Bank Center,2006-12-23,待定,待定,公开数据集,https://musicbrainz.org/doc/MusicBrainz_Database,2026-08-31
Sunshine Reverberation,"Buktafestivalen 2017, Day 2: Little Henrik Scene",,Little Henrik Scene,2017-07-21,待定,待定,公开数据集,https://musicbrainz.org/doc/MusicBrainz_Database,2026-08-31
Ed Sheeran,"Later Live… with Jools Holland: Series 44, Episode 6",,Maidstone Studios,2014-05-20,待定,待定,公开数据集,https://musicbrainz.org/doc/MusicBrainz_Database,2026-08-31
,"Rock Fest 2016, Wednesday Bonus Bash",,Chippewa Valley Festival Grounds,2016-07-13,待定,待定,公开数据集,https://musicbrainz.org/doc/MusicBrainz_Database,2026-08-31
Klō,Klō at Grossman's Tavern,,Grossman's Tavern,1981-09-22,待定,待定,公开数据集,https://musicbrainz.org/doc/MusicBrainz_Database,2026-08-31
Adam Carroll,"SXSW 2000, day 1: Gallery Lombardi Lounge",,Gallery Lombardi Lounge,2000-03-15,待定,待定,公开数据集,https://musicbrainz.org/doc/MusicBrainz_Database,2026-08-31
Marillion,Marillion at Le Phoenix,,Le Phoenix,1990-03-30,待定,待定,公开数据集,https://musicbrainz.org/doc/MusicBrainz_Database,2026-08-31
Cold Kingdom,"Rock Fest 2016, Wednesday Bonus Bash: This Bud’s for You Stage",,This Bud’s for You Stage,2016-07-13,待定,待定,公开数据集,https://musicbrainz.org/doc/MusicBrainz_Database,2026-08-31
Barry Manilow,Barry Manilow at Nippon Budokan,,日本武道館,1985-06-12,待定,待定,公开数据集,https://musicbrainz.org/doc/MusicBrainz_Database,2026-08-31
Alice in Chains,"Rock Fest 2016, Day 2: Main Stage",,Main Stage,2016-07-15,待定,待定,公开数据集,https://musicbrainz.org/doc/MusicBrainz_Database,2026-08-31
Foreigner,Foreigner at Darien Lake Amphitheater,,Darien Lake Amphitheater,2020-08-07,待定,待定,公开数据集,https://musicbrainz.org/doc/MusicBrainz_Database,2026-08-31
3 Pill Morning,"Rock Fest 2016, Day 2: This Bud’s for You Stage",,This Bud’s for You Stage,2016-07-15,待定,待定,公开数据集,https://musicbrainz.org/doc/MusicBrainz_Database,2026-08-31
Brian Kirk & The Jirks,"2001‐09‐03: Donovan’s Reef, Sea Bright, NJ, USA",,Donovan’s Reef,2001-09-03,待定,待定,公开数据集,https://musicbrainz.org/doc/MusicBrainz_Database,2026-08-31
Def Leppard,The Stadium Tour: Philadelphia,,Citizens Bank Park,2020-08-15,待定,待定,公开数据集,https://musicbrainz.org/doc/MusicBrainz_Database,2026-08-31
,"Rock Fest 2016, Day 2",,Chippewa Valley Festival Grounds,2016-07-15,待定,待定,公开数据集,https://musicbrainz.org/doc/MusicBrainz_Database,2026-08-31
,Jools' 13th Annual Hootenanny,,BBC Television Centre,2005-12-31,待定,待定,公开数据集,https://musicbrainz.org/doc/MusicBrainz_Database,2026-08-31
Fall Out Boy,Fall Out Boy at California Mid-State Fair 2016,,Chumash Grandstand Arena,2016-07-20,待定,待定,公开数据集,https://musicbrainz.org/doc/MusicBrainz_Database,2026-08-31
Melanie Laine,"Canadian Music Week 2003, day 3: Tranzac Club",,Tranzac Club,2003-02-28,待定,待定,公开数据集,https://musicbrainz.org/doc/MusicBrainz_Database,2026-08-31
KISS,KISS at Baltimore Civic Center,,CFG Bank Arena,1976-07-13,待定,待定,公开数据集,https://musicbrainz.org/doc/MusicBrainz_Database,2026-08-31
Frank Strobel,BOB goes Matrix,,Beethovenhalle,2014-11-15,待定,待定,公开数据集,https://musicbrainz.org/doc/MusicBrainz_Database,2026-08-31
Britney Spears,Dream Within a Dream Tour: Las Vegas,,MGM Grand Garden Arena,2001-11-17,待定,待定,公开数据集,https://musicbrainz.org/doc/MusicBrainz_Database,2026-08-31
Foreigner,Foreigner at Veterans United Home Loans Amphitheater at Virginia Beach,,Veterans United Home Loans Amphitheater at Virginia Beach,2020-08-26,待定,待定,公开数据集,https://musicbrainz.org/doc/MusicBrainz_Database,2026-08-31
KISS,KISS at Roosevelt Stadium,,Roosevelt Stadium,1976-07-10,待定,待定,公开数据集,https://musicbrainz.org/doc/MusicBrainz_Database,2026-08-31
,Culthe Fest 2019,,Sputnikhalle,2019-04-20,待定,待定,公开数据集,https://musicbrainz.org/doc/MusicBrainz_Database,2026-08-31
Jackson Hawke,Jackson Hawke at Jarvis House,,Jarvis House,1981-09-22,待定,待定,公开数据集,https://musicbrainz.org/doc/MusicBrainz_Database,2026-08-31
Brandon Heath,Brandon Heath at California Mid-State Fair 2016,,Fort Frontier Stage,2016-07-21,待定,待定,公开数据集,https://musicbrainz.org/doc/MusicBrainz_Database,2026-08-31
Stop Play Moon,"Lollapalooza Brazil 2013, dias 2: Cidade Jardim",,Jockey Club de São Paulo,2013-03-30,待定,待定,公开数据集,https://musicbrainz.org/doc/MusicBrainz_Database,2026-08-31
Shakespeare Company Berlin,Shakespeare Company Berlin at Ilmbühne,,Ilmbühne,2014-08-15,待定,待定,公开数据集,https://musicbrainz.org/doc/MusicBrainz_Database,2026-08-31
KISS,KISS at Kitchener Memorial Auditorium,,Kitchener Memorial Auditorium,1977-07-15,待定,待定,公开数据集,https://musicbrainz.org/doc/MusicBrainz_Database,2026-08-31
Jackson Hawke,Jackson Hawke at Jarvis House,,Jarvis House,1981-09-24,待定,待定,公开数据集,https://musicbrainz.org/doc/MusicBrainz_Database,2026-08-31
Vetch,"Canadian Music Week 2003, day 3: Victory Cafe",,Victory Cafe,2003-02-28,待定,待定,公开数据集,https://musicbrainz.org/doc/MusicBrainz_Database,2026-08-31
Foreigner,Foreigner at Cynthia Woods Mitchell Pavilion,,Cynthia Woods Mitchell Pavilion,2020-09-12,待定,待定,公开数据集,https://musicbrainz.org/doc/MusicBrainz_Database,2026-08-31
Trombone Shorty & Orleans Avenue,"2013 Bonnaroo Music Festival, day 2: What Stage",,What Stage,2013-06-14,待定,待定,公开数据集,https://musicbrainz.org/doc/MusicBrainz_Database,2026-08-31
,Yvonne Catterfield 2004,,,2004-03-15,待定,待定,公开数据集,https://musicbrainz.org/doc/MusicBrainz_Database,2026-08-31
Foreigner,Foreigner at Dos Equis Pavilion,,Dos Equis Pavilion,2020-09-11,待定,待定,公开数据集,https://musicbrainz.org/doc/MusicBrainz_Database,2026-08-31
DIR EN GREY,TOUR19 The Insulated World,,なんばHatch,2019-04-26,待定,待定,公开数据集,https://musicbrainz.org/doc/MusicBrainz_Database,2026-08-31
Political Guidance,Political Guidance at On The Rocks,,,1987-10-13,待定,待定,公开数据集,https://musicbrainz.org/doc/MusicBrainz_Database,2026-08-31
Journey,Journey at Anselmo Valencia Tori Amphitheater,,Anselmo Valencia Tori Amphitheater,2017-07-18,待定,待定,公开数据集,https://musicbrainz.org/doc/MusicBrainz_Database,2026-08-31
Einojuhani Rautavaara,[concert],,,1963-02-26,待定,待定,公开数据集,https://musicbrainz.org/doc/MusicBrainz_Database,2026-08-31
Journey,Journey at Daily’s Place Amphitheater,,Daily’s Place,2017-07-26,待定,待定,公开数据集,https://musicbrainz.org/doc/MusicBrainz_Database,2026-08-31
,Avanti! XXX Suvisoitto,,,2015-06-24,待定,待定,公开数据集,https://musicbrainz.org/doc/MusicBrainz_Database,2026-08-31
Kissinger,"SXSW 2005, day 2: Flamingo Cantina",,Flamingo Cantina,2005-03-17,待定,待定,公开数据集,https://musicbrainz.org/doc/MusicBrainz_Database,2026-08-31
Brandy Clark,Brandy Clark at California Mid-State Fair 2016,,Fort Frontier Stage,2016-07-25,待定,待定,公开数据集,https://musicbrainz.org/doc/MusicBrainz_Database,2026-08-31
Pinlight,PINLIGHT Album launch gig,,Voodoo Rooms,2019-12-01,待定,待定,公开数据集,https://musicbrainz.org/doc/MusicBrainz_Database,2026-08-31
Sour Grapes,"Canadian Music Week 2003, day 4: Bovine Sex Club",,Bovine Sex Club,2003-03-01,待定,待定,公开数据集,https://musicbrainz.org/doc/MusicBrainz_Database,2026-08-31
,Party.San Open Air,,Flugplatz Obermehler-Schlotheim,,待定,待定,公开数据集,https://musicbrainz.org/doc/MusicBrainz_Database,2026-08-31
,2008 Damnation Festival,,,,待定,待定,公开数据集,https://musicbrainz.org/doc/MusicBrainz_Database,2026-08-31
Sax in the City,Sax in the City at Bonn Hbf/Thomas-Mann-Straße,,Bonn Hbf/Thomas-Mann-Straße,2014-05-23,待定,待定,公开数据集,https://musicbrainz.org/doc/MusicBrainz_Database,2026-08-31
Elisabeth Flunger,FLUNGER/SKRIJELJ/SCHEIB at Terminus,,Terminus,2016-06-16,待定,待定,公开数据集,https://musicbrainz.org/doc/MusicBrainz_Database,2026-08-31
London Sinfonietta,[concert],,,1990-04-26,待定,待定,公开数据集,https://musicbrainz.org/doc/MusicBrainz_Database,2026-08-31
Markus Land Quintett,Markus Land Quintett at Bonn Hbf/Thomas-Mann-Straße,,Bonn Hbf/Thomas-Mann-Straße,2014-09-26,待定,待定,公开数据集,https://musicbrainz.org/doc/MusicBrainz_Database,2026-08-31
Burning Amps,Burning Amps at Terminus,,Terminus,2016-06-11,待定,待定,公开数据集,https://musicbrainz.org/doc/MusicBrainz_Database,2026-08-31
Gary Clark Jr.,"Fuji Rock Festival 2013, day 1: Field of Heaven",,苗場スキー場,2013-07-26,待定,待定,公开数据集,https://musicbrainz.org/doc/MusicBrainz_Database,2026-08-31
Ro Gebhardt,Ro Gebhardt at Terminus,,Terminus,2016-06-10,待定,待定,公开数据集,https://musicbrainz.org/doc/MusicBrainz_Database,2026-08-31
,"Later… with Jools Holland: Series 43, Episode 1",,,,待定,待定,公开数据集,https://musicbrainz.org/doc/MusicBrainz_Database,2026-08-31
Linkin Park,Linkin Park at Hollywood Bowl,,Hollywood Bowl,2017-10-22,待定,待定,公开数据集,https://musicbrainz.org/doc/MusicBrainz_Database,2026-08-31
Andrea Klas,"Canadian Music Week 2003, day 4: Cameron House",,The Cameron House,2003-03-01,待定,待定,公开数据集,https://musicbrainz.org/doc/MusicBrainz_Database,2026-08-31
,M3-2004秋,,大田区産業プラザ,2004-10-09,待定,待定,公开数据集,https://musicbrainz.org/doc/MusicBrainz_Database,2026-08-31
Four Tet,"2013 Bonnaroo Music Festival, day 3: The Other Tent",,The Other Tent,2013-06-15,待定,待定,公开数据集,https://musicbrainz.org/doc/MusicBrainz_Database,2026-08-31
KISS,KISS at The Forum,,Kia Forum,1977-08-27,待定,待定,公开数据集,https://musicbrainz.org/doc/MusicBrainz_Database,2026-08-31
Autechre,Autechre at Holocene,,Holocene,2015-09-24,待定,待定,公开数据集,https://musicbrainz.org/doc/MusicBrainz_Database,2026-08-31
J.B.O.,J.B.O. at Alter Schlachthof,,Alter Schlachthof,2004-10-10,待定,待定,公开数据集,https://musicbrainz.org/doc/MusicBrainz_Database,2026-08-31
KISS,KISS at The Forum,,Kia Forum,1977-08-28,待定,待定,公开数据集,https://musicbrainz.org/doc/MusicBrainz_Database,2026-08-31
The Russian Futurists,"SXSW 2010, day 1: Habana Calle 6 Patio",,Habana Calle 6 Patio,2010-03-17,待定,待定,公开数据集,https://musicbrainz.org/doc/MusicBrainz_Database,2026-08-31
KISS,KISS at Madison Square Garden,,Madison Square Garden,1977-12-14,待定,待定,公开数据集,https://musicbrainz.org/doc/MusicBrainz_Database,2026-08-31
Autechre,Autechre at The Showbox,,The Showbox,2015-09-25,待定,待定,公开数据集,https://musicbrainz.org/doc/MusicBrainz_Database,2026-08-31
,M3-2008春,,大田区産業プラザ,2008-05-11,待定,待定,公开数据集,https://musicbrainz.org/doc/MusicBrainz_Database,2026-08-31
Autechre,Autechre at Imperial,,Imperial,2015-09-26,待定,待定,公开数据集,https://musicbrainz.org/doc/MusicBrainz_Database,2026-08-31
,M3-2002秋,,東京卸商センター,2002-10-27,待定,待定,公开数据集,https://musicbrainz.org/doc/MusicBrainz_Database,2026-08-31
KISS,KISS at Tarrant County Convention Center,,Fort Worth Convention Center,1977-09-04,待定,待定,公开数据集,https://musicbrainz.org/doc/MusicBrainz_Database,2026-08-31
,東方崇敬祭4,,大田区産業プラザ,2010-05-16,待定,待定,公开数据集,https://musicbrainz.org/doc/MusicBrainz_Database,2026-08-31
,"Later Live… with Jools Holland: Series 41, Episode 2",,BBC Television Centre,2012-10-02,待定,待定,公开数据集,https://musicbrainz.org/doc/MusicBrainz_Database,2026-08-31
KISS,KISS at McNichols Sports Arena,,McNichols Sports Arena,1977-11-17,待定,待定,公开数据集,https://musicbrainz.org/doc/MusicBrainz_Database,2026-08-31
,Key Mix 5th,,,2003-09-07,待定,待定,公开数据集,https://musicbrainz.org/doc/MusicBrainz_Database,2026-08-31
エルセとさめのぽき,うみのおとvol.1,,harevutai,2019-11-12,待定,待定,公开数据集,https://musicbrainz.org/doc/MusicBrainz_Database,2026-08-31
Autechre,Autechre at Théâtre Fairmount,,Théâtre Fairmount,2015-10-02,待定,待定,公开数据集,https://musicbrainz.org/doc/MusicBrainz_Database,2026-08-31
Autechre,Autechre at U Street Music Hall,,U Street Music Hall,2015-10-07,待定,待定,公开数据集,https://musicbrainz.org/doc/MusicBrainz_Database,2026-08-31
KISS,KISS at Capital Centre,,Capital Centre,1977-12-19,待定,待定,公开数据集,https://musicbrainz.org/doc/MusicBrainz_Database,2026-08-31
Chumbawamba,Chumbawamba in Leeds,,O₂ Academy Leeds,1998-02-02,待定,待定,公开数据集,https://musicbrainz.org/doc/MusicBrainz_Database,2026-08-31
Kelemen Kabátban,"FEZEN Fesztivál 2017, Day 1: Harman Színpad",,Harman Színpad,2017-08-02,待定,待定,公开数据集,https://musicbrainz.org/doc/MusicBrainz_Database,2026-08-31
Two Star Symphony,"SXSW 2010, day 1: The Hideout",,The Hideout Theatre,2010-03-17,待定,待定,公开数据集,https://musicbrainz.org/doc/MusicBrainz_Database,2026-08-31
Vince Neil,Vince Neil at The Wolf Den,,The Wolf Den,2016-01-16,待定,待定,公开数据集,https://musicbrainz.org/doc/MusicBrainz_Database,2026-08-31
AC/DC,AC/DC at Maple Leaf Gardens,,Maple Leaf Gardens,1985-09-23,待定,待定,公开数据集,https://musicbrainz.org/doc/MusicBrainz_Database,2026-08-31
,DreamParty東京2007春,,,2007-05-03,待定,待定,公开数据集,https://musicbrainz.org/doc/MusicBrainz_Database,2026-08-31
,"Later Live… with Jools Holland: Series 41, Episode 3",,BBC Television Centre,2012-10-09,待定,待定,公开数据集,https://musicbrainz.org/doc/MusicBrainz_Database,2026-08-31
Autechre,Autechre at 3S Artspace,,3S Artspace,2015-10-05,待定,待定,公开数据集,https://musicbrainz.org/doc/MusicBrainz_Database,2026-08-31
Moonspell,Halloween 2.0,,Pax Julia Teatro Municipal,2020-11-06,待定,待定,公开数据集,https://musicbrainz.org/doc/MusicBrainz_Database,2026-08-31
Rachel Loy,"SXSW 2005, day 2: Momo's",,Momo’s,2005-03-17,待定,待定,公开数据集,https://musicbrainz.org/doc/MusicBrainz_Database,2026-08-31
,Provinssi-rock,,,1979-06-02,待定,待定,公开数据集,https://musicbrainz.org/doc/MusicBrainz_Database,2026-08-31
,"Later Live… with Jools Holland: Series 41, Episode 4",,BBC Television Centre,2012-10-16,待定,待定,公开数据集,https://musicbrainz.org/doc/MusicBrainz_Database,2026-08-31
Stälker,Stälker - Album Release Show w/ End Boss,,Valhalla,2020-11-06,待定,待定,公开数据集,https://musicbrainz.org/doc/MusicBrainz_Database,2026-08-31
,Frontiers Rock Festival V,,Live Club,2018-04-28,待定,待定,公开数据集,https://musicbrainz.org/doc/MusicBrainz_Database,2026-08-31
,コミックコミュニケーション3,,,2002-06-30,待定,待定,公开数据集,https://musicbrainz.org/doc/MusicBrainz_Database,2026-08-31
,"Later Live… with Jools Holland: Series 41, Episode 5",,,2012-10-23,待定,待定,公开数据集,https://musicbrainz.org/doc/MusicBrainz_Database,2026-08-31
Autechre,Autechre at The Social,,The Social,2015-10-10,待定,待定,公开数据集,https://musicbrainz.org/doc/MusicBrainz_Database,2026-08-31
,"Later Live… with Jools Holland: Series 41, Episode 6",,,2012-10-30,待定,待定,公开数据集,https://musicbrainz.org/doc/MusicBrainz_Database,2026-08-31
Santana,Santana at Ruoff Home Mortgage Music Center,,Ruoff Music Center,2019-08-09,待定,待定,公开数据集,https://musicbrainz.org/doc/MusicBrainz_Database,2026-08-31
Leave the Dead,Killfest,,The Local Te Rapa,2017-06-24,待定,待定,公开数据集,https://musicbrainz.org/doc/MusicBrainz_Database,2026-08-31
,"Later Live… with Jools Holland: Series 41, Episode 7",,BBC Television Centre,2012-11-06,待定,待定,公开数据集,https://musicbrainz.org/doc/MusicBrainz_Database,2026-08-31
,M3-2010春,,東京流通センター,2010-05-05,待定,待定,公开数据集,https://musicbrainz.org/doc/MusicBrainz_Database,2026-08-31
Didier Laloy,Quentin Dujardin - Didier Laloy at Théâtre Marni,,Théâtre Marni,2020-01-21,待定,待定,公开数据集,https://musicbrainz.org/doc/MusicBrainz_Database,2026-08-31
Autechre,Autechre at Vulcan Gas Company,,Vulcan Gas Company,2015-10-13,待定,待定,公开数据集,https://musicbrainz.org/doc/MusicBrainz_Database,2026-08-31
Santana,Santana at Riverbend Music Center,,Riverbend Music Center,2019-08-10,待定,待定,公开数据集,https://musicbrainz.org/doc/MusicBrainz_Database,2026-08-31
,Provinssi‐rock ’82,,,1982-06-05,待定,待定,公开数据集,https://musicbrainz.org/doc/MusicBrainz_Database,2026-08-31
,"Later Live… with Jools Holland: Series 41, Episode 9",,BBC Television Centre,2012-11-20,待定,待定,公开数据集,https://musicbrainz.org/doc/MusicBrainz_Database,2026-08-31
Autechre,Autechre at The Fonda Theatre,,The Fonda Theatre,2015-10-15,待定,待定,公开数据集,https://musicbrainz.org/doc/MusicBrainz_Database,2026-08-31
Autechre,Autechre at Mezzanine,,Mezzanine,2015-10-16,待定,待定,公开数据集,https://musicbrainz.org/doc/MusicBrainz_Database,2026-08-31
Santana,Santana at PNC Music Pavilion,,PNC Music Pavilion,2019-08-13,待定,待定,公开数据集,https://musicbrainz.org/doc/MusicBrainz_Database,2026-08-31
,監獄ケイブ祭り！来たら…逮捕しちゃうぞ,,,2009-08-15,待定,待定,公开数据集,https://musicbrainz.org/doc/MusicBrainz_Database,2026-08-31
,Provinssi‐rock,,,1984-06-02,待定,待定,公开数据集,https://musicbrainz.org/doc/MusicBrainz_Database,2026-08-31
Autechre,Warp25,,Ancienne Belgique,2014-10-03,待定,待定,公开数据集,https://musicbrainz.org/doc/MusicBrainz_Database,2026-08-31
,東京ゲームショウ2012,,幕張メッセ,2012-09-20,待定,待定,公开数据集,https://musicbrainz.org/doc/MusicBrainz_Database,2026-08-31
Autechre,Autechre at District 8,,District 8,2014-12-19,待定,待定,公开数据集,https://musicbrainz.org/doc/MusicBrainz_Database,2026-08-31
Santana,Santana at Darien Lake Amphitheater,,Darien Lake Amphitheater,2019-08-16,待定,待定,公开数据集,https://musicbrainz.org/doc/MusicBrainz_Database,2026-08-31
,東方紅楼夢8,,インテックス大阪,2012-10-07,待定,待定,公开数据集,https://musicbrainz.org/doc/MusicBrainz_Database,2026-08-31
Santana,Santana at Xfinity Center,,Xfinity Center,2019-08-20,待定,待定,公开数据集,https://musicbrainz.org/doc/MusicBrainz_Database,2026-08-31
Jonny Lang,"Rock the Rapids 2011, Day 1",,Rock the Rapids Village,2011-08-08,待定,待定,公开数据集,https://musicbrainz.org/doc/MusicBrainz_Database,2026-08-31
,Dynamo Open Air 1987,,Smalle Haven,1987-06-08,待定,待定,公开数据集,https://musicbrainz.org/doc/MusicBrainz_Database,2026-08-31
Santana,Santana at Saratoga Performing Arts Center,,Saratoga Performing Arts Center,2019-08-23,待定,待定,公开数据集,https://musicbrainz.org/doc/MusicBrainz_Database,2026-08-31
,Le Guess Who? 2014,,,2014-11-20,待定,待定,公开数据集,https://musicbrainz.org/doc/MusicBrainz_Database,2026-08-31
,Provinssirock ’86,,,1986-06-07,待定,待定,公开数据集,https://musicbrainz.org/doc/MusicBrainz_Database,2026-08-31
,こみっく★トレジャー12,,,2008-09-07,待定,待定,公开数据集,https://musicbrainz.org/doc/MusicBrainz_Database,2026-08-31
Kathryn Stott,Festival de Lille 1993: [concert],,,1993-09-26,待定,待定,公开数据集,https://musicbrainz.org/doc/MusicBrainz_Database,2026-08-31
,Provinssirock 88,,,1988-06-04,待定,待定,公开数据集,https://musicbrainz.org/doc/MusicBrainz_Database,2026-08-31
AC/DC,AC/DC at Maple Leaf Gardens,,Maple Leaf Gardens,1981-12-11,待定,待定,公开数据集,https://musicbrainz.org/doc/MusicBrainz_Database,2026-08-31
The E Street Band,"2016‐06‐25: Ullevi, Gothenburg, Sweden",,Ullevi,2016-06-25,待定,待定,公开数据集,https://musicbrainz.org/doc/MusicBrainz_Database,2026-08-31
DJ Brett Rock,"2013 Bonnaroo Music Festival, day 3: Solar Stage",,The Solar Stage,2013-06-15,待定,待定,公开数据集,https://musicbrainz.org/doc/MusicBrainz_Database,2026-08-31
,"Later... with Jools Holland: Series 46, Episode 4",,Maidstone Studios,2015-05-09,待定,待定,公开数据集,https://musicbrainz.org/doc/MusicBrainz_Database,2026-08-31
KISS,KISS at The Coliseum,,Richfield Coliseum,1978-01-08,待定,待定,公开数据集,https://musicbrainz.org/doc/MusicBrainz_Database,2026-08-31
,紅月ノ宴,,,2006-09-03,待定,待定,公开数据集,https://musicbrainz.org/doc/MusicBrainz_Database,2026-08-31
Santana,Santana at Northwell Health at Jones Beach Theater,,Northwell Health at Jones Beach Theater,2019-08-25,待定,待定,公开数据集,https://musicbrainz.org/doc/MusicBrainz_Database,2026-08-31
,紅のひろば2,,東京都立産業貿易センター,2009-09-22,待定,待定,公开数据集,https://musicbrainz.org/doc/MusicBrainz_Database,2026-08-31
,Provinssi 91,,,1991-06-06,待定,待定,公开数据集,https://musicbrainz.org/doc/MusicBrainz_Database,2026-08-31
,"Later... with Jools Holland: Series 46, Episode 5",,Maidstone Studios,2015-05-15,待定,待定,公开数据集,https://musicbrainz.org/doc/MusicBrainz_Database,2026-08-31
Asgard,Asgard at Krepfei,,Krepfei,2018-04-07,待定,待定,公开数据集,https://musicbrainz.org/doc/MusicBrainz_Database,2026-08-31
,Provinssirock,,,1993-06-12,待定,待定,公开数据集,https://musicbrainz.org/doc/MusicBrainz_Database,2026-08-31
,Samen over de drempel,,,1999-12-16,待定,待定,公开数据集,https://musicbrainz.org/doc/MusicBrainz_Database,2026-08-31
J Solo Project,Play the Vetted Game,,Valhalla,2016-04-07,待定,待定,公开数据集,https://musicbrainz.org/doc/MusicBrainz_Database,2026-08-31
KISS,KISS at Taylor County Coliseum,,Taylor County Expo Center,1977-11-19,待定,待定,公开数据集,https://musicbrainz.org/doc/MusicBrainz_Database,2026-08-31
キツネDJ,エビバデ KON! KON! vol.1,,渋谷Milkyway,2019-02-10,待定,待定,公开数据集,https://musicbrainz.org/doc/MusicBrainz_Database,2026-08-31
Simply Red,"Later... with Jools Holland: Series 46, Episode 6",,Maidstone Studios,2015-05-22,待定,待定,公开数据集,https://musicbrainz.org/doc/MusicBrainz_Database,2026-08-31
Les Brünettes,Les Brünettes,,Apex,2014-11-18,待定,待定,公开数据集,https://musicbrainz.org/doc/MusicBrainz_Database,2026-08-31
,M3 Festa,,浜松町館,2008-11-24,待定,待定,公开数据集,https://musicbrainz.org/doc/MusicBrainz_Database,2026-08-31
工藤静香,工藤静香ファーストコンサート 静香はじめの一歩,,渋谷公会堂,1988-09-08,待定,待定,公开数据集,https://musicbrainz.org/doc/MusicBrainz_Database,2026-08-31
AC/DC,AC/DC at Massey Hall,,Massey Hall,1979-06-12,待定,待定,公开数据集,https://musicbrainz.org/doc/MusicBrainz_Database,2026-08-31
Anna Zherebtsova-Andreyeva,[concert],,,1915-01-17,待定,待定,公开数据集,https://musicbrainz.org/doc/MusicBrainz_Database,2026-08-31
KISS,KISS at Lubbock Municipal Coliseum,,Lubbock Municipal Coliseum,1977-11-20,待定,待定,公开数据集,https://musicbrainz.org/doc/MusicBrainz_Database,2026-08-31
,Provinssi 96,,,1996-06-08,待定,待定,公开数据集,https://musicbrainz.org/doc/MusicBrainz_Database,2026-08-31
,M3-2013秋,,東京流通センター,2013-10-27,待定,待定,公开数据集,https://musicbrainz.org/doc/MusicBrainz_Database,2026-08-31
Daryl Hall & John Oates,Daryl Hall & John Oates at North Island Credit Union Amphitheatre,,North Island Credit Union Amphitheatre,2020-05-31,待定,待定,公开数据集,https://musicbrainz.org/doc/MusicBrainz_Database,2026-08-31
Carlos Lopez Quartet,Carlos Lopez Quartet at Beach Gallery Cafe,,Beach Gallery Cafe,1981-09-26,待定,待定,公开数据集,https://musicbrainz.org/doc/MusicBrainz_Database,2026-08-31
宗谷いちか,Souya Ichika 1st Q 「 Re : 72 : 7 」,,池袋HUMAXシネマズ,2019-11-02,待定,待定,公开数据集,https://musicbrainz.org/doc/MusicBrainz_Database,2026-08-31
Emily and Jake,Emily and Jake at Alchemy,,,2018-05-10,待定,待定,公开数据集,https://musicbrainz.org/doc/MusicBrainz_Database,2026-08-31
The Cure,The Cure in Vancouver,,Rogers Arena,2007-10-09,待定,待定,公开数据集,https://musicbrainz.org/doc/MusicBrainz_Database,2026-08-31
Guided by Voices,Guided by Voices at Irving Plaza,,Irving Plaza,2002-07-16,待定,待定,公开数据集,https://musicbrainz.org/doc/MusicBrainz_Database,2026-08-31
Pale Green Pants,"MusicfestNW 2001, day 2: Dante's",,Dante's,2001-09-21,待定,待定,公开数据集,https://musicbrainz.org/doc/MusicBrainz_Database,2026-08-31
Sub Dub Micromachine,"Wacken Open Air 2017, Day 3: Wasteland Stage",,Wasteland Stage,2017-08-05,待定,待定,公开数据集,https://musicbrainz.org/doc/MusicBrainz_Database,2026-08-31
,"Summerfest 2009, Day 1",,Henry W. Maier Festival Park,2009-06-25,待定,待定,公开数据集,https://musicbrainz.org/doc/MusicBrainz_Database,2026-08-31
Galahad,"The Thomas Tripp Belgian Beer Festival 2014, Day 3",,Thomas Tripp,2014-04-27,待定,待定,公开数据集,https://musicbrainz.org/doc/MusicBrainz_Database,2026-08-31
THE ALFEE,THE ALFEE at ホクト文化ホール,,ホクト文化ホール 大ホール,2014-10-26,待定,待定,公开数据集,https://musicbrainz.org/doc/MusicBrainz_Database,2026-08-31
Sextile,Sextile / Bring Her / Death Instinct & DJ Erica Scary,,Brillobox,2017-09-09,待定,待定,公开数据集,https://musicbrainz.org/doc/MusicBrainz_Database,2026-08-31
黒夢,TOUR Many SEX Years vol.5// CORKSCREW A GO GO! @ 新潟PHASE,,新潟フェイズ,1998-11-10,待定,待定,公开数据集,https://musicbrainz.org/doc/MusicBrainz_Database,2026-08-31
Reno Valay,Jam for Justice presents: Let's CAUSE a Party!,,,2012-07-28,待定,待定,公开数据集,https://musicbrainz.org/doc/MusicBrainz_Database,2026-08-31
黒夢,「1996 FAKE STAR’S CIRCUIT」@ 岡山市民文化ホール,,岡山市立市民文化ホール,1996-06-27,待定,待定,公开数据集,https://musicbrainz.org/doc/MusicBrainz_Database,2026-08-31
,San Diego Comic-Con International 2015,,San Diego Convention Center,2015-07-09,待定,待定,公开数据集,https://musicbrainz.org/doc/MusicBrainz_Database,2026-08-31
,Gonerfest 17,,,2020,待定,待定,公开数据集,https://musicbrainz.org/doc/MusicBrainz_Database,2026-08-31
黒夢,TOUR Many SEX Years vol.5// CORKSCREW A GO GO! @ 新潟PHASE,,新潟フェイズ,1998-11-11,待定,待定,公开数据集,https://musicbrainz.org/doc/MusicBrainz_Database,2026-08-31
KISS,KISS at The Centrum,,DCU Center,1984-11-23,待定,待定,公开数据集,https://musicbrainz.org/doc/MusicBrainz_Database,2026-08-31
DIR EN GREY,DUM SPIRO SPERO,,日本武道館,2014-03-08,待定,待定,公开数据集,https://musicbrainz.org/doc/MusicBrainz_Database,2026-08-31
The Blushing Brides,The Blushing Brides at El Mocambo,,El Mocambo,1981-10-03,待定,待定,公开数据集,https://musicbrainz.org/doc/MusicBrainz_Database,2026-08-31
,Savonlinnan oopperajuhlat 2012,,,2012-07-05,待定,待定,公开数据集,https://musicbrainz.org/doc/MusicBrainz_Database,2026-08-31
Acrnym,Cosmic fest breakcore,,Cattivo,2017-09-15,待定,待定,公开数据集,https://musicbrainz.org/doc/MusicBrainz_Database,2026-08-31
Laset,Electro-Pop at the Paper Box,,The Paper Box,2015-09-16,待定,待定,公开数据集,https://musicbrainz.org/doc/MusicBrainz_Database,2026-08-31
Tracy Chapman,Bob Dylan and Tracy Chapman at Champs de Brionne Music Theatre,,The Gorge Amphitheatre,1988-08-20,待定,待定,公开数据集,https://musicbrainz.org/doc/MusicBrainz_Database,2026-08-31
Bhi Bhiman,"2012 Bonnaroo Music Festival, Day 3: Café Where",,Café Where,2012-06-09,待定,待定,公开数据集,https://musicbrainz.org/doc/MusicBrainz_Database,2026-08-31
Rick Santers,Rick Santers at Hollywood Tavern,,Hollywood Tavern,1981-10-03,待定,待定,公开数据集,https://musicbrainz.org/doc/MusicBrainz_Database,2026-08-31
The Service Industry,"SXSW 2007, day 3: Molotov Lounge",,Molotov Lounge,2007-03-15,待定,待定,公开数据集,https://musicbrainz.org/doc/MusicBrainz_Database,2026-08-31
Anaïs Mitchell,"SXSW 2007, day 3: Momo’s",,Momo’s,2007-03-15,待定,待定,公开数据集,https://musicbrainz.org/doc/MusicBrainz_Database,2026-08-31
Slum Village,Slum Village in Toronto,,Phoenix Concert Theatre,2003-05-13,待定,待定,公开数据集,https://musicbrainz.org/doc/MusicBrainz_Database,2026-08-31
DJ Damon,"SXSW 2000, day 2: Spiro's",,Spiro’s,2000-03-16,待定,待定,公开数据集,https://musicbrainz.org/doc/MusicBrainz_Database,2026-08-31
黒夢,TOUR Many SEX Years vol.5// CORKSCREW A GO GO! @ 岐阜CASPER,,岐阜CASPER,1998-07-20,待定,待定,公开数据集,https://musicbrainz.org/doc/MusicBrainz_Database,2026-08-31
l’Artiste ordinaire,Ab Uno Pluribus 18-03-24,,Waverly Building,2018-03-24,待定,待定,公开数据集,https://musicbrainz.org/doc/MusicBrainz_Database,2026-08-31
Aleksander Vakoulsky,[concert],,,2000-01-27,待定,待定,公开数据集,https://musicbrainz.org/doc/MusicBrainz_Database,2026-08-31
ももいろクローバーZ,「MomocloMania2019 -ROAD TO 2020- 史上最大のプレ開会式」 DAY2,,ベルーナドーム,2019-08-04,待定,待定,公开数据集,https://musicbrainz.org/doc/MusicBrainz_Database,2026-08-31
Van der Graaf Generator,Van der Graaf Generator at La Ferme V,,La Ferme V,1971-04-04,待定,待定,公开数据集,https://musicbrainz.org/doc/MusicBrainz_Database,2026-08-31
黒夢,TOUR Many SEX Years vol.5// CORKSCREW A GO GO! @ 松本文化会館,,キッセイ文化ホール,1998-07-25,待定,待定,公开数据集,https://musicbrainz.org/doc/MusicBrainz_Database,2026-08-31
Kotiteollisuus,Rock the Beach,,Radio Rock -lava,2013-06-29,待定,待定,公开数据集,https://musicbrainz.org/doc/MusicBrainz_Database,2026-08-31
The 1992–93 World Tour Band,"1992‐10‐06: ARCO Arena, Sacramento, CA, USA",,ARCO Arena,1992-10-06,待定,待定,公开数据集,https://musicbrainz.org/doc/MusicBrainz_Database,2026-08-31
Galahad,Galahad at 141 Rock Club,,141 Rock Club,1986-03-29,待定,待定,公开数据集,https://musicbrainz.org/doc/MusicBrainz_Database,2026-08-31
Eddie Trunk,Rocklahoma 2020,,Rocklahoma Festival Grounds,2020-05-22,待定,待定,公开数据集,https://musicbrainz.org/doc/MusicBrainz_Database,2026-08-31
Merzbow,Merzbow at Riverside Theatre,,Riverside Theatre,2012-05-11,待定,待定,公开数据集,https://musicbrainz.org/doc/MusicBrainz_Database,2026-08-31
黒夢,TOUR Many SEX Years vol.5// CORKSCREW A GO GO! @ 高松市民会館,,高松市民会館,1998-10-03,待定,待定,公开数据集,https://musicbrainz.org/doc/MusicBrainz_Database,2026-08-31
Trans‐Siberian Orchestra,Trans‐Siberian Orchestra at Big Box,,bigBOX Allgäu,2014-01-28,待定,待定,公开数据集,https://musicbrainz.org/doc/MusicBrainz_Database,2026-08-31
Makueto Groove,"New Orleans Jazz & Heritage Festival 2019, Day 1: Cultural Exchange Pavilion World Journey",,Cultural Exchange Pavilion World Journey,2019-04-25,待定,待定,公开数据集,https://musicbrainz.org/doc/MusicBrainz_Database,2026-08-31
The 1992–93 World Tour Band,"1992‐10‐28: St. Louis Arena, St. Louis, MO, USA",,St. Louis Arena,1992-10-28,待定,待定,公开数据集,https://musicbrainz.org/doc/MusicBrainz_Database,2026-08-31
黒夢,TOUR Many SEX Years vol.5// CORKSCREW A GO GO! @ 宇都宮HELP,,宇都宮HELP,1998-11-17,待定,待定,公开数据集,https://musicbrainz.org/doc/MusicBrainz_Database,2026-08-31
,Usedom Festival,,Kaisersaal Hotel Maritim,2014-10,待定,待定,公开数据集,https://musicbrainz.org/doc/MusicBrainz_Database,2026-08-31
Soft Target,Nothing Changes 2016-02-24,,Home Sweet Home,2016-02-24,待定,待定,公开数据集,https://musicbrainz.org/doc/MusicBrainz_Database,2026-08-31
Scorpio Rising,"SXSW 2010, day 2: The Ghost Room",,The Ghost Room,2010-03-18,待定,待定,公开数据集,https://musicbrainz.org/doc/MusicBrainz_Database,2026-08-31
黒夢,TOUR Many SEX Years vol.5// CORKSCREW A GO GO! @ 栃木県総合文化センター,,栃木県総合文化センター,1998-11-18,待定,待定,公开数据集,https://musicbrainz.org/doc/MusicBrainz_Database,2026-08-31
Lars Edegran Trio,"New Orleans Jazz & Heritage Festival 2019, Day 1: AARP Rhythmporium",,AARP Rhythmporium,2019-04-25,待定,待定,公开数据集,https://musicbrainz.org/doc/MusicBrainz_Database,2026-08-31
Yo La Tengo,Yo La Tengo's Happy Hanukkah 2008,,Maxwell’s,2008-12-21,待定,待定,公开数据集,https://musicbrainz.org/doc/MusicBrainz_Database,2026-08-31
黒夢,TOUR Many SEX Years vol.5// CORKSCREW A GO GO! @ 函館金森ホール,,金森ホール,1998-11-20,待定,待定,公开数据集,https://musicbrainz.org/doc/MusicBrainz_Database,2026-08-31
The 1992–93 World Tour Band,"1992‐10‐15: Pacific Coliseum, Vancouver, BC, Canada",,Pacific Coliseum,1992-10-15,待定,待定,公开数据集,https://musicbrainz.org/doc/MusicBrainz_Database,2026-08-31
Trans‐Siberian Orchestra,Trans‐Siberian Orchestra at Peoria Civic Center,,Carver Arena,2012-11-15,待定,待定,公开数据集,https://musicbrainz.org/doc/MusicBrainz_Database,2026-08-31
Warm Jets,Warm Jets in Glasgow,,King Tut’s Wah Wah Hut,1998-03-13,待定,待定,公开数据集,https://musicbrainz.org/doc/MusicBrainz_Database,2026-08-31
黒夢,TOUR Many SEX Years vol.5// CORKSCREW A GO GO! @ 福岡DRUM LOGOS,,福岡DRUM LOGOS,1998-10-12,待定,待定,公开数据集,https://musicbrainz.org/doc/MusicBrainz_Database,2026-08-31
Nik Kershaw,Nik Kershaw at Christuskirche Bochum,,Christuskirche Bochum,2018-07-27,待定,待定,公开数据集,https://musicbrainz.org/doc/MusicBrainz_Database,2026-08-31
,KSHE Pig Roast: The Hair Edition,,Hollywood Casino Amphitheatre,2020-06-07,待定,待定,公开数据集,https://musicbrainz.org/doc/MusicBrainz_Database,2026-08-31
黒夢,TOUR Many SEX Years vol.5// CORKSCREW A GO GO! @ 沖縄ヒューマンステージ,,宜野湾HUMAN STAGE,1998-10-16,待定,待定,公开数据集,https://musicbrainz.org/doc/MusicBrainz_Database,2026-08-31
Ani DiFranco,"Cisco Systems Bluesfest 2009, Day 5",,LeBreton Flats Park,2009-07-12,待定,待定,公开数据集,https://musicbrainz.org/doc/MusicBrainz_Database,2026-08-31
Warm Jets,Warm Jets in Sheffield,,Sheffield University Foundry,1998-03-17,待定,待定,公开数据集,https://musicbrainz.org/doc/MusicBrainz_Database,2026-08-31
Ms. Fridrich,RANT 2017 Saturday @ New Amsterdam inside,,,2017-09-02,待定,待定,公开数据集,https://musicbrainz.org/doc/MusicBrainz_Database,2026-08-31
The 1992–93 World Tour Band,"1992‐10‐17: Olympic Saddledome, Calgary, AB, Canada",,Scotiabank Saddledome,1992-10-17,待定,待定,公开数据集,https://musicbrainz.org/doc/MusicBrainz_Database,2026-08-31
Daddy Mack,"Cisco Systems Bluesfest 2009, Day 12",,LeBreton Flats Park,2009-07-19,待定,待定,公开数据集,https://musicbrainz.org/doc/MusicBrainz_Database,2026-08-31
KISS,KISS at New Haven Veterans Memorial Coliseum,,New Haven Veterans Memorial Coliseum,1984-11-24,待定,待定,公开数据集,https://musicbrainz.org/doc/MusicBrainz_Database,2026-08-31
Barclay James Harvest featuring Les Holroyd,Barclay James Harvest feat. Les Holroyd at Lichtburg,,Lichtburg,2018-03-27,待定,待定,公开数据集,https://musicbrainz.org/doc/MusicBrainz_Database,2026-08-31
,Cisco Systems Bluesfest 2009,,LeBreton Flats Park,2009-07-08,待定,待定,公开数据集,https://musicbrainz.org/doc/MusicBrainz_Database,2026-08-31
Santiman & Garifuna Generation,"New Orleans Jazz & Heritage Festival 2019, Day 2: Cultural Exchange Pavilion World Journey",,Cultural Exchange Pavilion World Journey,2019-04-26,待定,待定,公开数据集,https://musicbrainz.org/doc/MusicBrainz_Database,2026-08-31
Józef Hofmann,[concert],,Alte Philharmonie,1895-03-04,待定,待定,公开数据集,https://musicbrainz.org/doc/MusicBrainz_Database,2026-08-31
KISS,KISS at The Spectrum,,Wachovia Spectrum,1984-11-25,待定,待定,公开数据集,https://musicbrainz.org/doc/MusicBrainz_Database,2026-08-31
黒夢,TOUR Many SEX Years vol.5// CORKSCREW A GO GO! @ 島根県民会館,,島根県民会館,1998-11-26,待定,待定,公开数据集,https://musicbrainz.org/doc/MusicBrainz_Database,2026-08-31
The 1992–93 World Tour Band,"1992‐11‐03: Bradley Center, Milwaukee, WI, USA",,BMO Harris Bradley Center,1992-11-03,待定,待定,公开数据集,https://musicbrainz.org/doc/MusicBrainz_Database,2026-08-31
黒夢,TOUR Many SEX Years vol.5// CORKSCREW A GO GO! @ 米子Fan Fernandes,,米子Fan Fernandes,1998-11-27,待定,待定,公开数据集,https://musicbrainz.org/doc/MusicBrainz_Database,2026-08-31
Albert Wolff,[concert],,Théâtre Mogador,1926-10-30,待定,待定,公开数据集,https://musicbrainz.org/doc/MusicBrainz_Database,2026-08-31
KISS,KISS at Nassau Veterans Memorial Coliseum,,Nassau Veterans Memorial Coliseum,1984-11-26,待定,待定,公开数据集,https://musicbrainz.org/doc/MusicBrainz_Database,2026-08-31
The Main Squeeze,"2012 Bonnaroo Music Festival, Day 3: The Great Taste Lounge Brewed by Miller Lite",,The Great Taste Lounge,2012-06-09,待定,待定,公开数据集,https://musicbrainz.org/doc/MusicBrainz_Database,2026-08-31
KISS,KISS at Baltimore Civic Center,,CFG Bank Arena,1984-11-27,待定,待定,公开数据集,https://musicbrainz.org/doc/MusicBrainz_Database,2026-08-31
Grave Digger,Grave Digger at DirecTV Hall,,,2005-05-07,待定,待定,公开数据集,https://musicbrainz.org/doc/MusicBrainz_Database,2026-08-31
The 1992–93 World Tour Band,"1992‐11‐05: SkyDome, Toronto, ON, Canada",,Rogers Centre,1992-11-05,待定,待定,公开数据集,https://musicbrainz.org/doc/MusicBrainz_Database,2026-08-31
KISS,KISS at Mid–Hudson Civic Center,,Majed J. Nesheiwat Convention Center,1984-11-28,待定,待定,公开数据集,https://musicbrainz.org/doc/MusicBrainz_Database,2026-08-31
黒夢,TOUR Many SEX Years vol.5// CORKSCREW A GO GO! @ 岡山PEPPERLAND,,PEPPERLAND,1998-11-28,待定,待定,公开数据集,https://musicbrainz.org/doc/MusicBrainz_Database,2026-08-31
The E Street Band,"1980‐11‐05: ASU Activity Center, Arizona State University, Tempe, AZ, USA",,Desert Financial Arena,1980-11-05,待定,待定,公开数据集,https://musicbrainz.org/doc/MusicBrainz_Database,2026-08-31
The 1992–93 World Tour Band,"1992‐11‐06: SkyDome, Toronto, ON, Canada",,Rogers Centre,1992-11-06,待定,待定,公开数据集,https://musicbrainz.org/doc/MusicBrainz_Database,2026-08-31
KISS,KISS at Broome County Veterans Memorial Arena,,Visions Federal Credit Union Veterans Memorial Arena,1984-11-29,待定,待定,公开数据集,https://musicbrainz.org/doc/MusicBrainz_Database,2026-08-31
黒夢,TOUR Many SEX Years vol.5// CORKSCREW A GO GO! @ 大阪厚生年金会館,,大阪厚生年金会館 大ホール,1998-11-30,待定,待定,公开数据集,https://musicbrainz.org/doc/MusicBrainz_Database,2026-08-31
Los Suaves,La noche más suave,,Recinto festivo La Ería,2015-09-11,待定,待定,公开数据集,https://musicbrainz.org/doc/MusicBrainz_Database,2026-08-31
KISS,KISS at Market Square Arena,,Market Square Arena,1984-12-02,待定,待定,公开数据集,https://musicbrainz.org/doc/MusicBrainz_Database,2026-08-31
The 1992–93 World Tour Band,"1992‐11‐09: Nassau Veterans Memorial Coliseum, Uniondale, NY, USA",,Nassau Veterans Memorial Coliseum,1992-11-09,待定,待定,公开数据集,https://musicbrainz.org/doc/MusicBrainz_Database,2026-08-31
Hans‐Joachim Roedelius,FAQ Festival 2018-03-22,,,2018-03-22,待定,待定,公开数据集,https://musicbrainz.org/doc/MusicBrainz_Database,2026-08-31
The Main Street Gospel,"SXSW 2010, day 2: Habana Calle 6",,Habana Calle 6,2010-03-18,待定,待定,公开数据集,https://musicbrainz.org/doc/MusicBrainz_Database,2026-08-31
"Earth, Wind & Fire","Santana and Earth, Wind & Fire at North Island Credit Union Amphitheatre",,North Island Credit Union Amphitheatre,2020-06-19,待定,待定,公开数据集,https://musicbrainz.org/doc/MusicBrainz_Database,2026-08-31
Animal Liberation Orchestra,"2012 Bonnaroo Music Festival, Day 3: The Solar Stage",,The Solar Stage,2012-06-09,待定,待定,公开数据集,https://musicbrainz.org/doc/MusicBrainz_Database,2026-08-31
黒夢,TOUR Many SEX Years vol.5// CORKSCREW A GO GO! @ 大阪厚生年金会館,,大阪厚生年金会館 大ホール,1998-12-01,待定,待定,公开数据集,https://musicbrainz.org/doc/MusicBrainz_Database,2026-08-31
KISS,KISS at Kiel Auditorium,,Kiel Auditorium,1984-12-04,待定,待定,公开数据集,https://musicbrainz.org/doc/MusicBrainz_Database,2026-08-31
,Концерт в ГЦКЗ «Россия»,,ГЦКЗ «Россия»,1988-08-06,待定,待定,公开数据集,https://musicbrainz.org/doc/MusicBrainz_Database,2026-08-31
,Elektroanschlag 2018,,,2018-04-06,待定,待定,公开数据集,https://musicbrainz.org/doc/MusicBrainz_Database,2026-08-31
KISS,KISS at Roberts Municipal Stadium,,Roberts Municipal Stadium,1984-12-05,待定,待定,公开数据集,https://musicbrainz.org/doc/MusicBrainz_Database,2026-08-31
Wyllys,"2012 Bonnaroo Music Festival, Day 3: The Silent Disco powered by Philips Citiscape Collection",,The Silent Disco,2012-06-09,待定,待定,公开数据集,https://musicbrainz.org/doc/MusicBrainz_Database,2026-08-31
"Earth, Wind & Fire","Santana and Earth, Wind & Fire at Banc of California Stadium",,BMO Stadium,2020-06-20,待定,待定,公开数据集,https://musicbrainz.org/doc/MusicBrainz_Database,2026-08-31
Evelina De Lain,Evelilna De Lain (piano),,Royal Overseas League,,待定,待定,公开数据集,https://musicbrainz.org/doc/MusicBrainz_Database,2026-08-31
黒夢,TOUR Many SEX Years vol.5// CORKSCREW A GO GO! @ 石川厚生年金会館,,北陸電力会館 本多の森ホール,1998-12-03,待定,待定,公开数据集,https://musicbrainz.org/doc/MusicBrainz_Database,2026-08-31
KISS,KISS at Hulman Center,,Hulman Center,1984-12-06,待定,待定,公开数据集,https://musicbrainz.org/doc/MusicBrainz_Database,2026-08-31
Kansas,Kansas at Keswick Theatre,,Keswick Theatre,2018-10-05,待定,待定,公开数据集,https://musicbrainz.org/doc/MusicBrainz_Database,2026-08-31
The 1992–93 World Tour Band,"1992‐11‐13: Carrier Dome, Syracuse, NY, USA",,Carrier Dome,1992-11-13,待定,待定,公开数据集,https://musicbrainz.org/doc/MusicBrainz_Database,2026-08-31
Santana,"Santana and Earth, Wind & Fire at Shoreline Amphitheatre",,Shoreline Amphitheatre,2020-06-23,待定,待定,公开数据集,https://musicbrainz.org/doc/MusicBrainz_Database,2026-08-31
KISS,KISS at Allen County War Memorial Coliseum,,Allen County War Memorial Coliseum,1984-12-07,待定,待定,公开数据集,https://musicbrainz.org/doc/MusicBrainz_Database,2026-08-31
Buddy Tate,Buddy Tate at Lytes,,Lytes,1981-10-03,待定,待定,公开数据集,https://musicbrainz.org/doc/MusicBrainz_Database,2026-08-31
LRJ,"SXSW 2005, day 2: The Vibe",,The Vibe,2005-03-17,待定,待定,公开数据集,https://musicbrainz.org/doc/MusicBrainz_Database,2026-08-31
Marten Kuningas,"""Praktiline mees"" esitlus",,Genialistide Klubi,2014-09-09,待定,待定,公开数据集,https://musicbrainz.org/doc/MusicBrainz_Database,2026-08-31
Cherry Moon Legends,"Lokerse Feesten 2017, Day 9: Red Bull Elektropedia Room",,Red Bull Elektropedia Room,2017-08-12,待定,待定,公开数据集,https://musicbrainz.org/doc/MusicBrainz_Database,2026-08-31
Paul Silverthorne,Helsinki Biennale 1995: [concert],,,1995-03-11,待定,待定,公开数据集,https://musicbrainz.org/doc/MusicBrainz_Database,2026-08-31
Def Leppard,Def Leppard at USANA Amphitheatre,,Utah First Credit Union Amphitheatre,2017-06-19,待定,待定,公开数据集,https://musicbrainz.org/doc/MusicBrainz_Database,2026-08-31
Patti Scialfa,"2014‐04‐10: Barclays Center, Brooklyn, NY, USA",,Barclays Center,2014-04-10,待定,待定,公开数据集,https://musicbrainz.org/doc/MusicBrainz_Database,2026-08-31
Assassinate the Following,"Canadian Music Fest 2010, day 3: Bovine Sex Club",,Bovine Sex Club,2010-03-12,待定,待定,公开数据集,https://musicbrainz.org/doc/MusicBrainz_Database,2026-08-31
Trans‐Siberian Orchestra,Trans‐Siberian Orchestra at Lawlor Events Center,,Lawlor Events Center,2007-11-24,待定,待定,公开数据集,https://musicbrainz.org/doc/MusicBrainz_Database,2026-08-31
,Musica nova Helsinki 2017,,,2017-02-01,待定,待定,公开数据集,https://musicbrainz.org/doc/MusicBrainz_Database,2026-08-31
Def Leppard,Def Leppard at Sprint Center,,T‐Mobile Center,2017-06-21,待定,待定,公开数据集,https://musicbrainz.org/doc/MusicBrainz_Database,2026-08-31
Bun B,Bun B / Marcus Money,,18th Street Pier,2015-02-20,待定,待定,公开数据集,https://musicbrainz.org/doc/MusicBrainz_Database,2026-08-31
Buddy Tate,Buddy Tate at Lytes,,Lytes,1981-10-07,待定,待定,公开数据集,https://musicbrainz.org/doc/MusicBrainz_Database,2026-08-31
KISS,KISS at Rhein-Neckar-Halle,,Rhein-Neckar-Halle,1980-06-18,待定,待定,公开数据集,https://musicbrainz.org/doc/MusicBrainz_Database,2026-08-31
Buddy Tate,Buddy Tate at Lytes,,Lytes,1981-10-08,待定,待定,公开数据集,https://musicbrainz.org/doc/MusicBrainz_Database,2026-08-31
Trans‐Siberian Orchestra,Trans‐Siberian Orchestra at ARCO Arena,,ARCO Arena,2007-11-25,待定,待定,公开数据集,https://musicbrainz.org/doc/MusicBrainz_Database,2026-08-31
KISS,KISS at Sporthalle,,Sporthalle Köln,1980-06-20,待定,待定,公开数据集,https://musicbrainz.org/doc/MusicBrainz_Database,2026-08-31
Trans‐Siberian Orchestra,Trans‐Siberian Orchestra at ARCO Arena,,ARCO Arena,2007-11-25,待定,待定,公开数据集,https://musicbrainz.org/doc/MusicBrainz_Database,2026-08-31
Def Leppard,Def Leppard at Hollywood Casino Amphitheatre,,Credit Union 1 Amphitheatre,2017-06-24,待定,待定,公开数据集,https://musicbrainz.org/doc/MusicBrainz_Database,2026-08-31
,Greenbelt Festival 1985,,Greenbelt Festival Grounds,1985-08-22,待定,待定,公开数据集,https://musicbrainz.org/doc/MusicBrainz_Database,2026-08-31
,Autunnale 1997,,,1997,待定,待定,公开数据集,https://musicbrainz.org/doc/MusicBrainz_Database,2026-08-31
Trans‐Siberian Orchestra,Trans‐Siberian Orchestra at HSBC Arena,,KeyBank Center,2007-11-25,待定,待定,公开数据集,https://musicbrainz.org/doc/MusicBrainz_Database,2026-08-31
Lil’ KeKe,Lil Keke CD Release Party,,18th Street Pier,2014-04-11,待定,待定,公开数据集,https://musicbrainz.org/doc/MusicBrainz_Database,2026-08-31
KISS,KISS at Stadthalle,,ÖVB-Arena,1980-06-22,待定,待定,公开数据集,https://musicbrainz.org/doc/MusicBrainz_Database,2026-08-31
Dr. McJazz,Dr. McJazz at Chick 'n' Deli,,Chick 'n' Deli,1981-09-28,待定,待定,公开数据集,https://musicbrainz.org/doc/MusicBrainz_Database,2026-08-31
Trans‐Siberian Orchestra,Trans‐Siberian Orchestra at Air Canada Centre,,Scotiabank Arena,2007-11-26,待定,待定,公开数据集,https://musicbrainz.org/doc/MusicBrainz_Database,2026-08-31
Håkon Nilsen,Autunnale 1997: [concert],,,1997-11-07,待定,待定,公开数据集,https://musicbrainz.org/doc/MusicBrainz_Database,2026-08-31
Medina Azahara,Medina Azahara at Fiesta de Monforte de Lemos,,Campo de Compañía,2002-08-14,待定,待定,公开数据集,https://musicbrainz.org/doc/MusicBrainz_Database,2026-08-31
Cornell Campbell,Dub Club Presents Cornell Campbell backed by Fully Fullwood Band and Gappy Ranks backed by 7th Street Band + Echodelic DJs,,The Echoplex,2013-06-26,待定,待定,公开数据集,https://musicbrainz.org/doc/MusicBrainz_Database,2026-08-31
Paul Wall,H-Town Labor Day Bash,,Toc Bar,2013-08-30,待定,待定,公开数据集,https://musicbrainz.org/doc/MusicBrainz_Database,2026-08-31
Denis Patković,[concert],,,2006-06-11,待定,待定,公开数据集,https://musicbrainz.org/doc/MusicBrainz_Database,2026-08-31
Black Uhuru,"The Roxy Theatre presents Black Uhuru With Mike Pinto, Magic!",,The Roxy Theatre,2013-11-30,待定,待定,公开数据集,https://musicbrainz.org/doc/MusicBrainz_Database,2026-08-31
