artist_name,concert_name,city,venue,show_time,price_text,sale_status,source_type,source_url,collected_at
陈楚生荒芜之境,[苏州]陈楚生荒芜之境2026巡回演唱会,苏州,苏州奥体中心体育场,2026.09.12 19:00,,预售中,爬虫采集,https://www.piaoniu.com/activity/780632,2026-08-31
陈楚生 荒芜之境,[贵阳]陈楚生2026荒芜之境巡回演唱会,贵阳,贵阳奥林匹克体育中心体育场,2026.10.02 19:30,,预售中,爬虫采集,https://www.piaoniu.com/activity/782602,2026-08-31
张韶涵,[赣州]张韶涵2026「玩家」巡回演唱会,赣州,,2026.10.24 赣州市全民健身中心,,预售中,爬虫采集,https://www.piaoniu.com/activity/774860,2026-08-31
张杰,[赣州][代拍费]张杰2026巡回演唱会,赣州,,演出筹备中，时间待定 场馆待定,,预售中,爬虫采集,https://www.piaoniu.com/activity/765022,2026-08-31
陈小春 BIGMAN人一個,[深圳]陈小春 2026 BIGMAN人一個 巡回演唱会,深圳,华润深圳湾体育中心＂春茧＂体育馆,2026.10.06 19:00,,预售中,爬虫采集,https://www.piaoniu.com/activity/782704,2026-08-31
陈小春 BIGMAN人一个,[沈阳]陈小春2026BIGMAN人一个巡回演唱会,沈阳,辽宁体育馆,2026.09.26 -,,预售中,爬虫采集,https://www.piaoniu.com/activity/774854,2026-08-31
陈小春 BIGMAN人一個,[哈尔滨]陈小春2026 BIGMAN人一個 巡回演唱会,哈尔滨,哈尔滨会展中心亚冬馆,2026.09.13 19:00,,预售中,爬虫采集,https://www.piaoniu.com/activity/776491,2026-08-31
Ella陈嘉桦 It's Me艾拉主意,[郑州]Ella陈嘉桦2026It's Me艾拉主意巡回演唱会,郑州,郑州奥林匹克体育中心 洋河·梦之蓝体育馆,2026.11.07 19:00,,预售中,爬虫采集,https://www.piaoniu.com/activity/780334,2026-08-31
陈小春 BIGMAN人一個,[西安] 陈小春2026 BIGMAN人一個 巡回演唱会,西安,西安奥体中心体育馆,2026.10.31 19:00,,预售中,爬虫采集,https://www.piaoniu.com/activity/782939,2026-08-31
ELLA陈嘉桦It'sMe艾拉主意,[乌鲁木齐]ELLA陈嘉桦It'sMe艾拉主意巡回演唱会,乌鲁木齐,乌鲁木齐奥体中心体育馆,2026.10.24 21:00,,预售中,爬虫采集,https://www.piaoniu.com/activity/784206,2026-08-31
ELLA陈嘉桦It'sMe艾拉主意,[东莞]ELLA陈嘉桦It'sMe艾拉主意巡回演唱会,东莞,东莞银行篮球中心(原东莞篮球中心),2026.09.26 -,,预售中,爬虫采集,https://www.piaoniu.com/activity/783794,2026-08-31
Ella陈嘉桦It's Me艾拉主意,[宁波]Ella陈嘉桦It's Me艾拉主意演唱会,宁波,宁波奥体中心体育馆,2026.10.11 19:00,,预售中,爬虫采集,https://www.piaoniu.com/activity/783166,2026-08-31
Ella陈嘉桦 It's Me艾拉主意,[太原]Ella陈嘉桦2026It's Me艾拉主意巡回演唱会,太原,山西体育中心汾酒体育馆,2026.09.12 19:30,,预售中,爬虫采集,https://www.piaoniu.com/activity/770932,2026-08-31
陈小春 BIGMAN人一个,[天津]陈小春2026BIGMAN人一个 巡回演唱会,天津,奥体中心体育馆,2026.09.19 -,,预售中,爬虫采集,https://www.piaoniu.com/activity/775396,2026-08-31
声名大造SUPER,[沈阳]声名大造SUPER LIVE巡回演唱会,沈阳,铁西体育场,2026.09.05 19:30,,预售中,爬虫采集,https://www.piaoniu.com/activity/782854,2026-08-31
陈慧琳/潘玮柏/海来阿木/张远,[茂名][陈慧琳/潘玮柏/海来阿木/张远]歌临其境超级演唱会茂名站,茂名,茂名奥体中心体育场,2026.09.26 19:30,,预售中,爬虫采集,https://www.piaoniu.com/activity/783821,2026-08-31
陈洁丽,[东莞]陈洁丽《你happy我也Happy》 演唱会,东莞,太空间东莞,2026.09.12 20:00,,预售中,爬虫采集,https://www.piaoniu.com/activity/782941,2026-08-31
陶喆/陈粒/陈楚生/许巍,[泸州][陶喆/陈粒/陈楚生/许巍]泸州酒要会·超级银河左岸音乐节,泸州,泸州蓝田机场,2026.10.03 -,,预售中,爬虫采集,https://www.piaoniu.com/activity/784418,2026-08-31
陈慧娴/林宥嘉/杨宗纬,[昆明][陈慧娴/林宥嘉/杨宗纬]裕贡之夜巨星演唱会-昆明站,昆明,昆明·滇池音乐广场,2026.09.04 19:00,,预售中,爬虫采集,https://www.piaoniu.com/activity/784173,2026-08-31
范玮琪/李圣杰陈势安/周蕙/邰正宵,[贵港][范玮琪/李圣杰陈势安/周蕙/邰正宵]2026 声韵时光 演唱会,贵港,贵港市体育中心体育场,2026.10.06 20:00,,预售中,爬虫采集,https://www.piaoniu.com/activity/784273,2026-08-31
,[北京]【交响·视听·演唱】沧海一声笑武侠影视金曲视听交响演唱会 | 笑傲江湖 | 神雕侠侣,北京,五棵松·爱乐汇艺术空间·都市剧场,2026.10.25 19:30,,预售中,爬虫采集,https://www.piaoniu.com/activity/782311,2026-08-31
王俊凯,[北京][代拍费]王俊凯「当·潮汐漫溢」巡回演唱会,北京,· 润百颜ECM中心,演出筹备中，时间待定 华熙生物,,预售中,爬虫采集,https://www.piaoniu.com/activity/784140,2026-08-31
声名大造SUPER,[天津]声名大造SUPER LIVE巡回演唱会,天津,泰达足球场,2026.09.19 19:30,,预售中,爬虫采集,https://www.piaoniu.com/activity/781933,2026-08-31
周杰伦 -27嘉年华,[中国香港][预定金]周杰伦2026-27嘉年华巡回演唱会,中国香港,,场次待官宣，敬请期待~ 场馆待定,,预售中,爬虫采集,https://www.piaoniu.com/activity/783291,2026-08-31
周杰伦,[广州][代拍费]周杰伦2026《时光机》 演唱会,广州,,2026.12.04 场馆待定,,预售中,爬虫采集,https://www.piaoniu.com/activity/767745,2026-08-31
徐良时间折叠,[北京][代拍费]徐良时间折叠巡回演唱会,北京,· 润百颜ECM中心,2026.10.01 华熙生物,,预售中,爬虫采集,https://www.piaoniu.com/activity/772471,2026-08-31
光良不会分离·今晚我不孤独3.0⁺,[广州]光良不会分离·今晚我不孤独3.0⁺巡回演唱会,广州,宝能广州国际体育演艺中心,2026.09.12 19:00,,预售中,爬虫采集,https://www.piaoniu.com/activity/779916,2026-08-31
光良 不会分离·今晚我不孤独3.0,[绍兴]光良2026不会分离·今晚我不孤独3.0巡回演唱会,绍兴,绍兴奥体中心体育馆,2026.10.31 19:30,,预售中,爬虫采集,https://www.piaoniu.com/activity/783522,2026-08-31
郎酒大美徐州&bull;巅峰,[徐州]郎酒大美徐州&bull;巅峰演唱会,徐州,徐州奥体中心体育场,2026.09.27 19:30,,预售中,爬虫采集,https://www.piaoniu.com/activity/782729,2026-08-31
张信哲/徐怀钰/光良,[武汉][张信哲/徐怀钰/光良]超级音雄巨星LIVE演唱会-武汉站,武汉,武汉体育中心主体育场,2026.09.26 19:30,,预售中,爬虫采集,https://www.piaoniu.com/activity/780137,2026-08-31
张信哲/张韶涵/光良/阿杜,[遵义][张信哲/张韶涵/光良/阿杜]超级音雄巨星LIVE演唱会,遵义,遵义市奥林匹克体育中心体育场,2026.11.22 19:30,,预售中,爬虫采集,https://www.piaoniu.com/activity/783018,2026-08-31
黄凯芹40年来佛山,[佛山]黄凯芹40年来佛山演唱会,佛山,佛山国际体育文化演艺中心,2026.11.28 19:00,,预售中,爬虫采集,https://www.piaoniu.com/activity/784374,2026-08-31
,[佛山][罗大佑&times;黄贯中]天若有情1990-2026 佛山时光演唱会,佛山,佛山世纪莲体育中心体育场,2026.10.24 19:30,,预售中,爬虫采集,https://www.piaoniu.com/activity/784172,2026-08-31
王菀之 -合体,[佛山]王菀之2026-合体-演唱会,佛山,佛山岭南明珠体育馆,2026.09.05 19:00,,预售中,爬虫采集,https://www.piaoniu.com/activity/782634,2026-08-31
王赫野WINDY,[佛山]王赫野WINDY巡回演唱会,佛山,佛山国际体育文化演艺中心,2026.09.12 19:00,,预售中,爬虫采集,https://www.piaoniu.com/activity/782267,2026-08-31
《声声不息·港乐经典金曲,[佛山]《声声不息·港乐经典金曲演唱会》,佛山,19:30 佛山大剧院 大剧场,2026.09.26 周六,,待定,爬虫采集,https://www.piaoniu.com/activity/778537,2026-08-31
关心妍,[佛山]关心妍2026《听》巡回演唱会,佛山,佛山南海体育馆,2026.11.07 20:00,,预售中,爬虫采集,https://www.piaoniu.com/activity/781981,2026-08-31
六哲,[佛山]六哲2026「时光·哲旅」巡回演唱会,佛山,佛山岭南明珠体育馆东广场,2026.10.17 19:30,,预售中,爬虫采集,https://www.piaoniu.com/activity/784168,2026-08-31
张震岳,[佛山]张震岳《跟着感觉走》巡回演唱会,佛山,佛山国际体育文化演艺中心,2026.11.07 19:30,,预售中,爬虫采集,https://www.piaoniu.com/activity/781752,2026-08-31
区瑞强 &quot;顺德人心&quot;,[佛山]区瑞强2026&quot;顺德人心&quot;演唱会,佛山,佛山市顺德演艺中心大剧院,2026.09.19 -,,预售中,爬虫采集,https://www.piaoniu.com/activity/781071,2026-08-31
方力申江若琳,[佛山]方力申江若琳「告白之后」巡回演唱会,佛山,南海体育馆（桂城）,2026.09.12 20:00,,预售中,爬虫采集,https://www.piaoniu.com/activity/782474,2026-08-31
徐良时间折叠,[佛山]徐良时间折叠巡回演唱会,佛山,佛山国际体育文化演艺中心,2026.09.04 -,,预售中,爬虫采集,https://www.piaoniu.com/activity/783445,2026-08-31
周兴哲,[青岛]周兴哲2026《Odyssey·Stars旅程·星空》巡回演唱会,青岛,青岛市民健身中心体育馆,2026.09.12 19:00,,预售中,爬虫采集,https://www.piaoniu.com/activity/781909,2026-08-31
罗云熙,[成都]罗云熙「熙界无限剧场」巡回演唱会,成都,五粮液文化体育中心综合体育馆,2026.09.05 19:00,,预售中,爬虫采集,https://www.piaoniu.com/activity/783733,2026-08-31
梁静茹,"[深圳]梁静茹「Best,茹果我不唱情歌」 巡回演唱会",深圳,深圳湾体育中心春茧体育场,2026.10.17 19:30,,预售中,爬虫采集,https://www.piaoniu.com/activity/781475,2026-08-31
郭富城 ICONIC世界,[深圳]郭富城2026 ICONIC世界巡回演唱会,深圳,,2026.09.26 深圳市体育中心体育馆（主馆）,,预售中,爬虫采集,https://www.piaoniu.com/activity/774879,2026-08-31
马思唯-乐透人生 The Lottery TOUR,[深圳]马思唯-乐透人生 The Lottery TOUR 巡回演唱会,深圳,深圳大运中心体育馆,2026.09.19 18:30,,预售中,爬虫采集,https://www.piaoniu.com/activity/782891,2026-08-31
杨丞琳 世界,[深圳]杨丞琳2026《房间里的大象》世界巡回演唱会,深圳,深圳市体育中心体育馆（主馆）,2026.12.12 19:00,,预售中,爬虫采集,https://www.piaoniu.com/activity/777012,2026-08-31
林宥嘉 世界,[深圳]林宥嘉《超级管家》世界巡回演唱会,深圳,深圳湾体育中心春茧体育场,2026.10.30 -,,预售中,爬虫采集,https://www.piaoniu.com/activity/782700,2026-08-31
超级音雄巨星,[深圳]超级音雄巨星LIVE演唱会-张信哲/张韶涵/阿杜/姜育恒,深圳,深圳市宝安体育中心体育场,2026.10.06 19:00,,预售中,爬虫采集,https://www.piaoniu.com/activity/782281,2026-08-31
Jason Derulo（杰森·德鲁罗） THE LAST DANCE Chin,[深圳]Jason Derulo（杰森·德鲁罗） THE LAST DANCE China Tour 巡回演唱会,深圳,深圳市体育中心体育馆（主馆）,2026.09.13 20:00,,预售中,爬虫采集,https://www.piaoniu.com/activity/782827,2026-08-31
周华健 少年的奇幻之旅3.0,[深圳]周华健2026少年的奇幻之旅3.0巡回演唱会,深圳,深圳大运中心体育馆,2026.12.11 -,,预售中,爬虫采集,https://www.piaoniu.com/activity/784610,2026-08-31
《声声不息·宝岛季&mdash;&mdash;华语流行金曲,[深圳]《声声不息·宝岛季&mdash;&mdash;华语流行金曲演唱会》,深圳,19:30 深圳保利剧院,2026.09.06 周日,,待定,爬虫采集,https://www.piaoniu.com/activity/781775,2026-08-31
李健万物安生时,[深圳][代拍费]李健万物安生时巡回演唱会,深圳,场馆待定,2026.12.05 00:00,,预售中,爬虫采集,https://www.piaoniu.com/activity/773087,2026-08-31
蓝心羽,[深圳]蓝心羽2026「爱是 love is ...」巡回演唱会,深圳,南山文体中心聚橙剧院 大剧院,2026.09.12 20:00,,预售中,爬虫采集,https://www.piaoniu.com/activity/782958,2026-08-31
江美琪伤心唱出来就没事了,[深圳]江美琪伤心唱出来就没事了演唱会2.0,深圳,湾剧场·万有空间 WantU Space,2026.09.05 19:30,,预售中,爬虫采集,https://www.piaoniu.com/activity/781415,2026-08-31
陈佳 &mdash;邓丽君经典金曲,[深圳]陈佳 2026 《我只在乎你》&mdash;邓丽君经典金曲专场演唱会,深圳,大剧院,2026.08.01-2027.01.30 南山文体中心聚橙剧院,,待定,爬虫采集,https://www.piaoniu.com/activity/777519,2026-08-31
姚伟涛·浪漫满屋,姚伟涛·浪漫满屋2026巡回演唱会 深圳,,20:00 宝安海雅大剧院,2026.09.11 周五,,待定,爬虫采集,https://www.piaoniu.com/activity/782921,2026-08-31
伍佰&China Blue ROCK STAR 2,[深圳]伍佰&China Blue ROCK STAR 2 巡回演唱会,深圳,深圳大运中心体育馆,2026.09.04 -,,待定,爬虫采集,https://www.piaoniu.com/activity/776957,2026-08-31
,[深圳][限时立减18.8元]孙楠2026「给所有朋友们的歌」巡演,深圳,深圳湾体育中心春茧体育场,2026.09.12 19:00,,预售中,爬虫采集,https://www.piaoniu.com/activity/777213,2026-08-31
HENRY刘宪华 ENJOY THE SHOW华丽宪场世界,[深圳]HENRY刘宪华2026 ENJOY THE SHOW华丽宪场世界巡回演唱会,深圳,深圳大运中心体育馆,2026.09.26 -9.27,,预售中,爬虫采集,https://www.piaoniu.com/activity/782694,2026-08-31
永彬Ryan.B,[深圳]永彬Ryan.B 2026「正在播放：猜你喜欢」巡回演唱会,深圳,SoFun Live,2026.09.04 20:00,,预售中,爬虫采集,https://www.piaoniu.com/activity/782108,2026-08-31
G.E.M.邓紫棋 I AM GLORIA世界,[深圳]G.E.M.邓紫棋 I AM GLORIA世界巡回演唱会2.0,深圳,深圳大运中心体育场,2026.09.11 -,,预售中,爬虫采集,https://www.piaoniu.com/activity/778118,2026-08-31
国蛋GorDoN 【MICRO SAUNA 2】巡回演出,[长沙]国蛋GorDoN2026 【MICRO SAUNA 2】巡回演出,长沙,MAO livehouse长沙(沙湾店),2026.09.04 20:00,,预售中,爬虫采集,https://www.piaoniu.com/activity/779799,2026-08-31
海外演出门票咨询 覆盖海量艺人--看详情,海外演出门票咨询 覆盖海量艺人--看详情,,待定,2027.12.24 -,,待定,爬虫采集,https://www.piaoniu.com/activity/604014,2026-08-31
step.jad依加,[珠海]step.jad依加「NIGHTSTEP夜奔·超感世界」Livehouse巡演,珠海,MAO Livehouse珠海(唐家古镇店),2026.10.07 19:30,,待定,爬虫采集,https://www.piaoniu.com/activity/783749,2026-08-31
,[珠海]Jony J2026「本命」巡演-珠海站,珠海,MAO Livehouse珠海(唐家古镇店),2026.09.19 20:00,,预售中,爬虫采集,https://www.piaoniu.com/activity/780940,2026-08-31
,[广州]Marian Hill 演唱会,广州,广州 MAO Livehouse广州中大店(一号馆),2026.09.25 20:00,,预售中,爬虫采集,https://www.piaoniu.com/activity/783985,2026-08-31
啾啾咩咩DD秀 邓典D.D,[广州]啾啾咩咩DD秀 邓典D.D.巡演,广州,广州 MAO Livehouse广州中大店(一号馆),2026.09.19 20:00,,预售中,爬虫采集,https://www.piaoniu.com/activity/783015,2026-08-31
福梦FUMON 【活着】,[上海]福梦FUMON 2026【活着】巡演,上海,MAO LiveHouse 上海,2026.09.04 20:00,,预售中,爬虫采集,https://www.piaoniu.com/activity/784598,2026-08-31
廖俊涛,[上海]廖俊涛「谁？」2026巡演,上海,MAO LiveHouse 上海,2026.09.12 19:00,,预售中,爬虫采集,https://www.piaoniu.com/activity/784320,2026-08-31
高天佐,[广州]高天佐 2026「美丽人生」巡演,广州,MAO Livehouse广州（太古仓店）,2026.09.19 19:30,,预售中,爬虫采集,https://www.piaoniu.com/activity/783421,2026-08-31
暗杠 走歌人专辑,[广州]暗杠2026「太阳·月亮·草地」走歌人专辑巡唱,广州,MAO Livehouse 广州(太古仓店),2026.10.23 20:00,,预售中,爬虫采集,https://www.piaoniu.com/activity/782478,2026-08-31
暗杠 走歌人专辑,[深圳]暗杠2026「太阳·月亮·草地」走歌人专辑巡唱 深圳站,深圳,MAO Livehouse深圳(海上世界),2026.10.24 20:00,,预售中,爬虫采集,https://www.piaoniu.com/activity/782476,2026-08-31
郁乐队 - 惊恐症,[重庆]郁乐队2026-2027惊恐症巡演-重庆站,重庆,MAO Livehouse重庆(新壹街店）,2026.12.11 20:00,,预售中,爬虫采集,https://www.piaoniu.com/activity/784454,2026-08-31
郁乐队 - 惊恐症,[武汉]郁乐队2026-2027惊恐症巡演-武汉站,武汉,MAO Livehouse武汉,2026.11.06 20:00,,预售中,爬虫采集,https://www.piaoniu.com/activity/784461,2026-08-31
声浪回响,[杭州]声浪回响「云间余响」,杭州,MAO Livehouse杭州,2026.09.05 20:00,,预售中,爬虫采集,https://www.piaoniu.com/activity/783525,2026-08-31
郁乐队 - 惊恐症,[上饶]郁乐队2026-2027惊恐症巡演-上饶站,上饶,MAO Livehouse上饶,2026.11.13 20:00,,预售中,爬虫采集,https://www.piaoniu.com/activity/784465,2026-08-31
唐乐宫 演出门票,[西安]唐乐宫《大唐女皇》演出门票,西安,,2026.08.14-09.30 唐乐宫剧院,,预售中,爬虫采集,https://www.piaoniu.com/activity/783415,2026-08-31
于祥宇脱口秀,[厦门]于祥宇脱口秀专场《最小单位的于祥宇》丨 Standby出品 @厦门,厦门,,2026.10.01-10.02 厦门嘉庚剧院大剧场,,待定,爬虫采集,https://www.piaoniu.com/activity/784010,2026-08-31
9月11日·唐香玉单口喜剧,[厦门]9月11日·唐香玉单口喜剧专场《糖》厦门站,厦门,19:30 厦门歌舞剧院,2026.09.11 周五,,待定,爬虫采集,https://www.piaoniu.com/activity/783594,2026-08-31
10月27-30日 互动,[厦门]10月27-30日《一条名叫爱情的狗》互动专场-厦门站(二狗个人专场)|约会推荐|破圈社交,厦门,,2026.10.27-10.30 厦门歌舞剧院,,待定,爬虫采集,https://www.piaoniu.com/activity/784499,2026-08-31
年10月17日 安特耶·魏特哈斯演绎巴赫无伴奏小提琴奏鸣曲和组曲全集,[厦门]2026年10月17日 安特耶·魏特哈斯演绎巴赫无伴奏小提琴奏鸣曲和组曲全集 音乐会,厦门,厦门闽南大戏院,2026.10.17 周六,,待定,爬虫采集,https://www.piaoniu.com/activity/784336,2026-08-31
八三夭 [ 没有翅膀的人 ]世界,[厦门]八三夭 2026 [ 没有翅膀的人 ]世界巡回演唱会,厦门,厦门集美嘉庚体育馆,2026.11.28 19:30,,预售中,爬虫采集,https://www.piaoniu.com/activity/783234,2026-08-31
福梦FUMON 【活着】,[厦门]福梦FUMON 2026【活着】巡演,厦门,厦门RealLive And Books,2026.09.06 20:00,,预售中,爬虫采集,https://www.piaoniu.com/activity/784597,2026-08-31
,[厦门]【早鸟5折】维也纳皇家爱乐乐团新年音乐会,厦门,19:30 厦门嘉庚剧院,2027.01.07 周四,,待定,爬虫采集,https://www.piaoniu.com/activity/781949,2026-08-31
年王者荣耀KPL夏季决赛,[厦门]2026年王者荣耀KPL夏季决赛,厦门,厦门奥林匹克体育中心-凤凰体育馆,2026.09.12 18:00,,预售中,爬虫采集,https://www.piaoniu.com/activity/784510,2026-08-31
邹沛沛],[厦门]邹沛沛]2026「Iridis」巡回演唱会,厦门,厦门Ovogo旺来现场,2026.09.19 19:00,,预售中,爬虫采集,https://www.piaoniu.com/activity/784603,2026-08-31
翁杰Winjay,[厦门]翁杰Winjay2026「城乡」巡演,厦门,厦门Ovogo旺来现场,2026.09.06 20:00,,待定,爬虫采集,https://www.piaoniu.com/activity/780395,2026-08-31
,[上海]【双人秒杀】南京东路丨【半笑现场】Live现场丨沉浸式演出,上海,半笑酒馆·精酿啤酒·脱口秀演出·艺术空间,2026.08.03 -,,待定,爬虫采集,https://www.piaoniu.com/activity/782747,2026-08-31
三十而立 岁月流金 德云社成立三十周年系列演出之 烧饼 曹鹤阳 相声,[上海]三十而立 岁月流金2026德云社成立三十周年系列演出之 烧饼 曹鹤阳 相声专场演出--上海站,上海,北外滩友邦大剧院-大剧场,2026.09.30 19:30,,待定,爬虫采集,https://www.piaoniu.com/activity/782796,2026-08-31
曹禺经典话剧,[厦门]曹禺经典话剧《雷雨》,厦门,2027.01.01 福南大会堂,2026.12.31 -,,预售中,爬虫采集,https://www.piaoniu.com/activity/780951,2026-08-31
三十而立 岁月流金 德云社成立三十周年系列演出之郭德纲 于谦相声,[南昌]三十而立 岁月流金2026德云社成立三十周年系列演出之郭德纲 于谦相声专场演出一南昌站,南昌,19:00 南昌国际体育中心体育馆,2026.09.26 周六,,待定,爬虫采集,https://www.piaoniu.com/activity/781328,2026-08-31
周华健 少年的奇幻之旅3.0,[南京]周华健2026少年的奇幻之旅3.0巡回演唱会,南京,南京梦之蓝青奥体育公园体育馆,2026.10.03 -,,预售中,爬虫采集,https://www.piaoniu.com/activity/778083,2026-08-31
周杰伦 爱在 南京 嘉年华,[南京]周杰伦2026 爱在 南京 嘉年华巡回演唱会,南京,,2026.09.24-09.26 南京奥体中心体育场,,预售中,爬虫采集,https://www.piaoniu.com/activity/764715,2026-08-31
周杰伦 幸福 嘉年华,[福州][代拍费]周杰伦2027 幸福 嘉年华巡回演唱会,福州,海峡奥林匹克体育中心,2027.03.26 -,,预售中,爬虫采集,https://www.piaoniu.com/activity/783324,2026-08-31
周杰伦,[上海][代拍费]周杰伦2026 演唱会,上海,,时间待定 场馆待定,,预售中,爬虫采集,https://www.piaoniu.com/activity/767085,2026-08-31
周杰伦兰亭序,[武汉][代拍费]周杰伦兰亭序演唱会,武汉,待定,2027.04.09 19:30,,预售中,爬虫采集,https://www.piaoniu.com/activity/782263,2026-08-31
周兴哲,[常州]周兴哲2026《Odyssey·Stars旅程·星空》巡回演唱会,常州,新龙湖演艺中心,2026.09.05 19:00,,预售中,爬虫采集,https://www.piaoniu.com/activity/783492,2026-08-31
潮音风暴超级,[南宁]潮音风暴超级演唱会-颜人中/李荣浩/潘玮柏/周柏豪,南宁,广西体育中心主体育场,2026.10.03 20:00,,预售中,爬虫采集,https://www.piaoniu.com/activity/781846,2026-08-31
周兴哲,[杭州]周兴哲《Odyssey·Stars旅程·星空》巡回演唱会,杭州,黄龙体育中心体育场,2026.09.26 19:30,,预售中,爬虫采集,https://www.piaoniu.com/activity/784288,2026-08-31
周杰伦 世界,[悉尼]周杰伦2026「海洋」《嘉年华 II》世界巡回演唱会,悉尼,ENGIE Stadium (Sydney Olympic Park),2026.11.21 19:30,,预售中,爬虫采集,https://www.piaoniu.com/activity/775128,2026-08-31
周传雄,[烟台]周传雄2026「念念不忘&bull;再遇见plus」演唱会,烟台,烟台体育公园体育场,2026.09.19 19:00,,预售中,爬虫采集,https://www.piaoniu.com/activity/782864,2026-08-31
周杰伦 世界回,[墨尔本]周杰伦2026「粉色」《嘉年华 II》世界回演唱会,墨尔本,Marvel Stadium,2026.10.17 19:30,,预售中,爬虫采集,https://www.piaoniu.com/activity/774607,2026-08-31
周华健 少年的奇幻之旅3.0,[烟台]周华健2026少年的奇幻之旅3.0巡回演唱会,烟台,烟台八角湾国际会展中心 B3 展馆,2026.09.05 19:30,,预售中,爬虫采集,https://www.piaoniu.com/activity/779233,2026-08-31
周华健 少年的奇幻之旅3.0,[杭州]周华健2026少年的奇幻之旅3.0巡回演唱会,杭州,杭州奥体AT中心体育馆,2026.10.17 19:00,,预售中,爬虫采集,https://www.piaoniu.com/activity/783494,2026-08-31
周慧敏,[江门]周慧敏2026「地老天荒爱一场」巡回演唱会,江门,江门市滨江体育中心体育馆,2026.09.26 20:00,,预售中,爬虫采集,https://www.piaoniu.com/activity/780630,2026-08-31
周华健 少年的奇幻之旅 3.0,[济南]周华健 2026少年的奇幻之旅 3.0演唱会,济南,济南奥体中心体育馆,2026.10.31 19:00,,预售中,爬虫采集,https://www.piaoniu.com/activity/781613,2026-08-31
周传雄,[大连][代拍费]周传雄2026「念念不忘·再遇见」巡回演唱会,大连,,演出筹备中，时间待定 场馆待定,,预售中,爬虫采集,https://www.piaoniu.com/activity/775093,2026-08-31
周华健 少年的奇幻之旅 3.0,[西安]周华健 2026少年的奇幻之旅 3.0演唱会,西安,西安奥体中心体育馆,2026.10.24 19:00,,预售中,爬虫采集,https://www.piaoniu.com/activity/782720,2026-08-31
周传雄,[南昌]周传雄2026「念念不忘·再遇见plus」巡回演唱会,南昌,南昌国际体育中心体育场,2026.10.31 00:00,,预售中,爬虫采集,https://www.piaoniu.com/activity/777533,2026-08-31
周华健 少年的奇幻之旅3.0,[南昌]周华健2026少年的奇幻之旅3.0巡回演唱会,南昌,南昌国际体育中心体育馆,2026.11.07 19:00,,预售中,爬虫采集,https://www.piaoniu.com/activity/777532,2026-08-31
周传雄,[上海]周传雄「念念不忘·再遇见plus」巡回演唱会,上海,,2026.09.05-09.06 上海体育场,,预售中,爬虫采集,https://www.piaoniu.com/activity/777028,2026-08-31
周柏豪 粉丝见面,[广州]周柏豪「The Blooming Chapter 绽放之章」粉丝见面演唱会,广州,,2026.10.10-11 广州体育馆1号馆,,预售中,爬虫采集,https://www.piaoniu.com/activity/783972,2026-08-31
周杰伦 嘉年华II世界,[新加坡]周杰伦2027「晴天」嘉年华II世界巡回演唱会,新加坡,新加坡国家体育场Singapore National Stadium,2027.01.08 -01.10,,预售中,爬虫采集,https://www.piaoniu.com/activity/775960,2026-08-31
周华健 少年的奇幻之旅3.0,[郑州]周华健2026少年的奇幻之旅3.0巡回演唱会,郑州,郑州奥林匹克体育中心 洋河·梦之蓝体育馆,2026.09.26 19:30,,预售中,爬虫采集,https://www.piaoniu.com/activity/774598,2026-08-31
周杰伦 嘉年华世界,[马来西亚]周杰伦「稻香 马来西亚」嘉年华世界巡回演唱会,马来西亚,马来西亚吉隆坡武吉加里尔Bukit Jalil国家体育场,2027.01.23 19:30,,预售中,爬虫采集,https://www.piaoniu.com/activity/777347,2026-08-31
F✦FOREVER 恒星之城·银河加冕（北京鸟巢）限定场,[北京][代拍费]F✦FOREVER 恒星之城·银河加冕（北京鸟巢）限定场演唱会,北京,国家体育场（鸟巢）,2026.10.06 -,,预售中,爬虫采集,https://www.piaoniu.com/activity/783310,2026-08-31
周杰伦 爱琴海 青岛 嘉年华,[青岛]周杰伦2026 爱琴海 青岛 嘉年华巡回演唱会,青岛,青岛市民健身中心体育场,2026.10.03 -,,预售中,爬虫采集,https://www.piaoniu.com/activity/779166,2026-08-31
黄霄雲,[苏州]黄霄雲2026「宇宙无 敌号2.0」巡回演唱会,苏州,苏州奥林匹克体育中心体育馆,2026.09.26 19:00,,预售中,爬虫采集,https://www.piaoniu.com/activity/783179,2026-08-31
TizzyT谢锐韬,[郑州]TizzyT谢锐韬2026 「流行」巡回演唱会,郑州,郑州奥林匹克体育中心 洋河·梦之蓝体育馆,2026.09.05 19:00,,预售中,爬虫采集,https://www.piaoniu.com/activity/782365,2026-08-31
张韶涵,[宜昌]张韶涵「玩家」巡回演唱会-宜昌站,宜昌,宜昌奥体中心体育场,2026.09.05 19:00,,待定,爬虫采集,https://www.piaoniu.com/activity/779811,2026-08-31
张韶涵 玩家,[合肥]张韶涵2026玩家巡回演唱会,合肥,19:00 合肥体育中心体育场,2026.09.19 周六,,预售中,爬虫采集,https://www.piaoniu.com/activity/774871,2026-08-31
周延GAI,[上海]周延GAI 2026 「REAL G」巡回演唱会,上海,虹口足球场,2026.09.05 19:00,,预售中,爬虫采集,https://www.piaoniu.com/activity/771219,2026-08-31
金声玉振&mdash;嘉兴之夜,[嘉兴]金声玉振&mdash;嘉兴之夜演唱会,嘉兴,嘉兴市体育中心体育场,2026.09.05 19:30,,预售中,爬虫采集,https://www.piaoniu.com/activity/783147,2026-08-31
张韶涵 玩家,[洛阳]张韶涵2026玩家巡回演唱会,洛阳,洛阳市奥林匹克中心体育场,2026.10.03 19:30,,预售中,爬虫采集,https://www.piaoniu.com/activity/774856,2026-08-31
迎驾洞藏群星,[合肥]迎驾洞藏群星演唱会,合肥,合肥体育中心体育场,2026.09.07 19:00,,预售中,爬虫采集,https://www.piaoniu.com/activity/783741,2026-08-31
,[温州]EvolutionNicLive谢霆锋进化演唱会-温州站,温州,19:00 温州奥体中心主体育场,2026.10.31 周六,,预售中,爬虫采集,https://www.piaoniu.com/activity/775665,2026-08-31
丁当 Della 上海夜未眠,[上海]丁当 Della《夜游 A Night Tour》上海夜未眠巡回演唱会,上海,上海大舞台(上海体育馆),2026.09.05 19:00,,预售中,爬虫采集,https://www.piaoniu.com/activity/780097,2026-08-31
汪峰,[成都]汪峰《相信未来》巡回演唱会,成都,成都金融城演艺中心,2026.09.19 19:00,,预售中,爬虫采集,https://www.piaoniu.com/activity/780460,2026-08-31
华晨宇 火星,[南京]华晨宇2026火星演唱会&mdash;乐园2.0,南京,汤山矿野音乐谷,2026.09.25 -,,预售中,爬虫采集,https://www.piaoniu.com/activity/782768,2026-08-31
王嘉尔MAGICMAN2,[北京][代拍费]王嘉尔MAGICMAN2演唱会,北京,华熙生物 · 润百颜ECM中心,2026.10.17 -,,预售中,爬虫采集,https://www.piaoniu.com/activity/781906,2026-08-31
黄明昊,[重庆]黄明昊「贾想世界Glitch」演唱会·重庆站,重庆,重庆华熙生物·润百颜ECM中心,2026.10.04 19:00,,预售中,爬虫采集,https://www.piaoniu.com/activity/783714,2026-08-31
HENRY 刘宪华 华丽宪场世界,[吉隆坡]HENRY 刘宪华 2026 华丽宪场世界巡回演唱会,吉隆坡,IDEA LIVE KL,2026.10.03 19:00,,预售中,爬虫采集,https://www.piaoniu.com/activity/781601,2026-08-31
HENRY刘宪华 华丽宪场世界,[曼谷]HENRY刘宪华 2026 华丽宪场世界巡回演唱会,曼谷,"曼谷 IDEA LIVE, BROVA BKK",2026.11.28 18:00,,预售中,爬虫采集,https://www.piaoniu.com/activity/783531,2026-08-31
选排勿拍,选排勿拍,,新乡新星大剧院,2029.02.21 18:00,,待定,爬虫采集,https://www.piaoniu.com/activity/769861,2026-08-31
刘若英 [飞行日],[重庆]刘若英 [飞行日] 2026巡回演唱会,重庆,华熙生物·润百颜ECM中心,2026.10.17 19:00,,预售中,爬虫采集,https://www.piaoniu.com/activity/782066,2026-08-31
HENRY刘宪华 ENJOY THE SHOW 华丽宪场世界,[厦门]HENRY刘宪华2026 ENJOY THE SHOW 华丽宪场世界巡回演唱会,厦门,,2026.09.19-20 厦门奥林匹克体育中心-凤凰体育馆,,预售中,爬虫采集,https://www.piaoniu.com/activity/782696,2026-08-31
脱友人气选手步惊云脱口秀,[南通]脱友人气选手步惊云脱口秀专场《母老虎》｜三好姐妹@南通,南通,19:30 南通大剧院-歌剧厅,2026.10.24 周六,,待定,爬虫采集,https://www.piaoniu.com/activity/783689,2026-08-31
音乐剧,[南通]音乐剧《我的遗愿清单》,南通,,2026.09.30-10.01 南通大剧院-歌剧厅,,待定,爬虫采集,https://www.piaoniu.com/activity/781614,2026-08-31
音乐剧,[南通]音乐剧《我的遗愿清单》,南通,南通大剧院,2026.09.30 -,,预售中,爬虫采集,https://www.piaoniu.com/activity/781470,2026-08-31
史诗独角戏,[南通]史诗独角戏《一个人的伊利亚特》,南通,南通大剧院,2026.09.11 19:30,,预售中,爬虫采集,https://www.piaoniu.com/activity/781474,2026-08-31
经典版,[南通]《暗恋桃花源》经典版,南通,,2026.12.11-12.12 南通大剧院-歌剧厅,,待定,爬虫采集,https://www.piaoniu.com/activity/784483,2026-08-31
英国经典惊悚剧,[南通]英国经典惊悚剧《黑衣女人》,南通,南通大剧院,2026.10.30 -,,预售中,爬虫采集,https://www.piaoniu.com/activity/781473,2026-08-31
《蜻蜓乐团-心情,[南通]《蜻蜓乐团-心情音乐会》,南通,启东保利大剧院,2026.09.11 19:30,,预售中,爬虫采集,https://www.piaoniu.com/activity/781493,2026-08-31
迎中秋 庆国庆 重温岁月 再忆芳华 经典老歌,[苏州]迎中秋 庆国庆 重温岁月 再忆芳华 经典老歌音乐会,苏州,14:00 苏州开明大戏院-大剧场,2026.09.12 周六,,待定,爬虫采集,https://www.piaoniu.com/activity/783888,2026-08-31
话剧央华版,[上海]话剧央华版《日出》,上海,北外滩友邦大剧院-大剧场,2026.09.25 -,,待定,爬虫采集,https://www.piaoniu.com/activity/780345,2026-08-31
何赛飞、赵文瑄、徐俐领衔话剧央华版,[上海]何赛飞、赵文瑄、徐俐领衔话剧央华版《日出》,上海,,2026.09.25-09.26 北外滩友邦大剧院-大剧场,,预售中,爬虫采集,https://www.piaoniu.com/activity/781675,2026-08-31
海门大剧院 先锋小剧场 生活有趣·青年有戏 锐锐脱口秀,"[南通]海门大剧院 先锋小剧场 生活有趣·青年有戏 锐锐脱口秀专场《爱,来不来2.0》｜快乐共暖@海门",南通,19:30 海门大剧院小剧场,2026.09.04 周五,,待定,爬虫采集,https://www.piaoniu.com/activity/782324,2026-08-31
央华版 武汉站,[武汉]央华版《如梦之梦》武汉站,武汉,,2026.10.16-10.18 武汉琴台大剧院,,待定,爬虫采集,https://www.piaoniu.com/activity/780692,2026-08-31
央华版,[宁波]央华版《日出》,宁波,,2026.09.04-09.05 余姚大剧院,,待定,爬虫采集,https://www.piaoniu.com/activity/780250,2026-08-31
,[上海]【交响+演唱】四大名著红楼梦·西游记·三国演义·水浒传 大型交响演唱会,上海,东方艺术中心-音乐厅,2026.11.07 19:30,,待定,爬虫采集,https://www.piaoniu.com/activity/778695,2026-08-31
荣誉呈献: 张靓颖世界,[中国澳门]荣誉呈献:「追」张靓颖世界巡回演唱会收官站,中国澳门,澳门银河银河综艺馆,2026.10.10 20:00,,预售中,爬虫采集,https://www.piaoniu.com/activity/783079,2026-08-31
,[中国澳门]Dear Jane Fly you to the Moon 演唱会,中国澳门,澳门银河银河综艺馆,2026.09.26 19:00,,预售中,爬虫采集,https://www.piaoniu.com/activity/782884,2026-08-31
草蜢,[中国澳门]草蜢2026巡回演唱会,中国澳门,澳门威尼斯人金光综艺馆,2026.10.24 -,,预售中,爬虫采集,https://www.piaoniu.com/activity/783167,2026-08-31
刘若英 [飞行日],[中国澳门]刘若英 [飞行日] 2026巡回演唱会,中国澳门,澳门银河银河综艺馆,2026.10.03 19:00,,预售中,爬虫采集,https://www.piaoniu.com/activity/782520,2026-08-31
杜德伟 世界,[澳门]杜德伟2026《Get Up》世界巡回演唱会2.0,澳门,澳门伦敦人综艺馆,2026.11.14 20:00,,预售中,爬虫采集,https://www.piaoniu.com/activity/784259,2026-08-31
tripleS WORLD TOUR ＜ANDLESS＞澳门站,[中国澳门] tripleS 2026 WORLD TOUR ＜ANDLESS＞澳门站,中国澳门,澳门百老汇舞台,2026.10.24 19:30,,预售中,爬虫采集,https://www.piaoniu.com/activity/784680,2026-08-31
,[中国澳门] STAYC FAN CONCERT TOUR [STAY CLOSER],中国澳门,澳门百老汇舞台,2026.09.26 19:00,,预售中,爬虫采集,https://www.piaoniu.com/activity/783441,2026-08-31
,[中国澳门]PLAVE 2026 [KEEP IT MANIC] WorldTour,中国澳门,澳门伦敦人综艺馆,2026.10.31 -,,预售中,爬虫采集,https://www.piaoniu.com/activity/778399,2026-08-31
,[中国澳门]idntt 2026 FAN-CON TOUR ＜20＞ in MACAO,中国澳门,伦敦人剧场,2026.09.12 19:00,,预售中,爬虫采集,https://www.piaoniu.com/activity/783095,2026-08-31
,[中国澳门]2026 TWS TOUR '24/7:FOR:YOU' IN MACAU,中国澳门,澳门离岛伦敦人综艺馆,2026.09.19 -,,预售中,爬虫采集,https://www.piaoniu.com/activity/779889,2026-08-31
BABYMONSTER（宝怪） -27 WORLD TOUR [춤 (CHOOM,[中国澳门] BABYMONSTER（宝怪） 2026-27 WORLD TOUR [춤 (CHOOM)] IN MACAO,中国澳门,威尼斯人综艺馆,2026.09.11 -,,预售中,爬虫采集,https://www.piaoniu.com/activity/778276,2026-08-31
,[中国澳门][限时立减30元]ENHYPEN 2026 'BLOOD SAGA' WORLD TOUR IN MACAU,中国澳门,澳门银河综艺馆,2026.10.17 -,,预售中,爬虫采集,https://www.piaoniu.com/activity/776695,2026-08-31
林宥嘉/曾沛慈/汪东城等,[温州][林宥嘉/曾沛慈/汪东城等]逐光站台,温州,温州奥体中心主体育场,2026.09.26 19:00,,预售中,爬虫采集,https://www.piaoniu.com/activity/779766,2026-08-31
来疯喜剧丨【脱友3】鸡翅粤语单口喜剧,[深圳]来疯喜剧丨【脱友3】鸡翅粤语单口喜剧专场《相逢何必曾相识》@上梅林卓悦汇店【栋笃笑】豆豆、江梓浩推荐,深圳,20:00 来疯喜剧场(深圳上梅林卓悦汇店),2026.09.11 周五,,待定,爬虫采集,https://www.piaoniu.com/activity/784211,2026-08-31
张学友,[成都][代拍费]张学友演唱会,成都,,具体时间待定 场馆待定,,预售中,爬虫采集,https://www.piaoniu.com/activity/766278,2026-08-31
张韶涵 玩家,[湖州][代拍费]张韶涵 2026玩家 巡回演唱会,湖州,场馆待定,2026.12.31 00:00,,预售中,爬虫采集,https://www.piaoniu.com/activity/774983,2026-08-31
张韶涵 玩家,[温州][代拍费]张韶涵2026 玩家 巡回演唱会,温州,场馆待定,2026.06.20 19:30,,预售中,爬虫采集,https://www.piaoniu.com/activity/774980,2026-08-31
张韶涵 玩家,[徐州][代拍费]张韶涵2026玩家巡回演唱会,徐州,场馆待定,2026.12.29 19:00,,预售中,爬虫采集,https://www.piaoniu.com/activity/773224,2026-08-31
张韶涵,[金华][代拍费]张韶涵巡回演唱会,金华,,时间待定 场馆待定,,预售中,爬虫采集,https://www.piaoniu.com/activity/773216,2026-08-31
张韶涵,[福州][代拍费]张韶涵2026「玩家」巡回演唱会,福州,,具体时间待定 场馆待定,,预售中,爬虫采集,https://www.piaoniu.com/activity/779060,2026-08-31
张韶涵 玩家,[黄石]张韶涵2026玩家巡回演唱会,黄石,黄石奥体中心体育场,2026.09.12 19:30,,预售中,爬虫采集,https://www.piaoniu.com/activity/778552,2026-08-31
,[天津]「歌者归来」演唱会,天津,天津奥林匹克中心体育场,2026.10.07 19:30,,预售中,爬虫采集,https://www.piaoniu.com/activity/781683,2026-08-31
张智霖 在,[上海]张智霖2026在巡回演唱会,上海,浦发银行东方体育中心,2026.09.19 19:00,,预售中,爬虫采集,https://www.piaoniu.com/activity/779606,2026-08-31
张震岳,[苏州]张震岳《跟着感觉走》巡回演唱会,苏州,苏州·奥林匹克体育中心体育馆,2026.09.05 19:00,,预售中,爬虫采集,https://www.piaoniu.com/activity/779737,2026-08-31
中国郎遇见美好·乌鲁木齐巅峰,[乌鲁木齐]中国郎遇见美好·乌鲁木齐巅峰演唱会,乌鲁木齐,乌鲁木齐奥体中心体育场,2026.09.13 21:00,,预售中,爬虫采集,https://www.piaoniu.com/activity/781974,2026-08-31
张韶涵,[惠州]张韶涵2026「玩家」巡回演唱会,惠州,惠州奥林匹克体育场,2026.12.05 19:30,,预售中,爬虫采集,https://www.piaoniu.com/activity/783175,2026-08-31
张韶涵 玩家,[南昌]张韶涵2026 玩家 巡回演唱会,南昌,江西省奥林匹克体育中心体育场,2026.11.14 19:00,,预售中,爬虫采集,https://www.piaoniu.com/activity/774864,2026-08-31
张信哲/张韶涵/薛凯琪/郭静,[茂名][张信哲/张韶涵/薛凯琪/郭静]潮音风暴超级演唱会-茂名站,茂名,茂名奥体中心体育场,2026.10.05 19:30,,预售中,爬虫采集,https://www.piaoniu.com/activity/784016,2026-08-31
张震岳,[青岛]张震岳《跟着感觉走》巡回演唱会,青岛,青岛市民健身中心体育馆,2026.09.26 19:00,,预售中,爬虫采集,https://www.piaoniu.com/activity/777022,2026-08-31
张震岳,[哈尔滨]张震岳《跟着感觉走》巡回演唱会,哈尔滨,哈尔滨国际会展体育中心体育馆,2026.09.12 19:30,,预售中,爬虫采集,https://www.piaoniu.com/activity/774434,2026-08-31
张震岳,[昆明]张震岳《跟着感觉走》巡回演唱会,昆明,昆明滇池国际会展中心7号馆,2026.10.17 19:00,,预售中,爬虫采集,https://www.piaoniu.com/activity/783161,2026-08-31
张韶涵,[常州][代拍费]张韶涵演唱会,常州,,待定 场馆待定,,预售中,爬虫采集,https://www.piaoniu.com/activity/771258,2026-08-31
张韶涵,[杭州][代拍费]张韶涵演唱会,杭州,,待定 场馆待定,,预售中,爬虫采集,https://www.piaoniu.com/activity/764385,2026-08-31
张震岳,[南昌]张震岳2026《跟着感觉走》巡回演唱会,南昌,南昌国际体育中心体育馆,2026.10.24 00:00,,预售中,爬虫采集,https://www.piaoniu.com/activity/774606,2026-08-31
张靓颖追世界,[南京]张靓颖追世界巡回演唱会,南京,19:00 梦之蓝青奥体育公园体育馆,2026.09.26 周六,,预售中,爬虫采集,https://www.piaoniu.com/activity/772842,2026-08-31
张韶涵,[太原]张韶涵2026「玩家」巡回演唱会,太原,,2026.09.26 山西体育中心体育场,,预售中,爬虫采集,https://www.piaoniu.com/activity/771850,2026-08-31
张信哲/苏有朋/许茹芸,[周口][张信哲/苏有朋/许茹芸]中国郎·声名大造SUPER LIVE巡回演唱会,周口,周口市体育中心体育场,2026.10.31 19:30,,预售中,爬虫采集,https://www.piaoniu.com/activity/784349,2026-08-31
游鸿明 【敌不过想念】,[上海]游鸿明2026【敌不过想念】演唱会,上海,浦发银行东方体育中心,2026.10.11 19:00,,预售中,爬虫采集,https://www.piaoniu.com/activity/780518,2026-08-31
XR超感虚拟现实电影·未来视界合肥高新龙湖天街店,[合肥]《大圣崛起之万妖神游》XR超感虚拟现实电影·未来视界合肥高新龙湖天街店,合肥,未来视界XR沉浸式探索中心(合肥高新龙湖天街店),2026.10.31 22:00,,预售中,爬虫采集,https://www.piaoniu.com/activity/780753,2026-08-31
XR超感虚拟现实电影·未来视界合肥瑶海天地店,[合肥]《大圣崛起之万妖神游》XR超感虚拟现实电影·未来视界合肥瑶海天地店,合肥,未来视界XR沉浸式探索中心(合肥瑶海天地店),2026.10.31 22:00,,预售中,爬虫采集,https://www.piaoniu.com/activity/780759,2026-08-31
XR超感虚拟现实电影·未来视界包河万象汇店,[合肥]《大圣崛起之万妖神游》XR超感虚拟现实电影·未来视界包河万象汇店,合肥,未来视界XR沉浸式探索中心(包河万象汇店),2026.10.31 22:00,,预售中,爬虫采集,https://www.piaoniu.com/activity/780765,2026-08-31
王赫野WINDY,[合肥]王赫野WINDY巡回演唱会,合肥,合肥少荃体育中心体育馆,2026.09.26 19:00,,预售中,爬虫采集,https://www.piaoniu.com/activity/781713,2026-08-31
林志炫ONEtake3.0,[合肥]林志炫ONEtake3.0《耳顺Golden Years》巡回演唱会,合肥,合肥少荃体育中心体育馆,2026.11.14 19:00,,预售中,爬虫采集,https://www.piaoniu.com/activity/784290,2026-08-31
汪苏泷 世界,[合肥][代拍费]汪苏泷2026「明日世界」世界巡回演唱会,合肥,,时间场馆待定 场馆待定,,预售中,爬虫采集,https://www.piaoniu.com/activity/778554,2026-08-31
王嘉尔,[合肥][代拍费]王嘉尔巡回演唱会,合肥,场馆待定,2026.12.19 19:00,,预售中,爬虫采集,https://www.piaoniu.com/activity/783882,2026-08-31
李健万物安生时,[合肥][代拍费]李健万物安生时巡回演唱会,合肥,,2026.11.28 场馆待定,,预售中,爬虫采集,https://www.piaoniu.com/activity/771571,2026-08-31
致敬BEYOND·金曲,[合肥]致敬BEYOND·金曲演唱会,合肥,安徽大剧院,2026.09.12 19:30,,待定,爬虫采集,https://www.piaoniu.com/activity/781719,2026-08-31
王力宏 世界,[合肥]王力宏「最好的地方II」世界巡回演唱会,合肥,,2026.10.03-10.04 合肥体育中心体育场,,预售中,爬虫采集,https://www.piaoniu.com/activity/779056,2026-08-31
合肥·文化有礼 全民畅享 第十二季合肥市文化惠民演出活动 刘添祺导演作品,[合肥]合肥·文化有礼 全民畅享 第十二季合肥市文化惠民演出活动 刘添祺导演作品《GOODBYE》,合肥,合肥市瑶海大剧院,2026.09.11 19:30,,预售中,爬虫采集,https://www.piaoniu.com/activity/783568,2026-08-31
,[合肥]Top Barry 「My Store」2026巡演 合肥站,合肥,合肥九莱福,2026.09.27 20:00,,待定,爬虫采集,https://www.piaoniu.com/activity/782836,2026-08-31
国王歌手合唱团,[合肥]国王歌手合唱团音乐会一-2026巡演合肥站,合肥,合肥大剧院-音乐厅,2026.10.15 19:30,,待定,爬虫采集,https://www.piaoniu.com/activity/783880,2026-08-31
文化有礼 全民畅享 第十二季合肥市文化惠民演出活动 老舍传世经典话剧 传承版,[合肥]文化有礼 全民畅享 第十二季合肥市文化惠民演出活动 老舍传世经典话剧《茶馆》传承版,合肥,合肥大剧院歌剧厅,2026.09.06 19:30,,预售中,爬虫采集,https://www.piaoniu.com/activity/783504,2026-08-31
王齐铭【綦江崽儿】,[合肥]王齐铭【綦江崽儿】2026巡演 &mdash; 合肥站,合肥,葫芦果CHIZHAO LIVEHOUSE,2026.10.17 20:00,,待定,爬虫采集,https://www.piaoniu.com/activity/779146,2026-08-31
9月24日·唐香玉单口喜剧,[合肥]9月24日·唐香玉单口喜剧专场《糖》合肥站,合肥,安徽大剧院,2026.09.24 19:30,,待定,爬虫采集,https://www.piaoniu.com/activity/782034,2026-08-31
童漠男脱口秀,[合肥]童漠男脱口秀专场《寻找王医生·北下关特别版》丨笑果出品@合肥,合肥,安徽大剧院,2026.10.30 -,,待定,爬虫采集,https://www.piaoniu.com/activity/781272,2026-08-31
声音碎片 特别,[合肥]声音碎片2026「直到长出青苔」特别专场·合肥站,合肥,OTW x 梵木艺术中心,2026.09.05 20:00,,预售中,爬虫采集,https://www.piaoniu.com/activity/783149,2026-08-31
《理性的狂欢 勃拉姆斯钢琴三重奏作品,[合肥]《理性的狂欢 勃拉姆斯钢琴三重奏作品音乐会》,合肥,合肥大剧院音乐厅,2026.09.05 19:30,,待定,爬虫采集,https://www.piaoniu.com/activity/774429,2026-08-31
舞剧,[合肥]舞剧《垂虹别意·唐寅》,合肥,合肥大剧院歌剧厅,2026.12.25 -,,预售中,爬虫采集,https://www.piaoniu.com/activity/780737,2026-08-31
原创音乐剧 镜框版,[合肥]原创音乐剧《#0528》镜框版,合肥,,2026.10.16-10.17 合肥大剧院歌剧厅,,待定,爬虫采集,https://www.piaoniu.com/activity/783917,2026-08-31
廿念不忘青曲社苗阜王声合作20周年,[合肥]廿念不忘青曲社苗阜王声合作20周年巡演·合肥站,合肥,安徽大剧院,2026.11.07 19:30,,待定,爬虫采集,https://www.piaoniu.com/activity/782117,2026-08-31
相声·小品·单口喜剧·欢笑喜剧合肥站,[合肥]《曲苑杂坛》相声·小品·单口喜剧·欢笑喜剧合肥站,合肥,安徽大剧院,2026.09.19 19:30,,待定,爬虫采集,https://www.piaoniu.com/activity/781274,2026-08-31
电影金曲烛光,[合肥]《爱乐之城》电影金曲烛光音乐会,合肥,合肥大剧院音乐厅,2026.10.23 19:30,,预售中,爬虫采集,https://www.piaoniu.com/activity/783883,2026-08-31
李能管风琴独奏,[合肥]2026李能管风琴独奏巡演：管风琴也疯狂,合肥,19:30 合肥大剧院音乐厅,2026.10.10 周六,,待定,爬虫采集,https://www.piaoniu.com/activity/784556,2026-08-31
舞蹈诗剧 一一 舞绘,[合肥]舞蹈诗剧《只此青绿》一一 舞绘《千里江山图》,合肥,,2027.01.23-01.24 合肥大剧院歌剧厅,,待定,爬虫采集,https://www.piaoniu.com/activity/776776,2026-08-31
王力宏最好的地方,[沈阳][代拍费]王力宏最好的地方巡回演唱会,沈阳,沈阳奥林匹克体育中心体育场,2026.12.31 19:00,,预售中,爬虫采集,https://www.piaoniu.com/activity/778423,2026-08-31
王力宏,[温州][代拍费]王力宏演唱会,温州,,待定 场馆待定,,预售中,爬虫采集,https://www.piaoniu.com/activity/775667,2026-08-31
王嘉尔JACKSON WANG MAGICMAN 2 WORLD TOUR,[重庆]王嘉尔JACKSON WANG MAGICMAN 2 WORLD TOUR演唱会,重庆,待定,2026.11.28 19:30,,预售中,爬虫采集,https://www.piaoniu.com/activity/780636,2026-08-31
王嘉尔,[南京][代拍费]王嘉尔演唱会,南京,,2026-11-07具体以官方为准 场馆待定,,预售中,爬虫采集,https://www.piaoniu.com/activity/779453,2026-08-31
王力宏最好的地方,[呼和浩特][代拍费]王力宏最好的地方巡回演唱会,呼和浩特,场馆待定,2026.12.31 19:00,,预售中,爬虫采集,https://www.piaoniu.com/activity/774602,2026-08-31
王赫野WINDY,[苏州][代拍费]王赫野WINDY巡回演唱会,苏州,场馆待定,2026.11.07 19:30,,预售中,爬虫采集,https://www.piaoniu.com/activity/783899,2026-08-31
王嘉尔,[苏州][代拍费]王嘉尔巡回演唱会,苏州,场馆待定,2027.01.09 19:00,,预售中,爬虫采集,https://www.piaoniu.com/activity/784536,2026-08-31
王嘉尔,[宁波][代拍费]王嘉尔演唱会,宁波,场馆待定,2026.12.05 具体以官方为准,,预售中,爬虫采集,https://www.piaoniu.com/activity/779459,2026-08-31
王心凌/黄霄雲,[哈尔滨][王心凌/黄霄雲]先锋音浪 哈尔滨超燃演唱会,哈尔滨,哈尔滨国际会展中心体育场,2026.10.03 19:30,,预售中,爬虫采集,https://www.piaoniu.com/activity/783117,2026-08-31
姚政/陆虎/苏醒/王栎鑫/王铮亮/俞灏明,[福州][姚政/陆虎/苏醒/王栎鑫/王铮亮/俞灏明]《我们依旧是少年》LIVE演唱会,福州,福州海峡奥体中心体育场,2026.09.05 19:13,,预售中,爬虫采集,https://www.piaoniu.com/activity/781413,2026-08-31
潮流之声超级,[扬州]潮流之声超级LIVE演唱会,扬州,扬州体育公园体育场,2026.09.13 19:30,,预售中,爬虫采集,https://www.piaoniu.com/activity/782376,2026-08-31
薛之谦万兽之王,[无锡][代拍费]薛之谦万兽之王巡回演唱会,无锡,,时间场馆待定 场馆待定,,预售中,爬虫采集,https://www.piaoniu.com/activity/783964,2026-08-31
海之花王添翼邓丽君金曲,[上海]海之花王添翼邓丽君金曲演唱会,上海,上海长滩音乐厅,2026.09.26 14:30,,待定,爬虫采集,https://www.piaoniu.com/activity/780509,2026-08-31
海之花王添翼邓丽君金曲,[上海]海之花王添翼邓丽君金曲演唱会,上海,上海宛平剧院-大剧场,2026.12.05 19:30,,待定,爬虫采集,https://www.piaoniu.com/activity/779191,2026-08-31
海之花王添翼邓丽君金曲,[杭州]海之花王添翼邓丽君金曲演唱会,杭州,19:30 浙话艺术剧院,2026.11.07 周六,,待定,爬虫采集,https://www.piaoniu.com/activity/777867,2026-08-31
王力宏 世界,[郑州]王力宏「最好的地方II」世界巡回演唱会,郑州,洋河·梦之蓝体育场,2026.10.17-10.18 郑州奥林匹克体育中心,,预售中,爬虫采集,https://www.piaoniu.com/activity/734361,2026-08-31
王嘉尔JACKSON WANG MAGICMAN 2 WORLD TOUR,[上海][代拍费]王嘉尔JACKSON WANG MAGICMAN 2 WORLD TOUR,上海,,2026.10.25 场馆待定,,预售中,爬虫采集,https://www.piaoniu.com/activity/780011,2026-08-31
王嘉尔JACKSON WANG MAGICMAN 2 WORLD TOUR,[杭州][代拍费]王嘉尔JACKSON WANG MAGICMAN 2 WORLD TOUR,杭州,,2026.11.14 场馆待定,,预售中,爬虫采集,https://www.piaoniu.com/activity/779461,2026-08-31
赵传,[石家庄]赵传2026《当我们年轻的时候》巡回演唱会,石家庄,石家庄国际会展中心8号馆,2026.10.17 19:30,,预售中,爬虫采集,https://www.piaoniu.com/activity/771467,2026-08-31
梁静茹,"[石家庄]梁静茹「Best,茹果我不唱情歌」巡回演唱会",石家庄,河北奥林匹克体育中心体育场,2026.09.26 19:30,,预售中,爬虫采集,https://www.piaoniu.com/activity/768846,2026-08-31
陶身体剧场数位系列作品,[上海]陶身体剧场数位系列作品《15》《18》,上海,,2026.10.31-11.01 东方艺术中心-歌剧厅,,待定,爬虫采集,https://www.piaoniu.com/activity/783365,2026-08-31
童漠男脱口秀,[石家庄]童漠男脱口秀专场《寻找王医生·北下关特别版》丨笑果出品@石家庄,石家庄,河北省艺术中心大剧场,2026.09.19 19:30,,待定,爬虫采集,https://www.piaoniu.com/activity/781309,2026-08-31
于祥宇脱口秀,[石家庄]于祥宇脱口秀专场《最小单位的于祥宇》丨 Standby出品 @石家庄,石家庄,河北省艺术中心大剧场,2026.10.07 19:30,,预售中,爬虫采集,https://www.piaoniu.com/activity/784293,2026-08-31
爱·永恒&mdash;理查德·克莱德曼 新春钢琴,[石家庄]爱·永恒&mdash;理查德·克莱德曼2027新春钢琴音乐会石家庄站,石家庄,河北省艺术中心大剧场,2027.01.21 19:30,,预售中,爬虫采集,https://www.piaoniu.com/activity/782789,2026-08-31
维也纳施特劳斯乐团 年新年,[石家庄]维也纳施特劳斯乐团2027年新年音乐会,石家庄,石家庄人民会堂,2026.12.26 19:30,,预售中,爬虫采集,https://www.piaoniu.com/activity/780892,2026-08-31
怡宝中国足球甲级联赛及足协杯赛-石家庄功夫足球主场赛事,[石家庄]2026怡宝中国足球甲级联赛及足协杯赛-石家庄功夫足球主场赛事,石家庄,裕彤国际体育中心,2026.03.21 -,,待定,爬虫采集,https://www.piaoniu.com/activity/772899,2026-08-31
丹若,[石家庄]丹若音乐节,石家庄,正定滹沱河艺术生态岛,2026.09.05 -,,预售中,爬虫采集,https://www.piaoniu.com/activity/784490,2026-08-31
开心麻花惊怂爆笑喜剧,[石家庄]开心麻花惊怂爆笑喜剧《出马》,石家庄,,2026.09.25-09.26 河北省艺术中心大剧场,,预售中,爬虫采集,https://www.piaoniu.com/activity/780876,2026-08-31
中国歌剧舞剧院 舞剧,[石家庄]中国歌剧舞剧院 舞剧《垂虹别意·唐寅》,石家庄,,2026.12.11-12.12 河北省艺术中心大剧院,,预售中,爬虫采集,https://www.piaoniu.com/activity/780881,2026-08-31
新&bull;国风舞剧,[石家庄]新&bull;国风舞剧《翎衣》,石家庄,河北省艺术中心大剧场,2026.09.20 19:30,,预售中,爬虫采集,https://www.piaoniu.com/activity/780882,2026-08-31
曹禺经典话剧,[石家庄]曹禺经典话剧《雷雨》,石家庄,河北省艺术中心,2026.12.06 19:30,,预售中,爬虫采集,https://www.piaoniu.com/activity/780884,2026-08-31
李荣浩 世界,[衡阳]李荣浩「黑马」世界巡回演唱会,衡阳,衡阳市体育中心体育场,2026.10.24 19:30,,预售中,爬虫采集,https://www.piaoniu.com/activity/776856,2026-08-31
正版授权亲子互动舞台剧,[衡阳]正版授权亲子互动舞台剧《布鲁伊的大宝藏》,衡阳,19:30 衡阳保利大剧院,2026.09.12 周六,,待定,爬虫采集,https://www.piaoniu.com/activity/784488,2026-08-31
,[上海]《你答应给我写个爱情故事》Tu em vas prometre una hist&ograve;ria d&rsquo;amor,上海,上海话剧艺术中心 D6空间,2026.09.05 -,,待定,爬虫采集,https://www.piaoniu.com/activity/781748,2026-08-31
BTS防弹少年团 世界,[雅加达]BTS防弹少年团2026世界巡回演唱会,雅加达,GELORA BUNG KARNO MAIN STADIUM,2026.12.26 -,,预售中,爬虫采集,https://www.piaoniu.com/activity/778928,2026-08-31
伍佰&China Blue ROCK STAR 2,[北京][代拍费]伍佰&China Blue ROCK STAR 2 巡回演唱会,北京,,演出筹备中，时间待定 场馆待定,,预售中,爬虫采集,https://www.piaoniu.com/activity/767196,2026-08-31
BTS防弹少年团 世界,[吉隆坡]BTS防弹少年团2026世界巡回演唱会,吉隆坡,Stadium Bukit Jalil(吉隆坡武吉加里尔体育场),2026.12.12 -,,预售中,爬虫采集,https://www.piaoniu.com/activity/778292,2026-08-31
薛之谦万兽之王,[成都]薛之谦万兽之王巡回演唱会,成都,成都东安湖体育公园主体育场,2026.10.01 -,,预售中,爬虫采集,https://www.piaoniu.com/activity/783965,2026-08-31
安溥 to ebb 潮水箴言,[上海]安溥2026 to ebb 潮水箴言演唱会,上海,上海梅赛德斯奔驰文化中心（上海世博文化中心）,2026.11.14 -,,预售中,爬虫采集,https://www.piaoniu.com/activity/783894,2026-08-31
,[新加坡]JOJI: SOLARIS巡回演唱会,新加坡,Arena @ EXPO,2026.11.21 -,,预售中,爬虫采集,https://www.piaoniu.com/activity/783272,2026-08-31
,[奥克兰]BIGBANG 2026-2027 WORLD TOUR &lt; XX : COSMOS &gt; IN OAKLAND,奥克兰,Alameda County Coliseum（Oakland‑Alameda County Coliseum）,2026.09.04 -,,预售中,爬虫采集,https://www.piaoniu.com/activity/783644,2026-08-31
任贤齐,[太原]任贤齐《齐迹2026》巡回演唱会,太原,,2026.09.19-09.26 山西体育中心汾酒体育馆,,预售中,爬虫采集,https://www.piaoniu.com/activity/768530,2026-08-31
林忆莲,[上海]林忆莲2026《回响：终章》巡回演唱会,上海,上海虹口足球场,2026.10.10 -,,预售中,爬虫采集,https://www.piaoniu.com/activity/783185,2026-08-31
突然好想你·我们的爱·后来 流行金曲沉浸式,[北京]突然好想你·我们的爱·后来 流行金曲沉浸式演唱会,北京,三里屯·爱乐汇艺术空间·时空剧场,2026.08.27 -,,预售中,爬虫采集,https://www.piaoniu.com/activity/784221,2026-08-31
于适 YOSH,[西安]于适2026 YOSH「适诗」巡回演唱会,西安,西安奥体中心体育馆,2026.09.26 -,,预售中,爬虫采集,https://www.piaoniu.com/activity/782873,2026-08-31
第八届上海早期,[上海]第八届上海早期音乐节 叶斯廷·戴维斯演唱约翰·道兰丨上海交响乐团音乐季,上海,,2026.11.22 捷豹上海交响音乐厅-演艺厅,,待定,爬虫采集,https://www.piaoniu.com/activity/781627,2026-08-31
周深,[常州][代拍]周深2026「深深的」巡回演唱会,常州,常州奥体中心体育场,2026.11.07 -,,预售中,爬虫采集,https://www.piaoniu.com/activity/779280,2026-08-31
蒲熠星,[杭州]蒲熠星《银河系旅行攻略》巡回演唱会,杭州,杭州奥体AT中心体育馆,2026.10.03 -,,预售中,爬虫采集,https://www.piaoniu.com/activity/784521,2026-08-31
张远,[杭州]张远「远行」巡回演唱会,杭州,杭州奥体AT中心体育馆,2026.10.24 -,,预售中,爬虫采集,https://www.piaoniu.com/activity/784068,2026-08-31
余宇涵,[广州]余宇涵2026「地球旅客」演唱会,广州,广州南沙体育馆,2026.09.12 -,,预售中,爬虫采集,https://www.piaoniu.com/activity/784707,2026-08-31
花开四季~心路歌者乌兰图雅,[北京]花开四季~心路歌者乌兰图雅演唱会专场,北京,北京展览馆剧场,2026.09.11 -,,预售中,爬虫采集,https://www.piaoniu.com/activity/778847,2026-08-31
蒲熠星,[成都]蒲熠星《银河系旅行攻略》巡回演唱会,成都,成都东安湖体育公园多功能体育馆,2026.09.26 19:00,,预售中,爬虫采集,https://www.piaoniu.com/activity/783196,2026-08-31
艾志恒Asen 在雨后醒来,[成都]艾志恒Asen 2026在雨后醒来 巡回演唱会,成都,成都东安湖体育公园多功能体育馆,2026.09.12 19:00,,预售中,爬虫采集,https://www.piaoniu.com/activity/782987,2026-08-31
经典回响追忆家驹beyond金曲,[成都]经典回响追忆家驹beyond金曲演唱会,成都,19:30 成都城市音乐厅-戏剧厅,2026.11.07 周六,,待定,爬虫采集,https://www.piaoniu.com/activity/784530,2026-08-31
刘德华,[成都][代拍费]刘德华2026演唱会,成都,场馆待定,2027.12.31 19:00,,预售中,爬虫采集,https://www.piaoniu.com/activity/775231,2026-08-31
林志炫ONEtake3.0,[成都]林志炫ONEtake3.0「耳顺」巡回演唱会,成都,五粮液文化体育中心综合体育馆,2026.10.17 19:00,,预售中,爬虫采集,https://www.piaoniu.com/activity/783338,2026-08-31
六哲,[成都]六哲2026「时光·哲旅」巡回演唱会,成都,四川省体育馆,2026.09.05 19:00,,待定,爬虫采集,https://www.piaoniu.com/activity/782584,2026-08-31
周深,[成都][代拍费]周深巡回演唱会,成都,,演出筹备中，时间待定 场馆待定,,预售中,爬虫采集,https://www.piaoniu.com/activity/765028,2026-08-31
孙燕姿世界,[成都][代拍费]孙燕姿世界巡回演唱会,成都,,演出筹备中，时间待定 场馆待定,,预售中,爬虫采集,https://www.piaoniu.com/activity/765041,2026-08-31
许嵩,[成都][代拍费]许嵩2026巡回演唱会,成都,,时间待定 场馆待定,,预售中,爬虫采集,https://www.piaoniu.com/activity/776793,2026-08-31
刘宪华,[成都][代拍费]刘宪华2026巡回演唱会,成都,,演出筹备中，时间待定 场馆待定,,预售中,爬虫采集,https://www.piaoniu.com/activity/768021,2026-08-31
刀郎,[成都]刀郎巡回演唱会,成都,,时间待定 待定,,预售中,爬虫采集,https://www.piaoniu.com/activity/783802,2026-08-31
檀健次,[成都][代拍费]檀健次巡回演唱会,成都,,时间待定 场馆待定,,预售中,爬虫采集,https://www.piaoniu.com/activity/777210,2026-08-31
王源 宇宙超级无 敌大大狂欢,[成都]王源2026宇宙超级无 敌大大狂欢巡回演唱会,成都,成都东安湖体育公园主体育场,2026.09.19 19:30,,预售中,爬虫采集,https://www.piaoniu.com/activity/783823,2026-08-31
单依纯,[成都]单依纯2026「纯妹妹2.0」巡回演唱会-成都站,成都,五粮液文化体育中心-综合体育馆,2026.09.12 -,,预售中,爬虫采集,https://www.piaoniu.com/activity/782815,2026-08-31
李荣浩 世界,[成都]李荣浩「黑马」世界巡回演唱会,成都,成都东安湖体育公园主体育场,2026.09.05 19:00,,预售中,爬虫采集,https://www.piaoniu.com/activity/766594,2026-08-31
,[成都]Jason Derulo THE LAST DANCE China Tour 巡回演唱会,成都,成都高新体育中心多功能体育馆,2026.09.06 20:00,,预售中,爬虫采集,https://www.piaoniu.com/activity/780633,2026-08-31
李健万物安生时,[成都]李健万物安生时巡回演唱会,成都,,2026.10.03-10.05 五粮液文化体育中心综合体育馆,,预售中,爬虫采集,https://www.piaoniu.com/activity/771530,2026-08-31
那英,[成都]那英「我来因为你在」巡回演唱会,成都,五粮液文化体育中心综合体育馆,2026.09.26 19:00,,预售中,爬虫采集,https://www.piaoniu.com/activity/780949,2026-08-31
梓渝,[成都][代拍费]梓渝2026巡回演唱会,成都,场馆待定,时间待定 具体以官宣为准,,预售中,爬虫采集,https://www.piaoniu.com/activity/764731,2026-08-31
,【成都】HANS ZIMMER LIVE - THE NEXT LEVEL IN CHENGDU(汉斯·季默传奇音乐会全新境界成都站),,19:00 成都东安湖体育公园多功能体育馆,2026.09.30 周三,,待定,爬虫采集,https://www.piaoniu.com/activity/782433,2026-08-31
俄罗斯芭蕾国家剧院芭蕾舞 成都站,[成都]俄罗斯芭蕾国家剧院芭蕾舞《胡桃夹子》成都站,成都,19:30 成都城市音乐厅-歌剧厅,2026.09.19 周六,,待定,爬虫采集,https://www.piaoniu.com/activity/780992,2026-08-31
维也纳春之声交响乐团新年,[成都]维也纳春之声交响乐团新年音乐会-成都站,成都,19:30 成都城市音乐厅-音乐厅,2026.12.19 周六,,待定,爬虫采集,https://www.piaoniu.com/activity/777916,2026-08-31
俄罗斯芭蕾国家剧院芭蕾舞 成都站,[成都] 俄罗斯芭蕾国家剧院芭蕾舞《天鹅湖》成都站,成都,19:30 成都城市音乐厅-歌剧厅,2026.09.18 周五,,待定,爬虫采集,https://www.piaoniu.com/activity/781544,2026-08-31
9月21日 互动,[成都]9月21日《一条名叫爱情的狗》互动专场-成都站(二狗个人专场)|约会推荐|破圈社交,成都,22:00 成都一支麦小剧场,2026.09.21 周一,,预售中,爬虫采集,https://www.piaoniu.com/activity/784378,2026-08-31
荟萃蓉城香港周 @成都：香港中乐团,[成都]荟萃蓉城香港周2026@成都：香港中乐团《港韵乐蜀》）,成都,19:30 成都城市音乐厅-音乐厅,2026.09.05 周六,,待定,爬虫采集,https://www.piaoniu.com/activity/781547,2026-08-31
欧阳娜娜,[广州]欧阳娜娜2026「Playlist嘉年华」演唱会,广州,广州体育馆1号馆,2026.09.12 19:00,,预售中,爬虫采集,https://www.piaoniu.com/activity/783398,2026-08-31
上海爱乐乐团 - 音乐季 室内乐,[上海]上海爱乐乐团2026-2027音乐季 室内乐音乐会《浮光欧罗巴》,上海,棒呆留学·上海爱乐演奏厅,2026.09.19 19:30,,待定,爬虫采集,https://www.piaoniu.com/activity/783466,2026-08-31
迪欧帝玛四重奏演绎贝多芬（三）丨上海交响乐团音乐季,[上海]迪欧帝玛四重奏演绎贝多芬（三）丨上海交响乐团音乐季,上海,捷豹上海交响音乐厅-演艺厅,2027.05.30 15:00,,待定,爬虫采集,https://www.piaoniu.com/activity/782920,2026-08-31
迪欧帝玛四重奏演绎贝多芬（一）丨上海交响乐团音乐季,[上海]迪欧帝玛四重奏演绎贝多芬（一）丨上海交响乐团音乐季,上海,捷豹上海交响音乐厅-演艺厅,2027.05.28 19:15,,待定,爬虫采集,https://www.piaoniu.com/activity/781658,2026-08-31
迪欧帝玛四重奏演绎贝多芬（二）丨上海交响乐团音乐季,[上海]迪欧帝玛四重奏演绎贝多芬（二）丨上海交响乐团音乐季,上海,捷豹上海交响音乐厅-演艺厅,2027.05.29 15:00,,待定,爬虫采集,https://www.piaoniu.com/activity/781653,2026-08-31
电影金曲烛光,[杭州]《爱乐之城》电影金曲烛光音乐会【ECM欧洲之声室内乐团】,杭州,19:30 杭州东坡大剧院,2026.11.10 周二,,待定,爬虫采集,https://www.piaoniu.com/activity/783910,2026-08-31
,[长沙] R.E.D 2026巡回演唱会 赤焰红 1.0 「Shadow Play」,长沙,湖南贺龙体育馆,2026.09.05 19:00,,预售中,爬虫采集,https://www.piaoniu.com/activity/782706,2026-08-31
永彬Ryan.B,[珠海]永彬Ryan.B 2026「正在播放：猜你喜欢」巡回演唱会,珠海,珠海对白SPACE,2026.09.06 20:00,,预售中,爬虫采集,https://www.piaoniu.com/activity/782112,2026-08-31
,[上海]J.Cole巡回演唱会,上海,梅赛德斯-奔驰文化中心,2026.11.20 -,,预售中,爬虫采集,https://www.piaoniu.com/activity/784596,2026-08-31
永彬Ryan.B,[青岛]永彬Ryan.B「正在播放：猜你喜欢」2026巡回演唱会,青岛,Downtown Live,2026.09.27 20:00,,预售中,爬虫采集,https://www.piaoniu.com/activity/782114,2026-08-31
永彬Ryan.B,[郑州]永彬Ryan.B「正在播放：猜你喜欢」2026巡回演唱会,郑州,7LIVEHOUSE+,2026.10.16 20:00,,预售中,爬虫采集,https://www.piaoniu.com/activity/782110,2026-08-31
永彬Ryan.B,[沈阳]永彬Ryan.B「正在播放：猜你喜欢」2026巡回演唱会,沈阳,原料库Live House,2026.10.09 20:00,,预售中,爬虫采集,https://www.piaoniu.com/activity/782118,2026-08-31
永彬Ryan.B,[济南]永彬Ryan.B「正在播放：猜你喜欢」2026巡回演唱会,济南,Modernsky Lab济南,2026.09.25 20:00,,预售中,爬虫采集,https://www.piaoniu.com/activity/782115,2026-08-31
永彬Ryan.B,[苏州]永彬Ryan.B「正在播放：猜你喜欢」2026巡回演唱会,苏州,苏州 山丘展演空间,2026.09.11 20:00,,预售中,爬虫采集,https://www.piaoniu.com/activity/782107,2026-08-31
永彬Ryan.B,[南京]永彬Ryan.B「正在播放：猜你喜欢」2026巡回演唱会,南京,稻香演艺中心(西城路店),2026.09.12 20:00,,预售中,爬虫采集,https://www.piaoniu.com/activity/782109,2026-08-31
,[宁波]【2026茧·声演出季】step.jad依加《Nightstep夜奔·巡城礼》2026保利剧院巡演,宁波,19:30 宁波文化广场大剧院,2026.09.19 周六,,待定,爬虫采集,https://www.piaoniu.com/activity/778989,2026-08-31
杭州 MR大空间沉浸式体验,[杭州]杭州《月球探险》MR大空间沉浸式体验,杭州,,2025.10.01-2026.10.07 M511光影汇,,待定,爬虫采集,https://www.piaoniu.com/activity/768838,2026-08-31
杨丞琳,[宁波]杨丞琳《房间里的大象》巡回演唱会,宁波,宁波奥体中心体育馆,2026.09.05 19:00,,预售中,爬虫采集,https://www.piaoniu.com/activity/779995,2026-08-31
GAI周延,[长沙]GAI周延2026 「REAL G」巡回演唱会,长沙,长沙贺龙体育场（长沙贺龙体育中心）,2026.09.30 19:30,,预售中,爬虫采集,https://www.piaoniu.com/activity/783436,2026-08-31
陈粒 十周年,[贵阳]陈粒「一粒」十周年巡回演唱会-贵阳站,贵阳,贵阳体育馆,2026.11.07 19:00,,预售中,爬虫采集,https://www.piaoniu.com/activity/784423,2026-08-31
汪苏泷 世界,[贵阳]汪苏泷2026「明日世界」世界巡回演唱会,贵阳,贵阳奥林匹克体育中心体育场,2026.09.19 -,,预售中,爬虫采集,https://www.piaoniu.com/activity/782656,2026-08-31
胡彦斌,[哈尔滨]胡彦斌2026「是一场烟火·刹那」演唱会,哈尔滨,哈尔滨国际会展体育中心体育馆,2026.09.05 19:00,,预售中,爬虫采集,https://www.piaoniu.com/activity/777436,2026-08-31
李玉刚,[哈尔滨]李玉刚2026《刚好遇见你》巡回演唱会,哈尔滨,哈尔滨国际会展体育中心体育馆,2026.09.19 19:30,,预售中,爬虫采集,https://www.piaoniu.com/activity/778048,2026-08-31
马思唯-乐透人生 The Lottery TOUR,[哈尔滨]马思唯-乐透人生 The Lottery TOUR巡回演唱会,哈尔滨,哈尔滨国际会展体育中心体育馆,2026.10.17 19:30,,预售中,爬虫采集,https://www.piaoniu.com/activity/784078,2026-08-31
万芳 巡回,[西安]万芳「听歌的眼睛 唱歌的人」2026巡回音乐会&mdash;&mdash;西安站,西安,陕西大剧院-歌剧厅,2026.10.04 19:30,,预售中,爬虫采集,https://www.piaoniu.com/activity/783912,2026-08-31
9月12日·严值高 单口喜剧,[哈尔滨]9月12日·严值高《握手严和》单口喜剧专场-哈尔滨站,哈尔滨,19:30 哈尔滨国际会展体育中心环球剧场,2026.09.12 周六,,待定,爬虫采集,https://www.piaoniu.com/activity/784165,2026-08-31
维也纳之声新年,[哈尔滨]2027维也纳之声新年音乐会 维也纳宫廷圆舞曲交响乐团巡演·哈尔滨站,哈尔滨,哈尔滨大剧院-歌剧厅,2026.12.23 19:00,,待定,爬虫采集,https://www.piaoniu.com/activity/775433,2026-08-31
队长Young Captain 新专辑同名,[哈尔滨]队长Young Captain 2026新专辑同名巡演「I AM WHAT I AM」-哈尔滨站,哈尔滨,原料库Vast Factory（会展店）,2026.09.13 20:00,,预售中,爬虫采集,https://www.piaoniu.com/activity/783330,2026-08-31
音乐剧,[哈尔滨]音乐剧《她对此感到厌烦》,哈尔滨,歌剧厅,2026.09.19 哈尔滨大剧院,,预售中,爬虫采集,https://www.piaoniu.com/activity/783578,2026-08-31
音乐剧 （1米以下儿童谢绝入场,[丽水]音乐剧《夜幕下的哈尔滨》（1米以下儿童谢绝入场）,丽水,丽水大剧院,2026.09.11 -,,待定,爬虫采集,https://www.piaoniu.com/activity/781574,2026-08-31
常州中吴文化系列活动·音乐剧 &mdash;常州站,[常州]2026常州中吴文化系列活动·音乐剧《夜幕下的哈尔滨》&mdash;常州站,常州,,2026.09.16-09.17 常州大剧院大剧场,,待定,爬虫采集,https://www.piaoniu.com/activity/783009,2026-08-31
音乐剧,[长沙]音乐剧《夜幕下的哈尔滨》,长沙,长沙梅溪湖国际文化艺术中心大剧院,2026.09.21 -,,预售中,爬虫采集,https://www.piaoniu.com/activity/780682,2026-08-31
齐豫 风采依旧 · 在广州,[广州]齐豫2026 风采依旧 · 在广州 演唱会 FOREVER SPLENDOR LIVE CONCERT,广州,广州亚运城综合体育馆,2026.12.19 19:00,,预售中,爬虫采集,https://www.piaoniu.com/activity/782772,2026-08-31
声而不凡一维塔斯20年,[广州]声而不凡一维塔斯20年巡回演唱会纪念特别版2026广州站,广州,20:00 广州中山纪念堂,2026.11.20 周五,,待定,爬虫采集,https://www.piaoniu.com/activity/780012,2026-08-31
姚晓棠 【破晓·棒棒棠】生日,[广州]姚晓棠2026【破晓·棒棒棠】生日专场演唱会,广州,广州亚运城综合体育馆,2026.09.05 19:00,,预售中,爬虫采集,https://www.piaoniu.com/activity/783796,2026-08-31
八三夭 生日趴 世界,[广州]八三夭 2026生日趴「没有翅膀的人」世界巡回演唱会,广州,广州体育馆 1号馆,2026.09.05 19:00,,预售中,爬虫采集,https://www.piaoniu.com/activity/778849,2026-08-31
韦礼安,"[广州]韦礼安2026「HI WE1 韦,您好」巡回演唱会",广州,广州亚运城综合体育馆,2026.09.19 19:00,,预售中,爬虫采集,https://www.piaoniu.com/activity/782200,2026-08-31
关智斌 he Endless Adventure,[广州]关智斌2026 he Endless Adventure演唱会,广州,广州体育馆1号馆,2026.09.19 19:00,,预售中,爬虫采集,https://www.piaoniu.com/activity/782523,2026-08-31
HANA菊梓乔 The Dreamweaver 10周年,[广州] 2026 HANA菊梓乔 The Dreamweaver 10周年 巡回演唱会,广州,广州中山纪念堂,2026.09.05 20:00,,待定,爬虫采集,https://www.piaoniu.com/activity/779987,2026-08-31
蒋敦豪,[广州]蒋敦豪2026《你来啦》巡回演唱会,广州,宝能广州国际体育演艺中心,2026.09.19 19:00,,预售中,爬虫采集,https://www.piaoniu.com/activity/783797,2026-08-31
郭静,[广州]郭静2026「刚刚好的自己」巡回演唱会,广州,广州亚运城综合体育馆,2026.09.26 19:00,,预售中,爬虫采集,https://www.piaoniu.com/activity/784017,2026-08-31
陈粒 十周年,[广州]陈粒2026「一粒」十周年巡回演唱会,广州,宝能广州国际体育演艺中心,2026.10.17 19:00,,预售中,爬虫采集,https://www.piaoniu.com/activity/784410,2026-08-31
蔡琴,[广州]蔡琴2026「不要告别」演唱会,广州,广州体育馆1号馆,2026.10.31 19:30,,预售中,爬虫采集,https://www.piaoniu.com/activity/783176,2026-08-31
马国明X萧正楠X曹永廉 三生有幸,[广州]马国明X萧正楠X曹永廉2026三生有幸演唱会,广州,广州中山纪念堂,2026.11.14 20:00,,预售中,爬虫采集,https://www.piaoniu.com/activity/782892,2026-08-31
赵传,[广州]赵传2026《当我们年轻的时候》巡回演唱会,广州,广州体育馆1号馆,2026.11.07 19:00,,预售中,爬虫采集,https://www.piaoniu.com/activity/781519,2026-08-31
声声不息·港乐经典金曲,[广州] 声声不息·港乐经典金曲演唱会,广州,19:30 广州中山纪念堂,2026.09.27 周日,,待定,爬虫采集,https://www.piaoniu.com/activity/779361,2026-08-31
庾澄庆,[广州]庾澄庆2026「整晚哈音乐」巡回演唱会,广州,宝能广州国际体育演艺中心,2026.11.14 19:00,,预售中,爬虫采集,https://www.piaoniu.com/activity/783732,2026-08-31
黄小琥,[广州]黄小琥「现在那边是几点」巡回演唱会,广州,广州亚运城综合体育馆,2026.09.12 19:00,,预售中,爬虫采集,https://www.piaoniu.com/activity/782202,2026-08-31
潘美辰,[广州]潘美辰2026「回家2.0用心爱你」演唱会,广州,广州中山纪念堂,2026.10.31 19:30,,待定,爬虫采集,https://www.piaoniu.com/activity/783937,2026-08-31
流行金曲Liⅴe,[广州]《突然好想你》流行金曲Liⅴe演唱会,广州,19:30 广州白云国际会议中心岭南大会堂,2026.09.26 周六,,待定,爬虫采集,https://www.piaoniu.com/activity/783323,2026-08-31
李玉刚,[广州]李玉刚2026《刚好遇见你》巡回演唱会,广州,广州体育馆1号馆,2026.10.05 19:30,,预售中,爬虫采集,https://www.piaoniu.com/activity/784582,2026-08-31
刘德华 年中国内地,[广州][代拍费]刘德华2027年中国内地巡回演唱会,广州,,场次待官宣，敬请期待！ 场馆待定,,预售中,爬虫采集,https://www.piaoniu.com/activity/775235,2026-08-31
蔡旻佑,[广州]蔡旻佑2026「快乐有时有」演唱会,广州,太空间livehouse,2026.09.05 19:30,,预售中,爬虫采集,https://www.piaoniu.com/activity/782947,2026-08-31
经典音乐剧片段,[广州]经典音乐剧片段演唱会,广州,,全程消费保障，买得放心,,待定,爬虫采集,https://www.piaoniu.com/activity/784386,2026-08-31
好好星球厂牌三周年,[广州]好好星球厂牌三周年「好好派对」演唱会,广州,20:00 音乐唐人馆,2026.09.06 周日,,待定,爬虫采集,https://www.piaoniu.com/activity/784501,2026-08-31
张信哲/阿杜/曹格/张栋梁,[桂林][张信哲/阿杜/曹格/张栋梁]华流时代超级演唱会,桂林,桂林市体育中心体育场,2026.10.02 19:30,,预售中,爬虫采集,https://www.piaoniu.com/activity/784590,2026-08-31
惠州 职业男子篮球挑战赛,[惠州]惠州2026职业男子篮球挑战赛,惠州,惠州江北体育馆,2026.09.06 20:00,,预售中,爬虫采集,https://www.piaoniu.com/activity/784472,2026-08-31
全男班现代舞蹈秀,[惠州]全男班现代舞蹈秀《无名之辈》,惠州,歌剧院,2026.09.04-09.05 惠州文化艺术中心,,待定,爬虫采集,https://www.piaoniu.com/activity/783110,2026-08-31
开心麻花爆笑惊怂喜剧,[惠州]开心麻花爆笑惊怂喜剧《出马》,惠州,19:30 惠州文化艺术中心-歌剧院,2026.11.07 周六,,待定,爬虫采集,https://www.piaoniu.com/activity/783449,2026-08-31
声声不息·80/90华语流行金曲榜·经典,[北京]声声不息·80/90华语流行金曲榜·经典演唱会,北京,三里屯·爱乐汇艺术空间·时空剧场,2026.08.30 -,,预售中,爬虫采集,https://www.piaoniu.com/activity/784225,2026-08-31
齐豫 风采依旧 · 在北京,[北京]齐豫 风采依旧 · 在北京 演唱会 FOREVER SPLENDOR LIVE CONCERT,北京,首都体育馆,2026.11.21 19:00,,预售中,爬虫采集,https://www.piaoniu.com/activity/783470,2026-08-31
,[中国澳门]INFINITE 2026 FANMEETING [INFINITE RALLY V ] IN MACAU,中国澳门,澳门伦敦人综艺馆,2026.09.05 -,,预售中,爬虫采集,https://www.piaoniu.com/activity/783081,2026-08-31
NBA中国赛,[中国澳门]NBA中国赛,中国澳门,澳门威尼斯人金光综艺馆,2026.10.09 -,,预售中,爬虫采集,https://www.piaoniu.com/activity/783188,2026-08-31
SUPER JUNIOR-83z（利特、希澈） FANCON TOUR [198,[中国澳门] SUPER JUNIOR-83z（利特、希澈）2026 FANCON TOUR [1983] in Macau,中国澳门,澳门新濠影汇综艺馆,2026.09.19 19:00,,预售中,爬虫采集,https://www.piaoniu.com/activity/781369,2026-08-31
NBA球迷日,[中国澳门]NBA球迷日2026,中国澳门,澳门威尼斯人金光综艺馆,2026.10.10 15:30,,预售中,爬虫采集,https://www.piaoniu.com/activity/783520,2026-08-31
奥利 &淑元 世你-月圆之约,[中国澳门]奥利 &淑元 世你-月圆之约,中国澳门,,2026.09.25-26 澳门渔人码头会议展览中心会展大堂,,预售中,爬虫采集,https://www.piaoniu.com/activity/783530,2026-08-31
WTT澳门冠军赛 由银河娱乐集团呈献,[中国澳门]WTT澳门冠军赛2026由银河娱乐集团呈献,中国澳门,澳门东亚运动会体育馆室内运动场,2026.09.08 -,,待定,爬虫采集,https://www.piaoniu.com/activity/782595,2026-08-31
mdash;&mdash; 法宣阁 &times; 贺嘉述见面会,[澳门]《宣之于口，嘉许于心》 &mdash;&mdash; 法宣阁 &times; 贺嘉述见面会,澳门,Capitol Theatre,2026.09.12 13:30,,预售中,爬虫采集,https://www.piaoniu.com/activity/784260,2026-08-31
澳门新濠天地,[中国澳门]澳门新濠天地《水舞间》,中国澳门,澳门路氹新濠天地水舞间剧院,2026.06.17 -,,待定,爬虫采集,https://www.piaoniu.com/activity/779355,2026-08-31
林宥嘉,[苏州]林宥嘉《超级管家》巡回演唱会,苏州,苏州奥林匹克体育中心体育场,2026.10.17 19:00,,预售中,爬虫采集,https://www.piaoniu.com/activity/783181,2026-08-31
林志炫 ONEtake3.0 耳顺,[北京]林志炫 ONEtake3.0 耳顺演唱会,北京,首都体育馆,2026.09.30 19:00,,预售中,爬虫采集,https://www.piaoniu.com/activity/783146,2026-08-31
林志炫ONEtake3.0,[上海]林志炫ONEtake3.0「耳顺」 巡回演唱会,上海,浦发银行东方体育中心,2026.10.31 19:00,,预售中,爬虫采集,https://www.piaoniu.com/activity/781612,2026-08-31
林宥嘉 世界,[杭州][代拍费]林宥嘉《超级管家》世界巡回演唱会,杭州,,时间场馆待定 黄龙体育中心体育场,,预售中,爬虫采集,https://www.piaoniu.com/activity/767645,2026-08-31
黄誉博,[天津]黄誉博2026《梦寐·怪诞笔记的预言》演唱会,天津,天津奥林匹克中心体育馆,2026.09.26 19:00,,预售中,爬虫采集,https://www.piaoniu.com/activity/782890,2026-08-31
艾志恒Asen 在雨后醒来,[天津]艾志恒Asen2026在雨后醒来巡回演唱会,天津,天津奥林匹克中心体育馆,2026.09.05 19:30,,预售中,爬虫采集,https://www.piaoniu.com/activity/782542,2026-08-31
许嵩,[天津]许嵩2026「安泊猜想」巡回演唱会,天津,,2026.09.24-09.26 天津奥林匹克中心体育场,,预售中,爬虫采集,https://www.piaoniu.com/activity/776921,2026-08-31
李荣浩,[天津]李荣浩「黑马」巡回演唱会,天津,,2026.10.16-10.18 天津奥林匹克中心体育场,,预售中,爬虫采集,https://www.piaoniu.com/activity/768657,2026-08-31
黄丽玲A-Lin 歌 迹 Journey世界,[天津]黄丽玲A-Lin 歌 迹 Journey世界巡回演唱会,天津,,2026.10.03-10.04 天津奥林匹克中心体育馆,,预售中,爬虫采集,https://www.piaoniu.com/activity/774464,2026-08-31
孙燕姿,[天津]孙燕姿《就在日落以后》巡回演唱会,天津,,2026.09.11/09.13 天津奥林匹克中心体育场,,待定,爬虫采集,https://www.piaoniu.com/activity/580415,2026-08-31
音乐剧,[西安]音乐剧《道林格雷的画像》,西安,陕西大剧院歌剧厅,2026.09.19 -,,预售中,爬虫采集,https://www.piaoniu.com/activity/772924,2026-08-31
音乐剧 廊坊站,[廊坊]音乐剧《道林格雷的画像》廊坊站,廊坊,,2026.10.02-10.03 丝绸之路国际艺术交流中心-歌剧厅,,预售中,爬虫采集,https://www.piaoniu.com/activity/780470,2026-08-31
马克-安德烈·哈默林钢琴独奏,[武汉]马克-安德烈·哈默林钢琴独奏音乐会,武汉,武汉琴台音乐厅,2026.09.27 19:30,,预售中,爬虫采集,https://www.piaoniu.com/activity/779004,2026-08-31
柴可夫斯基2+2：林大叶、罗维与上海交响乐团,[上海]柴可夫斯基2+2：林大叶、罗维与上海交响乐团,上海,捷豹上海交响音乐厅-主厅,2027.03.19 19:30,,待定,爬虫采集,https://www.piaoniu.com/activity/781441,2026-08-31
加拿大瑞林钢琴三重奏,[杭州]加拿大瑞林钢琴三重奏音乐会,杭州,19:30 杭州大剧院-音乐厅,2026.10.25 周日,,待定,爬虫采集,https://www.piaoniu.com/activity/781178,2026-08-31
淮剧,[上海]淮剧《祥林嫂》,上海,,2026.10.10-10.11 临港演艺中心,,待定,爬虫采集,https://www.piaoniu.com/activity/780895,2026-08-31
林小宅 杭州生日会 嘉宾:姚弛 周梓倩,[杭州]林小宅「我要开Party！」2026杭州生日会 嘉宾:姚弛 周梓倩,杭州,20:00 SoFun Live 杭州,2026.09.19 周六,,待定,爬虫采集,https://www.piaoniu.com/activity/784515,2026-08-31
罗伯特·威尔逊与杜塞尔多夫剧院 Dorian 秋是国际戏剧季Autumn IS,[上海]罗伯特·威尔逊与杜塞尔多夫剧院《道林》Dorian 2026秋是国际戏剧季Autumn IS,上海,YOUNG剧场,2026.10.16 -,,待定,爬虫采集,https://www.piaoniu.com/activity/783104,2026-08-31
梁海源脱口秀,[天津]梁海源脱口秀专场《天才的三个夜晚》｜笑果出品@天津,天津,19:30 天津大礼堂大剧场,2026.09.13 周日,,待定,爬虫采集,https://www.piaoniu.com/activity/783946,2026-08-31
脱友人气选手步惊云脱口秀,[天津]脱友人气选手步惊云脱口秀专场《母老虎》｜三好姐妹@天津,天津,天津大礼堂大剧场,2026.10.30 19:30,,待定,爬虫采集,https://www.piaoniu.com/activity/783473,2026-08-31
老狼,[兰州]老狼「纯真年代」巡回演唱会,兰州,甘肃大剧院大剧场,2026.11.01 20:00,,预售中,爬虫采集,https://www.piaoniu.com/activity/784458,2026-08-31
薛之谦万兽之王,[兰州]薛之谦万兽之王巡回演唱会,兰州,兰州奥体中心玫瑰体育场,2026.09.05 -,,待定,爬虫采集,https://www.piaoniu.com/activity/780526,2026-08-31
声音玩具武汉沙丁特别,[武汉]声音玩具武汉沙丁特别专场,武汉,青山·沙丁音乐秀场,2026.09.25 19:30,,预售中,爬虫采集,https://www.piaoniu.com/activity/784703,2026-08-31
汪苏泷,[济南][代拍费]汪苏泷2026 演唱会,济南,,演出筹备中，时间场次待定 场馆待定,,预售中,爬虫采集,https://www.piaoniu.com/activity/773931,2026-08-31
张杰,[济南][代拍费]张杰2026巡回演唱会,济南,,场次时间待定 场馆待定,,预售中,爬虫采集,https://www.piaoniu.com/activity/764567,2026-08-31
付豪,[济南]付豪2026《从前现在》巡回演唱会,济南,山东省体育中心体育馆,2026.09.26 19:30,,预售中,爬虫采集,https://www.piaoniu.com/activity/783305,2026-08-31
声音碎片 特别,[佛山]声音碎片2026「直到长出青苔」特别专场·佛山站,佛山,佛山ALSO LIVE,2026.09.17 20:00,,预售中,爬虫采集,https://www.piaoniu.com/activity/783150,2026-08-31
声音碎片 特别,[无锡]声音碎片2026「直到长出青苔」特别专场·无锡站,无锡,无锡308大礼堂,2026.09.03 20:00,,预售中,爬虫采集,https://www.piaoniu.com/activity/783148,2026-08-31
声音碎片 特别,[长春]声音碎片2026「直到长出青苔」特别专场·长春站,长春,GOIN LIVE观来福,2026.09.19 20:00,,预售中,爬虫采集,https://www.piaoniu.com/activity/783130,2026-08-31
凤凰传奇,[济南]凤凰传奇2026「吉祥如意」巡回演唱会,济南,,2026.09.25-10.04 济南奥林匹克体育中心体育场,,预售中,爬虫采集,https://www.piaoniu.com/activity/774390,2026-08-31
音乐朗诵会,[北京]音乐朗诵会《声音的暖流之山河入梦》,北京,国图艺术中心,2026.09.11 19:30,,预售中,爬虫采集,https://www.piaoniu.com/activity/783385,2026-08-31
音乐朗诵会,[北京]音乐朗诵会《声音的暖流之山河入梦》,北京,国图艺术中心,2026.09.10 19:30,,预售中,爬虫采集,https://www.piaoniu.com/activity/783384,2026-08-31
安德烈·伊万诺维奇新春钢琴,[上海]《画布上的声音：一生必听的世界名曲》安德烈·伊万诺维奇新春钢琴音乐会,上海,凯迪拉克·上海音乐厅-大厅,2027.02.11 19:30,,待定,爬虫采集,https://www.piaoniu.com/activity/781992,2026-08-31
三十而立 岁月流金 德云社成立三十周年系列演出之岳云鹏 孙越相声,[济南]三十而立 岁月流金2026德云社成立三十周年系列演出之岳云鹏 孙越相声专场演出&mdash;&mdash;济南站,济南,济南奥林匹克体育中心体育馆,2026.09.12 19:00,,预售中,爬虫采集,https://www.piaoniu.com/activity/783754,2026-08-31
h3R3刘清云 &quot;回响&quot;,[济南]h3R3刘清云2026&quot;回响&quot;巡演,济南,济南 LAC来舞演艺中心(济南凤凰广场店),2026.09.11 19:30,,待定,爬虫采集,https://www.piaoniu.com/activity/783309,2026-08-31
喜力星银· 大连草莓,[大连]喜力星银·2026大连草莓音乐节,大连,大连市东港音乐喷泉广场,2026.09.12 -,,预售中,爬虫采集,https://www.piaoniu.com/activity/782565,2026-08-31
禧都,[济南]2026禧都音乐节Holiday Party,济南,济南长清园博园音乐节场地,2026.09.19 12:30,,预售中,爬虫采集,https://www.piaoniu.com/activity/783810,2026-08-31
于祥宇脱口秀,[济南]于祥宇脱口秀专场《最小单位的于祥宇》丨 Standby出品 @济南,济南,,2026.09.12-09.13 山东省会大剧院歌剧厅,,预售中,爬虫采集,https://www.piaoniu.com/activity/782580,2026-08-31
花开的声音：郑健与国家大剧院合唱团女声合唱,[北京]花开的声音：郑健与国家大剧院合唱团女声合唱音乐会,北京,国家大剧院&mdash;&mdash;音乐厅,2026.09.10 -,,预售中,爬虫采集,https://www.piaoniu.com/activity/781524,2026-08-31
斯外戈,[广州]斯外戈2026「近地点」巡演,广州,声音共和Livehouse 广州,2026.09.12 19:30,,预售中,爬虫采集,https://www.piaoniu.com/activity/784607,2026-08-31
中国足协杯 山东泰山队主场赛事,[济南]2026中国足协杯 山东泰山队主场赛事,济南,济南奥体中心体育场,2026.09.01 19:35,,待定,爬虫采集,https://www.piaoniu.com/activity/784323,2026-08-31
Melo墨龙,[济南]Melo墨龙「神笔马良」巡演 嘉宾：邓典果DDG、扬布拉德,济南,Caper Land雀跃之地,2026.09.05 20:00,,预售中,爬虫采集,https://www.piaoniu.com/activity/783254,2026-08-31
原创音乐剧 镜框版,[济南]原创音乐剧《#0528》镜框版,济南,,2026.09.25-09.26 山东省会大剧院歌剧厅,,预售中,爬虫采集,https://www.piaoniu.com/activity/781275,2026-08-31
籁之音极光男声合唱团经典流行歌曲合唱,[北京]《我相信》籁之音极光男声合唱团经典流行歌曲合唱音乐会,北京,,2026.09.10-09.11 北京音乐厅,,预售中,爬虫采集,https://www.piaoniu.com/activity/782375,2026-08-31
闪耀的我们&mdash;李朕与武汉星河室内合唱团,[武汉]闪耀的我们&mdash;李朕与武汉星河室内合唱团音乐会,武汉,武汉琴台音乐厅,2026.11.07 19:30,,待定,爬虫采集,https://www.piaoniu.com/activity/784002,2026-08-31
熊猫合唱团,[长沙]熊猫合唱团《我们的歌》,长沙,,2026.10.11 长沙音乐厅,,待定,爬虫采集,https://www.piaoniu.com/activity/781488,2026-08-31
德国德累斯顿童声合唱团,[武汉]德国德累斯顿童声合唱团音乐会,武汉,武汉琴台音乐厅,2026.10.17 19:30,,待定,爬虫采集,https://www.piaoniu.com/activity/784001,2026-08-31
音雄联盟合唱团全国,[西安]《无名的人》音雄联盟合唱团全国巡演流行音乐会-西安站,西安,西安人民剧院,2026.09.11 19:30,,预售中,爬虫采集,https://www.piaoniu.com/activity/777392,2026-08-31
国王歌手合唱团,[长沙]国王歌手合唱团音乐会-2026巡演长沙站,长沙,长沙音乐厅湘江大厅,2026.10.16 19:30,,预售中,爬虫采集,https://www.piaoniu.com/activity/780691,2026-08-31
曲大卫与紫禁城室内合唱团,[北京]《北京北京》曲大卫与紫禁城室内合唱团专场音乐会,北京,北京中山音乐堂,2026.10.06 19:30,,预售中,爬虫采集,https://www.piaoniu.com/activity/784275,2026-08-31
熊猫合唱团·我们的歌,[西安]·熊猫合唱团·我们的歌专场音乐会·西安站,西安,西安音乐厅-交响大厅,2026.11.28 19:30,,预售中,爬虫采集,https://www.piaoniu.com/activity/781759,2026-08-31
征程如歌：国家大剧院合唱团,[深圳]征程如歌：国家大剧院合唱团音乐会,深圳,20:00 光明文化艺术中心-大剧场,2026.09.19 周六,,待定,爬虫采集,https://www.piaoniu.com/activity/784197,2026-08-31
来自奥地利的天籁-维也纳童声合唱团,[上海]来自奥地利的天籁-维也纳童声合唱团音乐会,上海,东方艺术中心-音乐厅,2026.10.06 19:30,,待定,爬虫采集,https://www.piaoniu.com/activity/781650,2026-08-31
维也纳童声合唱团与他的朋友们-苏州站,[苏州]维也纳童声合唱团与他的朋友们-苏州站,苏州,苏州聚橙尹山湖大剧院,2026.10.11 17:30,,待定,爬虫采集,https://www.piaoniu.com/activity/783800,2026-08-31
征程如歌&mdash;&mdash;国家大剧院合唱团,[合肥]征程如歌&mdash;&mdash;国家大剧院合唱团音乐会,合肥,安徽百戏城大剧院杂技剧场,2026.09.27 19:30,,预售中,爬虫采集,https://www.piaoniu.com/activity/783570,2026-08-31
余隆、音乐永恒合唱团与上海交响乐团演绎肖斯塔科维奇第二、第三交响曲,[上海]余隆、音乐永恒合唱团与上海交响乐团演绎肖斯塔科维奇第二、第三交响曲,上海,捷豹上海交响音乐厅-主厅,2027.04.29 19:30,,待定,爬虫采集,https://www.piaoniu.com/activity/781548,2026-08-31
尘埃与回响&mdash;&mdash;余隆、格内、音乐永恒合唱团与上海交响乐团肖,[上海]尘埃与回响&mdash;&mdash;余隆、格内、音乐永恒合唱团与上海交响乐团肖斯塔科维奇第十三交响曲,上海,捷豹上海交响音乐厅-主厅,2027.05.02 19:30,,待定,爬虫采集,https://www.piaoniu.com/activity/781545,2026-08-31
东方市民,[上海]2026东方市民音乐会：俄罗斯浪漫曲&mdash;&mdash;莫斯科国立柴科夫斯基音乐学院室内合唱团音乐会,上海,东方艺术中心-音乐厅,2026.11.21 10:00,,待定,爬虫采集,https://www.piaoniu.com/activity/779970,2026-08-31
孙一凡、上海交响乐团与国家大剧院合唱团演绎 丨上海交响乐团音乐季,[上海]孙一凡、上海交响乐团与国家大剧院合唱团演绎《布兰诗歌》丨上海交响乐团音乐季,上海,捷豹上海交响音乐厅-主厅,2026.09.25 19：30,,待定,爬虫采集,https://www.piaoniu.com/activity/780653,2026-08-31
第八届上海早期,[上海]第八届上海早期音乐节 忧思&mdash;&mdash;塔利斯学者合唱团丨上海交响乐团音乐季,上海,捷豹上海交响音乐厅-主厅,2026.11.17 19:30,,待定,爬虫采集,https://www.piaoniu.com/activity/781781,2026-08-31
东方市民,[上海]2026东方市民音乐会：刻在我心底的名字&mdash;&mdash;北京大学百周年纪念讲堂室内合唱团音乐会,上海,东方艺术中心-音乐厅,2026.10.17 10:00,,待定,爬虫采集,https://www.piaoniu.com/activity/779966,2026-08-31
环球之旅&mdash;&mdash;国家大剧院合唱团,[上海]环球之旅&mdash;&mdash;国家大剧院合唱团音乐会丨上海交响乐团音乐季,上海,捷豹上海交响音乐厅-主厅,2026.09.26 19:30,,待定,爬虫采集,https://www.piaoniu.com/activity/781688,2026-08-31
国家大剧院原创交响合唱,[北京]国家大剧院原创交响合唱音乐会《丰收中国》,北京,国家大剧院&mdash;&mdash;音乐厅,2026.10.10 -,,预售中,爬虫采集,https://www.piaoniu.com/activity/784198,2026-08-31
,[北京]【三里屯工体】吉他弹唱|民谣摇滚|欧美流行|致敬经典|怀旧金曲大合唱音乐会,北京,,2026.08.12-08.31 乐亦俱乐部(三里屯SOHO店),,待定,爬虫采集,https://www.piaoniu.com/activity/781967,2026-08-31
,[北京]【三里屯工体】告白气球|吉他弹唱|民谣摇滚|欧美流行|致敬经典|怀旧金曲大合唱音乐会,北京,乐亦俱乐部(三里屯SOHO店),2026.06.23 -,,待定,爬虫采集,https://www.piaoniu.com/activity/779718,2026-08-31
老狼,[乌鲁木齐]老狼《纯真年代》巡回演唱会,乌鲁木齐,乌鲁木齐大剧院·观演厅,2026.10.24 21:00,,待定,爬虫采集,https://www.piaoniu.com/activity/784452,2026-08-31
爱·永恒&mdash;理查德·克莱德曼 新年钢琴,[乌鲁木齐]爱·永恒&mdash;理查德·克莱德曼2027新年钢琴音乐会乌鲁木齐站,乌鲁木齐,21:30 乌鲁木齐大剧院·观演厅,2026.12.18 周五,,待定,爬虫采集,https://www.piaoniu.com/activity/781620,2026-08-31
全男班现代舞团-新中式舞蹈秀 乌鲁木齐全男班现代舞团-新中式舞蹈秀 乌鲁木齐站,[乌鲁木齐]全男班现代舞团-新中式舞蹈秀《叹春风》乌鲁木齐全男班现代舞团-新中式舞蹈秀《叹春风》乌鲁木齐站,乌鲁木齐,乌鲁木齐大剧院·观演厅,2026.09.11 -,,待定,爬虫采集,https://www.piaoniu.com/activity/778898,2026-08-31
麻园诗人环星闪耀世界之旅乌鲁木齐站,[乌鲁木齐]麻园诗人环星闪耀世界之旅乌鲁木齐站,乌鲁木齐,润现场RunLive,2026.09.02 21:00,,待定,爬虫采集,https://www.piaoniu.com/activity/780276,2026-08-31
奥斯卡·罗曼耶卓钢琴独奏,[乌鲁木齐]奥斯卡·罗曼耶卓钢琴独奏音乐会,乌鲁木齐,21:00 乌鲁木齐音乐厅,2026.10.31 周六,,预售中,爬虫采集,https://www.piaoniu.com/activity/775560,2026-08-31
刘德华,[北京][代拍费]刘德华演唱会,北京,,演出筹备中，时间待定 场馆待定,,预售中,爬虫采集,https://www.piaoniu.com/activity/775228,2026-08-31
刘德华,[南京][代拍费]刘德华演唱会,南京,,待定 场馆待定,,预售中,爬虫采集,https://www.piaoniu.com/activity/775227,2026-08-31
刘德华,[上海][代拍费]刘德华演唱会,上海,,待定 场馆待定,,待定,爬虫采集,https://www.piaoniu.com/activity/775225,2026-08-31
刘德华,[杭州][代拍费]刘德华演唱会,杭州,,待定 场馆待定,,预售中,爬虫采集,https://www.piaoniu.com/activity/775226,2026-08-31
刘宪华,[上海][代拍费]刘宪华演唱会,上海,,待定 场馆待定,,预售中,爬虫采集,https://www.piaoniu.com/activity/775603,2026-08-31
,[长春][限时免服务费]宝石Gem2026「原石季节」巡回演唱会,长春,长春东北亚国际博览中心-P4地上停车场,2026.09.05 19:30,,预售中,爬虫采集,https://www.piaoniu.com/activity/781852,2026-08-31
花开四季～心路歌者乌兰图雅,[长春]花开四季～心路歌者乌兰图雅演唱会专场,长春,长春国际会议中心 主会场,2026.11.21 19:30,,预售中,爬虫采集,https://www.piaoniu.com/activity/783354,2026-08-31
刘德华THE LEGEND-華氏巡迴演唱會,[中国香港]刘德华THE LEGEND-華氏巡迴演唱會,中国香港,2027.01.10 香港体育馆（红磡体育馆）,2026.12.18 -,,预售中,爬虫采集,https://www.piaoniu.com/activity/784099,2026-08-31
h3R3刘清云 回响,[成都]h3R3刘清云2026回响巡演,成都,CH8绿树演艺中心,2026.09.04 19:30,,待定,爬虫采集,https://www.piaoniu.com/activity/783177,2026-08-31
h3R3刘清云 &quot;回响&quot;,[郑州]h3R3刘清云2026&quot;回响&quot;巡演,郑州,郑州7LIVEHOUSE+,2026.09.13 19:30,,待定,爬虫采集,https://www.piaoniu.com/activity/783306,2026-08-31
9月13日·刘仁铖 单口喜剧,[常州]9月13日·刘仁铖《小刘的奇妙冒险》单口喜剧专场-常州站,常州,19:30 常州工人文化宫剧场,2026.09.13 周日,,待定,爬虫采集,https://www.piaoniu.com/activity/784219,2026-08-31
曹云金 听云轩相声,[长春]曹云金《万象更新》听云轩相声专场@长春站,长春,19:30 长春国际会议中心主会场,2026.12.31 周四,,待定,爬虫采集,https://www.piaoniu.com/activity/784058,2026-08-31
决赛选手锐锐全新脱口秀,[长春]《脱友2》决赛选手锐锐全新脱口秀专场《爱，来不来2.0》快乐共暖@长春,长春,长春大众剧场,2026.10.05 19:30,,预售中,爬虫采集,https://www.piaoniu.com/activity/784318,2026-08-31
9月5日·严值高 单口喜剧,[长春]9月5日·严值高《握手严和》单口喜剧专场-长春站,长春,19:30 长春国际会展中心,2026.09.05 周六,,待定,爬虫采集,https://www.piaoniu.com/activity/784170,2026-08-31
队长Young Captain 新专辑同名,[长春]队长Young Captain 2026新专辑同名巡演「I AM WHAT I AM」-长春站,长春,乐活LIVEHOUSE,2026.09.11 20:00,,预售中,爬虫采集,https://www.piaoniu.com/activity/783332,2026-08-31
维也纳宫廷圆舞曲交响乐新年,[长春]2027维也纳宫廷圆舞曲交响乐新年音乐会,长春,长春国际会议中心主会场,2026.12.24 19:30,,待定,爬虫采集,https://www.piaoniu.com/activity/774357,2026-08-31
刘旸教主单口喜剧,[深圳]刘旸教主单口喜剧专场《身心俱疲》 | Standby出品 @深圳,深圳,大剧院,2026.09.08-09.10 南山文体中心聚橙剧院,,待定,爬虫采集,https://www.piaoniu.com/activity/782842,2026-08-31
暗杠 走歌人 专辑,[长春]暗杠「太阳·月亮·草地」走歌人2026专辑巡唱,长春,乐活LIVEHOUSE,2026.11.06 20:00,,预售中,爬虫采集,https://www.piaoniu.com/activity/784326,2026-08-31
瓦莱里·捷杰耶夫与马林斯基剧院-朱塞佩・威尔第,[上海]瓦莱里·捷杰耶夫与马林斯基剧院-朱塞佩・威尔第《阿依达》,上海,,2026.10.30-11.01 上海大歌剧院,,待定,爬虫采集,https://www.piaoniu.com/activity/782223,2026-08-31
海上双钢琴师阿比萨尔·捷杰耶夫 &times; 方演【第五季】双钢琴,[深圳]海上双钢琴师阿比萨尔·捷杰耶夫 &times; 方演【第五季】双钢琴音乐会,深圳,光明文化艺术中心-音乐厅,2026.11.15 15:00,,预售中,爬虫采集,https://www.piaoniu.com/activity/778429,2026-08-31
《Resound 理想人声阿卡贝拉,[苏州]《Resound 理想人声阿卡贝拉音乐会》,苏州,19:30 独墅湖影剧院1号厅,2026.11.15 周日,,待定,爬虫采集,https://www.piaoniu.com/activity/782408,2026-08-31
琼花）佛山《理想人声·阿卡贝拉,[佛山]（琼花）佛山《理想人声·阿卡贝拉音乐会》,佛山,佛山琼花大剧院,2026.12.26 19:30,,预售中,爬虫采集,https://www.piaoniu.com/activity/783832,2026-08-31
音乐剧,[上海]音乐剧《风声》,上海,上海西岸大剧院-大剧场,2026.09.12 -,,待定,爬虫采集,https://www.piaoniu.com/activity/782146,2026-08-31
齐豫 风采依旧·在上海,[上海]齐豫 风采依旧·在上海演唱会,上海,上海体育馆,2026.09.19 19:00,,预售中,爬虫采集,https://www.piaoniu.com/activity/771779,2026-08-31
袁一琦UNKNOWN（未知,[上海]袁一琦UNKNOWN（未知） 2026巡回演唱会,上海,上海大舞台(上海体育馆),2026.09.12 19:00,,预售中,爬虫采集,https://www.piaoniu.com/activity/782919,2026-08-31
李翊君 永远永远 世界,[上海]2026李翊君 永远永远 世界巡回演唱会-上海站,上海,国家会展中心（上海）虹馆EH,2026.10.24 19:00,,预售中,爬虫采集,https://www.piaoniu.com/activity/779364,2026-08-31
爱之传奇迈克学摇滚,[上海]爱之传奇迈克学摇滚演唱会,上海,上海大舞台(上海体育馆),2026.09.23 19:30,,预售中,爬虫采集,https://www.piaoniu.com/activity/782897,2026-08-31
潘玮柏MADLOVE:ULTRA,[上海]潘玮柏MADLOVE:ULTRA巡回演唱会,上海,,2026.09.19 上海虹口足球场,,预售中,爬虫采集,https://www.piaoniu.com/activity/780469,2026-08-31
石凯,[上海]石凯「时空乐园」2026巡回演唱会,上海,国家会展中心（上海）虹馆EH,2026.09.12 19:00,,预售中,爬虫采集,https://www.piaoniu.com/activity/783654,2026-08-31
小柯,2026小柯「来·把你唱给我听」巡回演唱会-上海站,,上海静安体育中心-体育馆,2026.09.12 19:00,,预售中,爬虫采集,https://www.piaoniu.com/activity/777426,2026-08-31
真的爱你致敬BEYOND·黄家驹33周年新年,[上海]真的爱你致敬BEYOND·黄家驹33周年新年演唱会,上海,保利上海城市剧院,2026.12.27 19:30,,待定,爬虫采集,https://www.piaoniu.com/activity/783685,2026-08-31
,[上海]Marian Hill 演唱会,上海,蜚声上海PHASE LIVE HOUSE SHANGHAI,2026.09.27 20:00,,预售中,爬虫采集,https://www.piaoniu.com/activity/783982,2026-08-31
汪苏泷𝐀𝐆𝐄 𝐎𝐅 𝐑𝐎𝐌𝐀𝐍𝐂𝐄明日世界,[上海][代拍费]汪苏泷𝐀𝐆𝐄 𝐎𝐅 𝐑𝐎𝐌𝐀𝐍𝐂𝐄明日世界2026巡回演唱会,上海,,时间场馆待定 场馆待定,,预售中,爬虫采集,https://www.piaoniu.com/activity/773595,2026-08-31
蔡徐坤,[上海][代拍费]蔡徐坤演唱会,上海,,时间待定，具体以官方为准 场馆待定,,预售中,爬虫采集,https://www.piaoniu.com/activity/762318,2026-08-31
许嵩,[上海][代拍费]许嵩2026巡回演唱会,上海,,时间场馆待定 场馆待定,,预售中,爬虫采集,https://www.piaoniu.com/activity/768533,2026-08-31
凤凰传奇,[上海][代拍费]凤凰传奇演唱会,上海,,待定 场馆待定,,预售中,爬虫采集,https://www.piaoniu.com/activity/781478,2026-08-31
孙燕姿,[上海][代拍费]孙燕姿演唱会,上海,场馆待定,2026.12.31 00:00,,预售中,爬虫采集,https://www.piaoniu.com/activity/766209,2026-08-31
谢霆锋,[上海][代拍费]谢霆锋演唱会,上海,,待定 场馆待定,,预售中,爬虫采集,https://www.piaoniu.com/activity/775666,2026-08-31
伍佰,[上海][代拍费]伍佰演唱会,上海,场馆待定,2026.12.31 00:00,,预售中,爬虫采集,https://www.piaoniu.com/activity/767146,2026-08-31
《声名远扬 &bull; 华语榜中榜⾦曲,[上海]《声名远扬2026 &bull; 华语榜中榜⾦曲演唱会》,上海,九棵树未来艺术中心-大剧场,2026.10.04 19:30,,待定,爬虫采集,https://www.piaoniu.com/activity/783675,2026-08-31
许茹芸,[杭州][代拍费]许茹芸演唱会,杭州,场馆待定,2026.12.31 00:00,,预售中,爬虫采集,https://www.piaoniu.com/activity/772836,2026-08-31
许志安 Andy Hui 〈On Stage〉,[中国香港]许志安 Andy Hui 2026〈On Stage〉演唱会,中国香港,红磡香港体育馆,2026.10.08 -,,预售中,爬虫采集,https://www.piaoniu.com/activity/780984,2026-08-31
燃点计划PLANA1.0群星,[台州]2026燃点计划PLANA1.0群星演唱会,台州,台州市体育中心体育场,2026.09.27 19:30,,预售中,爬虫采集,https://www.piaoniu.com/activity/782680,2026-08-31
,[台州][限时免服务费]玉环-动力火车2026一路向前巡回演唱会,台州,玉环奥体中心体育场,2026.10.17 19:30,,预售中,爬虫采集,https://www.piaoniu.com/activity/782494,2026-08-31
谢霆锋,[台州][代拍费]谢霆锋2026巡回演唱会,台州,,时间场馆待定 场馆待定,,预售中,爬虫采集,https://www.piaoniu.com/activity/764394,2026-08-31
周深,[台州]周深2026「深深的」巡回演唱会,台州,台州市体育中心体育场,2026.09.12 -,,预售中,爬虫采集,https://www.piaoniu.com/activity/772921,2026-08-31
张爱玲原著 许鞍华导演 王安忆编剧 香港焦媛实验剧团 粤语话剧,[上海]张爱玲原著 许鞍华导演 王安忆编剧 香港焦媛实验剧团 粤语话剧《金锁记》,上海,YOUNG剧场,2026.09.18 -,,待定,爬虫采集,https://www.piaoniu.com/activity/778251,2026-08-31
刀郎,[南昌]刀郎巡回演唱会,南昌,,时间待定 场馆待定,,预售中,爬虫采集,https://www.piaoniu.com/activity/783804,2026-08-31
梦飞船,[南京]梦飞船2026「守护·星」巡回演唱会南京站,南京,南京稻香演艺中心,2026.09.04 19:30,,预售中,爬虫采集,https://www.piaoniu.com/activity/784670,2026-08-31
王力宏 世界,[重庆]王力宏「最好的地方II」世界巡回演唱会,重庆,重庆奥体中心体育场,2026.09.12 -,,预售中,爬虫采集,https://www.piaoniu.com/activity/779389,2026-08-31
,[贵阳]Top Barry 「My Store」2026巡演 贵阳站,贵阳,,全程消费保障，买得放心,,待定,爬虫采集,https://www.piaoniu.com/activity/782838,2026-08-31
五月天,[重庆][代拍费]五月天巡回演唱会重庆站,重庆,,具体时间待定 场馆待定,,预售中,爬虫采集,https://www.piaoniu.com/activity/766287,2026-08-31
白小白 个人,[重庆]白小白「漫漫人生路」个人巡回演唱会,重庆,重庆国际博览中心中央大厅,2026.09.19 19:00,,预售中,爬虫采集,https://www.piaoniu.com/activity/783342,2026-08-31
谢霆锋EvolutionNic,[重庆]谢霆锋EvolutionNicLive进化演唱会,重庆,,2026.09.26-09.27 重庆奥体中心体育场,,预售中,爬虫采集,https://www.piaoniu.com/activity/780528,2026-08-31
肖战,[重庆][代拍费]肖战2026巡回演唱会,重庆,待定,2026.12.31 19:00,,预售中,爬虫采集,https://www.piaoniu.com/activity/784151,2026-08-31
凤凰传奇,[重庆]凤凰传奇「吉祥如意」巡回演唱会,重庆,,2026.10.16-10.18 待定,,预售中,爬虫采集,https://www.piaoniu.com/activity/783187,2026-08-31
重庆·群星剧院喜剧秀｜快乐没有标准答案|脱口秀| 重庆首演！杨七主持✖️山山大爷,[重庆]重庆·群星剧院喜剧秀｜快乐没有标准答案|脱口秀| 重庆首演！杨七主持✖️山山大爷✖️莹莹✖️杨小羊✖️贝贝 解锁爆笑互动,重庆,19:30 重庆群星剧院,2026.09.12 周六,,待定,爬虫采集,https://www.piaoniu.com/activity/782330,2026-08-31
于祥宇脱口秀,[重庆]于祥宇脱口秀专场《最小单位的于祥宇》丨 Standby出品 @重庆,重庆,,2026.09.04-09.05 重庆施光南大剧院,,待定,爬虫采集,https://www.piaoniu.com/activity/782967,2026-08-31
北京儿艺文博探索系列-儿童剧 【重庆站】,[重庆]北京儿艺文博探索系列-儿童剧《谜人的三星堆》【重庆站】,重庆,重庆国泰艺术中心大剧场,2026.09.12 周六,,待定,爬虫采集,https://www.piaoniu.com/activity/784451,2026-08-31
音乐剧,[重庆]音乐剧《南墙计划》,重庆,,2026.09.19-09.20 重庆施光南大剧院,,待定,爬虫采集,https://www.piaoniu.com/activity/782069,2026-08-31
中国歌剧舞剧院 舞剧 （大剧场,[重庆]中国歌剧舞剧院 舞剧《垂虹别意·唐寅》（大剧场）,重庆,重庆大剧院大剧场,2026.09.12 -,,待定,爬虫采集,https://www.piaoniu.com/activity/781043,2026-08-31
9月4日·刘仁铖 单口喜剧,[重庆]9月4日·刘仁铖《小刘的奇妙冒险》单口喜剧专场-重庆站,重庆,19:30 重庆大剧院-中剧场,2026.09.04 周五,,待定,爬虫采集,https://www.piaoniu.com/activity/784192,2026-08-31
脱友人气选手步惊云脱口秀,[重庆]脱友人气选手步惊云脱口秀专场《母老虎》｜三好姐妹@重庆,重庆,19:30 重庆施光南大剧院,2026.10.16 周五,,待定,爬虫采集,https://www.piaoniu.com/activity/783688,2026-08-31
舞台剧 （大剧场,[重庆]舞台剧《夜行者》（大剧场）,重庆,重庆大剧院大剧场,2026.09.16 -,,预售中,爬虫采集,https://www.piaoniu.com/activity/781179,2026-08-31
话剧 （中剧场,[重庆]话剧《谁在敲门》（中剧场）,重庆,重庆大剧院中剧场,2026.09.18 -,,待定,爬虫采集,https://www.piaoniu.com/activity/781186,2026-08-31
陆川导演作品舞剧,[重庆]陆川导演作品舞剧《天工开物》,重庆,重庆施光南大剧院,2026.09.11 -,,预售中,爬虫采集,https://www.piaoniu.com/activity/781054,2026-08-31
维也纳春之声交响乐团新年,[重庆]维也纳春之声交响乐团新年音乐会,重庆,19:30 重庆大剧院,2026.12.20 周日,,待定,爬虫采集,https://www.piaoniu.com/activity/781120,2026-08-31
乃万,[重庆]乃万「Selves 们2.0」巡演（大剧场）,重庆,19:30 重庆大剧院-大剧场,2026.09.05 周六,,待定,爬虫采集,https://www.piaoniu.com/activity/776581,2026-08-31
西班牙塞维利亚安东尼奥·安德拉德弗拉门戈舞蹈团,[重庆]西班牙塞维利亚安东尼奥·安德拉德弗拉门戈舞蹈团《卡门》,重庆,重庆国泰艺术中心大剧场,2026.09.26 19:30,,预售中,爬虫采集,https://www.piaoniu.com/activity/781078,2026-08-31
剧院之声&mdash;星星梭 主题朗诵会（中剧场,[重庆]剧院之声&mdash;星星梭《风起秋声澜》主题朗诵会（中剧场）,重庆,重庆大剧院中剧场,2026.09.13 19:30,,预售中,爬虫采集,https://www.piaoniu.com/activity/781163,2026-08-31
话剧 （中剧场,[重庆]话剧《平凡的世界》（中剧场）,重庆,重庆大剧院中剧场,2026.10.10 19:30,,待定,爬虫采集,https://www.piaoniu.com/activity/781140,2026-08-31
9月25-27日 互动,[重庆]9月25-27日《一条名叫爱情的狗》互动专场-重庆站(二狗个人专场)|约会推荐|破圈社交,重庆,,2026.09.25-09.27 重庆施光南大剧院,,预售中,爬虫采集,https://www.piaoniu.com/activity/784382,2026-08-31
南征北战NZBZ,[佛山]南征北战NZBZ 2026「野蛮生长」巡演,佛山,佛山ALSO LIVE,2026.10.16 19:00,,预售中,爬虫采集,https://www.piaoniu.com/activity/782597,2026-08-31
郭富城 ICONIC 世界,[南京]郭富城2026 ICONIC 世界巡回演唱会,南京,南京梦之蓝青奥体育公园体育馆,2026.09.19 19:00,,预售中,爬虫采集,https://www.piaoniu.com/activity/779998,2026-08-31
门尼,[南京]门尼2026「印·IN」巡回演唱会,南京,南京奥体中心国缘V9体育馆,2026.09.12 19:00,,预售中,爬虫采集,https://www.piaoniu.com/activity/782678,2026-08-31
李健万物安生时,[南京]李健万物安生时巡回演唱会,南京,,2026.09.05 梦之蓝青奥体育公园体育馆,,待定,爬虫采集,https://www.piaoniu.com/activity/771569,2026-08-31
肖战,[南京][代拍费]肖战演唱会,南京,,时间待定，具体以官方为准 场馆待定,,预售中,爬虫采集,https://www.piaoniu.com/activity/784128,2026-08-31
张杰,[南京][代拍费]张杰2026巡回演唱会,南京,,时间待定 场馆待定,,预售中,爬虫采集,https://www.piaoniu.com/activity/783898,2026-08-31
许嵩,[南京][代拍费]许嵩2026巡回演唱会,南京,,时间场馆待定 场馆待定,,预售中,爬虫采集,https://www.piaoniu.com/activity/768535,2026-08-31
那英,"[南京]那英「我来,因为你在」巡回演唱会",南京,19:00 南京梦之蓝青奥体育公园体育馆,2026.09.12 周六,,预售中,爬虫采集,https://www.piaoniu.com/activity/780947,2026-08-31
舞动精灵Groove Coverage出道25周年 南京,2026 舞动精灵Groove Coverage出道25周年 南京演唱会,,稻香音乐空间,2026.10.16 20:00,,预售中,爬虫采集,https://www.piaoniu.com/activity/777330,2026-08-31
南京江豚,[南京]2026南京江豚音乐节,南京,南京市建邺区江心洲生态科技岛,2026.10.04 -,,预售中,爬虫采集,https://www.piaoniu.com/activity/784441,2026-08-31
许嵩,[苏州]许嵩2026「安泊猜想」巡回演唱会,苏州,,2026.10.04-10.06 苏州奥体中心体育场,,预售中,爬虫采集,https://www.piaoniu.com/activity/779787,2026-08-31
,[中国香港]JOJI:SOLARIS巡回演唱会-香港站,中国香港,香港亚洲国际博览馆11号馆,2026.11.29 20:00,,预售中,爬虫采集,https://www.piaoniu.com/activity/775856,2026-08-31
梁咏琪LOVE GiGi爱自己世界,[中国香港]梁咏琪LOVE GiGi爱自己世界巡回演唱会-香港站,中国香港,香港体育馆（红磡体育馆）,2026.11.27 -,,预售中,爬虫采集,https://www.piaoniu.com/activity/782389,2026-08-31
TREASURE宝石盒 THE STAGE NEW WAV,[中国香港]TREASURE宝石盒 THE STAGE 2026 NEW WAV : LIVE IN HONG KONG,中国香港,香港亚洲国际博览馆Arena,2026.09.12 18:00,,待定,爬虫采集,https://www.piaoniu.com/activity/782204,2026-08-31
,[中国香港]Stray Kids World Tour &lt;RUN IT HONG KONG&gt;,中国香港,香港启德体育园启德主场馆,2026.12.05 17:00,,预售中,爬虫采集,https://www.piaoniu.com/activity/784071,2026-08-31
Vaundy 亚洲,[中国香港]Vaundy 2026 「HORO」亚洲巡回演唱会,中国香港,香港亚洲国际博览馆Arena,2026.10.03 20:00,,预售中,爬虫采集,https://www.piaoniu.com/activity/776602,2026-08-31
MAMAMOO 世界,[中国香港]MAMAMOO 2026世界巡回演唱会,中国香港,启德体艺馆,2026.10.04 18:00,,预售中,爬虫采集,https://www.piaoniu.com/activity/782277,2026-08-31
LUCY〈ISLAND〉安可,[中国香港]2026 LUCY〈ISLAND〉安可演唱会,中国香港,东华三院东蒲胡李名静体育馆,2026.11.03 19:00,,预售中,爬虫采集,https://www.piaoniu.com/activity/784470,2026-08-31
,[中国香港]NCT127 5th TOUR NEO CITY:THE REDLINE,中国香港,启德体艺馆,2026.10.10 -,,预售中,爬虫采集,https://www.piaoniu.com/activity/780742,2026-08-31
,[中国香港] 2026 STAYC FAN CONCERT TOUR [STAY CLOSER] IN HONGKONG,中国香港,安盛创梦馆 Go Park AXA Dreamland,2026.10.24 19:00,,预售中,爬虫采集,https://www.piaoniu.com/activity/783444,2026-08-31
,[中国香港] [限时立减50元]BTS（防弹少年团）WORLD TOUR ARIRANG in HONGKONG,中国香港,香港启德体育园启德主场馆,2027.03.04 -,,预售中,爬虫采集,https://www.piaoniu.com/activity/777415,2026-08-31
汪苏泷 世界,[中国香港]汪苏泷2026「明日世界」世界巡回演唱会,中国香港,香港启德体育园启德主场馆,2026.09.04 -,,待定,爬虫采集,https://www.piaoniu.com/activity/782022,2026-08-31
郑秀文 You & Mi,[中国香港]郑秀文 2026 You & Mi 演唱会亚洲巡回终点站,中国香港,,2027.05.28-05.30 香港启德体育园启德主场馆,,预售中,爬虫采集,https://www.piaoniu.com/activity/773840,2026-08-31
Bruno Mars（布鲁诺·马尔斯）火星哥 The Romantic Tour,[中国香港]Bruno Mars（布鲁诺·马尔斯）火星哥 The Romantic Tour In HongKong,中国香港,启德主场馆,2027.05.07 -,,预售中,爬虫采集,https://www.piaoniu.com/activity/784503,2026-08-31
谭咏麟与您 世界,[中国香港]谭咏麟与您「刻骨铭心」世界巡回演唱会一终极篇,中国香港,红磡香港体育馆,2026.09.11 -,,待定,爬虫采集,https://www.piaoniu.com/activity/778348,2026-08-31
官方,[香港]《进击的巨人》官方音乐会-香港站,香港,,2026.11.01 香港亚洲国际博览馆Arena,,待定,爬虫采集,https://www.piaoniu.com/activity/776520,2026-08-31
,[中国香港][幸卓辉&times;章明伯]幸运明华香港粉丝见面会,中国香港,旺角麦花臣场馆,2026.09.13 15:00,,待定,爬虫采集,https://www.piaoniu.com/activity/783976,2026-08-31
,[中国香港] Khalid: It's Always Summer Somewhere Tour,中国香港,香港亚洲国际博览馆10号馆,2026.12.01 20:00,,预售中,爬虫采集,https://www.piaoniu.com/activity/781345,2026-08-31
12月4-6日 互动,[香港]12月4-6日《一条名叫爱情的狗》互动专场-香港站(二狗个人专场)|约会推荐|破圈社交,香港,,2026.12.04-12.06 香港青年广场-Y综艺馆,,预售中,爬虫采集,https://www.piaoniu.com/activity/784373,2026-08-31
IVE 世界,[中国香港]IVE 世界巡演&lt;SHOW WHATIAM&gt;,中国香港,香港亚洲国际博览馆Arena,2026.09.04 -,,待定,爬虫采集,https://www.piaoniu.com/activity/773538,2026-08-31
NCT WISH 2ND ANNIVERSARY FANMEETING ＜六位王,[中国香港]NCT WISH 2ND ANNIVERSARY FANMEETING ＜六位王子都想娶我?＞ IN HONG KONG,中国香港,香港亚洲国际博览馆Arena,2026.09.19 周六,,预售中,爬虫采集,https://www.piaoniu.com/activity/783178,2026-08-31
金允植 &times; 朴时宇双人见面会,[中国香港]金允植 &times; 朴时宇双人见面会,中国香港,HOPEWELL HOTEL,2026.09.05 -,,待定,爬虫采集,https://www.piaoniu.com/activity/784005,2026-08-31
,[中国香港]TOGENASHI TO GEARI Live in HONG KONG「凛音の理」Special Edition,中国香港,亚洲国际博览馆2号馆,2026.10.02 20:00,,预售中,爬虫采集,https://www.piaoniu.com/activity/783328,2026-08-31
银赫（李赫宰） EUNHYUK FANCON be:WARE OF THE RA,[中国香港]2026 银赫（李赫宰） EUNHYUK FANCON be:WARE OF THE RABBIT in HONG KONG,中国香港,亚洲国际博览馆 Summit,2026.09.19 18:00,,预售中,爬虫采集,https://www.piaoniu.com/activity/783503,2026-08-31
《继续宠爱．张国荣70诞辰．,[香港]《继续宠爱．张国荣70诞辰．音乐会》,香港,19:15 AXA x WONDERLAND 安盛 &times; 竹翠公园（原西九苗圃公园）,2026.09.12 周六,,待定,爬虫采集,https://www.piaoniu.com/activity/784485,2026-08-31
]The weeknd（威肯）盆栽哥 亚洲,[中国香港[限时立减30元]]The weeknd（威肯）盆栽哥 2026 《After Hours Til Dawn》亚洲巡演,中国香港[限时立减30元,香港启德体育园启德主场馆,2026.10.24 -,,预售中,爬虫采集,https://www.piaoniu.com/activity/776589,2026-08-31
蔡依林,[郑州][代拍费]蔡依林巡回演唱会郑州站,郑州,,演出筹备中，时间待定 场馆待定,,预售中,爬虫采集,https://www.piaoniu.com/activity/761176,2026-08-31
蔡徐坤,[杭州][代拍费]蔡徐坤演唱会,杭州,,时间待定，具体以官方为准 场馆待定,,预售中,爬虫采集,https://www.piaoniu.com/activity/762317,2026-08-31
马思唯-乐透人生 The Lottery TOUR,[太原]马思唯-乐透人生 The Lottery TOUR巡回演唱会,太原,山西体育中心汾酒体育馆,2026.10.02 19:00,,预售中,爬虫采集,https://www.piaoniu.com/activity/774120,2026-08-31
音浪巅峰超级,[太原]音浪巅峰超级演唱会,太原,山西体育中心体育场,2026.10.17 19:30,,预售中,爬虫采集,https://www.piaoniu.com/activity/781783,2026-08-31
粤动金秋·慧你钟情群星,[常州]粤动金秋·慧你钟情群星演唱会,常州,新龙湖演艺中心,2026.10.06 19:30,,预售中,爬虫采集,https://www.piaoniu.com/activity/784661,2026-08-31
于祥宇脱口秀,[武汉]于祥宇脱口秀专场《最小单位的于祥宇》丨 Standby出品 @武汉,武汉,,2026.09.16-09.17 武汉琴台大剧院,,待定,爬虫采集,https://www.piaoniu.com/activity/783876,2026-08-31
于祥宇脱口秀,[常州]于祥宇脱口秀专场《最小单位的于祥宇》丨Standby出品@常州,常州,19:30 常州大剧院大剧场,2026.09.26 周六,,待定,爬虫采集,https://www.piaoniu.com/activity/783805,2026-08-31
于贞,[西安]于贞2026「邀请函」巡演西安站,西安,西演SPACE·塞斯拾陆,2026.09.05 19:30,,待定,爬虫采集,https://www.piaoniu.com/activity/780285,2026-08-31
于贞,[上海]于贞2026「邀请函」巡演上海站,上海,回响之地·前滩馆,2026.09.26 19:30,,预售中,爬虫采集,https://www.piaoniu.com/activity/782454,2026-08-31
于贞,[南昌]于贞2026「邀请函」巡演,南昌,追乐部落LIVEHOUSE MAX,2026.09.12 19:30,,预售中,爬虫采集,https://www.piaoniu.com/activity/783626,2026-08-31
于祥宇脱口秀,[上海]于祥宇脱口秀专场《最小单位的于祥宇》丨 Standby出品 @上海,上海,交通银行前滩31演艺中心 · 大剧场,2026.10.04 19:30,,待定,爬虫采集,https://www.piaoniu.com/activity/784642,2026-08-31
林峯 GO WITH THE FLOW,[东莞]林峯 GO WITH THE FLOW 演唱会,东莞,东莞银行篮球中心(原东莞篮球中心),2026.09.12 19:30,,预售中,爬虫采集,https://www.piaoniu.com/activity/780229,2026-08-31
阳光 三亚 嘉年华 周杰伦,[三亚]阳光 三亚 嘉年华2026周杰伦演唱会,三亚,三亚市体育中心白鹭体育场,2026.12.18 -,,预售中,爬虫采集,https://www.piaoniu.com/activity/780839,2026-08-31
F✦FOREVER 恒星之城 · 星海启航（杭州）限定场,[杭州]F✦FOREVER 恒星之城 · 星海启航（杭州）限定场演唱会,杭州,杭州奥体中心体育场,2026.09.26 -,,预售中,爬虫采集,https://www.piaoniu.com/activity/783447,2026-08-31
原来你也睡不着周菲戈,[杭州]原来你也睡不着周菲戈2026《24:01》,杭州,CH8 Livehouse(杭州小河店),2026.09.12 19:00,,预售中,爬虫采集,https://www.piaoniu.com/activity/783658,2026-08-31
梁静茹,[北京][代拍费]梁静茹演唱会北京站,北京,,演出筹备中，时间待定 场馆待定,,预售中,爬虫采集,https://www.piaoniu.com/activity/754105,2026-08-31
梁静茹,"[南宁]梁静茹「Best,茹果我不唱情歌」 巡回演唱会",南宁,广西体育中心主体育场,2026.11.14 19:30,,预售中,爬虫采集,https://www.piaoniu.com/activity/777297,2026-08-31
梁静茹,"[西安]梁静茹「Best,茹果我不唱情歌」巡回演唱会",西安,西安奥体中心体育场,2026.09.05 19:30,,预售中,爬虫采集,https://www.piaoniu.com/activity/768843,2026-08-31
梁静茹,"[苏州]梁静茹「Best,茹果我不唱情歌」巡回演唱会",苏州,19:00 苏州奥林匹克体育中心体育场,2026.10.31 周六,,预售中,爬虫采集,https://www.piaoniu.com/activity/768836,2026-08-31
李健万物安生时,[宁波][代拍]李健万物安生时巡回演唱会,宁波,场馆待定,演出筹备中 场馆待定,,预售中,爬虫采集,https://www.piaoniu.com/activity/771573,2026-08-31
梁海源脱口秀,[深圳]梁海源脱口秀专场《天才的三个夜晚》｜笑果出品@深圳,深圳,,2026.09.04-09.05 深圳大剧院,,待定,爬虫采集,https://www.piaoniu.com/activity/783477,2026-08-31
梁海源脱口秀,[北京]梁海源脱口秀专场《天才的三个夜晚》｜笑果出品@北京,北京,,2026.09.30-10.01 北京展览馆剧场,,待定,爬虫采集,https://www.piaoniu.com/activity/783646,2026-08-31
梁海源脱口秀,[嘉兴]梁海源脱口秀专场《天才的三个夜晚》｜笑果出品@嘉兴,嘉兴,19:30 嘉兴大剧院大剧场,2026.09.11 周五,,待定,爬虫采集,https://www.piaoniu.com/activity/783841,2026-08-31
梁彦增互动,[北京]《鸽子的芳心》梁彦增互动专场@东四,北京,,2026.08.19-09.24 北京NEST巢空间,,预售中,爬虫采集,https://www.piaoniu.com/activity/777238,2026-08-31
梁彦增互动,[北京]「景山剧场」梁彦增互动专场《鸽子的芳心》,北京,开心麻花景山剧场,2026.09.19 20:00,,预售中,爬虫采集,https://www.piaoniu.com/activity/784550,2026-08-31
从贝多芬到爵士乐：梁翰轩圆号与钢琴,[上海]从贝多芬到爵士乐：梁翰轩圆号与钢琴音乐会,上海,大零号湾文化艺术中心,2026.10.17 19:30,,待定,爬虫采集,https://www.piaoniu.com/activity/783296,2026-08-31
梁海源脱口秀,[苏州]梁海源脱口秀专场《天才的三个夜晚》｜笑果出品@苏州,苏州,19:30 苏州文化艺术中心-大剧院,2026.10.24 周六,,待定,爬虫采集,https://www.piaoniu.com/activity/782990,2026-08-31
上海越剧院越剧,[苏州]上海越剧院越剧《梁山伯与祝英台》,苏州,19:30 苏州狮山大剧院-大剧场,2026.11.04 周三,,待定,爬虫采集,https://www.piaoniu.com/activity/781430,2026-08-31
梁海源脱口秀,[连云港]梁海源脱口秀专场《天才的三个夜晚》｜笑果出品@连云港,连云港,19:30 连云港大剧院大剧场,2026.10.30 周五,,待定,爬虫采集,https://www.piaoniu.com/activity/782989,2026-08-31
梁海源脱口秀,[广州]梁海源脱口秀专场《天才的三个夜晚》｜笑果出品@广州,广州,,2026.10.04-10.05 广州蓓蕾剧院,,待定,爬虫采集,https://www.piaoniu.com/activity/784681,2026-08-31
梁彦增脱口秀互动,[北京]梁彦增脱口秀互动专场《鸽子的芳心》|喜番club,北京,,2026.08.29-09.25 喜番club,,待定,爬虫采集,https://www.piaoniu.com/activity/777003,2026-08-31
步惊云脱口秀,[宁波]步惊云脱口秀专场《母老虎》｜三好姐妹@宁波,宁波,19:30 宁波文化广场大剧院,2026.09.06 周日,,待定,爬虫采集,https://www.piaoniu.com/activity/780215,2026-08-31
脱友&喜单综艺咖| 脱口秀拼盘【欢乐集结号】,[宁波]脱友&喜单综艺咖| 脱口秀拼盘【欢乐集结号】巡演&mdash;&mdash;宁波站@喜剧大篷车,宁波,19:30 宁波文化广场大剧院,2026.09.05 周六,,待定,爬虫采集,https://www.piaoniu.com/activity/782778,2026-08-31
邱瑞脱口秀,[宁波]邱瑞脱口秀专场《泡沫之下》| 快乐共暖@宁波,宁波,19:30 宁波逸夫剧院,2026.10.01 周四,,待定,爬虫采集,https://www.piaoniu.com/activity/784157,2026-08-31
维也纳皇家交响乐团 新年,[宁波]维也纳皇家交响乐团2027新年音乐会 一宁波站,宁波,19:30 宁波文化广场大剧院,2026.12.21 周一,,待定,爬虫采集,https://www.piaoniu.com/activity/782771,2026-08-31
,[宁波]【2026茧·声演出季】越剧《何文秀》,宁波,19:30 宁波文化广场大剧院,2026.10.09 周五,,待定,爬虫采集,https://www.piaoniu.com/activity/782751,2026-08-31
英国BBC正版授权亲子互动舞台剧,[泰州]英国BBC正版授权亲子互动舞台剧《布鲁伊的大宝藏》,泰州,14:30 泰州大剧院,2026.09.27 周日,,待定,爬虫采集,https://www.piaoniu.com/activity/781958,2026-08-31
悬疑舞台剧,[泰州]悬疑舞台剧《六个凶手》,泰州,19:30 靖江大剧院,2026.09.06 周日,,待定,爬虫采集,https://www.piaoniu.com/activity/781250,2026-08-31
步惊云脱口秀,[太原]步惊云脱口秀专场《母老虎》｜三好姐妹@太原,太原,,全程消费保障，买得放心,,待定,爬虫采集,https://www.piaoniu.com/activity/780751,2026-08-31
新&bull;国风舞剧,[太原]新&bull;国风舞剧《翎衣》,太原,,2026.09.19 太原青年宫演艺中心,,预售中,爬虫采集,https://www.piaoniu.com/activity/780815,2026-08-31
9月19-20日 互动,[太原]9月19-20日《一条名叫爱情的狗》互动专场-太原站(二狗个人专场)|约会推荐|破圈社交,太原,,2026.09.19-09.20 太原工人文化宫大剧场,,预售中,爬虫采集,https://www.piaoniu.com/activity/784139,2026-08-31
贰佰,[太原]贰佰2026「贰话不说」巡演,太原,The Boo,2026.09.04 20:00,,预售中,爬虫采集,https://www.piaoniu.com/activity/782372,2026-08-31
大剧场-原创音乐剧 镜框版,[太原]大剧场-原创音乐剧《#0528》镜框版,太原,,2026.10.01-10.02 山西大剧院-大剧场,,预售中,爬虫采集,https://www.piaoniu.com/activity/782057,2026-08-31
凤凰传奇,[呼和浩特]凤凰传奇2026「吉祥如意」巡回演唱会,呼和浩特,,2026.09.04-09.06 呼和浩特体育场,,预售中,爬虫采集,https://www.piaoniu.com/activity/775738,2026-08-31
明代卷王教你摆脱内卷！首部大型治愈系话剧 龙场悟道,[温州]明代卷王教你摆脱内卷！首部大型治愈系话剧《心光-王阳明传奇》龙场悟道,温州,温州高新文化广场 大剧院,2026.09.05 19:28,,待定,爬虫采集,https://www.piaoniu.com/activity/777842,2026-08-31
张杰未,[温州][代拍费]张杰未·LIVE&mdash;「开往1982」世界巡回演唱会,温州,,时间待定 场馆待定,,预售中,爬虫采集,https://www.piaoniu.com/activity/764389,2026-08-31
9月6日·唐香玉单口喜剧,[温州]9月6日·唐香玉单口喜剧专场《糖》温州站,温州,温州高新文化广场 大剧院,2026.09.06 周日,,待定,爬虫采集,https://www.piaoniu.com/activity/781406,2026-08-31
倪大红、史可、茅子俊领衔主演话剧,[温州]倪大红、史可、茅子俊领衔主演话剧《萃锦园》,温州,温州大剧院-歌剧厅,2026.09.11 19:30,,待定,爬虫采集,https://www.piaoniu.com/activity/777849,2026-08-31
曹禺传世名典巨著话剧,[温州]曹禺传世名典巨著话剧《雷雨》,温州,19:30 温州高新文化广场 大剧院,2026.09.12 周六,,待定,爬虫采集,https://www.piaoniu.com/activity/779129,2026-08-31
李珍珍一一俄罗斯浪漫与咏叹,[温州]李珍珍一一俄罗斯浪漫与咏叹音乐会,温州,19:30 温州高新文化广场 小剧场,2026.09.25 周五,,待定,爬虫采集,https://www.piaoniu.com/activity/784553,2026-08-31
宁波小百花越剧团传承版,[温州]宁波小百花越剧团传承版《何文秀》,温州,19:00 温州高新文化广场 大剧院,2026.11.27 周五,,待定,爬虫采集,https://www.piaoniu.com/activity/784554,2026-08-31
喜剧,[温州]喜剧《蒋公的面子》,温州,19:30 温州高新文化广场 大剧院,2026.09.26 周六,,待定,爬虫采集,https://www.piaoniu.com/activity/779136,2026-08-31
鲁迅原著改编话剧,[温州]鲁迅原著改编话剧《呐喊1911》,温州,19:30 温州高新文化广场 大剧院,2026.10.10 周六,,待定,爬虫采集,https://www.piaoniu.com/activity/782065,2026-08-31
宁波小百花越剧团,[温州]宁波小百花越剧团《江南女巡按》,温州,19:00 温州高新文化广场 大剧院,2026.11.28 周六,,待定,爬虫采集,https://www.piaoniu.com/activity/784555,2026-08-31
,[北京]HANS ZIMMER LIVE &ndash; THE NEXT LEVEL IN BEIJING汉斯·季默传奇音乐会全新境界北京站,北京,,2026.09.23-09.24 北京华熙生物·润百颜ECM中心,,预售中,爬虫采集,https://www.piaoniu.com/activity/782142,2026-08-31
,[广州]HANS ZIMMER LIVE &ndash; THE NEXT LEVEL IN GUANGZHOU 汉斯·季默传奇音乐会 全新境界 广州站,广州,19:00 宝能广州国际体育演艺中心,2026.10.03 周六,,待定,爬虫采集,https://www.piaoniu.com/activity/781987,2026-08-31
圆谷正版授权奥特曼系列舞台剧 北京站,[北京]圆谷正版授权奥特曼系列舞台剧《奥特传奇第3部外星生物来袭》北京站,北京,天桥艺术中心&mdash;&mdash;中剧场,2026.09.06 15:00,,预售中,爬虫采集,https://www.piaoniu.com/activity/784041,2026-08-31
明代卷王教你摆脱内卷！首部大型治愈系话剧 龙场悟道,[嘉兴]明代卷王教你摆脱内卷！首部大型治愈系话剧《心光-王阳明传奇》龙场悟道,嘉兴,嘉兴大剧院,2026.09.26 19:28,,预售中,爬虫采集,https://www.piaoniu.com/activity/778780,2026-08-31
第三届钱塘国际戏剧嘉年华 | 龙场悟道,[杭州]第三届钱塘国际戏剧嘉年华 | 《心光-王阳明传奇》龙场悟道,杭州,19:28 杭州金沙湖大剧院-歌剧厅,2026.09.18 周五,,待定,爬虫采集,https://www.piaoniu.com/activity/777571,2026-08-31
乐圣传奇 郑杰钢琴独奏,[合肥]乐圣传奇 郑杰钢琴独奏音乐会,合肥,合肥大剧院音乐厅,2026.11.14 19:30,,待定,爬虫采集,https://www.piaoniu.com/activity/776094,2026-08-31
,[金华]【青年舞蹈戏剧节】全国首部大型治愈系话剧《心光·王阳明传奇》龙场悟道,金华,19:28 义乌文化广场剧院,2026.09.30 周三,,待定,爬虫采集,https://www.piaoniu.com/activity/781287,2026-08-31
明代卷王教你摆脱内卷！全国首部大型治愈系话剧 龙场悟道,[合肥]明代卷王教你摆脱内卷！全国首部大型治愈系话剧《心光-王阳明传奇》龙场悟道,合肥,肥东大剧院,2026.10.24 19:28,,预售中,爬虫采集,https://www.piaoniu.com/activity/782446,2026-08-31
李宗盛 【有歌之年】,[海口]李宗盛2026【有歌之年】巡回演唱会,海口,海口市五源河体育中心体育馆,2026.09.19 19:30,,预售中,爬虫采集,https://www.piaoniu.com/activity/782406,2026-08-31
杨千嬅,[汕头]杨千嬅 Live MY LIVE 1.0 世界巡回演唱会,汕头,汕头体育中心体育场,2026.10.31 19:30,,预售中,爬虫采集,https://www.piaoniu.com/activity/781605,2026-08-31
水木年华 就算没有很伟大的梦想25周年,[汕头]水木年华 2026 就算没有很伟大的梦想25周年巡回演唱会,汕头,汕头体育中心体育馆,2026.10.03 20:00,,预售中,爬虫采集,https://www.piaoniu.com/activity/782286,2026-08-31
马克西姆边界II古典跨界钢琴演奏会-汕头站,[汕头]2026马克西姆边界II古典跨界钢琴演奏会-汕头站,汕头,19:30 林百欣会展中心,2026.12.04 周五,,待定,爬虫采集,https://www.piaoniu.com/activity/784533,2026-08-31
维也纳皇家爱乐乐团新年,[汕头]维也纳皇家爱乐乐团新年音乐会,汕头,19:30 林百欣会展中心,2027.01.08 周五,,待定,爬虫采集,https://www.piaoniu.com/activity/781977,2026-08-31
《光影弦歌&mdash;&mdash;意大利莫里拉乐团视听,[合肥]《光影弦歌&mdash;&mdash;意大利莫里拉乐团视听音乐会》,合肥,安徽百戏城大剧院杂技剧场,2026.09.06 19:30,,待定,爬虫采集,https://www.piaoniu.com/activity/783577,2026-08-31
大师公益系列 阿姆斯特丹美泉宫室内乐团,[上海]大师公益系列 阿姆斯特丹美泉宫室内乐团音乐会：巴赫与莫扎特跨越时代的对话,上海,凯迪拉克·上海音乐厅-大厅,2026.09.18 19:30,,待定,爬虫采集,https://www.piaoniu.com/activity/781015,2026-08-31
越剧 ·南京市越剧团70周年团庆系列演出,[南京]越剧《莫愁女》·南京市越剧团70周年团庆系列演出,南京,19:30 南京文化艺术中心大剧院,2026.09.12 周六,,待定,爬虫采集,https://www.piaoniu.com/activity/782631,2026-08-31
完全莫扎特&mdash;&mdash;诺亚·本迪克斯-巴尔格利、梅第扬 与柏林爱,[上海]完全莫扎特&mdash;&mdash;诺亚·本迪克斯-巴尔格利、梅第扬 与柏林爱乐巴洛克独奏家合奏团音乐会,上海,东方艺术中心-音乐厅,2026.11.12 19:30,,待定,爬虫采集,https://www.piaoniu.com/activity/780901,2026-08-31
晚高峰,[上海]晚高峰音乐会1：时间里的莫扎特丨上海交响乐团音乐季,上海,捷豹上海交响音乐厅-演艺厅,2026.09.29 18:30,,待定,爬虫采集,https://www.piaoniu.com/activity/781414,2026-08-31
柏林爱乐巴洛克独奏家合奏团莫扎特之夜,[广州]柏林爱乐巴洛克独奏家合奏团莫扎特之夜,广州,星海音乐厅·交响乐演奏大厅,2026.11.21 20:00,,预售中,爬虫采集,https://www.piaoniu.com/activity/784388,2026-08-31
宁峰与德国波茨坦室内乐团演绎莫扎特全套小提琴协奏曲,[上海]宁峰与德国波茨坦室内乐团演绎莫扎特全套小提琴协奏曲,上海,,2026.10.10-10.11 东方艺术中心-音乐厅,,待定,爬虫采集,https://www.piaoniu.com/activity/781329,2026-08-31
上交室内乐 2：北极星四重奏演绎莫扎特与德沃夏克丨上海交响乐团音乐季,[上海]上交室内乐 2：北极星四重奏演绎莫扎特与德沃夏克丨上海交响乐团音乐季,上海,捷豹上海交响音乐厅-演艺厅,2026.11.06 19:15,,待定,爬虫采集,https://www.piaoniu.com/activity/781411,2026-08-31
俄罗斯瓦赫坦戈夫剧院 话剧,[上海]俄罗斯瓦赫坦戈夫剧院 话剧《莫扎特传》,上海,东方艺术中心-歌剧厅,2026.11.11 -,,待定,爬虫采集,https://www.piaoniu.com/activity/783952,2026-08-31
斯特拉迪瓦里四重奏演绎莫扎特丨上海交响乐团音乐季,[上海]斯特拉迪瓦里四重奏演绎莫扎特丨上海交响乐团音乐季,上海,捷豹上海交响音乐厅-演艺厅,2026.09.24 19:15,,待定,爬虫采集,https://www.piaoniu.com/activity/781662,2026-08-31
米歇尔·达尔贝托演奏莫扎特 钢琴独奏会丨上海交响乐团音乐季,[上海]米歇尔·达尔贝托演奏莫扎特 钢琴独奏会丨上海交响乐团音乐季,上海,捷豹上海交响音乐厅-主厅,2026.11.06 19:30,,待定,爬虫采集,https://www.piaoniu.com/activity/781772,2026-08-31
库伦齐斯与音乐永恒乐团演绎莫扎特、贝多芬&mdash; 醇·萃古典,[北京]库伦齐斯与音乐永恒乐团演绎莫扎特、贝多芬&mdash;2026醇·萃古典,北京,(通州区)北京艺术中心-音乐厅-国家大剧院分址,2026.10.17 -,,预售中,爬虫采集,https://www.piaoniu.com/activity/783542,2026-08-31
奥滕萨默、奥皮茨与上海交响乐团纪念莫扎特诞辰270周年丨上海交响乐团音乐季,[上海]奥滕萨默、奥皮茨与上海交响乐团纪念莫扎特诞辰270周年丨上海交响乐团音乐季,上海,捷豹上海交响音乐厅-主厅,2026.10.23 19:30,,待定,爬虫采集,https://www.piaoniu.com/activity/781687,2026-08-31
完全莫扎特&mdash;柏林爱乐巴洛克独奏家合奏团,[武汉]完全莫扎特&mdash;柏林爱乐巴洛克独奏家合奏团音乐会,武汉,武汉琴台音乐厅,2026.11.11 19:30,,预售中,爬虫采集,https://www.piaoniu.com/activity/783961,2026-08-31
法语原版音乐剧,[上海]法语原版音乐剧《莫里哀》,上海,2027.01.06 上汽上海文化广场,2026.12.30 -,,待定,爬虫采集,https://www.piaoniu.com/activity/784390,2026-08-31
南京音乐剧节·法语原版音乐剧,[南京]2027·南京音乐剧节·法语原版音乐剧《莫里哀》,南京,,2027.01.28-01.31 南京保利大剧院大剧场,,待定,爬虫采集,https://www.piaoniu.com/activity/784657,2026-08-31
迪图瓦、莱昂斯卡娅与上海交响乐团演绎莫扎特与雷斯皮吉 丨上海交响乐团音乐季,[上海]迪图瓦、莱昂斯卡娅与上海交响乐团演绎莫扎特与雷斯皮吉《罗马三部曲》丨上海交响乐团音乐季,上海,捷豹上海交响音乐厅-主厅,2026.10.07 19：30,,待定,爬虫采集,https://www.piaoniu.com/activity/780646,2026-08-31
ITZY 3RD 世界,[新加坡]ITZY 3RD 世界巡回演唱会&lt;TUNNEL VISION&gt;,新加坡,新加坡室内体育馆SINGAPORE INDOOR STADIUM,2026.10.03 18:00,,预售中,爬虫采集,https://www.piaoniu.com/activity/783278,2026-08-31
,[新加坡]BIGBANG 20/26 WORLD TOUR in SINGAPORE,新加坡,新加坡国家体育场Singapore National Stadium,2026.10.17 -18,,预售中,爬虫采集,https://www.piaoniu.com/activity/778900,2026-08-31
BABYMONSTER &lt;CHOOM&gt;世界,[新加坡]BABYMONSTER2026&lt;CHOOM&gt;世界巡回演唱会,新加坡,新加坡室内体育馆SINGAPORE INDOOR STADIUM,2026.11.28 18:00,,预售中,爬虫采集,https://www.piaoniu.com/activity/778234,2026-08-31
YOASOBI 10-CITYDOME&STADIUM TOUR - 超惑星SU,[新加坡]YOASOBI 10-CITYDOME&STADIUM TOUR 2026-2027超惑星SUPERPLANET&quot;,新加坡,新加坡国家体育场Singapore National Stadium,2027.02.20 19:00,,预售中,爬虫采集,https://www.piaoniu.com/activity/783511,2026-08-31
LUCY 9TH CONCERT &lt; ISLAND &gt; ENCORE,[新加坡] LUCY2026 9TH CONCERT &lt; ISLAND &gt; ENCORE -新加坡站,新加坡,Theatre,2026.11.14 Capitol,,预售中,爬虫采集,https://www.piaoniu.com/activity/784473,2026-08-31
BTS防弹少年团 世界,[新加坡]BTS防弹少年团2026世界巡回演唱会,新加坡,National Stadium,2026.12.17-22 新加坡国家体育场Singapore,,预售中,爬虫采集,https://www.piaoniu.com/activity/767856,2026-08-31
F1新加坡 航空大奖赛（单日票,[新加坡]F1新加坡2026航空大奖赛（单日票）,新加坡,新加坡市街赛道,2026.10.09 -11,,预售中,爬虫采集,https://www.piaoniu.com/activity/773655,2026-08-31
F1新加坡 航空大奖赛（三日票,[新加坡]F1新加坡2026航空大奖赛（三日票）,新加坡,新加坡市街赛道,2026.10.09 -,,预售中,爬虫采集,https://www.piaoniu.com/activity/783653,2026-08-31
ENHYPEN 'BLOOD SAGA' 世界,[新加坡]ENHYPEN 'BLOOD SAGA' 世界巡演,新加坡,新加坡国家体育场Singapore National Stadium,2027.03.14 19:00,,预售中,爬虫采集,https://www.piaoniu.com/activity/783337,2026-08-31
,[新加坡]2026 SUPER JUNIOR-83z FANCON TOUR [1983],新加坡,新加坡星宇表演艺术中心 The Star Theatre,2026.10.16 19:30,,预售中,爬虫采集,https://www.piaoniu.com/activity/783251,2026-08-31
The weeknd（威肯）盆栽哥 亚洲,[新加坡]The weeknd（威肯）盆栽哥 2026 《After Hours Til Dawn》亚洲巡演,新加坡,新加坡国家体育场Singapore National Stadium,2026.10.02 -,,待定,爬虫采集,https://www.piaoniu.com/activity/777025,2026-08-31
PGL CS2 大师赛,[新加坡]PGL CS2 2026大师赛,新加坡,新加坡室内体育馆SINGAPORE INDOOR STADIUM,2026.12.10 -,,预售中,爬虫采集,https://www.piaoniu.com/activity/774655,2026-08-31
PLAVE 世界,[新加坡]2026 PLAVE 世界巡演［KEEP IT MANIC］,新加坡,APEX @ EXPO,2026.10.17 15:00,,预售中,爬虫采集,https://www.piaoniu.com/activity/783294,2026-08-31
黄美英Tiffany Young Edge of Calm Tour in Si,[新加坡]黄美英Tiffany Young Edge of Calm Tour in Singapore,新加坡,Arena @ EXPO,2026.09.26 19:00,,预售中,爬虫采集,https://www.piaoniu.com/activity/783064,2026-08-31
,[新加坡]Guns N' Roses World Tour 2026,新加坡,新加坡国家体育场Singapore National Stadium,2026.11.25 20:00,,预售中,爬虫采集,https://www.piaoniu.com/activity/774964,2026-08-31
谢霆锋 EvolutionNic,[南昌]谢霆锋2026EvolutionNicLive演唱会,南昌,南昌国际体育中心体育场,2026.10.17 19:00,,预售中,爬虫采集,https://www.piaoniu.com/activity/781816,2026-08-31
超级音雄巨星,[金华]·超级音雄巨星LIVE,金华,金华市体育中心体育场,2026.10.04 19:00,,预售中,爬虫采集,https://www.piaoniu.com/activity/780631,2026-08-31
国蛋GorDoN 【MICRO SAUNA 2】巡回演出,[成都]国蛋GorDoN2026 【MICRO SAUNA 2】巡回演出,成都,成都 BPM Live Space,2026.09.06 20:00,,预售中,爬虫采集,https://www.piaoniu.com/activity/779758,2026-08-31
国蛋GorDoN 【MICRO SAUNA 2】巡回演出,[福州]国蛋GorDoN 2026【MICRO SAUNA 2】巡回演出,福州,唯美客 MAKER LIVE,2026.09.13 20:00,,预售中,爬虫采集,https://www.piaoniu.com/activity/782969,2026-08-31
义乌首演 | 开心麻花惊怂爆笑喜剧,[金华]义乌首演 | 开心麻花惊怂爆笑喜剧《出马》,金华,,2026.09.04-09.05 义乌文化广场剧院,,待定,爬虫采集,https://www.piaoniu.com/activity/781278,2026-08-31
大型沉浸式全景舞台剧,[金华]大型沉浸式全景舞台剧 《冰雪女王-艾莎之魔法奇缘》,金华,10:30 中国婺剧院-大剧场,2026.09.13 周日,,待定,爬虫采集,https://www.piaoniu.com/activity/778396,2026-08-31
,[金华]【义乌·听见世界】维也纳皇家管弦乐团-维也纳之声2027新年音乐会,金华,19:30 义乌文化广场剧院,2026.12.28 周一,,待定,爬虫采集,https://www.piaoniu.com/activity/781886,2026-08-31
曹禺经典话剧,[金华]曹禺经典话剧《雷雨》,金华,中国婺剧院大剧场,2026.09.13 19:30,,待定,爬虫采集,https://www.piaoniu.com/activity/777831,2026-08-31
,[金华]【青年舞蹈戏剧节】鲁迅原著改编话剧《呐喊1911》,金华,19:30 义乌文化广场剧院,2026.09.11 周五,,待定,爬虫采集,https://www.piaoniu.com/activity/781289,2026-08-31
,[金华]【青年舞蹈戏剧节】音乐剧《女巫》,金华,,2026.10.10-10.11 义乌文化广场剧院,,待定,爬虫采集,https://www.piaoniu.com/activity/781295,2026-08-31
9月12日· 黑灯单口喜剧,[金华]9月12日·《先上车》黑灯单口喜剧专场@义乌站,金华,19:30 义乌文化广场剧院,2026.09.12 周六,,待定,爬虫采集,https://www.piaoniu.com/activity/782997,2026-08-31
坂本龙一&久石让经典作品,[金华]坂本龙一&久石让经典作品音乐会（巡演义乌站）,金华,19:00 万达影城(义乌万达广场店),2026.09.12 周六,,待定,爬虫采集,https://www.piaoniu.com/activity/782585,2026-08-31
BIGBANG 世界,[名古屋]BIGBANG 2026 世界巡演,名古屋,名古屋巨蛋,2026.12.05 -,,预售中,爬虫采集,https://www.piaoniu.com/activity/783286,2026-08-31
,[东京]ENHYPEN WORLD TOUR 'BLOOD SAGA',东京,东京巨蛋TOKYO DOME,2026.12.01 -,,预售中,爬虫采集,https://www.piaoniu.com/activity/783293,2026-08-31
Bruno Mars The Romantic Tour-名古屋站,Bruno Mars The Romantic Tour-名古屋站,,名古屋巨蛋(Nagoya Dome),2027.01.04 -,,预售中,爬虫采集,https://www.piaoniu.com/activity/783261,2026-08-31
Bruno Mars The Romantic Tour-东京站,Bruno Mars The Romantic Tour-东京站,,东京巨蛋TOKYO DOME,2027.01.27 -,,预售中,爬虫采集,https://www.piaoniu.com/activity/783255,2026-08-31
,[大阪]ENHYPEN WORLD TOUR 'BLOOD SAGA',大阪,大阪京瓷巨蛋,2027.02.19 -,,预售中,爬虫采集,https://www.piaoniu.com/activity/783288,2026-08-31
ENHYPEN - 世界,[福冈]ENHYPEN2026-2027《BLOOD SAGA》世界巡演,福冈,瑞穗PayPay巨蛋,2027.02.06 17:00,,预售中,爬虫采集,https://www.piaoniu.com/activity/783268,2026-08-31
ENHYPEN WORLD TOUR 'BLOOD SAGA' -名古屋站,[名古屋]ENHYPEN WORLD TOUR 'BLOOD SAGA' -名古屋站,名古屋,名古屋巨蛋,2026.12.26 -,,预售中,爬虫采集,https://www.piaoniu.com/activity/783282,2026-08-31
Maroon 5亚洲,[东京]Maroon 5亚洲巡演,东京,东京巨蛋TOKYO DOME,2027.01.30 -,,预售中,爬虫采集,https://www.piaoniu.com/activity/784371,2026-08-31
Bruno Mars The Romantic Tour-福冈站,[福冈]Bruno Mars The Romantic Tour-福冈站,福冈,,全程消费保障，买得放心,,待定,爬虫采集,https://www.piaoniu.com/activity/783358,2026-08-31
Bruno Mars The Romantic Tour-大阪站,Bruno Mars The Romantic Tour-大阪站,,大阪巨蛋KYOCERA DOME,2027.01.19 -,,预售中,爬虫采集,https://www.piaoniu.com/activity/783266,2026-08-31
BIGBANG 世界,[大阪]BIGBANG 2026 世界巡演,大阪,大阪巨蛋KYOCERA DOME,2026.11.27 -,,预售中,爬虫采集,https://www.piaoniu.com/activity/779996,2026-08-31
BIGBANG 世界,[东京]BIGBANG 2026 世界巡演,东京,东京巨蛋TOKYO DOME,2026.12.13 -,,预售中,爬虫采集,https://www.piaoniu.com/activity/780457,2026-08-31
BIGBANG 世界,[福冈]BIGBANG 2026 世界巡演,福冈,瑞穗PayPay巨蛋,2026.12.26 -,,预售中,爬虫采集,https://www.piaoniu.com/activity/784087,2026-08-31
维也纳·施特劳斯之夜 北京新年,[北京]维也纳·施特劳斯之夜2027北京新年音乐会@北京剧院,北京,北京剧院,2026.12.31 19:30,,预售中,爬虫采集,https://www.piaoniu.com/activity/782767,2026-08-31
维也纳施特劳斯之夜-北京十一交响,[北京]维也纳施特劳斯之夜-北京十一交响音乐会,北京,北京音乐厅,2026.10.02 19:30,,预售中,爬虫采集,https://www.piaoniu.com/activity/783218,2026-08-31
维也纳·施特劳斯之夜 北京新年,[北京]维也纳·施特劳斯之夜2027北京新年音乐会,北京,北京音乐厅,2026.12.30 19:30,,预售中,爬虫采集,https://www.piaoniu.com/activity/782764,2026-08-31
柏林国家歌剧院 理查·施特劳斯,[上海]柏林国家歌剧院 理查·施特劳斯《玫瑰骑士》,上海,,2026.11.08-11.12 上海大歌剧院,,待定,爬虫采集,https://www.piaoniu.com/activity/782225,2026-08-31
维也纳施特劳斯乐团 新年,[北京]维也纳施特劳斯乐团2027新年音乐会,北京,北京展览馆剧场,2026.12.30 19:30,,预售中,爬虫采集,https://www.piaoniu.com/activity/780991,2026-08-31
黄屹、沙马尤、鲍力卓与上海交响乐团演绎拉威尔与理查·施特劳斯,[上海]黄屹、沙马尤、鲍力卓与上海交响乐团演绎拉威尔与理查·施特劳斯,上海,捷豹上海交响音乐厅-主厅,2027.02.26 19:30,,待定,爬虫采集,https://www.piaoniu.com/activity/782917,2026-08-31
忧郁的排遣&mdash;&mdash;安德烈亚斯·施泰尔羽管键琴独奏会丨上海交响,[上海]忧郁的排遣&mdash;&mdash;安德烈亚斯·施泰尔羽管键琴独奏会丨上海交响乐团音乐季,上海,捷豹上海交响音乐厅-演艺厅,2026.11.30 19:15,,待定,爬虫采集,https://www.piaoniu.com/activity/781770,2026-08-31
汪苏泷,[青岛][代拍费]汪苏泷2026 演唱会,青岛,,演出筹备中，时间场次待定 场馆待定,,预售中,爬虫采集,https://www.piaoniu.com/activity/778694,2026-08-31
黄丽玲A-Lin 歌 迹 Journey世界,[青岛]黄丽玲A-Lin 歌 迹 Journey世界巡回演唱会,青岛,,2026.10.17-10.18 青岛市民健身中心体育馆,,预售中,爬虫采集,https://www.piaoniu.com/activity/777896,2026-08-31
许嵩,[青岛]许嵩2026「安泊猜想」巡回演唱会,青岛,,2026.09.04-09.06 青岛市民健身中心体育场,,待定,爬虫采集,https://www.piaoniu.com/activity/776805,2026-08-31
李宗盛 【有歌之年】,[沈阳]李宗盛2026【有歌之年】巡回演唱会,沈阳,,2026.09.04/09.06 三生制药体育馆（原辽宁体育馆）,,预售中,爬虫采集,https://www.piaoniu.com/activity/778414,2026-08-31
,[中国台北]2026 PLAVE World Tour [KEEP IT MANIC] In Taipei,中国台北,国立体育大学综合体育馆 國立體育大學綜合體育館 体育馆,2026.10.24 18:00,,预售中,爬虫采集,https://www.piaoniu.com/activity/783562,2026-08-31
百事可乐音乐盛典,[佛山]百事可乐音乐盛典,佛山,,2026.08.31 南海体育中心体育馆(狮山),,待定,爬虫采集,https://www.piaoniu.com/activity/783979,2026-08-31
陆虎,[深圳]陆虎2026「像你这样的朋友3.0」巡演,深圳,深圳市体育中心体育馆（主馆）,2026.09.19 19:00,,预售中,爬虫采集,https://www.piaoniu.com/activity/783074,2026-08-31
陈粒 十周年,[郑州]陈粒2026「一粒」十周年巡回演唱会,郑州,郑州奥林匹克体育中心 洋河·梦之蓝体育馆,2026.09.12 19:00,,预售中,爬虫采集,https://www.piaoniu.com/activity/768847,2026-08-31
蒲熠星,[苏州]蒲熠星《银河系旅行攻略》巡回演唱会,苏州,苏州奥林匹克体育中心体育馆,2026.09.12 19:00,,预售中,爬虫采集,https://www.piaoniu.com/activity/783184,2026-08-31
李玉刚,[大连]李玉刚2026《刚好遇见你》巡回演唱会,大连,大连体育中心体育馆,2026.09.05 19:30,,预售中,爬虫采集,https://www.piaoniu.com/activity/778182,2026-08-31
苏见信,[杭州]苏见信2026「尽兴而活」巡回演唱会,杭州,黄龙体育中心体育馆,2026.09.26 19:00,,预售中,爬虫采集,https://www.piaoniu.com/activity/779348,2026-08-31
任贤齐,[衢州]任贤齐《齐迹2026》巡回演唱会,衢州,衢州体育中心体育馆,2026.10.03 19:00,,预售中,爬虫采集,https://www.piaoniu.com/activity/783319,2026-08-31
钱塘 · 听见世界 | 声而不凡--维塔斯20周年,[杭州]钱塘 · 听见世界 | 声而不凡--维塔斯20周年巡演纪念特别版演唱会杭州站,杭州,19:30 杭州金沙湖大剧院-歌剧厅,2026.11.27 周五,,待定,爬虫采集,https://www.piaoniu.com/activity/782096,2026-08-31
乐夏榜中榜·流行热歌沉浸式,[北京]乐夏榜中榜·流行热歌沉浸式演唱会,北京,三里屯·爱乐汇艺术空间·时空剧场,2026.09.16 19:30,,预售中,爬虫采集,https://www.piaoniu.com/activity/784235,2026-08-31
北京亲子动画流行歌曲,[北京]北京亲子动画流行歌曲演唱会,北京,三里屯·爱乐汇艺术空间·时空剧场,2026.09.25 14:00,,预售中,爬虫采集,https://www.piaoniu.com/activity/783547,2026-08-31
董酒·嘉善丨经典时光群星,[嘉兴]董酒·嘉善丨经典时光群星演唱会,嘉兴,嘉善体育场,2026.10.05 19:30,,预售中,爬虫采集,https://www.piaoniu.com/activity/784660,2026-08-31
我只在乎你一人一首成名曲·致敬经典老歌沉浸式,[北京]我只在乎你一人一首成名曲·致敬经典老歌沉浸式演唱会,北京,三里屯·爱乐汇艺术空间·时空剧场,2026.09.05 19:30,,预售中,爬虫采集,https://www.piaoniu.com/activity/783534,2026-08-31
心路歌者·乌兰图雅~花开四季,[沈阳]心路歌者·乌兰图雅~花开四季演唱会,沈阳,辽宁中华剧场,2026.09.26 19:30,,预售中,爬虫采集,https://www.piaoniu.com/activity/771218,2026-08-31
Hear Yourself-纪元回声,[包头]Hear Yourself-纪元回声巡回演唱会,包头,包头奥林匹克体育中心体育场,2026.09.26 19:30,,预售中,爬虫采集,https://www.piaoniu.com/activity/784333,2026-08-31
致敬歌神张学友经典名曲-不插电流行古典,[杭州]致敬歌神张学友经典名曲-不插电流行古典演唱会,杭州,19:30 浙江省文化馆小剧场(原群艺馆小剧场),2026.09.26 周六,,待定,爬虫采集,https://www.piaoniu.com/activity/783245,2026-08-31
小沈阳 不差面儿,[包头]小沈阳2026不差面儿巡回演唱会,包头,包头奥林匹克体育中心体育场,2026.09.19 19:30,,预售中,爬虫采集,https://www.piaoniu.com/activity/783388,2026-08-31
薛之谦,[沈阳][代拍费]薛之谦演唱会沈阳站,沈阳,场馆待定,2026.12.31 19:00,,预售中,爬虫采集,https://www.piaoniu.com/activity/774595,2026-08-31
李健万物安生时,[沈阳][代拍费]李健万物安生时巡回演唱会,沈阳,场馆待定,2026.09.12 19:00,,预售中,爬虫采集,https://www.piaoniu.com/activity/774597,2026-08-31
许嵩 世界,[沈阳][代拍费]许嵩2026世界巡回演唱会,沈阳,,演出筹备中，时间待定 场馆待定,,预售中,爬虫采集,https://www.piaoniu.com/activity/776804,2026-08-31
爆笑喜剧｜重塑经典,[上海] 《潘金莲》爆笑喜剧｜重塑经典,上海,虹桥艺术中心（原天山电影院）,2026.09.11 -,,预售中,爬虫采集,https://www.piaoniu.com/activity/783100,2026-08-31
队长Young Captain 新专辑同名,[沈阳]队长Young Captain 2026新专辑同名巡演「I AM WHAT I AM」-沈阳站,沈阳,原料库Live House,2026.09.12 20:00,,预售中,爬虫采集,https://www.piaoniu.com/activity/783331,2026-08-31
刘旸教主单口喜剧,[沈阳]刘旸教主单口喜剧专场《身心俱疲》丨Standby出品@沈阳,沈阳,,2026.10.03-10.04 盛京大剧院-歌剧厅,,预售中,爬虫采集,https://www.piaoniu.com/activity/783726,2026-08-31
王越脱口秀,[沈阳]王越脱口秀专场《短发》丨Standby出品@沈阳,沈阳,盛京大剧院-歌剧厅,2026.09.27 19:00,,预售中,爬虫采集,https://www.piaoniu.com/activity/783472,2026-08-31
曹云金 听云轩相声,[沈阳]曹云金《万象更新》听云轩相声专场@沈阳站,沈阳,19:30 辽宁中华剧场,2026.12.26 周六,,待定,爬虫采集,https://www.piaoniu.com/activity/784054,2026-08-31
10月16日·唐香玉单口喜剧,[沈阳]10月16日·唐香玉单口喜剧专场《糖》沈阳站,沈阳,19:30 辽宁中华剧场,2026.10.16 周五,,待定,爬虫采集,https://www.piaoniu.com/activity/783812,2026-08-31
维也纳宫廷圆舞曲交响乐 沈阳新年,[沈阳]维也纳宫廷圆舞曲交响乐2027沈阳新年音乐会,沈阳,辽宁中华剧场,2026.12.25 19:00,,待定,爬虫采集,https://www.piaoniu.com/activity/775864,2026-08-31
决赛选手锐锐全新脱口秀,[沈阳]《脱友2》决赛选手锐锐全新脱口秀专场《爱，来不来2.0》快乐共暖@沈阳,沈阳,,2026.10.03-10.04 沈河区文化体育中心剧场,,预售中,爬虫采集,https://www.piaoniu.com/activity/784319,2026-08-31
音乐剧 中文版,[沈阳]音乐剧《粉丝来信》中文版,沈阳,,2026.10.01-10.02 盛京大剧院-歌剧厅,,预售中,爬虫采集,https://www.piaoniu.com/activity/777800,2026-08-31
暗杠 走歌人 专辑,[沈阳]暗杠「太阳·月亮·草地」走歌人2026专辑巡唱,沈阳,原料库VastFactory,2026.11.07 20:00,,预售中,爬虫采集,https://www.piaoniu.com/activity/784324,2026-08-31
mdash;&mdash;旷野疗愈之旅,[沈阳]《最后的莫西干人》&mdash;&mdash;旷野疗愈之旅,沈阳,盛京大剧院音乐厅,2026.10.17 19:00,,预售中,爬虫采集,https://www.piaoniu.com/activity/781491,2026-08-31
维也纳施特劳斯乐团 新年,[沈阳]维也纳施特劳斯乐团2027新年音乐会,沈阳,辽宁中华剧场,2026.12.29 19:00,,预售中,爬虫采集,https://www.piaoniu.com/activity/781434,2026-08-31
怡宝中国足球超级联赛辽宁铁人足球俱乐部主场赛事,[沈阳]2026怡宝中国足球超级联赛辽宁铁人足球俱乐部主场赛事,沈阳,铁西体育场,2026.03.21 -,,待定,爬虫采集,https://www.piaoniu.com/activity/772555,2026-08-31
斯拉法的下雪秀-Slava's Snow Show,[沈阳]斯拉法的下雪秀-Slava's Snow Show,沈阳,,2026.10.21-10.25 盛京大剧院-歌剧厅,,预售中,爬虫采集,https://www.piaoniu.com/activity/780799,2026-08-31
许嵩 世界,[福州][代拍费]许嵩2026世界巡回演唱会,福州,,时间待定 场馆待定,,预售中,爬虫采集,https://www.piaoniu.com/activity/779070,2026-08-31
许嵩 世界,[北京][代拍费]许嵩2026世界巡回演唱会,北京,,演出筹备中，时间待定 国家体育场（鸟巢）,,预售中,爬虫采集,https://www.piaoniu.com/activity/769729,2026-08-31
许嵩 世界,[郑州][代拍费]许嵩2026世界巡回演唱会,郑州,,演出筹备中，时间待定 场馆待定,,预售中,爬虫采集,https://www.piaoniu.com/activity/776803,2026-08-31
许嵩 世界,[西安][代拍费]许嵩2026世界巡回演唱会,西安,场馆待定,2026.12.31 19:00,,预售中,爬虫采集,https://www.piaoniu.com/activity/776809,2026-08-31
,[杭州]HI LIVE | 2026艾怡良「内心引力」巡回演唱会&mdash;&mdash;杭州站,杭州,19:30 杭州金沙湖大剧院-歌剧厅,2026.09.12 周六,,待定,爬虫采集,https://www.piaoniu.com/activity/779138,2026-08-31
mdash;&mdash;陈佳 邓丽君经典金曲,[北京]《我只在乎你》&mdash;&mdash;陈佳 2026 邓丽君经典金曲专场演唱会,北京,,2026.07.26-12.19 中山音乐堂,,待定,爬虫采集,https://www.piaoniu.com/activity/772094,2026-08-31
我和我的祖国一 红色经典交响演唱十一,[北京]我和我的祖国一 2026 红色经典交响演唱十一音乐会,北京,北京中山音乐堂,2026.09.30 19:30,,预售中,爬虫采集,https://www.piaoniu.com/activity/782284,2026-08-31
古巨基/老狼/卓依婷/吕方/梦然/海伦,[茂名][古巨基/老狼/卓依婷/吕方/梦然/海伦]2026 迎中秋 家乡情演唱会,茂名,茂名高州市体育中心体育场,2026.09.19 20:00,,预售中,爬虫采集,https://www.piaoniu.com/activity/784585,2026-08-31
齐爱云、张涛、同超领衔主演中秋秦腔戏曲,[西安]齐爱云、张涛、同超领衔主演中秋秦腔戏曲专场&mdash;《游西湖&mdash;鬼怨·杀生》《清风亭》《打柴劝弟》,西安,西安索菲特人民大厦大剧院,2026.09.25 19:30,,预售中,爬虫采集,https://www.piaoniu.com/activity/782744,2026-08-31
秦腔经典折子戏,[合肥]秦腔经典折子戏《鬼怨·杀生》,合肥,安徽大剧院,2026.09.05 19:30,,预售中,爬虫采集,https://www.piaoniu.com/activity/782415,2026-08-31
国风起时&quot;苏州国风音乐盛典,[苏州]国风起时&quot;苏州国风音乐盛典,苏州,苏州市体育中心体育场,2026.09.25 -,,预售中,爬虫采集,https://www.piaoniu.com/activity/783369,2026-08-31
老狼,[银川]老狼「纯真年代」巡回演唱会,银川,,全程消费保障，买得放心,,待定,爬虫采集,https://www.piaoniu.com/activity/784272,2026-08-31
大道文化出品陈佩斯主演话剧,[长沙]大道文化出品陈佩斯主演话剧《驚夢》,长沙,长沙梅溪湖国际文化艺术中心大剧院,2026.11.27 -,,预售中,爬虫采集,https://www.piaoniu.com/activity/784283,2026-08-31
大道文化出品 陈佩斯主演话剧,[苏州]大道文化出品 陈佩斯主演话剧《惊梦》,苏州,,2026.12.17-12.20 苏州文化艺术中心-大剧院,,待定,爬虫采集,https://www.piaoniu.com/activity/784224,2026-08-31
汤沐海、卡瓦科斯、陈亦柏与上海交响乐团演绎俄罗斯经典,[上海]汤沐海、卡瓦科斯、陈亦柏与上海交响乐团演绎俄罗斯经典,上海,捷豹上海交响音乐厅-主厅,2027.03.05 19:30,,待定,爬虫采集,https://www.piaoniu.com/activity/782912,2026-08-31
大道文化出品 陈佩斯主演 话剧,[西安]大道文化出品 陈佩斯主演 话剧《惊梦》,西安,,2026.11.13-11.15 陕西大剧院-歌剧厅,,预售中,爬虫采集,https://www.piaoniu.com/activity/783745,2026-08-31
陈妍希&times;窦进主演 话剧 武汉站,[武汉]陈妍希&times;窦进主演 话剧《镜花水月》武汉站,武汉,,2026.09.12-09.13 武汉琴台大剧院,,预售中,爬虫采集,https://www.piaoniu.com/activity/772126,2026-08-31
ROCK THE MUSICAL摇滚音乐剧,[西安]ROCK THE MUSICAL摇滚音乐剧演唱会,西安,陕西大剧院-歌剧厅,2026.09.23 19:30,,预售中,爬虫采集,https://www.piaoniu.com/activity/782742,2026-08-31
那奇沃夫Number One BoyTour 长沙站,[长沙]2026那奇沃夫Number One BoyTour 长沙站,长沙,达丰空间,2026.09.04 20:00,,预售中,爬虫采集,https://www.piaoniu.com/activity/784594,2026-08-31
那奇沃夫 Number One BoyTour,[福州]那奇沃夫2026Number One BoyTour,福州,海艺✖️CH8Livehouse,2026.09.19 20:00,,预售中,爬虫采集,https://www.piaoniu.com/activity/784595,2026-08-31
大型诙谐卡通舞台剧,[合肥]大型诙谐卡通舞台剧《猫和老鼠》,合肥,合肥大剧院多功能厅,2026.09.26 10:00,,预售中,爬虫采集,https://www.piaoniu.com/activity/783886,2026-08-31
李荣浩 世界,[嘉兴]李荣浩「黑马」世界巡回演唱会,嘉兴,嘉兴市体育中心体育场,2026.11.07 19:00,,预售中,爬虫采集,https://www.piaoniu.com/activity/766409,2026-08-31
贰佰,[武汉]贰佰2026「贰话不说」巡演,武汉,看见展演x池沼CHIZHAO livehouse,2026.09.11 20:00,,预售中,爬虫采集,https://www.piaoniu.com/activity/783027,2026-08-31
贰佰,[南昌]贰佰2026「贰话不说」巡演,南昌,南昌 瓦肆VASearNC,2026.09.13 20:00,,预售中,爬虫采集,https://www.piaoniu.com/activity/783025,2026-08-31
张新成,[杭州]张新成2026演唱会-新程 New Journey,杭州,杭州奥体AT中心体育馆,2026.09.19 19:00,,预售中,爬虫采集,https://www.piaoniu.com/activity/783528,2026-08-31
大张伟 大好时光-我们伟大的人生,[杭州]大张伟2026大好时光-我们伟大的人生演唱会,杭州,杭州奥体AT中心体育馆,2026.09.12 19:00,,预售中,爬虫采集,https://www.piaoniu.com/activity/783327,2026-08-31
庾澄庆,[杭州]庾澄庆2026「整晚哈音乐」巡回演唱会,杭州,杭州奥体AT中心体育馆,2026.12.19 19:00,,预售中,爬虫采集,https://www.piaoniu.com/activity/784664,2026-08-31
李健万物安生时,[杭州][代拍]李健万物安生时巡回演唱会,杭州,,2026.11.07 杭州奥体中心体育馆,,预售中,爬虫采集,https://www.piaoniu.com/activity/771565,2026-08-31
付豪,[杭州]付豪《从前现在》2026巡回演唱会&mdash;杭州站,杭州,乐动力钱塘体育中心篮球赛馆,2026.10.17 19:30,,预售中,爬虫采集,https://www.piaoniu.com/activity/783203,2026-08-31
,[杭州]Marian Hill 演唱会,杭州,SoFun Live 杭州,2026.09.26 20:00,,预售中,爬虫采集,https://www.piaoniu.com/activity/783983,2026-08-31
萧敬腾 野生,[杭州]萧敬腾2026野生巡回演唱会,杭州,黄龙体育中心体育场,2026.09.12 19:00,,预售中,爬虫采集,https://www.piaoniu.com/activity/779829,2026-08-31
汪苏泷 世界,[杭州][代拍费]汪苏泷2026「明日世界」世界巡回演唱会,杭州,,时间场馆待定 场馆待定,,预售中,爬虫采集,https://www.piaoniu.com/activity/778555,2026-08-31
,[杭州] EvolutionNicLive谢霆锋进化演唱会,杭州,,11.14-15具体待定 场馆待定,,预售中,爬虫采集,https://www.piaoniu.com/activity/782289,2026-08-31
毛不易,[杭州][代拍费]毛不易演唱会,杭州,,待定，以官方为准 场馆待定,,预售中,爬虫采集,https://www.piaoniu.com/activity/764390,2026-08-31
伍佰,[杭州][代拍费]伍佰演唱会,杭州,场馆待定,2026.12.31 00:00,,预售中,爬虫采集,https://www.piaoniu.com/activity/767150,2026-08-31
梓渝,[杭州][代拍费]梓渝2026演唱会,杭州,场馆待定,2026.12.31 00:00,,预售中,爬虫采集,https://www.piaoniu.com/activity/764571,2026-08-31
云菲菲 经典情歌金曲,[杭州]云菲菲2026「敞开心扉」经典情歌金曲演唱会,杭州,19:30 浙江胜利剧院,2026.09.27 周日,,待定,爬虫采集,https://www.piaoniu.com/activity/778782,2026-08-31
美丽的神话&mdash;&mdash;金曲,[杭州]美丽的神话&mdash;&mdash;金曲Live演唱会,杭州,浙江音乐厅,2026.09.19 19:30,,待定,爬虫采集,https://www.piaoniu.com/activity/777407,2026-08-31
崔健 继续撒点野,[杭州][代拍费]崔健2026继续撒点野演唱会,杭州,场馆待定,2026.12.29 19:00,,预售中,爬虫采集,https://www.piaoniu.com/activity/773963,2026-08-31
姜育恒,[绍兴]姜育恒2026「再回首·我心依旧」巡回演唱会,绍兴,西施篮球中心,2026.09.19 19:00,,预售中,爬虫采集,https://www.piaoniu.com/activity/778720,2026-08-31
陈粒 十周年,[诸暨]陈粒「一粒」十周年巡回演唱会,诸暨,西施篮球中心,2026.09.05 19:00,,预售中,爬虫采集,https://www.piaoniu.com/activity/780829,2026-08-31
黄丽玲A-Lin 歌 迹 Journey世界,[诸暨]黄丽玲A-Lin 歌 迹 Journey世界巡回演唱会,诸暨,西施篮球中心,2026.09.12 -,,预售中,爬虫采集,https://www.piaoniu.com/activity/773249,2026-08-31
全男班现代舞秀 绍兴站,[绍兴]全男班现代舞秀《无名之辈》绍兴站,绍兴,19:30 金柯桥大剧院,2026.09.06 周日,,待定,爬虫采集,https://www.piaoniu.com/activity/782189,2026-08-31
9月11日· 黑灯单口喜剧,[绍兴]9月11日·《先上车》黑灯单口喜剧专场@绍兴站,绍兴,19:30 金柯桥大剧院,2026.09.11 周五,,待定,爬虫采集,https://www.piaoniu.com/activity/782880,2026-08-31
新&bull;国风舞剧,[绍兴]新&bull;国风舞剧《翎衣》,绍兴,绍兴大剧院,2026.10.23 -,,预售中,爬虫采集,https://www.piaoniu.com/activity/781556,2026-08-31
英国BBC正版授权亲子互动舞台剧,[绍兴]英国BBC正版授权亲子互动舞台剧《布鲁伊的大宝藏》,绍兴,14:30 绍兴大剧院,2026.10.17 周六,,待定,爬虫采集,https://www.piaoniu.com/activity/781971,2026-08-31
五个一工程文华奖作品 舞剧,[绍兴]五个一工程文华奖作品 舞剧《永不消逝的电波》,绍兴,诸暨市西施大剧院,2026.09.04 -,,待定,爬虫采集,https://www.piaoniu.com/activity/781565,2026-08-31
年国际篮联篮球世界杯亚洲区预选赛（第四窗口期）中国男篮VS黎巴嫩,[绍兴]2027年国际篮联篮球世界杯亚洲区预选赛（第四窗口期）中国男篮VS黎巴嫩,绍兴,西施篮球中心,2026.08.31 19:30,,待定,爬虫采集,https://www.piaoniu.com/activity/783919,2026-08-31
队长Young Captain 新专辑同名,[大连]队长Young Captain 2026新专辑同名巡演「I AM WHAT I AM」-大连站,大连,赫兹空间（佳兆业店）,2026.09.06 20:00,,待定,爬虫采集,https://www.piaoniu.com/activity/783329,2026-08-31
徐良时间折叠,[大连][代拍费]徐良时间折叠巡回演唱会,大连,场馆待定,2026.12.31 19:00,,预售中,爬虫采集,https://www.piaoniu.com/activity/774594,2026-08-31
孙燕姿 世界,[大连][代拍费]孙燕姿《就在日落以后》 世界巡回演唱会,大连,,演出筹备中，时间待定 场馆待定,,预售中,爬虫采集,https://www.piaoniu.com/activity/661982,2026-08-31
薛之谦万兽之王,[大连]薛之谦万兽之王巡回演唱会,大连,大连体育中心体育场,2026.09.19 -,,预售中,爬虫采集,https://www.piaoniu.com/activity/777054,2026-08-31
Standby喜剧之王单口季 巡回演出丨嘻哈/海宇/贤鱼领衔@大连,[大连]Standby喜剧之王单口季 巡回演出丨嘻哈/海宇/贤鱼领衔@大连,大连,大冷文化宫大剧院,2026.09.06 19:30,,待定,爬虫采集,https://www.piaoniu.com/activity/783012,2026-08-31
决赛选手锐锐全新脱口秀,[大连]《脱友2》决赛选手锐锐全新脱口秀专场《爱，来不来2.0》快乐共暖@大连,大连,大冷文化宫大剧院,2026.10.02 19:30,,预售中,爬虫采集,https://www.piaoniu.com/activity/784317,2026-08-31
10月18日·唐香玉单口喜剧,[大连]10月18日·唐香玉单口喜剧专场《糖》大连站,大连,19:30 大冷文化宫大剧院,2026.10.18 周日,,待定,爬虫采集,https://www.piaoniu.com/activity/783814,2026-08-31
维也纳宫廷圆舞曲交响乐 大连新年,[大连]维也纳宫廷圆舞曲交响乐2027大连新年音乐会,大连,大冷文化宫大剧院,2026.12.26 19:00,,待定,爬虫采集,https://www.piaoniu.com/activity/775861,2026-08-31
赛季大连英博足球俱乐部主场赛事,[大连]2026赛季大连英博足球俱乐部主场赛事,大连,中升梭鱼湾足球场,2026.09.01 19:35,,预售中,爬虫采集,https://www.piaoniu.com/activity/784737,2026-08-31
聊城·新青年,[聊城]2026聊城·新青年音乐节,聊城,聊城高新区九州洼月季公园,2026.10.01 -,,预售中,爬虫采集,https://www.piaoniu.com/activity/784662,2026-08-31
队长Young Captain 新专辑同名,[贵阳]队长Young Captain 2026新专辑同名巡演「I AM WHAT I AM」-贵阳站,贵阳,贵阳 Z纪元CHIZHAO LIVEHOUSE,2026.09.20 20:00,,预售中,爬虫采集,https://www.piaoniu.com/activity/783326,2026-08-31
队长Young Captain 新专辑同名,[成都]队长Young Captain 2026新专辑同名巡演「I AM WHAT I AM」-成都站,成都,成都 CH8绿树演艺中心,2026.09.19 20:00,,待定,爬虫采集,https://www.piaoniu.com/activity/783325,2026-08-31
古典新绎话剧,[成都]古典新绎话剧《桃花扇1912》,成都,19:30 成都城市音乐厅-歌剧厅,2026.11.15 周日,,待定,爬虫采集,https://www.piaoniu.com/activity/781148,2026-08-31
古典新绎话剧,[长沙]古典新绎话剧《红楼梦》,长沙,湖南大剧院,2026.10.18 19:30,,预售中,爬虫采集,https://www.piaoniu.com/activity/777859,2026-08-31
新&bull;国风舞剧,[郑州]新&bull;国风舞剧《翎衣》,郑州,河南省人民会堂,2026.09.23 19:30,,预售中,爬虫采集,https://www.piaoniu.com/activity/781117,2026-08-31
新&bull;国风舞剧,[湖州]新&bull;国风舞剧《翎衣》,湖州,,2026.10.25-10.26 湖州大剧院,,待定,爬虫采集,https://www.piaoniu.com/activity/780797,2026-08-31
11.13-11.14新·国风舞剧 西安站,[西安]2026.11.13-11.14新·国风舞剧《翎衣》西安站,西安,,2026.11.13-11.14 西安广电大剧院,,预售中,爬虫采集,https://www.piaoniu.com/activity/783769,2026-08-31
上海民族乐团,[上海]《民乐新势力》上海民族乐团音乐会,上海,捷豹上海交响音乐厅-主厅,2026.09.19 19:30,,待定,爬虫采集,https://www.piaoniu.com/activity/778860,2026-08-31
从巴赫到新世界:管风琴的交响幻想-马丁·施梅丁管风琴独奏,[成都]从巴赫到新世界:管风琴的交响幻想-马丁·施梅丁管风琴独奏音乐会,成都,19:30 成都城市音乐厅-音乐厅,2026.09.21 周一,,待定,爬虫采集,https://www.piaoniu.com/activity/781549,2026-08-31
古典新绎话剧,[西安]古典新绎话剧《红楼梦》,西安,,2026.10.10-10.11 西安人民剧院,,预售中,爬虫采集,https://www.piaoniu.com/activity/778271,2026-08-31
古典新绎话剧,[南昌]古典新绎话剧《桃花扇1912》,南昌,南昌保利大剧院,2026.10.30 19:30,,预售中,爬虫采集,https://www.piaoniu.com/activity/781669,2026-08-31
爱·永恒&mdash;理查德·克莱德曼 新年钢琴,[贵阳]爱·永恒&mdash;理查德·克莱德曼2027新年钢琴音乐会贵阳站,贵阳,19:30 贵州饭店国际会议中心,2026.12.11 周五,,预售中,爬虫采集,https://www.piaoniu.com/activity/779593,2026-08-31
成都国际音乐剧节 音乐剧,[成都]2026成都国际音乐剧节 音乐剧《杜十娘》,成都,,2026.10.16-10.17 成都城市音乐厅-歌剧厅,,待定,爬虫采集,https://www.piaoniu.com/activity/781522,2026-08-31
成都国际音乐剧节 音乐剧,[成都]2026成都国际音乐剧节 音乐剧《狂飙》,成都,,2026.09.25-09.26 成都城市音乐厅·歌剧厅,,预售中,爬虫采集,https://www.piaoniu.com/activity/777818,2026-08-31
百老汇经典摇滚音乐剧 （海德薇）中文版- ·南京音乐剧节,[南京]百老汇经典摇滚音乐剧《HEDWIG》（海德薇）中文版-2026·南京音乐剧节,南京,,2026.09.25-09.26 南京保利大剧院,,待定,爬虫采集,https://www.piaoniu.com/activity/776822,2026-08-31
首届松山湖国际音乐剧大赏 沈从文同名作品改编 音乐剧,[东莞]首届松山湖国际音乐剧大赏 沈从文同名作品改编 音乐剧《边城》,东莞,东莞松山湖展演中心,2026.10.16 -,,预售中,爬虫采集,https://www.piaoniu.com/activity/783404,2026-08-31
南京音乐剧节·中文原创音乐剧,[南京]2026·南京音乐剧节·中文原创音乐剧《简·爱》,南京,,2026.10.17-10.18 南京保利大剧院大剧场,,待定,爬虫采集,https://www.piaoniu.com/activity/782619,2026-08-31
Stars Gala音乐剧明星,[深圳]Stars Gala音乐剧明星音乐会一Broadway Queens丨 2026滨海国际音乐剧大赏,深圳,,2026.09.04-09.06 深圳滨海艺术中心-歌剧厅,,待定,爬虫采集,https://www.piaoniu.com/activity/784506,2026-08-31
Stars Gala音乐剧明星,[上海]Stars Gala音乐剧明星音乐会&mdash;Broadway Queens,上海,,2026.09.11-09.13 交通银行前滩31演艺中心·大剧场,,待定,爬虫采集,https://www.piaoniu.com/activity/778950,2026-08-31
悲惨世界·猫·歌剧魅影百老汇与西区经典音乐剧,[上海]悲惨世界·猫·歌剧魅影百老汇与西区经典音乐剧音乐会,上海,久事·上海商城剧院,2026.09.30 19:30,,待定,爬虫采集,https://www.piaoniu.com/activity/783485,2026-08-31
德奥音乐剧女王琵雅·道维斯个人,[上海]德奥音乐剧女王琵雅·道维斯个人音乐会(Pia douwes&rsquo;sconcert),上海,上海文化广场·主剧场,2026.09.05 19:30,,待定,爬虫采集,https://www.piaoniu.com/activity/780877,2026-08-31
琼花）德奥音乐剧女王琵雅·道维斯个人,[佛山]（琼花）德奥音乐剧女王琵雅·道维斯个人音乐会,佛山,佛山琼花大剧院,2026.09.18 19:30,,预售中,爬虫采集,https://www.piaoniu.com/activity/783834,2026-08-31
南京音乐剧节·中文原创音乐剧,[南京]2026·南京音乐剧节·中文原创音乐剧《宝玉》,南京,19:30 南京保利大剧院大剧场,2026.10.05 周一,,待定,爬虫采集,https://www.piaoniu.com/activity/782922,2026-08-31
南京音乐剧节·原创音乐剧 镜框版,[南京]2026·南京音乐剧节·原创音乐剧《#0528》镜框版,南京,,2026.10.10-10.11 南京保利大剧院大剧场,,待定,爬虫采集,https://www.piaoniu.com/activity/780777,2026-08-31
少儿音乐剧,[北京]少儿音乐剧《拯救童话世界》,北京,北京中山音乐堂,2026.09.27 14:30,,预售中,爬虫采集,https://www.piaoniu.com/activity/784267,2026-08-31
奇妙太空·襄聚天宫&mdash;致敬中国航天音乐剧场,[武汉]奇妙太空·襄聚天宫&mdash;致敬中国航天音乐剧场2026,武汉,武汉琴台音乐厅,2026.09.11 19:30,,预售中,爬虫采集,https://www.piaoniu.com/activity/783957,2026-08-31
,[杭州]【早鸟9折】音乐剧《破墙》镜框版,杭州,,2026.11.28-11.29 杭州东坡大剧院,,待定,爬虫采集,https://www.piaoniu.com/activity/782607,2026-08-31
音乐剧,[郑州]音乐剧《她对此感到厌烦》,郑州,,2026.09.11-09.12 河南艺术中心-大剧院,,预售中,爬虫采集,https://www.piaoniu.com/activity/781112,2026-08-31
音乐剧,[广州]音乐剧《女巫》,广州,广州友谊剧院,2026.09.18 -,,待定,爬虫采集,https://www.piaoniu.com/activity/780680,2026-08-31
原创音乐剧 镜框版,[天津]原创音乐剧《#0528》镜框版,天津,,2026.09.18-09.19 天津大剧院-歌剧厅,,预售中,爬虫采集,https://www.piaoniu.com/activity/781273,2026-08-31
第四届包河城市戏剧季&mdash;音乐剧,[合肥]第四届包河城市戏剧季&mdash;音乐剧《女巫》,合肥,包河凤凰剧院,2026.10.24 -,,预售中,爬虫采集,https://www.piaoniu.com/activity/783490,2026-08-31
音乐剧,[广州]音乐剧《边城》,广州,,2026.12.18-12.20 广州大剧院歌剧厅,,待定,爬虫采集,https://www.piaoniu.com/activity/784178,2026-08-31
第三届钱塘国际戏剧嘉年华 | 音乐剧,[杭州]第三届钱塘国际戏剧嘉年华 | 音乐剧《她对此感到厌烦》,杭州,,2026.10.23-10.24 杭州金沙湖大剧院-歌剧厅,,待定,爬虫采集,https://www.piaoniu.com/activity/778457,2026-08-31
音乐剧,[深圳]音乐剧《海上钢琴师》,深圳,,2026.10.17-10.18 光明文化艺术中心-大剧场,,待定,爬虫采集,https://www.piaoniu.com/activity/779190,2026-08-31
琼花）音乐剧,[佛山]（琼花）音乐剧《女巫》,佛山,佛山琼花大剧院,2026.09.12 -,,预售中,爬虫采集,https://www.piaoniu.com/activity/778709,2026-08-31
音乐剧,[上海]音乐剧《黑旗令》,上海,黄浦文化中心-大上海剧场,2026.09.04 -,,待定,爬虫采集,https://www.piaoniu.com/activity/783227,2026-08-31
百老汇摇滚音乐剧 镜框式中文版,[北京]百老汇摇滚音乐剧《LIZZIE丽兹》镜框式中文版巡演 北京站,北京,天桥艺术中心&mdash;&mdash;中剧场,2026.09.04 19:30,,预售中,爬虫采集,https://www.piaoniu.com/activity/784075,2026-08-31
音乐剧,[长沙]音乐剧《心安东坡》,长沙,,2026.09.07-09.08 长沙梅溪湖国际文化艺术中心大剧院,,待定,爬虫采集,https://www.piaoniu.com/activity/781637,2026-08-31
汪苏泷,[西安][代拍费]汪苏泷2026 演唱会,西安,西安奥体中心体育场,2026.10.09 00:00,,预售中,爬虫采集,https://www.piaoniu.com/activity/783426,2026-08-31
李健万物安生时,[西安]李健万物安生时巡回演唱会,西安,西安奥体中心体育馆,2026.09.19 19:00,,预售中,爬虫采集,https://www.piaoniu.com/activity/771514,2026-08-31
花开四季～心路歌者乌兰图雅,[西安]花开四季～心路歌者乌兰图雅演唱会专场,西安,西安索菲特人民大厦大剧院,2026.12.26 19:30,,待定,爬虫采集,https://www.piaoniu.com/activity/779414,2026-08-31
蓝心羽,[西安]蓝心羽2026「爱是 love is&hellip;」巡回演唱会-西安站,西安,陕西广电大剧院,2026.10.11 19:30,,预售中,爬虫采集,https://www.piaoniu.com/activity/782294,2026-08-31
赵传,[西安]赵传2026《当我们年轻的时候》巡回演唱会,西安,曲江竞技中心,2026.09.05 19:00,,预售中,爬虫采集,https://www.piaoniu.com/activity/782102,2026-08-31
一陈佳 邓丽君经典金曲,[西安]《我只在乎你》一陈佳2026邓丽君经典金曲专场演唱会-西安站,西安,开元大剧院-大剧场,2026.10.17 19:30,,预售中,爬虫采集,https://www.piaoniu.com/activity/782734,2026-08-31
孙燕姿 世界,[西安][代拍费]孙燕姿《就在日落以后》 世界巡回演唱会,西安,,演出筹备中，时间待定 场馆待定,,待定,爬虫采集,https://www.piaoniu.com/activity/580414,2026-08-31
谭盾对话贝多芬,[西安]谭盾对话贝多芬音乐会｜XSO西安交响乐团2026音乐季,西安,西安音乐厅-交响大厅,2026.09.05 19:30,,预售中,爬虫采集,https://www.piaoniu.com/activity/779105,2026-08-31
9.26-9.27原创音乐剧 西安站,[西安]2026.9.26-9.27原创音乐剧《女巫》西安站,西安,,2026.09.26-09.27 西安广电大剧院,,预售中,爬虫采集,https://www.piaoniu.com/activity/780440,2026-08-31
吴琼领衔明星版经典黄梅戏,[西安]吴琼领衔明星版经典黄梅戏《女驸马》巡演 西安站,西安,西安人民剧院,2026.10.24 19:30,,预售中,爬虫采集,https://www.piaoniu.com/activity/778307,2026-08-31
暴雪35周年官方游戏交响,[西安]暴雪35周年官方游戏交响音乐会（Jason Hayes领衔）西安站,西安,西安音乐厅-交响大厅,2026.11.15 19:30,,预售中,爬虫采集,https://www.piaoniu.com/activity/778825,2026-08-31
寻梦之旅· 超燃史诗魔幻之夜交响,[西安]寻梦之旅·《加勒比海盗》超燃史诗魔幻之夜交响音乐会&mdash;西安站,西安,西安人民剧院,2026.10.30 19:30,,预售中,爬虫采集,https://www.piaoniu.com/activity/774844,2026-08-31
吴琼领衔明星版经典黄梅戏,[西安]吴琼领衔明星版经典黄梅戏《天仙配》巡演 西安站,西安,西安人民剧院,2026.10.23 19:30,,预售中,爬虫采集,https://www.piaoniu.com/activity/778304,2026-08-31
维也纳春之声交响乐团新年,[西安]维也纳春之声交响乐团新年音乐会-西安站,西安,西安音乐厅-交响大厅,2026.12.18 19:30,,预售中,爬虫采集,https://www.piaoniu.com/activity/782730,2026-08-31
维也纳皇家交响乐团 新年交响,[西安]维也纳皇家交响乐团2027新年交响音乐会-西安站,西安,曲江大礼堂(西安曲江国际会议中心三楼),2026.12.31 19:30,,预售中,爬虫采集,https://www.piaoniu.com/activity/781419,2026-08-31
理查德·克莱德曼钢琴,[西安]《爱·永恒》理查德·克莱德曼钢琴音乐会西安站,西安,曲江大礼堂(西安曲江国际会议中心三楼),2027.01.17 19:30,,预售中,爬虫采集,https://www.piaoniu.com/activity/784194,2026-08-31
安特耶·魏特哈斯与XSO西安交响乐团演绎门德尔松作品,[西安]安特耶·魏特哈斯与XSO西安交响乐团演绎门德尔松作品音乐会,西安,西安音乐厅-交响大厅,2026.10.30 19:45,,预售中,爬虫采集,https://www.piaoniu.com/activity/781517,2026-08-31
彩铃金曲,[湛江]彩铃金曲演唱会,湛江,廉江市体育中心体育场,2026.09.12 20:00,,预售中,爬虫采集,https://www.piaoniu.com/activity/784240,2026-08-31
任贤齐,[湛江]任贤齐《齐迹2026》巡回演唱会,湛江,湛江奥林匹克体育中心综合训练馆,2026.10.16 -,,预售中,爬虫采集,https://www.piaoniu.com/activity/784074,2026-08-31
张宇峰领衔主演 原创越剧现代戏,[上海]张宇峰领衔主演 原创越剧现代戏《女班》,上海,北外滩友邦大剧院-大剧场,2026.09.19 19:30,,待定,爬虫采集,https://www.piaoniu.com/activity/783289,2026-08-31
童话歌舞剧,[上海]童话歌舞剧《绿野仙踪 · 奇妙翡翠国》,上海,上海兰心大戏院,2026.09.25 10:30,,待定,爬虫采集,https://www.piaoniu.com/activity/782016,2026-08-31
舞蹈节：甘肃省歌舞剧院,[北京]2026舞蹈节：甘肃省歌舞剧院《丝路花雨》,北京,,2026.10.01-10.05 (通州区)北京艺术中心-歌剧院-国家大剧院分址,,预售中,爬虫采集,https://www.piaoniu.com/activity/779490,2026-08-31
荷花奖大型原创舞剧 &mdash;&mdash;扬州市歌舞剧院,[上海]荷花奖大型原创舞剧《朱自清》 &mdash;&mdash;扬州市歌舞剧院,上海,保利上海城市剧院,2026.09.12 19:30,,待定,爬虫采集,https://www.piaoniu.com/activity/773958,2026-08-31
步惊云脱口秀,[郑州]步惊云脱口秀专场《母老虎》｜三好姐妹@郑州,郑州,郑州大剧院 歌舞剧场,2026.09.20 19:30,,待定,爬虫采集,https://www.piaoniu.com/activity/780386,2026-08-31
郭德纲先生长篇单口相声改编 秦霄贤、杨九郎主演 话剧 -郑州站,[郑州]郭德纲先生长篇单口相声改编 秦霄贤、杨九郎主演 话剧《卿卿误我》-郑州站,郑州,歌舞剧场,2026.09.26-09.27 郑州大剧院,,预售中,爬虫采集,https://www.piaoniu.com/activity/781440,2026-08-31
四川省歌舞剧院音乐剧 第三届全国小剧场戏剧优秀剧目展演·暨江南小剧场秋季演出季,[苏州]四川省歌舞剧院音乐剧《貂蝉，你在想什么？》第三届全国小剧场戏剧优秀剧目展演·暨江南小剧场秋季演出季,苏州,19:30 苏州保利大剧院-小剧场,2026.09.11 周五,,待定,爬虫采集,https://www.piaoniu.com/activity/783666,2026-08-31
喀秋莎俄罗斯远东国家歌舞团大型歌舞晚会- 全国,[南京]喀秋莎俄罗斯远东国家歌舞团大型歌舞晚会-2026全国巡演（南京站）,南京,19:30 南京文化艺术中心大剧院,2026.10.04 周日,,待定,爬虫采集,https://www.piaoniu.com/activity/780542,2026-08-31
quot;喀秋莎俄罗斯远东国家歌舞团大型歌舞晚会&quot; 全国,[杭州]&quot;喀秋莎俄罗斯远东国家歌舞团大型歌舞晚会&quot;2026全国巡演（杭州站）,杭州,19:30 浙话艺术剧院,2026.10.02 周五,,待定,爬虫采集,https://www.piaoniu.com/activity/780620,2026-08-31
上海歌舞团 舞剧,[西安]上海歌舞团 舞剧《永不消逝的电波》,西安,,2026.10.16-10.18 陕西大剧院歌剧厅,,预售中,爬虫采集,https://www.piaoniu.com/activity/781281,2026-08-31
上海歌舞团舞剧,[南京]上海歌舞团舞剧《李清照》,南京,,2026.11.13-11.15 江苏大剧院-歌剧厅,,待定,爬虫采集,https://www.piaoniu.com/activity/782732,2026-08-31
香港舞蹈团45周年大型舞剧 &mdash;李小龙的有法与无,[成都]香港舞蹈团45周年大型舞剧《武道》&mdash;李小龙的有法与无,成都,,2026.09.04-09.05 四川省文化艺术中心·歌剧厅,,待定,爬虫采集,https://www.piaoniu.com/activity/781841,2026-08-31
quot;喀秋莎俄罗斯远东国家歌舞团大型歌舞晚会&quot; 全国,[上海]&quot;喀秋莎俄罗斯远东国家歌舞团大型歌舞晚会&quot;2026全国巡演（上海站）,上海,东方艺术中心-歌剧厅,2026.10.01 19:15,,待定,爬虫采集,https://www.piaoniu.com/activity/782472,2026-08-31
喀秋莎俄罗斯远东国家歌舞团大型歌舞晚会,[深圳]喀秋莎俄罗斯远东国家歌舞团大型歌舞晚会,深圳,华夏艺术中心,2026.10.06 19:30,,预售中,爬虫采集,https://www.piaoniu.com/activity/767946,2026-08-31
喀秋莎俄罗斯远东国家歌舞团大型歌舞晚会- 全国,[北京]喀秋莎俄罗斯远东国家歌舞团大型歌舞晚会-2026全国巡演（北京站）,北京,北京世纪剧院,2026.09.25 19:30,,预售中,爬虫采集,https://www.piaoniu.com/activity/780453,2026-08-31
喀秋莎俄罗斯远东国家歌舞团大型歌舞晚会,[上海]喀秋莎俄罗斯远东国家歌舞团大型歌舞晚会,上海,东方艺术中心-歌剧厅,2026.10.01 19:15,,预售中,爬虫采集,https://www.piaoniu.com/activity/777136,2026-08-31
郑君炽个人,[广州]郑君炽个人音乐会《Dear Future Me：致明日的我》,广州,,2026.10.10-10.11 广州大剧院歌剧厅,,待定,爬虫采集,https://www.piaoniu.com/activity/784183,2026-08-31
倪大红、史可、茅子俊领衔主演话剧,[郑州]倪大红、史可、茅子俊领衔主演话剧《萃锦园》,郑州,,2026.09.23-09.24 河南艺术中心-大剧院,,预售中,爬虫采集,https://www.piaoniu.com/activity/781505,2026-08-31
郑君炽个人,[上海]郑君炽个人音乐会《Dear Future Me:致明日的我》,上海,上海西岸大剧院-大剧场,2026.09.02 -,,待定,爬虫采集,https://www.piaoniu.com/activity/782544,2026-08-31
正版国漫首部2.5次元真人舞台剧 粉丝剧,[郑州]正版国漫首部2.5次元真人舞台剧《一人之下》 粉丝剧,郑州,河南省人民会堂,2026.11.07 15:30,,预售中,爬虫采集,https://www.piaoniu.com/activity/781125,2026-08-31
郑君炽个人,[杭州]郑君炽个人音乐会《Dear Future Me：致明日的我》,杭州,19:30 杭州东坡大剧院,2026.09.29 周二,,待定,爬虫采集,https://www.piaoniu.com/activity/783737,2026-08-31
民国悬疑喜剧,[郑州]民国悬疑喜剧《可欲不可囚》,郑州,河南艺术中心-大剧院,2026.09.21 19:30,,预售中,爬虫采集,https://www.piaoniu.com/activity/781111,2026-08-31
古典新绎 话剧,[郑州]古典新绎 话剧《红楼梦》,郑州,河南省人民会堂,2026.12.12 19:30,,预售中,爬虫采集,https://www.piaoniu.com/activity/781113,2026-08-31
老舍经典话剧 专属版,[郑州]老舍经典话剧《茶馆》专属版,郑州,河南省人民会堂,2026.12.25 19:30,,预售中,爬虫采集,https://www.piaoniu.com/activity/781122,2026-08-31
SLAVA'S SNOWSHOW 斯拉法的下雪秀,[郑州]SLAVA'S SNOWSHOW 斯拉法的下雪秀,郑州,,2026.09.02-09.06 河南艺术中心大剧院,,预售中,爬虫采集,https://www.piaoniu.com/activity/780805,2026-08-31
黄品源,[儋州]黄品源2026《品味》演唱会,儋州,儋州市体育中心-体育馆,2026.09.26 20:00,,预售中,爬虫采集,https://www.piaoniu.com/activity/781707,2026-08-31
豆豆脱口秀,[昆明]豆豆脱口秀专场《算你厉害》丨Standby 出品@昆明,昆明,19:30 云南省大剧院大剧场,2026.09.13 周日,,待定,爬虫采集,https://www.piaoniu.com/activity/783793,2026-08-31
爱·永恒&mdash;理查德·克莱德曼 新年钢琴,[昆明]爱·永恒&mdash;理查德·克莱德曼2027新年钢琴音乐会昆明站,昆明,19:30 云南海埂会堂,2026.12.12 周六,,预售中,爬虫采集,https://www.piaoniu.com/activity/780771,2026-08-31
奥斯卡·罗曼耶卓（O叔）钢琴独奏,[昆明]奥斯卡·罗曼耶卓（O叔）钢琴独奏音乐会,昆明,20:00 云南省大剧院音乐厅,2026.10.16 周五,,待定,爬虫采集,https://www.piaoniu.com/activity/778488,2026-08-31
,[苏州]【剧在周市】黄猫猫音乐喜剧主打秀《流量歌手》,苏州,19:30 昆山周市文化艺术中心,2026.10.06 周二,,待定,爬虫采集,https://www.piaoniu.com/activity/783622,2026-08-31
｜东方快车｜民国黄金大劫案｜爆笑悬疑之夜｜喜人奇妙同款喜剧｜沉浸互动高分神作｜全,[北京]《旅途生死局》｜东方快车｜民国黄金大劫案｜爆笑悬疑之夜｜喜人奇妙同款喜剧｜沉浸互动高分神作｜全员入戏,北京,,2026.07.24-08.31 雍和笑逗演艺街-A厅-魔法艺术剧场,,待定,爬虫采集,https://www.piaoniu.com/activity/775319,2026-08-31
李荣浩,[无锡][代拍费]李荣浩演唱会,无锡,场馆待定,2026.12.31 00:00,,预售中,爬虫采集,https://www.piaoniu.com/activity/766426,2026-08-31
李荣浩,[镇江]李荣浩「黑马」巡回演唱会,镇江,镇江体育会展中心体育场,2026.11.21 19:30,,预售中,爬虫采集,https://www.piaoniu.com/activity/784612,2026-08-31
李荣浩 世界,[福州]李荣浩2027「黑马」世界巡回演唱会,福州,福州海峡奥林匹克体育中心体育场,2027.01.16 19:00,,预售中,爬虫采集,https://www.piaoniu.com/activity/782105,2026-08-31
李玉刚,[徐州]李玉刚2026《刚好遇见你》巡回演唱会,徐州,徐州淮海国际博览中心E3馆,2026.10.17 19:30,,预售中,爬虫采集,https://www.piaoniu.com/activity/778456,2026-08-31
李荣浩 世界,[临沂]李荣浩「黑马」世界巡回演唱会,临沂,临沂奥体公园体育场,2026.10.06 19:00,,预售中,爬虫采集,https://www.piaoniu.com/activity/768662,2026-08-31
李荣浩,[上海]李荣浩「黑马」巡回演唱会,上海,,2026.09.25-09.26 上海体育场,,预售中,爬虫采集,https://www.piaoniu.com/activity/776461,2026-08-31
李宇春,[北京]李宇春2026「皇后与梦想」演唱会,北京,,2026.09.05-09.06 北京华熙生物·润百颜ECM中心,,预售中,爬虫采集,https://www.piaoniu.com/activity/768730,2026-08-31
李宗盛 【有歌之年】,[常州]李宗盛2026【有歌之年】巡回演唱会,常州,新龙湖演艺中心,2026.09.25 -,,预售中,爬虫采集,https://www.piaoniu.com/activity/780645,2026-08-31
李宗盛 【有歌之年】,[鄂尔多斯]李宗盛2026【有歌之年】巡回演唱会,鄂尔多斯,鄂尔多斯市体育事业发展中心综合体育馆,2026.09.11 -,,预售中,爬虫采集,https://www.piaoniu.com/activity/782237,2026-08-31
李荣浩 世界,[郑州]李荣浩「黑马」世界巡回演唱会,郑州,洋河·梦之蓝体育场,2026.10.31-11.01 郑州奥林匹克体育中心,,预售中,爬虫采集,https://www.piaoniu.com/activity/768661,2026-08-31
井胧井迪 &mdash;,[郑州]井胧井迪2026「Our · 我们」&mdash;「幸好有你并肩」演唱会,郑州,郑州国际会展中心展览中心2A/2B展厅,2026.09.19 19:00,,预售中,爬虫采集,https://www.piaoniu.com/activity/783926,2026-08-31
理查德·克莱德曼钢琴,[海口]《爱·永恒》理查德·克莱德曼钢琴音乐会,海口,19:30 海南国际会展中心东方环球大剧院,2026.12.06 周日,,待定,爬虫采集,https://www.piaoniu.com/activity/784239,2026-08-31
薛之谦万兽之王,[苏州][代拍费]薛之谦万兽之王巡回演唱会,苏州,,时间场馆待定 场馆待定,,预售中,爬虫采集,https://www.piaoniu.com/activity/766241,2026-08-31
薛之谦,[郑州][代拍费]薛之谦演唱会郑州站,郑州,,演出筹备中，时间待定 场馆待定,,预售中,爬虫采集,https://www.piaoniu.com/activity/764186,2026-08-31
国际音像艺术作品博览会特别策划：BBC Earth 视听,[北京]2026国际音像艺术作品博览会特别策划：BBC Earth《蓝色星球Ⅱ》视听音乐会,北京,北京艺术中心 - 绿心露天剧场,2026.09.30 19:30,,预售中,爬虫采集,https://www.piaoniu.com/activity/783221,2026-08-31
,[北京]【蓝色多瑙河圆舞曲】纪念维也纳圆舞曲之王小约翰·施特劳斯经典作品交响音乐会,北京,,2026.09.06-10.06 五棵松·爱乐汇艺术空间·都市音乐厅,,待定,爬虫采集,https://www.piaoniu.com/activity/778074,2026-08-31
三里屯｜浪漫古典&mdash; 百年经典名曲系列,[北京]三里屯｜浪漫古典&mdash;《卡农》《欢乐颂》《蓝色多瑙河》百年经典名曲系列音乐会｜情侣约会｜亲子出行,北京,,2026.08.22-09.19 三里屯·爱乐汇艺术空间-城市演奏厅,,待定,爬虫采集,https://www.piaoniu.com/activity/781528,2026-08-31
汉努·林图、蔡珂宜与新加坡交响乐团丨上海交响乐团音乐季,[上海]汉努·林图、蔡珂宜与新加坡交响乐团丨上海交响乐团音乐季,上海,捷豹上海交响音乐厅-主厅,2026.10.13 19:30,,待定,爬虫采集,https://www.piaoniu.com/activity/782280,2026-08-31
张国勇、卡瓦科斯与上海交响乐团演绎门德尔松丨上海交响乐团音乐季,[上海]张国勇、卡瓦科斯与上海交响乐团演绎门德尔松丨上海交响乐团音乐季,上海,捷豹上海交响音乐厅-主厅,2026.09.18 19:30,,待定,爬虫采集,https://www.piaoniu.com/activity/780649,2026-08-31
上海交响乐团 -27音乐季闭幕,[上海]上海交响乐团2026-27音乐季闭幕音乐会 杨洋、卡瓦科斯与上海交响乐团纪念贝多芬逝世200周年,上海,捷豹上海交响音乐厅-主厅,2027.06.25 19:30,,待定,爬虫采集,https://www.piaoniu.com/activity/782070,2026-08-31
中国交响乐团 /27音乐季开幕：水蓝、丹尼尔·洛扎科维奇与中国交响乐乐团,[北京]中国交响乐团2026/27音乐季开幕：水蓝、丹尼尔·洛扎科维奇与中国交响乐乐团音乐会,北京,国家大剧院&mdash;&mdash;音乐厅,2026.09.05 19:30,,预售中,爬虫采集,https://www.piaoniu.com/activity/783537,2026-08-31
魔笛与歌剧幻想&mdash;&mdash;孙一凡、帕胡德与上海交响乐团丨上海交响,[上海]魔笛与歌剧幻想&mdash;&mdash;孙一凡、帕胡德与上海交响乐团丨上海交响乐团音乐季,上海,捷豹上海交响音乐厅-主厅,2027.01.08 19:30,,待定,爬虫采集,https://www.piaoniu.com/activity/781579,2026-08-31
图甘·索契耶夫与维也纳爱乐乐团 上海,[上海]图甘·索契耶夫与维也纳爱乐乐团2026上海音乐会,上海,-音乐厅,2026.10.19-10.20 上海东方艺术中心,,待定,爬虫采集,https://www.piaoniu.com/activity/778490,2026-08-31
安妮-索菲·穆特与英国皇家爱乐乐团,[广州]安妮-索菲·穆特与英国皇家爱乐乐团音乐会,广州,广州大剧院-歌剧厅,2026.11.08 19:30,,待定,爬虫采集,https://www.piaoniu.com/activity/780241,2026-08-31
维也纳皇家爱乐乐团新年,[深圳]维也纳皇家爱乐乐团新年音乐会,深圳,20:00 深圳大剧院大剧场,2027.01.09 周六,,待定,爬虫采集,https://www.piaoniu.com/activity/781946,2026-08-31
安东尼奥·帕帕诺与伦敦交响乐团,[上海]安东尼奥·帕帕诺与伦敦交响乐团音乐会,上海,,2026.09.22-09.23 东方艺术中心-音乐厅,,待定,爬虫采集,https://www.piaoniu.com/activity/780232,2026-08-31
维也纳皇家爱乐乐团新年,[上海]维也纳皇家爱乐乐团新年音乐会,上海,,2026.12.25-12.26 东方艺术中心-音乐厅,,待定,爬虫采集,https://www.piaoniu.com/activity/780110,2026-08-31
国乐中的经典中国广播民族乐团 交响金曲,[北京]国乐中的经典中国广播民族乐团《四大名著》交响金曲音乐会,北京,国家大剧院&mdash;&mdash;音乐厅,2026.09.04 19:30,,预售中,爬虫采集,https://www.piaoniu.com/activity/783536,2026-08-31
上海交响乐团 -27音乐季开幕,[上海]上海交响乐团2026-27音乐季开幕音乐会（一） 余隆与卡瓦科斯纪念肖斯塔科维奇诞辰120周年,上海,捷豹上海交响音乐厅-主厅,2026.9.11 19：30,,待定,爬虫采集,https://www.piaoniu.com/activity/780647,2026-08-31
上海新春,[上海]2027上海新春音乐会 余隆、马友友、吴彤、吴蛮与上海交响乐团演绎赵麟 丨上海交响乐团音乐季,上海,捷豹上海交响音乐厅-主厅,2027.01.29 19:30,,待定,爬虫采集,https://www.piaoniu.com/activity/780459,2026-08-31
西班牙蜻蜓乐团心情,[长沙]西班牙蜻蜓乐团心情音乐会,长沙,19:30 长沙音乐厅湘江大厅,2026.09.20 周日,,待定,爬虫采集,https://www.piaoniu.com/activity/783418,2026-08-31
维也纳春之声交响乐团新年,[苏州]维也纳春之声交响乐团新年音乐会-苏州站,苏州,19:30 苏州开心麻花运河剧场,2026.12.29 周二,,待定,爬虫采集,https://www.piaoniu.com/activity/776906,2026-08-31
向胜利前进·英雄的赞歌中国电影乐团交响经典,[北京]向胜利前进·英雄的赞歌中国电影乐团交响经典音乐会,北京,国家大剧院&mdash;&mdash;音乐厅,2026.09.03 19:30,,预售中,爬虫采集,https://www.piaoniu.com/activity/783228,2026-08-31
,【武汉】【早鸟6折】维也纳春之声交响乐团新年音乐会-武汉站,,19:30 武汉琴台音乐厅,2026.12.24 周四,,预售中,爬虫采集,https://www.piaoniu.com/activity/775215,2026-08-31
维也纳皇家管弦乐团 新年,[上海]维也纳皇家管弦乐团2027新年音乐会-上海站,上海,,2026.12.24-12.25 久事上海商城剧院,,待定,爬虫采集,https://www.piaoniu.com/activity/779973,2026-08-31
维也纳皇家爱乐乐团新年,[杭州]维也纳皇家爱乐乐团新年音乐会,杭州,浙江省人民大会堂,2026.12.31 周四,,待定,爬虫采集,https://www.piaoniu.com/activity/776707,2026-08-31
俄罗斯鞑靼国家模范剧院芭蕾舞剧 交响乐团现场伴奏版,[上海]俄罗斯鞑靼国家模范剧院芭蕾舞剧《舞姬》交响乐团现场伴奏版,上海,东方艺术中心-歌剧厅,2026.12.27 14:00,,待定,爬虫采集,https://www.piaoniu.com/activity/784148,2026-08-31
征途如歌&mdash;中国电影乐团国庆视听交响,[北京]征途如歌&mdash;中国电影乐团国庆视听交响音乐会,北京,北京中山音乐堂,2026.10.01 19:30,,预售中,爬虫采集,https://www.piaoniu.com/activity/784270,2026-08-31
BTS（防弹少年团）WORLD TOUR ARIRANG in BULACAN,[马尼拉]BTS（防弹少年团）WORLD TOUR ARIRANG in BULACAN,马尼拉,Philippine Sports Stadium（菲律宾体育体育场，PSS）,2027.03.13 -,,预售中,爬虫采集,https://www.piaoniu.com/activity/784094,2026-08-31
,[悉尼]BTS WORLD TOUR 'ARIRANG',悉尼,悉尼奥林匹克体育场,2027.02.20 -,,预售中,爬虫采集,https://www.piaoniu.com/activity/783541,2026-08-31
,[洛杉矶]BTS WORLD TOUR 'ARIRANG',洛杉矶,SoFi‑Stadium（索菲体育场）,2026.09.01 -,,待定,爬虫采集,https://www.piaoniu.com/activity/783545,2026-08-31
防弹少年团（BTS）WORLD TOUR ARIRANG IN BANGKOK,[泰国曼谷]防弹少年团（BTS）WORLD TOUR ARIRANG IN BANGKOK,泰国曼谷,Rajamangala National Stadium,2026.12.03 -,,预售中,爬虫采集,https://www.piaoniu.com/activity/778719,2026-08-31
周深/海来阿木/谭维维/乌兰图雅,[深圳][周深/海来阿木/谭维维/乌兰图雅]听见中国听见你原创音乐盛典,深圳,华润深圳湾体育中心＂春茧＂体育场,2026.09.22 20:00,,预售中,爬虫采集,https://www.piaoniu.com/activity/784613,2026-08-31
邹沛沛,[长沙]2026邹沛沛「Iridis」巡回演唱会,长沙,达丰空间,2026.09.12 19:00,,预售中,爬虫采集,https://www.piaoniu.com/activity/784065,2026-08-31
钱塘·听见世界 | 安妮-索菲·穆特&瓦西里·佩特连科&RPO,[杭州]钱塘·听见世界 | 安妮-索菲·穆特&瓦西里·佩特连科&RPO音乐会,杭州,19:30 杭州金沙湖大剧院-歌剧厅,2026.11.06 周五,,待定,爬虫采集,https://www.piaoniu.com/activity/783225,2026-08-31
,【长沙】安妮-索菲·穆特与英国皇家爱乐乐团音乐会,,19:30 长沙音乐厅湘江大厅,2026.11.07 周六,,待定,爬虫采集,https://www.piaoniu.com/activity/781651,2026-08-31
安妮-索菲·穆特与英国皇家爱乐乐团,[武汉]安妮-索菲·穆特与英国皇家爱乐乐团音乐会,武汉,武汉琴台音乐厅,2026.11.13 19:30,,预售中,爬虫采集,https://www.piaoniu.com/activity/783951,2026-08-31
9月11-13日 互动,[洛阳]9月11-13日《一条名叫爱情的狗》互动专场-洛阳站(二狗个人专场)|约会推荐|破圈社交,洛阳,,2026.09.11-09.13 洛阳市歌剧院(洛阳新区歌剧院),,预售中,爬虫采集,https://www.piaoniu.com/activity/783783,2026-08-31
乃万,[杭州]乃万「Selves们2.0」巡演,杭州,杭州临平大剧院-空中舞台,2026.10.11 19:30,,预售中,爬虫采集,https://www.piaoniu.com/activity/778346,2026-08-31
帕格尼尼冠军之夜&mdash;&mdash;吉博尼&达莉娅小提琴与吉他,[上海]帕格尼尼冠军之夜&mdash;&mdash;吉博尼&达莉娅小提琴与吉他音乐会,上海,东方艺术中心-音乐厅,2026.09.05 19:30,,待定,爬虫采集,https://www.piaoniu.com/activity/782003,2026-08-31
亚历山大・波达切夫 / 碰碰彭碰彭竖琴古筝重奏,[上海]《弦弹西东》亚历山大・波达切夫 &times; 碰碰彭碰彭竖琴古筝重奏音乐会,上海,19:30 捷豹上海交响音乐厅-主厅,2026.11.05 周四,,待定,爬虫采集,https://www.piaoniu.com/activity/783852,2026-08-31
致敬阿加莎·悬疑推理剧 万圣节限定场,[上海]致敬阿加莎·悬疑推理剧《谋杀派对》万圣节限定场,上海,上海兰心大戏院,2026.10.30 -,,待定,爬虫采集,https://www.piaoniu.com/activity/781282,2026-08-31
薛明媛 音乐生日会,[杭州]薛明媛「我30辣」音乐生日会,杭州,20:00 中国数字音乐谷-九莱福音乐现场,2026.09.19 周六,,待定,爬虫采集,https://www.piaoniu.com/activity/784516,2026-08-31
艺术游乐园 | 英国BBC正版授权亲子互动舞台剧,[杭州]艺术游乐园 | 英国BBC正版授权亲子互动舞台剧《布鲁伊的大宝藏》,杭州,15:00 杭州金沙湖大剧院-歌剧厅,2026.10.25 周日,,待定,爬虫采集,https://www.piaoniu.com/activity/780230,2026-08-31
金世佳领衔 话剧,[上海]金世佳领衔 话剧《诗人之死》,上海,大上海剧场,2026.10.16 -,,待定,爬虫采集,https://www.piaoniu.com/activity/782868,2026-08-31
步惊云脱口秀,[东莞]步惊云脱口秀专场《母老虎》｜三好姐妹@东莞,东莞,20:00 东莞玉兰大剧院-大剧场,2026.09.27 周日,,待定,爬虫采集,https://www.piaoniu.com/activity/782701,2026-08-31
奥斯卡·罗曼耶卓（O叔）钢琴独奏,[东莞]奥斯卡·罗曼耶卓（O叔）钢琴独奏音乐会,东莞,15:00 东莞玉兰大剧院,2026.09.13 周日,,待定,爬虫采集,https://www.piaoniu.com/activity/775845,2026-08-31
10月31日正版授权亲子互动舞台剧,[东莞]10月31日正版授权亲子互动舞台剧《布鲁伊的大宝藏》,东莞,东莞玉兰大剧院,2026.10.31 周六,,待定,爬虫采集,https://www.piaoniu.com/activity/781160,2026-08-31
胡沈员现代舞作品,[东莞]胡沈员现代舞作品《流浪》,东莞,东莞松山湖展演中心,2026.09.19 15:00,,预售中,爬虫采集,https://www.piaoniu.com/activity/783407,2026-08-31
理查德·克莱德曼钢琴,[东莞]《爱·永恒》理查德·克莱德曼钢琴音乐会,东莞,20:00 东莞玉兰大剧院,2026.12.04 周五,,待定,爬虫采集,https://www.piaoniu.com/activity/782823,2026-08-31
男高音歌唱家&mdash;&mdash;王亢独唱,[东莞]男高音歌唱家&mdash;&mdash;王亢独唱音乐会,东莞,东莞松山湖展演中心,2026.09.04 20:00,,预售中,爬虫采集,https://www.piaoniu.com/activity/783406,2026-08-31
中央芭蕾舞团&mdash;&mdash;古典芭蕾舞剧,[东莞]中央芭蕾舞团&mdash;&mdash;古典芭蕾舞剧《天鹅湖》,东莞,东莞松山湖展演中心,2026.11.07 -,,预售中,爬虫采集,https://www.piaoniu.com/activity/783412,2026-08-31
正版授权沉浸式推理舞台剧,[东莞]正版授权沉浸式推理舞台剧 《神探迈克狐-盛宴谜案》,东莞,东莞松山湖展演中心,2026.10.24 15:00,,预售中,爬虫采集,https://www.piaoniu.com/activity/783411,2026-08-31
10月16-17日音乐剧 中文版,[东莞]10月16-17日音乐剧《我的遗愿清单》中文版,东莞,,2026.10.16-10.17 东莞玉兰大剧院,,待定,爬虫采集,https://www.piaoniu.com/activity/781438,2026-08-31
9月18-20日舞蹈诗剧 --舞绘,[东莞]9月18-20日舞蹈诗剧《只此青绿》--舞绘《千里江山图》,东莞,,2026.09.18-09.19 东莞玉兰大剧院-大剧场,,待定,爬虫采集,https://www.piaoniu.com/activity/780683,2026-08-31
马思唯-乐透人生The Lottery TOUR,[长沙]马思唯-乐透人生The Lottery TOUR巡回演唱会,长沙,湖南国际会展中心(芒果馆),2026.09.12 19:30,,预售中,爬虫采集,https://www.piaoniu.com/activity/780031,2026-08-31
杨丞琳 世界,[长沙]杨丞琳《房间里的大象》世界巡回演唱会,长沙,湖南国际会展中心芒果馆,2026.11.14 19:30,,预售中,爬虫采集,https://www.piaoniu.com/activity/777230,2026-08-31
徐良时间折叠,[长沙]徐良时间折叠巡回演唱会,长沙,,演出筹备中，时间待定 场馆待定,,预售中,爬虫采集,https://www.piaoniu.com/activity/769122,2026-08-31
胡彦斌,[长沙]胡彦斌2026「是一场烟火·刹那」巡回演唱会,长沙,湖南国际会展中心芒果馆,2026.10.05 19:30,,预售中,爬虫采集,https://www.piaoniu.com/activity/783186,2026-08-31
赵传,[长沙]赵传 2026《当我们年轻的时候》巡回演唱会,长沙,湖南国际会展中心芒果馆,2026.11.28 19:30,,预售中,爬虫采集,https://www.piaoniu.com/activity/783744,2026-08-31
谢霆锋EvolutionNic,[长沙]谢霆锋EvolutionNicLive进化演唱会,长沙,长沙贺龙体育场（长沙贺龙体育中心）,2026.09.12 19:30,,预售中,爬虫采集,https://www.piaoniu.com/activity/778145,2026-08-31
,[长沙] [合作]拉美爵士天后凯伦·索萨Karen Souza丝绒爵色时巡演演唱会,长沙,19:30 长沙音乐厅湘江大厅,2026.10.30 周五,,待定,爬虫采集,https://www.piaoniu.com/activity/782221,2026-08-31
周深,[长沙]周深2026「深深的」巡回演唱会,长沙,长沙贺龙体育场（长沙贺龙体育中心）,2026.10.17 -,,预售中,爬虫采集,https://www.piaoniu.com/activity/777090,2026-08-31
孙燕姿,[长沙]孙燕姿《就在日落以后》巡回演唱会,长沙,长沙贺龙体育中心体育场,2026.11.06 -,,预售中,爬虫采集,https://www.piaoniu.com/activity/774654,2026-08-31
多功能剧场,[长沙]《不完美复仇计划&mdash;&mdash;杀马官方前传》（多功能剧场）,长沙,长沙梅溪湖国际文化艺术中心大剧院,2026.09.18 -,,预售中,爬虫采集,https://www.piaoniu.com/activity/784285,2026-08-31
孙楠,[武汉]孙楠巡回演唱会,武汉,武汉五环体育中心体育场,2026.10.01 19:00,,预售中,爬虫采集,https://www.piaoniu.com/activity/767499,2026-08-31
马克西姆&quot;边界II&quot;古典跨界钢琴演奏会-广州站,[广州]2026马克西姆&quot;边界II&quot;古典跨界钢琴演奏会-广州站,广州,广州中山纪念堂,2026.12.05 19:30,,待定,爬虫采集,https://www.piaoniu.com/activity/784589,2026-08-31
马克西姆边界Ⅱ古典跨界钢琴演奏会-靖江站,[泰州]2026马克西姆边界Ⅱ古典跨界钢琴演奏会-靖江站,泰州,19:30 靖江大剧院,2026.11.28 周六,,待定,爬虫采集,https://www.piaoniu.com/activity/784322,2026-08-31
王齐铭 【綦江崽儿】,[南宁]王齐铭2026【綦江崽儿】巡演,南宁,池沼CHIZHAO LIVEHOUSE南宁店,2026.09.19 20:00,,待定,爬虫采集,https://www.piaoniu.com/activity/779293,2026-08-31
第十三届乌镇戏剧节,[嘉兴]2026第十三届乌镇戏剧节《雷雨》,嘉兴,,2026.10.19-10.20 乌镇互联网国际会展中心5号厅,,待定,爬虫采集,https://www.piaoniu.com/activity/783443,2026-08-31
第十三届乌镇戏剧节,[嘉兴]2026第十三届乌镇戏剧节《哈姆雷特》,嘉兴,,2026.10.22-10.24 国乐剧院,,待定,爬虫采集,https://www.piaoniu.com/activity/783434,2026-08-31
第十三届乌镇戏剧节,[嘉兴]2026第十三届乌镇戏剧节《呼吸》,嘉兴,,2026.10.19-10.21 乌镇大剧院多功能厅,,待定,爬虫采集,https://www.piaoniu.com/activity/783428,2026-08-31
第十三届乌镇戏剧节,[嘉兴]2026第十三届乌镇戏剧节《刺花的灯罩》,嘉兴,,2026.10.21-10.22 日月广场,,待定,爬虫采集,https://www.piaoniu.com/activity/783521,2026-08-31
第十三届乌镇戏剧节,[嘉兴]2026第十三届乌镇戏剧节《象棋的故事》,嘉兴,,2026.10.19-10.20 乌镇互联网国际会展中心3号厅,,待定,爬虫采集,https://www.piaoniu.com/activity/783559,2026-08-31
第十三届乌镇戏剧节,[嘉兴]2026第十三届乌镇戏剧节《黄昏的天空》,嘉兴,,2026.10.15-10.16 乌镇互联网国际会展中心3号厅,,待定,爬虫采集,https://www.piaoniu.com/activity/783564,2026-08-31
第十三届乌镇戏剧节,[嘉兴]2026第十三届乌镇戏剧节《我，她，她们》,嘉兴,,2026.10.18-10.20 乌镇网剧场,,待定,爬虫采集,https://www.piaoniu.com/activity/783438,2026-08-31
第十三届乌镇戏剧节,[嘉兴]2026第十三届乌镇戏剧节《希波吕托斯》,嘉兴,,2026.10.23-10.25 乌镇互联网国际会展中心3号厅,,待定,爬虫采集,https://www.piaoniu.com/activity/783553,2026-08-31
第十三届乌镇戏剧节,[嘉兴]2026第十三届乌镇戏剧节《集体狂奔》,嘉兴,,2026.10.23-10.25 乌镇网剧场,,待定,爬虫采集,https://www.piaoniu.com/activity/783538,2026-08-31
第十三届乌镇戏剧节,[嘉兴]2026第十三届乌镇戏剧节《最后一杯》,嘉兴,,2026.10.23-10.24 环湖剧场,,待定,爬虫采集,https://www.piaoniu.com/activity/783569,2026-08-31
第十三届乌镇戏剧节,[嘉兴]2026第十三届乌镇戏剧节《风景回收站的工作日志》,嘉兴,,2026.10.23-10.24 乌镇大剧院序厅,,待定,爬虫采集,https://www.piaoniu.com/activity/783463,2026-08-31
第十三届乌镇戏剧节,[嘉兴]2026第十三届乌镇戏剧节《巴别塔》,嘉兴,,2026.10.16-10.18 国乐剧院,,待定,爬虫采集,https://www.piaoniu.com/activity/783464,2026-08-31
第十三届乌镇戏剧节,[嘉兴]2026第十三届乌镇戏剧节《宇宙》,嘉兴,,2026.10.23-10.25 乌镇大剧院,,待定,爬虫采集,https://www.piaoniu.com/activity/783556,2026-08-31
[嘉兴} 第十三届乌镇戏剧节,[嘉兴}2026第十三届乌镇戏剧节《野鸭》,,,2026.10.15-10.18 乌镇大剧院,,待定,爬虫采集,https://www.piaoniu.com/activity/783424,2026-08-31
第十三届乌镇戏剧节,[嘉兴]2026第十三届乌镇戏剧节《名画诈骗师》,嘉兴,,2026.10.15-10.17 乌镇互联网国际会展中心5号厅,,待定,爬虫采集,https://www.piaoniu.com/activity/783573,2026-08-31
第十三届乌镇戏剧节,[嘉兴]2026第十三届乌镇戏剧节《西方世界的花花公子》,嘉兴,,2026.10.16-10.19 环湖剧场,,待定,爬虫采集,https://www.piaoniu.com/activity/783454,2026-08-31
第十三届乌镇戏剧节,[嘉兴]2026第十三届乌镇戏剧节《一万次心跳》,嘉兴,,2026.10.22-10.24 博览中心A2馆,,待定,爬虫采集,https://www.piaoniu.com/activity/783560,2026-08-31
第十三届乌镇戏剧节,[嘉兴]2026第十三届乌镇戏剧节《歌曲》,嘉兴,,2026.10.16-10.17 乌镇大剧院多功能厅,,待定,爬虫采集,https://www.piaoniu.com/activity/783551,2026-08-31
口味王·杭州湾银河左岸,[杭州]口味王·杭州湾银河左岸音乐节,杭州,口味王·杭州湾银河左岸音乐节,2026.09.05 -,,待定,爬虫采集,https://www.piaoniu.com/activity/782957,2026-08-31
雅韵三湘·舞台经典《 罗大佑春龙交响夜,[长沙]雅韵三湘·舞台经典《2026罗大佑春龙交响夜音乐会》,长沙,,2026.09.04-09.05 长沙梅溪湖国际文化艺术中心大剧院,,待定,爬虫采集,https://www.piaoniu.com/activity/777236,2026-08-31
《 罗大佑春龙交响夜,[武汉]《2026罗大佑春龙交响夜音乐会》武汉站,武汉,,2026.11.07-11.08 武汉琴台大剧院,,待定,爬虫采集,https://www.piaoniu.com/activity/783647,2026-08-31
《罗大佑&mdash;&mdash;春龙交响夜,[深圳]《罗大佑&mdash;&mdash;春龙交响夜音乐会》,深圳,龙岗国际艺术中心--歌剧厅,2026.11.20 -,,待定,爬虫采集,https://www.piaoniu.com/activity/777520,2026-08-31
罗大佑春龙交响夜,[北京]2026罗大佑春龙交响夜音乐会,北京,(通州区)北京艺术中心-歌剧院-国家大剧院分址,2026.10.17 -,,预售中,爬虫采集,https://www.piaoniu.com/activity/784047,2026-08-31
话剧九人十五周年演出月· When We Two Parted,[北京]话剧九人十五周年演出月·《春逝》When We Two Parted,北京,,2026.09.04-09.05 二七剧场,,预售中,爬虫采集,https://www.piaoniu.com/activity/783916,2026-08-31
,[西安]【影像展映】《苏堤春晓》 2026国话戏剧数字院线展映季,西安,,2026.08.14-09.06 开元大剧院-大剧场,,预售中,爬虫采集,https://www.piaoniu.com/activity/781957,2026-08-31
维也纳春之声交响乐团新年,[南昌]维也纳春之声交响乐团新年音乐会-南昌站,南昌,19:30 南昌保利大剧院,2026.12.25 周五,,预售中,爬虫采集,https://www.piaoniu.com/activity/777929,2026-08-31
维也纳春之声交响乐团新年,[天津]维也纳春之声交响乐团新年音乐会-天津站,天津,天津大剧院音乐厅,2027.01.02 19:30,,预售中,爬虫采集,https://www.piaoniu.com/activity/782144,2026-08-31
长安大戏院9月2日 京剧,[北京]长安大戏院9月2日 京剧《玉堂春》,北京,长安大戏院,2026.09.02 19:30,,预售中,爬虫采集,https://www.piaoniu.com/activity/782557,2026-08-31
越剧 &mdash;&mdash; 百越文创第五届越剧优秀剧目邀请展,[杭州]越剧《春香传》&mdash;&mdash;「百廿流芳」百越文创第五届越剧优秀剧目邀请展,杭州,19:30 蝴蝶剧场（小百花越剧场）,2026.12.19 周六,,待定,爬虫采集,https://www.piaoniu.com/activity/782724,2026-08-31
维也纳春之声交响乐团新年,[上海]维也纳春之声交响乐团新年音乐会-上海站,上海,,2026.12.31 东方艺术中心-音乐厅,,待定,爬虫采集,https://www.piaoniu.com/activity/779953,2026-08-31
国话戏剧数字院线展映季,[合肥]《苏堤春晓》-2026国话戏剧数字院线展映季,合肥,包河凤凰剧院,2026.09.23 19:30,,预售中,爬虫采集,https://www.piaoniu.com/activity/783575,2026-08-31
国话戏剧数字院线展映季,[苏州]2026国话戏剧数字院线展映季《苏堤春晓》,苏州,14:00 苏州文化艺术中心-大道喜剧院,2026.09.26 周六,,待定,爬虫采集,https://www.piaoniu.com/activity/781483,2026-08-31
维也纳春之声交响乐团新年,[杭州]维也纳春之声交响乐团新年音乐会,杭州,19:30 浙江省人民大会堂,2026.12.30 周三,,待定,爬虫采集,https://www.piaoniu.com/activity/774446,2026-08-31
维也纳春之声交响乐团新年,[广州]维也纳春之声交响乐团新年音乐会,广州,19:30 广州大剧院歌剧厅,2026.12.27 周日,,待定,爬虫采集,https://www.piaoniu.com/activity/784526,2026-08-31
八音小课堂-长鼻木偶人,[上海]八音小课堂-长鼻木偶人,上海,凯迪拉克·上海音乐厅-音乐立方,2026.09.13 09:30,,预售中,爬虫采集,https://www.piaoniu.com/activity/780161,2026-08-31
三十而立·岁月流金 德云社成立三十周年系列演出之郭德纲·于谦相声,[青岛]三十而立·岁月流金2026德云社成立三十周年系列演出之郭德纲·于谦相声专场-青岛站,青岛,青岛市体育中心国信体育馆,2026.09.12 19:30,,预售中,爬虫采集,https://www.piaoniu.com/activity/781944,2026-08-31
三十而立·岁月流金 德云社成立三十周年系列演出之郭德纲·于谦相声,[杭州]三十而立·岁月流金2026德云社成立三十周年系列演出之郭德纲·于谦相声专场-杭州站,杭州,19:00 黄龙体育中心体育馆,2026.10.31 周六,,待定,爬虫采集,https://www.piaoniu.com/activity/782881,2026-08-31
,[杭州]HANS ZIMMER LIVE &ndash; THE NEXT LEVEL IN HANGZHOU 汉斯·季默传奇音乐会 全新境界-杭州站,杭州,,2026.09.26-09.27 杭州奥体AT中心体育馆,,待定,爬虫采集,https://www.piaoniu.com/activity/780461,2026-08-31
梁海源脱口秀,[南宁]梁海源脱口秀专场《天才的三个夜晚》｜笑果出品@南宁,南宁,20:00 南宁剧场,2026.09.26 周六,,待定,爬虫采集,https://www.piaoniu.com/activity/784495,2026-08-31
脱友人气选手步惊云脱口秀,[南宁]脱友人气选手步惊云脱口秀专场《母老虎》｜三好姐妹@南宁,南宁,20:00 南宁剧场-星光剧场,2026.11.08 周日,,待定,爬虫采集,https://www.piaoniu.com/activity/784345,2026-08-31
,[南宁]Jony J2026「本命」巡演-南宁站,南宁,百益上河城艺术中心1号馆,2026.09.15 20:00,,预售中,爬虫采集,https://www.piaoniu.com/activity/780941,2026-08-31
step.jad依加,[南宁] step.jad依加「NIGHTSTEP夜奔·超感世界」Livehouse巡演,南宁,池沼CHIZHAO LIVEHOUSE南宁店,2026.10.18 19:30,,待定,爬虫采集,https://www.piaoniu.com/activity/783748,2026-08-31
WetMen·俄罗斯型男水舞剧,[南宁]WetMen·俄罗斯型男水舞剧 《雨中2：爱的宣言》,南宁,20:00 广西文化艺术中心-大剧院,2026.10.06 周二,,待定,爬虫采集,https://www.piaoniu.com/activity/781372,2026-08-31
舞蹈诗剧 &mdash;&mdash;舞绘,舞蹈诗剧《只此青绿》&mdash;&mdash;舞绘《千里江山图》,,,2026.11.06-11.08 广西文化艺术中心-大剧院,,待定,爬虫采集,https://www.piaoniu.com/activity/780007,2026-08-31
孙燕姿,[广州]孙燕姿《就在日落以后》 巡回演唱会,广州,广东省奥林匹克体育中心体育场,2026.11.27 -,,预售中,爬虫采集,https://www.piaoniu.com/activity/784190,2026-08-31
李乃文&唐旭主演谍战舞台剧,[西安]李乃文&唐旭主演谍战舞台剧《夜行者》,西安,,2026.09.11-09.12 西安浐灞保利大剧院,,待定,爬虫采集,https://www.piaoniu.com/activity/779807,2026-08-31
音乐剧,[北京] 音乐剧《寻找李二狗》,北京,,2026.09.24-09.25 中央歌剧院,,预售中,爬虫采集,https://www.piaoniu.com/activity/783239,2026-08-31
谛听琴心&mdash;&mdash;李孔元古琴独奏,[武汉]谛听琴心&mdash;&mdash;李孔元古琴独奏音乐会,武汉,武汉琴台音乐厅-室内乐厅,2026.09.19 19:30,,待定,爬虫采集,https://www.piaoniu.com/activity/783998,2026-08-31
卓依婷 穿过日月的歌谣,[泉州]卓依婷2026穿过日月的歌谣巡回演唱会生日专场,泉州,泉州海峡体育中心-体育馆,2026.10.02 19:30,,预售中,爬虫采集,https://www.piaoniu.com/activity/784164,2026-08-31
德国钢琴家Oskar Roman Jezior奥斯卡·罗曼耶卓钢琴独奏,[珠海]德国钢琴家Oskar Roman Jezior奥斯卡·罗曼耶卓钢琴独奏音乐会,珠海,19:30 珠海华发中演大剧院 歌剧厅,2026.10.18 周日,,待定,爬虫采集,https://www.piaoniu.com/activity/782051,2026-08-31
奥斯卡·罗曼耶卓钢琴独奏,[北京]奥斯卡·罗曼耶卓钢琴独奏音乐会,北京,中山音乐堂,2026.07.04 -10.11,,待定,爬虫采集,https://www.piaoniu.com/activity/776209,2026-08-31
南京莱斯,[南京]南京莱斯音乐节,南京,(上元门地铁站东400米),2026.09.26-09.27 南京·鼓楼·幕燕滨江上元门音乐草坪,,预售中,爬虫采集,https://www.piaoniu.com/activity/784046,2026-08-31
超级音雄巨星,[常州]超级音雄巨星LIVE演唱会,常州,常州奥体中心体育场,2026.09.27 19:30,,预售中,爬虫采集,https://www.piaoniu.com/activity/782179,2026-08-31
赵传,[常州]赵传2026《当我们年轻的时候》巡回演唱会,常州,新龙湖演艺中心,2026.10.24 19:30,,预售中,爬虫采集,https://www.piaoniu.com/activity/781619,2026-08-31
猫耳声刻 「OST,[常州]猫耳声刻2026「OST演唱会/广播剧声演盛典」,常州,,2026.09.11-09.13 新龙湖演艺中心,,待定,爬虫采集,https://www.piaoniu.com/activity/783925,2026-08-31
童漠男脱口秀,[常州]童漠男脱口秀专场《寻找王医生·北下关特别版》丨笑果出品@常州,常州,19:30 常州大剧院大剧场,2026.09.13 周日,,待定,爬虫采集,https://www.piaoniu.com/activity/781068,2026-08-31
锐锐脱口秀,"[常州]锐锐脱口秀专场《爱,来不来2.0》｜快乐共暖@常州",常州,19:30 常州大剧院大剧场,2026.09.06 周日,,待定,爬虫采集,https://www.piaoniu.com/activity/781718,2026-08-31
常州文艺精品展演季 · 环境式古装喜剧,[常州]2026常州文艺精品展演季 · 环境式古装喜剧《刺客风云》,常州,19:30 常州大剧院小剧场,2026.09.19 周六,,待定,爬虫采集,https://www.piaoniu.com/activity/778329,2026-08-31
年市民,[常州]2026年市民音乐会 乐享之夜-中外名曲视听音乐会-常州站,常州,常州大剧院大剧场,2026.09.08 19:30,,待定,爬虫采集,https://www.piaoniu.com/activity/778772,2026-08-31
曹禺经典话剧 -年度经典大戏【常州站】,[常州]曹禺经典话剧《雷雨》-年度经典大戏【常州站】,常州,14:30 常州工人文化宫剧场,2026.09.27 周日,,待定,爬虫采集,https://www.piaoniu.com/activity/780538,2026-08-31
老舍经典话剧 -年度京味儿大戏【常州站】,[常州]老舍经典话剧《茶馆》-年度京味儿大戏【常州站】,常州,19:30 常州工人文化宫剧场,2026.12.11 周五,,待定,爬虫采集,https://www.piaoniu.com/activity/780531,2026-08-31
三十而立·岁月流金 德云社成立三十周年系列演出之岳云鹏·孙越相声,[常州]三十而立·岁月流金2026德云社成立三十周年系列演出之岳云鹏·孙越相声专场-常州站,常州,19:00 新龙湖演艺中心,2026.10.17 周六,,待定,爬虫采集,https://www.piaoniu.com/activity/784060,2026-08-31
,[常州]【早鸟6折】维也纳皇家爱乐乐团新年音乐会,常州,19:30 常州大剧院大剧场,2026.12.30 周三,,待定,爬虫采集,https://www.piaoniu.com/activity/782486,2026-08-31
喜力&reg;星银&reg;·第十三届太湖湾,[常州]喜力&reg;星银&reg;·第十三届太湖湾音乐节,常州,,2026.10.01-10.04 常州嬉戏谷,,预售中,爬虫采集,https://www.piaoniu.com/activity/784226,2026-08-31
张杰 未,[徐州][代拍费]张杰2026未·LIVE&mdash;「开往1982」世界巡回演唱会,徐州,,时间待定 场馆待定,,预售中,爬虫采集,https://www.piaoniu.com/activity/764386,2026-08-31
源野计划,[呼和浩特]2026源野计划,呼和浩特,大黑河军事文化乐园,2026.09.25 -,,预售中,爬虫采集,https://www.piaoniu.com/activity/784730,2026-08-31
风华爵代----Show Time爵士大乐队,[西安]风华爵代----Show Time爵士大乐队专场音乐会,西安,西安浐灞保利大剧院,2026.09.19 19:30,,预售中,爬虫采集,https://www.piaoniu.com/activity/782303,2026-08-31
郁乐队 - 惊恐症,[南昌]郁乐队2026-2027惊恐症巡演-南昌站,南昌,南昌 黑铁LIVEHOUSE,2026.11.08 20:00,,预售中,爬虫采集,https://www.piaoniu.com/activity/784463,2026-08-31
歌剧美影系列&mdash;神奇的木管家族--交响乐队中的多巴胺,[上海]歌剧美影系列&mdash;神奇的木管家族--交响乐队中的多巴胺,上海,美琪大戏院,2026.09.24 19:00,,待定,爬虫采集,https://www.piaoniu.com/activity/784299,2026-08-31
上交室内乐1·上交弦乐队演绎尼尔森、伯恩斯坦与巴托克丨上海交响乐团音乐季,[上海]上交室内乐1·上交弦乐队演绎尼尔森、伯恩斯坦与巴托克丨上海交响乐团音乐季,上海,捷豹上海交响音乐厅-演艺厅,2026.10.15 19:15,,待定,爬虫采集,https://www.piaoniu.com/activity/782798,2026-08-31
破界交响 乐无边界 德国古典电子跨界乐队交响狂徒上海,[上海]破界交响 乐无边界 德国古典电子跨界乐队交响狂徒上海2026音乐会,上海,东方艺术中心-音乐厅,2026.10.02 19:30,,待定,爬虫采集,https://www.piaoniu.com/activity/781874,2026-08-31
h3R3刘清云 &quot;回响&quot;,[重庆]h3R3刘清云2026&quot;回响&quot;巡演,重庆,寅派动力,2026.09.06 19:30,,预售中,爬虫采集,https://www.piaoniu.com/activity/783290,2026-08-31
刘旸教主单口喜剧,[扬州]刘旸教主单口喜剧专场《身心俱疲》 | Standby出品 @扬州,扬州,19:30 扬州运河大剧院 歌剧厅,2026.09.19 周六,,待定,爬虫采集,https://www.piaoniu.com/activity/782988,2026-08-31
刘旸教主单口喜剧,[长沙]刘旸教主单口喜剧专场《身心俱疲》 | Standby 出品 @长沙,长沙,,2026.09.25-09.26 长沙梅溪湖国际文化艺术中心大剧院,,待定,爬虫采集,https://www.piaoniu.com/activity/783471,2026-08-31
刘旸教主单口喜剧,[张家港]刘旸教主单口喜剧专场《身心俱疲》 | Standby出品 @张家港,张家港,19:30 张家港保利大剧院,2026.09.17 周四,,待定,爬虫采集,https://www.piaoniu.com/activity/782605,2026-08-31
乌镇戏剧节爆火独角戏 林溪儿作品,[西安]乌镇戏剧节爆火独角戏 林溪儿作品《我和刘红梅在车站》,西安,,2026.09.05-09.06 开元大剧院-小剧场,,预售中,爬虫采集,https://www.piaoniu.com/activity/777059,2026-08-31
,[苏州]【剧在周市·惠民专场】《诗义之界&mdash;&mdash;刘子钰钢琴独奏音乐会》,苏州,19:30 昆山周市文化艺术中心,2026.09.13 周日,,待定,爬虫采集,https://www.piaoniu.com/activity/780162,2026-08-31
琴弦上的肖邦与舒伯特一-大提琴&钢琴二重奏,[西安]琴弦上的肖邦与舒伯特一-大提琴&钢琴二重奏音乐会,西安,西安浐灞保利大剧院,2026.09.04 19:30,,预售中,爬虫采集,https://www.piaoniu.com/activity/779649,2026-08-31
大师公益系列 阿姆斯特丹美泉宫室内乐团,[上海]大师公益系列 阿姆斯特丹美泉宫室内乐团音乐会：巨匠之外&mdash;&mdash;贝多芬、舒伯特及挚友们,上海,凯迪拉克·上海音乐厅-大厅,2026.09.19 19:30,,待定,爬虫采集,https://www.piaoniu.com/activity/781019,2026-08-31
弦上音诗-罗伯特.卡巴拉小提琴独奏,[成都]弦上音诗-罗伯特.卡巴拉小提琴独奏音乐会,成都,19:30 成都城市音乐厅-音乐厅,2026.11.14 周六,,待定,爬虫采集,https://www.piaoniu.com/activity/781554,2026-08-31
钱塘 · 听见世界 | 琴弦上的肖邦与舒伯特&mdash;&mdash;大提琴&,[杭州]钱塘 · 听见世界 | 琴弦上的肖邦与舒伯特&mdash;&mdash;大提琴&钢琴二重奏音乐会,杭州,19:30 杭州金沙湖大剧院-半场·演艺新空间,2026.09.02 周三,,待定,爬虫采集,https://www.piaoniu.com/activity/779158,2026-08-31
罗伯特&bull;威尔逊与杜塞尔多夫剧院,[上海]罗伯特&bull;威尔逊与杜塞尔多夫剧院《大白鲸》,上海,,2026.10.23-10.25 上海西岸大剧院-大剧场,,待定,爬虫采集,https://www.piaoniu.com/activity/781659,2026-08-31
王健与约兰·索舍尔大提琴、吉他二重奏,[上海]王健与约兰·索舍尔大提琴、吉他二重奏音乐会,上海,东方艺术中心-音乐厅,2026.09.26 19:30,,待定,爬虫采集,https://www.piaoniu.com/activity/781121,2026-08-31
洛朗·班 个人巡回,[南京]洛朗·班2026 「Thousand Layers of Love」个人巡回音乐会南京站,南京,19:30 江苏大剧院-综艺厅,2026.09.12 周六,,待定,爬虫采集,https://www.piaoniu.com/activity/782462,2026-08-31
重演股份出品制作 洛朗·班 个人巡回,[上海]重演股份出品制作 洛朗·班2026「Thousand Layers of Love」个人巡回音乐会-上海站,上海,,2026.09.05-09.06 上海西岸大剧院-大剧场,,待定,爬虫采集,https://www.piaoniu.com/activity/780778,2026-08-31
百老汇喜剧 The Lifespan of a Fact,[上海]百老汇喜剧《事实的有效期》The Lifespan of a Fact,上海,上海话剧艺术中心-戏剧沙龙,2026.12.04 -,,待定,爬虫采集,https://www.piaoniu.com/activity/779594,2026-08-31
姑苏繁花园 | 江南实景 NPC 互动游园 | 沉浸式古风实景演出 | 汉服妆造,[苏州]姑苏繁花园 | 江南实景 NPC 互动游园 | 沉浸式古风实景演出 | 汉服妆造体验,苏州,姑苏繁花园,2026.12.31 21:00,,待定,爬虫采集,https://www.piaoniu.com/activity/783817,2026-08-31
,【深圳】王学圻、周鸣晗倾情演出国际合作戏剧《爸爸的床》,,,2026.09.05-09.06 深圳万象天地剧场,,待定,爬虫采集,https://www.piaoniu.com/activity/784392,2026-08-31
三十而立 岁月流金 德云社成立三十周年系列演出之 张鹤伦·郎鹤炎相声,[保定]三十而立 岁月流金 2026德云社成立三十周年系列演出之 张鹤伦·郎鹤炎相声专场演出-保定站,保定,保定关汉卿大剧院,2026.09.05 19:30,,预售中,爬虫采集,https://www.piaoniu.com/activity/783086,2026-08-31
中国国家话剧院演出 话剧,[北京]中国国家话剧院演出 话剧《蓟州疑云》,北京,,2026.09.24-09.27 国家话剧院-剧场,,预售中,爬虫采集,https://www.piaoniu.com/activity/784519,2026-08-31
北京曲艺团京味儿剧场 相声,[北京]北京曲艺团京味儿剧场 《笑满京城》相声专场演出,北京,,2026.06.20-09.26 天坛南门剧场,,待定,爬虫采集,https://www.piaoniu.com/activity/709950,2026-08-31
,[北京][免服务费]北京曲艺团京味儿剧场《北京记忆》曲艺专场演出,北京,,2026.06.19-09.25 天坛南门剧场,,待定,爬虫采集,https://www.piaoniu.com/activity/709947,2026-08-31
兰情冉冉 张冉昆曲艺术系列演出第六季|全国,[北京]兰情冉冉 张冉昆曲艺术系列演出第六季|全国巡演北京站|昆剧经典折子戏,北京,长安大戏院,2026.09.11 19:30,,预售中,爬虫采集,https://www.piaoniu.com/activity/782545,2026-08-31
兰情冉冉张冉昆曲艺术系列演出第六季|全国,[北京]兰情冉冉张冉昆曲艺术系列演出第六季|全国巡演北京站|《牡丹亭》|昆剧,北京,长安大戏院,2026.09.12 19:30,,预售中,爬虫采集,https://www.piaoniu.com/activity/782543,2026-08-31
三生昳梦&mdash;&mdash;沈昳丽个人,[上海]三生昳梦&mdash;&mdash;沈昳丽个人专场演出,上海,上海天蟾逸夫舞台,2026.10.09 19:15,,预售中,爬虫采集,https://www.piaoniu.com/activity/781872,2026-08-31
回首又见她&mdash;&mdash;陈莉个人,[上海]回首又见她&mdash;&mdash;陈莉个人专场演出,上海,上海天蟾逸夫舞台,2026.10.08 19:15,,预售中,爬虫采集,https://www.piaoniu.com/activity/781867,2026-08-31
此情安处&mdash;&mdash;黎安个人,[上海]此情安处&mdash;&mdash;黎安个人专场演出,上海,上海天蟾逸夫舞台,2026.10.10 19:15,,预售中,爬虫采集,https://www.piaoniu.com/activity/781869,2026-08-31
净听双声&mdash;&mdash;吴双个人,[上海]净听双声&mdash;&mdash;吴双个人专场演出,上海,上海天蟾逸夫舞台,2026.10.06 19:15,,预售中,爬虫采集,https://www.piaoniu.com/activity/781859,2026-08-31
人间逢尔&mdash;&mdash;谭笑个人,[上海]人间逢尔&mdash;&mdash;谭笑个人专场演出,上海,上海天蟾逸夫舞台,2026.10.07 19:15,,待定,爬虫采集,https://www.piaoniu.com/activity/783271,2026-08-31
,[上海]【奇妙嘿夜】爱乐之城--世界影视作品曲目烛光音乐会钢琴&小提琴&大提琴演出,上海,,2026.07.11-08.30 八号桥艺术空间&mdash;&mdash;1908粮仓,,待定,爬虫采集,https://www.piaoniu.com/activity/781051,2026-08-31
西安千古情（含景区+演出,[西安]西安千古情（含景区+演出）,西安,,2026.08.30-09.04 西安千古情景区,,预售中,爬虫采集,https://www.piaoniu.com/activity/782971,2026-08-31
清一色欢乐秀 | 即兴互动演出 | 深圳站 | 幽默油条喜剧,[深圳]清一色欢乐秀《炸胡》| 即兴互动演出 | 深圳站 | 幽默油条喜剧,深圳,,2026.09.04-09.06 南山文体中心聚橙剧院-大剧院,,待定,爬虫采集,https://www.piaoniu.com/activity/784686,2026-08-31
Standby喜剧之王单口季 巡回演出@上海,[上海]Standby喜剧之王单口季 巡回演出@上海,上海,交通银行前滩31演艺中心 · 大剧场,2026.10.01 -,,待定,爬虫采集,https://www.piaoniu.com/activity/784568,2026-08-31
国话·成都演出季 文献话剧 （抗战中的文艺,[成都]2026国话·成都演出季 文献话剧《弦歌不辍唱山河》（抗战中的文艺）,成都,,2026.09.04-09.05 成都高新中演大剧院-大剧场,,待定,爬虫采集,https://www.piaoniu.com/activity/782322,2026-08-31
罗大佑 春龙交响夜,[广州]罗大佑2026春龙交响夜音乐会,广州,广州中山纪念堂,2026.09.24 -,,待定,爬虫采集,https://www.piaoniu.com/activity/774095,2026-08-31
Jason Derulo (杰森德鲁罗,[北京]Jason Derulo (杰森德鲁罗) 2026演唱会,北京,国家速滑馆,2026.09.04 20:00,,预售中,爬虫采集,https://www.piaoniu.com/activity/782698,2026-08-31
豆豆脱口秀,[连云港]豆豆脱口秀专场《算你厉害》丨Standby 出品@连云港,连云港,19:30 连云港大剧院大剧场,2026.09.05 周六,,待定,爬虫采集,https://www.piaoniu.com/activity/782995,2026-08-31
洪卓立Exploer巡回,[东莞]洪卓立Exploer巡回音乐会,东莞,聚橙院线东城影剧院,2026.09.12 20:00,,预售中,爬虫采集,https://www.piaoniu.com/activity/779373,2026-08-31
敦煌国乐·望故乡 &mdash;&mdash;王中山古筝,[合肥]敦煌国乐·望故乡2026&mdash;&mdash;王中山古筝音乐会,合肥,合肥大剧院音乐厅,2026.09.26 19:30,,待定,爬虫采集,https://www.piaoniu.com/activity/781717,2026-08-31
包河城市之声--阿尔卑斯的召唤音乐女神拉菲拉·葛罗梅斯大提琴独奏,[合肥]包河城市之声--阿尔卑斯的召唤音乐女神拉菲拉·葛罗梅斯大提琴独奏音乐会,合肥,包河凤凰剧院,2026.09.05 19:30,,待定,爬虫采集,https://www.piaoniu.com/activity/781147,2026-08-31
甜蜜蜜&mdash;侯小媛邓丽君金曲北京,[北京]甜蜜蜜&mdash;侯小媛邓丽君金曲北京演唱会,北京,北京剧院,2026.11.28 19:30,,预售中,爬虫采集,https://www.piaoniu.com/activity/783782,2026-08-31
庾澄庆,[北京]庾澄庆 2026 「整晚哈音乐」演唱会,北京,北京华熙生物·润百颜ECM中心,2026.10.24 19:00,,预售中,爬虫采集,https://www.piaoniu.com/activity/779518,2026-08-31
时光之旅,[北京]时光之旅演唱会｜华语金曲音乐现场,北京,北京剧院,2026.09.27 19:30,,预售中,爬虫采集,https://www.piaoniu.com/activity/783229,2026-08-31
毛不易,[北京][代拍费]毛不易2026「只在今夜」演唱会,北京,工人体育场,2026.09.26 19:00,,预售中,爬虫采集,https://www.piaoniu.com/activity/781100,2026-08-31
银临,[北京]银临「粼粼」演唱会收官场,北京,首都体育馆,2026.09.12 19:00,,预售中,爬虫采集,https://www.piaoniu.com/activity/783467,2026-08-31
黎明 ROBBABA,[北京]黎明2026ROBBABA演唱会,北京,国家体育馆,2026.09.12 19:30,,预售中,爬虫采集,https://www.piaoniu.com/activity/781506,2026-08-31
单依纯,[北京][代拍费]单依纯2026 演唱会,北京,,演出筹备中，时间待定 国家体育场（鸟巢）,,预售中,爬虫采集,https://www.piaoniu.com/activity/763005,2026-08-31
尤长靖 AZORAland·Heliophile,[北京]尤长靖2026AZORAland·Heliophile演唱会,北京,首都体育馆,2026.09.19 19:00,,预售中,爬虫采集,https://www.piaoniu.com/activity/782994,2026-08-31
李健万物安生时,[北京][代拍费]李健万物安生时巡回演唱会,北京,,演出筹备中，时间待定 场馆待定,,预售中,爬虫采集,https://www.piaoniu.com/activity/771515,2026-08-31
十年玫瑰之约｜二十首传世金曲沉浸式,[北京]「嗨，好久不见」十年玫瑰之约｜二十首传世金曲沉浸式演唱会,北京,,2026.08.29-09.13 三里屯·爱乐汇艺术空间·时空剧场,,预售中,爬虫采集,https://www.piaoniu.com/activity/782309,2026-08-31
匆匆那年・岁月回响 华语流行金曲live,[北京]匆匆那年・岁月回响 华语流行金曲live 演唱会,北京,,2026.08.13-09.06 三里屯·爱乐汇艺术空间·时空剧场,,预售中,爬虫采集,https://www.piaoniu.com/activity/782316,2026-08-31
经典金曲,[北京]《光辉岁月·致敬时光》经典金曲演唱会,北京,秦乐宫剧院,2026.10.01 19:45,,预售中,爬虫采集,https://www.piaoniu.com/activity/780438,2026-08-31
《水木年华,[武汉]《水木年华2026巡回演唱会&mdash;武汉站》,武汉,19:30 武汉万达汉秀剧场,2026.09.19 周六,,待定,爬虫采集,https://www.piaoniu.com/activity/783590,2026-08-31
动力火车一路向前,[武汉]2026动力火车一路向前巡回演唱会-武汉站,武汉,光谷国际网球中心(中央球场),2026.10.31 19:30,,预售中,爬虫采集,https://www.piaoniu.com/activity/782705,2026-08-31
庾澄庆,[武汉]庾澄庆2026「整晚哈音乐」巡回演唱会,武汉,武汉体育中心体育馆,2026.11.21 19:00,,预售中,爬虫采集,https://www.piaoniu.com/activity/783628,2026-08-31
肖战,[武汉][代拍费]肖战2026巡回演唱会,武汉,,时间待定 场馆待定,,预售中,爬虫采集,https://www.piaoniu.com/activity/770313,2026-08-31
那英,[武汉]那英「我来因为你在」巡回演唱会,武汉,,时间待定 待定,,预售中,爬虫采集,https://www.piaoniu.com/activity/780962,2026-08-31
安又琪,[武汉]安又琪「Love&bull;有你陪着我」巡回演唱会,武汉,武钢体育中心·体育馆,2026.10.17 19:30,,预售中,爬虫采集,https://www.piaoniu.com/activity/777885,2026-08-31
黄丽玲A-Lin 歌 迹 Journey,[武汉]黄丽玲A-Lin 歌 迹 Journey演唱会,武汉,馆,2026.09.19-09.20 武汉体育中心体育,,预售中,爬虫采集,https://www.piaoniu.com/activity/778290,2026-08-31
step.jad依加 保利剧院,[武汉]step.jad依加《Nightstep夜奔&bull;巡城礼》2026保利剧院巡演（武汉站）,武汉,武汉琴台大剧院,2026.09.25 19:30,,待定,爬虫采集,https://www.piaoniu.com/activity/778987,2026-08-31
某某某领衔主演舞台剧 武汉站,[武汉]某某某领衔主演舞台剧《大话西游》武汉站,武汉,,2026.09.19-09.20 武汉琴台大剧院,,待定,爬虫采集,https://www.piaoniu.com/activity/783624,2026-08-31
百老汇经典摇滚音乐剧 （海德薇）中文版（武汉站,[武汉]百老汇经典摇滚音乐剧《HEDWIG》（海德薇）中文版（武汉站）,武汉,,2026.10.30-10.31 武汉琴台大剧院,,待定,爬虫采集,https://www.piaoniu.com/activity/780787,2026-08-31
WetMen·俄罗斯型男水舞剧 武汉站,[武汉]WetMen·俄罗斯型男水舞剧《雨中2·爱的宣言》武汉站,武汉,武汉琴台大剧院,2026.10.02 19:30,,预售中,爬虫采集,https://www.piaoniu.com/activity/783950,2026-08-31
凡人修仙传动画视听,[武汉]凡人修仙传动画视听音乐会（武汉站）,武汉,武汉琴台大剧院,2026.10.23 19:30,,待定,爬虫采集,https://www.piaoniu.com/activity/779263,2026-08-31
舞剧 武汉站,[武汉]舞剧《垂虹别意·唐寅》武汉站,武汉,武汉琴台大剧院,2026.12.18 -,,待定,爬虫采集,https://www.piaoniu.com/activity/783948,2026-08-31
很美味 【赏味期】,[武汉]很美味2026【赏味期】巡演武汉站,武汉,VOX LIVEHOUSE 武汉,2026.09.11 20:00,,预售中,爬虫采集,https://www.piaoniu.com/activity/784677,2026-08-31
布瑞吉77%,[武汉]2026布瑞吉77%巡演-武汉站,武汉,不晚IN TIME LIVEHOUSE,2026.09.19 20:00,,预售中,爬虫采集,https://www.piaoniu.com/activity/779480,2026-08-31
王齐铭【綦江崽儿】,[武汉]王齐铭【綦江崽儿】2026巡演 &mdash; 武汉站,武汉,看见展演,2026.09.12 20:00,,待定,爬虫采集,https://www.piaoniu.com/activity/779164,2026-08-31
步惊云脱口秀,[武汉]步惊云脱口秀专场《母老虎》｜三好姐妹@武汉,武汉,,2026.10.05-10.06 湖北剧院,,待定,爬虫采集,https://www.piaoniu.com/activity/783162,2026-08-31
非惟古典&mdash;段轶轲钢琴独奏,[武汉]非惟古典&mdash;段轶轲钢琴独奏音乐会,武汉,武汉琴台音乐厅,2026.09.05 19:30,,待定,爬虫采集,https://www.piaoniu.com/activity/779206,2026-08-31
好人好梦&mdash;黑鸭子组合 经典金曲,[北京]好人好梦&mdash;黑鸭子组合 2026 经典金曲专场音乐会,北京,北京中山音乐堂,2026.11.29 19:30,,预售中,爬虫采集,https://www.piaoniu.com/activity/784258,2026-08-31
东方市民,[上海]2026东方市民音乐会：法朵音乐节&mdash;&mdash;葡萄牙歌后克里斯蒂娜·布兰科音乐会,上海,东方艺术中心-音乐厅,2026.09.05 10:00,,待定,爬虫采集,https://www.piaoniu.com/activity/779963,2026-08-31
葡萄牙瑰宝&mdash;&mdash;法朵歌后Cristina Branco,[长沙]葡萄牙瑰宝&mdash;&mdash;法朵歌后Cristina Branco音乐会,长沙,长沙音乐厅湘江大厅,2026.09.12 19:30,,预售中,爬虫采集,https://www.piaoniu.com/activity/782810,2026-08-31
难忘的旋律可爱的一朵玫瑰花经典影视歌曲,[北京]难忘的旋律可爱的一朵玫瑰花经典影视歌曲音乐会/难忘的旋律我爱你中国名家名曲音乐会,北京,国家大剧院&mdash;&mdash;小剧场,2026.11.08 14:30,,预售中,爬虫采集,https://www.piaoniu.com/activity/783378,2026-08-31
葡萄牙瑰宝一法朵歌后克里斯蒂娜·布兰科,[武汉]葡萄牙瑰宝一法朵歌后克里斯蒂娜·布兰科音乐会,武汉,武汉琴台音乐厅,2026.09.13 19:30,,待定,爬虫采集,https://www.piaoniu.com/activity/784007,2026-08-31
,[无锡]【会员专场】葡萄牙法朵歌后Cristina Branco音乐会&mdash;&mdash;无锡星期广播音乐会,无锡,无锡交响音乐厅,2026.09.17 19:30,,预售中,爬虫采集,https://www.piaoniu.com/activity/781303,2026-08-31
德系暗潮组合Lebanon Hanover 上海,[上海]德系暗潮组合Lebanon Hanover2026上海专场,上海,Modern Sky LAB 上海,2026.09.04 20:30,,预售中,爬虫采集,https://www.piaoniu.com/activity/779749,2026-08-31
德系暗潮组合Lebanon Hanover 北京,[北京]德系暗潮组合Lebanon Hanover2026北京专场,北京,福浪Live House-福,2026.09.05 20:30,,预售中,爬虫采集,https://www.piaoniu.com/activity/779761,2026-08-31
8月30日 舒福组合脱口秀&新喜剧,[北京]8月30日《老外不见外》舒福组合脱口秀&新喜剧专场丨洋腔不洋调百万粉丝综艺主咖丨磁场喜剧,北京,,2026.08.30-09.25 磁场剧场NT剧场,,预售中,爬虫采集,https://www.piaoniu.com/activity/784279,2026-08-31
第七届全国少数民族文艺会演 原创儿童剧,[北京]第七届全国少数民族文艺会演 原创儿童剧《高原上的黑眼睛》,北京,,2026.09.16-09.18 京演·民族文化宫大剧院,,预售中,爬虫采集,https://www.piaoniu.com/activity/783208,2026-08-31
汤宝如 时光·印记 巡回,[广州]汤宝如 时光·印记 巡回音乐会--广州站,广州,20:00 广州中山纪念堂,2026.09.06 周日,,待定,爬虫采集,https://www.piaoniu.com/activity/782275,2026-08-31
中式美学经典古装话剧,[广州]中式美学经典古装话剧《红楼梦》,广州,19:30 广州中山纪念堂,2026.10.25 周日,,待定,爬虫采集,https://www.piaoniu.com/activity/778540,2026-08-31
武侠金曲大型交响,[广州]《侠骨丹心》武侠金曲大型交响音乐会,广州,19:30 广州中山纪念堂,2026.09.13 周日,,待定,爬虫采集,https://www.piaoniu.com/activity/777939,2026-08-31
37人交响乐团 宫崎骏&久石让经典动漫作品交响,[广州]37人交响乐团《天空之城》宫崎骏&久石让经典动漫作品交响音乐会,广州,广州中山纪念堂,2026.09.04 20:00,,待定,爬虫采集,https://www.piaoniu.com/activity/783837,2026-08-31
低音赵鹏行吟 被遗忘的时光,[广州]低音赵鹏行吟2026被遗忘的时光音乐会,广州,广州中山纪念堂,2026.09.19 20:00,,待定,爬虫采集,https://www.piaoniu.com/activity/770632,2026-08-31
敦煌之夜｜邓翊群筝乐作品创演,[北京]敦煌之夜｜邓翊群筝乐作品创演音乐会,北京,北京中山音乐堂,2026.09.13 19:00,,预售中,爬虫采集,https://www.piaoniu.com/activity/784264,2026-08-31
当代舞 / 空中表演｜拉希德·乌兰登新作 亚洲首演,[上海]当代舞 &times; 空中表演｜拉希德·乌兰登新作《身体逆旅》亚洲首演,上海,上海国际舞蹈中心大剧场,2026.10.24 -,,待定,爬虫采集,https://www.piaoniu.com/activity/784146,2026-08-31
动力火车 一路向前,[烟台]动力火车2026一路向前巡回演唱会,烟台,烟台八角湾国际会展中心 B3 展馆,2026.09.26 19:30,,预售中,爬虫采集,https://www.piaoniu.com/activity/784685,2026-08-31
,[南京]【南京娃展】DTP&DP玩偶茶会,南京,10:30 南京世纪缘湖滨花园酒店,2026.09.05 周六,,待定,爬虫采集,https://www.piaoniu.com/activity/783761,2026-08-31
锐锐脱口秀,[南京]锐锐脱口秀专场《爱，来不来2.0》｜快乐共暖@南京,南京,19:30 南京保利大剧院大剧场,2026.09.27 周日,,待定,爬虫采集,https://www.piaoniu.com/activity/780489,2026-08-31
南京戏剧节·江苏省昆剧院-经典昆剧 20周年纪念演出,[南京]2026·南京戏剧节·江苏省昆剧院-经典昆剧《1699·桃花扇》20周年纪念演出,南京,19:30 南京保利大剧院大剧场,2026.09.11 周五,,待定,爬虫采集,https://www.piaoniu.com/activity/777050,2026-08-31
爱·永恒&mdash;理查德·克莱德曼 新春钢琴,[南京]爱·永恒&mdash;理查德·克莱德曼2027新春钢琴音乐会南京站,南京,19:30 南京保利大剧院大剧场,2027.01.24 周日,,待定,爬虫采集,https://www.piaoniu.com/activity/784091,2026-08-31
李敏、殷春蕾主演越剧 ·南京市越剧团70周年团庆系列演出,[南京]李敏、殷春蕾主演越剧《孟丽君》·南京市越剧团70周年团庆系列演出,南京,19:30 南京文化艺术中心大剧院,2026.09.11 周五,,待定,爬虫采集,https://www.piaoniu.com/activity/782628,2026-08-31
王越脱口秀,[南京]王越脱口秀专场《短发》丨Standby出品@南京,南京,19:30 南京保利大剧院大剧场,2026.10.02 周五,,待定,爬虫采集,https://www.piaoniu.com/activity/783938,2026-08-31
夜游神剧团乌镇三部曲 + 南京首演,[南京]夜游神剧团乌镇三部曲《吉米不惬意》+《风暴中的迈亚号》南京首演,南京,19:30 南京星空剧场,2026.09.11 周五,,待定,爬虫采集,https://www.piaoniu.com/activity/781642,2026-08-31
杨丽萍作品 版 两岸共创 超民俗海洋题材舞台剧,[合肥]杨丽萍作品2026 版《平潭映象》两岸共创 超民俗海洋题材舞台剧,合肥,安徽百戏城大剧院杂技剧场,2026.10.11 15:00,,预售中,爬虫采集,https://www.piaoniu.com/activity/782447,2026-08-31
杨和苏/王以太/吴嘉轩,[长沙][杨和苏/王以太/吴嘉轩]燃HIP HOP集结-长沙站,长沙,湖南国际会展中心-芒果馆F厅,2026.09.25 19:30,,预售中,爬虫采集,https://www.piaoniu.com/activity/782467,2026-08-31
萧敬腾 野生,[泉州]萧敬腾2026野生巡回演唱会,泉州,泉州海峡体育中心-体育场,2026.11.21 19:30,,预售中,爬虫采集,https://www.piaoniu.com/activity/784167,2026-08-31
爱·永恒一理查德·克莱德曼 新年钢琴,[泉州]爱·永恒一理查德·克莱德曼2027新年钢琴音乐会泉州站,泉州,19:30 泉州大剧院-歌剧厅,2026.12.22 周二,,待定,爬虫采集,https://www.piaoniu.com/activity/782424,2026-08-31
脱友人气选手步惊云脱口秀,[泉州]脱友人气选手步惊云脱口秀专场《母老虎》｜三好姐妹@泉州,泉州,19:30 泉州大剧院-歌剧厅,2026.11.13 周五,,待定,爬虫采集,https://www.piaoniu.com/activity/784213,2026-08-31
张泽个人,[泉州]张泽个人音乐会《破格6.0》,泉州,19:30 泉州大剧院-歌剧厅,2026.09.05 周六,,待定,爬虫采集,https://www.piaoniu.com/activity/784187,2026-08-31
大空间XR沉浸体验,[杭州]·《小王子：星旅奇遇》大空间XR沉浸体验,杭州,,2026.01.29-12.31 M511光影汇·2号楼1层,,待定,爬虫采集,https://www.piaoniu.com/activity/784695,2026-08-31
大空间XR沉浸体验,[杭州]《小王子：星旅奇遇》大空间XR沉浸体验,杭州,,2026.01.29-12.31 M511光影汇,,预售中,爬虫采集,https://www.piaoniu.com/activity/769727,2026-08-31
大空间VR沉浸体验,[杭州]《泰坦尼克号·遗世回响》大空间VR沉浸体验,杭州,,2026.03.06-12.31 M511光影汇,,待定,爬虫采集,https://www.piaoniu.com/activity/784696,2026-08-31
兰情冉冉张冉昆曲艺术系列演出第六季,[北京]兰情冉冉张冉昆曲艺术系列演出第六季|巡演北京站|《玉簪记》|昆剧,北京,长安大戏院,2026.09.13 19:30,,预售中,爬虫采集,https://www.piaoniu.com/activity/782540,2026-08-31
,[宁波]【2026茧·声演出季】悬疑女王阿加莎·克里斯蒂传世巨著 《无人生还》（小说结尾版）,宁波,,2026.10.16-10.17 宁波文化广场大剧院,,待定,爬虫采集,https://www.piaoniu.com/activity/781299,2026-08-31
,[宁波]【2026茧·声演出季】金世佳主演话剧《诗人之死》,宁波,,2026.10.30-10.31 宁波文化广场大剧院,,待定,爬虫采集,https://www.piaoniu.com/activity/783606,2026-08-31
江苏时韵文化传播-话剧 -第三届全国小剧场戏剧优秀剧目展演暨江南小剧场&quot,[苏州]江苏时韵文化传播-话剧《0423》-第三届全国小剧场戏剧优秀剧目展演暨江南小剧场&quot;秋季演出季,苏州,19:30 苏州狮山大剧院-多功能厅,2026.09.20 周日,,待定,爬虫采集,https://www.piaoniu.com/activity/783990,2026-08-31
兰情冉冉张冉昆曲艺术系列演出第六季-全国,[上海]兰情冉冉张冉昆曲艺术系列演出第六季-全国巡演上海站昆剧《牡丹亭》,上海,,2026.10.01-10.02 上海兰心大戏院,,待定,爬虫采集,https://www.piaoniu.com/activity/781502,2026-08-31
滑稽剧团 年演出季,[上海]滑稽剧团2026年演出季《310碰碰头沪语SHOW》,上海,上海兰心大戏院,2026.10.16 -,,待定,爬虫采集,https://www.piaoniu.com/activity/783870,2026-08-31
北京树新风剧团-话剧 -第三届全国小剧场戏剧优秀剧目展演暨江南小剧场秋季演出季,[苏州]北京树新风剧团-话剧《提给自己的问题》-第三届全国小剧场戏剧优秀剧目展演暨江南小剧场秋季演出季,苏州,19:30 北部市民中心青橙剧场,2026.09.16 周三,,待定,爬虫采集,https://www.piaoniu.com/activity/784082,2026-08-31
第三届全国小剧场戏剧优秀剧目展演暨江南小剧场秋季演出季 通辽市科尔沁区戏曲剧团,[苏州]第三届全国小剧场戏剧优秀剧目展演暨江南小剧场秋季演出季 通辽市科尔沁区戏曲剧团 话剧《马走日》,苏州,19:30 苏州湾大剧院-戏剧厅,2026.09.20 周日,,待定,爬虫采集,https://www.piaoniu.com/activity/783992,2026-08-31
福建人民艺术剧院-话剧 -第三届全国小剧场戏剧优秀剧目展演暨江南小剧场秋季演出季,[苏州]福建人民艺术剧院-话剧《重返三岔口》-第三届全国小剧场戏剧优秀剧目展演暨江南小剧场秋季演出季,苏州,19:30 北部市民中心青橙剧场,2026.09.13 周日,,待定,爬虫采集,https://www.piaoniu.com/activity/783893,2026-08-31
,[宁波]【2026茧·声演出季】话剧《死亡诗社》,宁波,19:30 宁波文化广场大剧院,2026.09.04 周五,,待定,爬虫采集,https://www.piaoniu.com/activity/783003,2026-08-31
露辛达·查尔兹&里昂歌剧院芭蕾舞团,[上海]露辛达·查尔兹&里昂歌剧院芭蕾舞团《舞》,上海,上音歌剧院-歌剧厅,2026.10.14 -,,待定,爬虫采集,https://www.piaoniu.com/activity/784152,2026-08-31
威尔第歌剧,[北京]威尔第歌剧《弄臣》,北京,国家大剧院&mdash;&mdash;歌剧院,2026.09.16 -,,预售中,爬虫采集,https://www.piaoniu.com/activity/783758,2026-08-31
中国歌剧舞剧院舞剧,[北京]中国歌剧舞剧院舞剧《李白》,北京,,2026.09.25-09.27 (通州区)北京艺术中心-歌剧院-国家大剧院分址,,预售中,爬虫采集,https://www.piaoniu.com/activity/783241,2026-08-31
歌剧,[西安]歌剧《张骞》,西安,西安人民剧院,2026.09.01 19:00,,待定,爬虫采集,https://www.piaoniu.com/activity/783764,2026-08-31
古诺歌剧,[上海]古诺歌剧《罗密欧与朱丽叶》,上海,上海大宁剧院,2026.12.05 19:00,,待定,爬虫采集,https://www.piaoniu.com/activity/780409,2026-08-31
银幕史诗 世界经典影视名曲,[上海]银幕史诗 世界经典影视名曲音乐会歌剧魅影・教父・一步之遥,上海,久事上海商城剧院,2026.10.05 9:30,,待定,爬虫采集,https://www.piaoniu.com/activity/783487,2026-08-31
中国歌剧舞剧院舞剧 - 台湖演艺艺术周舞·美,[北京]中国歌剧舞剧院舞剧《孔子》-2026台湖演艺艺术周舞·美,北京,(通州区)台湖剧场-国家大剧院分址,2026.10.01 -,,预售中,爬虫采集,https://www.piaoniu.com/activity/783767,2026-08-31
东方市民,[上海]2026东方市民音乐会：舞蹈与歌剧&mdash;&mdash;牛牛钢琴独奏音乐会,上海,东方艺术中心-音乐厅,2026.09.19 10:00,,待定,爬虫采集,https://www.piaoniu.com/activity/779961,2026-08-31
年9月26日 【高清放映】歌剧,[厦门]2026年9月26日 【高清放映】歌剧《托斯卡》,厦门,14:30 闽南大戏院-多功能厅,2026.09.26 周六,,待定,爬虫采集,https://www.piaoniu.com/activity/784236,2026-08-31
中央歌剧院,[苏州]中央歌剧院《经典咏流传》专场音乐会,苏州,苏州聚橙尹山湖大剧院,2026.10.09 19:30,,待定,爬虫采集,https://www.piaoniu.com/activity/783803,2026-08-31
交响,[上海]《传说之下》交响音乐会,上海,,2026.10.02-10.03 上音歌剧院·歌剧厅,,待定,爬虫采集,https://www.piaoniu.com/activity/782974,2026-08-31
世界舞蹈剧场&mdash;&mdash;北京歌剧舞剧院舞剧,[南京]2026世界舞蹈剧场&mdash;&mdash;北京歌剧舞剧院舞剧《破冰》,南京,,2026.10.06-10.07 江苏大剧院-歌剧厅,,待定,爬虫采集,https://www.piaoniu.com/activity/782457,2026-08-31
黄磊孙莉何炅 经典版,[上海]黄磊孙莉何炅《暗恋桃花源》经典版,上海,东方艺术中心-歌剧厅,2026.10.09 -,,待定,爬虫采集,https://www.piaoniu.com/activity/784244,2026-08-31
杨婷导演 黄磊、何炅领衔主演 话剧,[广州]杨婷导演 黄磊、何炅领衔主演 话剧《农庄馆客人》,广州,广州大剧院-歌剧厅,2026.09.11 -,,待定,爬虫采集,https://www.piaoniu.com/activity/782420,2026-08-31
步惊云脱口秀,[成都]步惊云脱口秀专场《母老虎》｜三好姐妹@成都,成都,,2026.10.17-10.18 四川省文化艺术中心·歌剧厅,,待定,爬虫采集,https://www.piaoniu.com/activity/783756,2026-08-31
,[杭州]HI LIVE | 曹云金领衔 万象更新 听云轩相声专场-杭州站,杭州,19:30 杭州金沙湖大剧院-歌剧厅,2026.11.29 周日,,待定,爬虫采集,https://www.piaoniu.com/activity/780700,2026-08-31
,[佛山]Jony J2026「本命」巡演-佛山站,佛山,佛山ALSO LIVE,2026.09.25 20:00,,预售中,爬虫采集,https://www.piaoniu.com/activity/780938,2026-08-31
,[广州]Jony J2026「本命」巡演,广州,CH8蛙厂演艺中心(大学城店),2026.09.27 20:00,,预售中,爬虫采集,https://www.piaoniu.com/activity/780939,2026-08-31
宁波·电玩次元夏日游戏节,[宁波]宁波·电玩次元夏日游戏节,宁波,,2026.09.25-09.27 TT城市运动中心,,待定,爬虫采集,https://www.piaoniu.com/activity/783966,2026-08-31
百老汇经典摇滚 音乐剧 （海德薇）中文版,[宁波]百老汇经典摇滚 音乐剧《HEDWIG》（海德薇）中文版,宁波,,2026.11.13-11.14 宁波大剧院,,待定,爬虫采集,https://www.piaoniu.com/activity/781301,2026-08-31
ROYAL汽车飘移赛,[宁波]2026ROYAL汽车飘移赛,宁波,宁波国际赛道,2026.09.05 -,,预售中,爬虫采集,https://www.piaoniu.com/activity/784734,2026-08-31
京味儿大戏-老舍经典话剧,[宁波]京味儿大戏-老舍经典话剧《茶馆》,宁波,19:30 宁波大剧院,2026.11.22 周日,,待定,爬虫采集,https://www.piaoniu.com/activity/781327,2026-08-31
维也纳皇家爱乐乐团新年,[宁波]维也纳皇家爱乐乐团新年音乐会,宁波,19:30 宁波大剧院大剧场,2026.12.27 周日,,待定,爬虫采集,https://www.piaoniu.com/activity/782165,2026-08-31
维也纳施特劳斯乐团 新年,[宁波]维也纳施特劳斯乐团2027新年音乐会,宁波,19:30 宁波大剧院-大剧场,2027.01.01 周五,,待定,爬虫采集,https://www.piaoniu.com/activity/780983,2026-08-31
曹禺经典话剧,[宁波] 曹禺经典话剧《雷雨》,宁波,19:30 宁波逸夫剧院,2026.09.26 周六,,待定,爬虫采集,https://www.piaoniu.com/activity/781011,2026-08-31
经典电影名曲,[宁波]《LALALAND爱乐之城》经典电影名曲音乐会,宁波,宁波逸夫剧院,2026.09.25 19:30,,预售中,爬虫采集,https://www.piaoniu.com/activity/779836,2026-08-31
,[宁波]【2026茧·声演出季】越剧《玉蜻蜓》,宁波,19:30 宁波文化广场大剧院,2026.10.10 周六,,待定,爬虫采集,https://www.piaoniu.com/activity/781331,2026-08-31
,[宁波]【2026茧·声演出季】现象级原版音乐剧《SIX》,宁波,,2026.11.12-11.15 宁波文化广场大剧院,,待定,爬虫采集,https://www.piaoniu.com/activity/782765,2026-08-31
徐良时间折叠,[郑州][代拍费]徐良时间折叠巡回演唱会,郑州,,演出筹备中，时间待定 场馆待定,,预售中,爬虫采集,https://www.piaoniu.com/activity/772164,2026-08-31
喀秋莎俄罗斯远东国家歌舞团大型歌舞晚会 来华,[苏州]喀秋莎俄罗斯远东国家歌舞团大型歌舞晚会2026来华巡演苏州站,苏州,,2026.10.03 苏州第二工人文化宫聚橙剧院,,待定,爬虫采集,https://www.piaoniu.com/activity/780563,2026-08-31
喀秋莎俄罗斯远东国家歌舞团大型歌舞晚会,[深圳]喀秋莎俄罗斯远东国家歌舞团大型歌舞晚会,深圳,19:30 深圳华夏艺术中心,2026.10.06 周二,,待定,爬虫采集,https://www.piaoniu.com/activity/780540,2026-08-31
戴敦邦沉浸式国风艺术展｜戴敦邦艺术馆首展,[上海]《且看宋词》戴敦邦沉浸式国风艺术展｜戴敦邦艺术馆首展,上海,,2026.07.09-10.08 戴敦邦艺术馆,,待定,爬虫采集,https://www.piaoniu.com/activity/782423,2026-08-31
国家大剧院管弦乐团 /27乐季开幕 大地之歌吕嘉、李立宏、安娜·韦勒、西蒙·奥尼,[北京]国家大剧院管弦乐团2026/27乐季开幕 大地之歌吕嘉、李立宏、安娜·韦勒、西蒙·奥尼尔与国家大剧院管弦乐团演绎马勒音乐会-2026醇·萃古典,北京,国家大剧院&mdash;&mdash;音乐厅,2026.09.26 19:30,,预售中,爬虫采集,https://www.piaoniu.com/activity/784195,2026-08-31
维也纳皇家爱乐乐团新年,维也纳皇家爱乐乐团新年音乐会,,成都城市音乐厅-歌剧厅,2027.01.01 19:30,,待定,爬虫采集,https://www.piaoniu.com/activity/782822,2026-08-31
维也纳施特劳斯乐团 新年,[上海]维也纳施特劳斯乐团2027新年音乐会,上海,上海大剧院-大剧场,2026.12.31 19:30,,待定,爬虫采集,https://www.piaoniu.com/activity/778689,2026-08-31
维也纳施特劳斯乐团 新年,[天津]维也纳施特劳斯乐团2027新年音乐会,天津,天津大剧院音乐厅,2026.12.27 19:30,,预售中,爬虫采集,https://www.piaoniu.com/activity/778101,2026-08-31
双韵合律金野与北京民族乐团 中华四季暨 乐季,[北京]双韵合律金野与北京民族乐团 中华四季暨2026乐季音乐会,北京,国家大剧院-音乐厅,2026.09.06 19:30,,预售中,爬虫采集,https://www.piaoniu.com/activity/783390,2026-08-31
花粥 巡回,[深圳]花粥「 顺水推粥 」巡回音乐会,深圳,NUBOND AIR,2026.09.27 19:00,,预售中,爬虫采集,https://www.piaoniu.com/activity/782950,2026-08-31
12月13日爱·永恒一理查德·克莱德曼 新年钢琴,[福州]12月13日爱·永恒一理查德·克莱德曼2027新年钢琴音乐会福州站,福州,19:30 福州海峡文化艺术中心-歌剧厅,2026.12.13 周日,,待定,爬虫采集,https://www.piaoniu.com/activity/784419,2026-08-31
9月4日-9月5日·唐香玉单口喜剧,[福州]9月4日-9月5日·唐香玉单口喜剧专场《糖》福州站,福州,,2026.09.04-09.05 福建会堂,,待定,爬虫采集,https://www.piaoniu.com/activity/780773,2026-08-31
9月6日民国悬疑喜剧,[福州]9月6日民国悬疑喜剧《可欲不可囚》,福州,19:30 福州大学城文化艺术中心,2026.09.06 周日,,待定,爬虫采集,https://www.piaoniu.com/activity/781515,2026-08-31
9月11-13日舞蹈诗剧 &mdash;&mdash;舞绘,[福州]9月11-13日舞蹈诗剧《只此青绿》&mdash;&mdash;舞绘《千里江山图》,福州,,2026.09.11-09.13 福州海峡文化艺术中心-歌剧院,,待定,爬虫采集,https://www.piaoniu.com/activity/782786,2026-08-31
mdash;&mdash;旷野疗愈之旅,[福州]《最后的莫西干人》&mdash;&mdash;旷野疗愈之旅,福州,19:30 福建会堂,2026.11.21 周六,,待定,爬虫采集,https://www.piaoniu.com/activity/778836,2026-08-31
,[北京]【明星场】开心麻花2026惊悚爆笑年度大戏《诡才之道》,北京,,2026.08.14-09.13 地质礼堂剧场,,待定,爬虫采集,https://www.piaoniu.com/activity/781972,2026-08-31
爱·永恒&mdash;理查德·克莱德曼 新年钢琴,[贵阳]爱·永恒&mdash;理查德·克莱德曼2027新年钢琴音乐会贵阳站,贵阳,19:30 贵州饭店国际会议中心大礼堂,2026.12.11 周五,,待定,爬虫采集,https://www.piaoniu.com/activity/779160,2026-08-31
新&bull;国风舞剧,[天津]新&bull;国风舞剧《翎衣》,天津,,2026.09.05-09.06 天津大礼堂大剧场,,待定,爬虫采集,https://www.piaoniu.com/activity/780373,2026-08-31
票牛港澳台演出门票（纸质票,票牛港澳台演出门票（纸质票）,,待定,2026.08.10 -,,待定,爬虫采集,https://www.piaoniu.com/activity/783819,2026-08-31
梓渝,[苏州][代拍费]梓渝巡回演唱会,苏州,场馆待定,2026.12.31 00:00,,预售中,爬虫采集,https://www.piaoniu.com/activity/765331,2026-08-31
苏州29.9元惊喜盲盒,[苏州]苏州29.9元惊喜盲盒,苏州,,2026.09.12-09.13 场馆待定,,待定,爬虫采集,https://www.piaoniu.com/activity/784032,2026-08-31
步惊云脱口秀,[苏州]步惊云脱口秀专场《母老虎》｜三好姐妹@苏州,苏州,19:30 苏州文化艺术中心-大剧院,2026.09.04 周五,,待定,爬虫采集,https://www.piaoniu.com/activity/780211,2026-08-31
Pianoboy高至豪流行钢琴,[苏州]《复刻回忆》Pianoboy高至豪流行钢琴音乐会-苏州站,苏州,苏州聚橙尹山湖大剧院,2026.10.23 19:30,,待定,爬虫采集,https://www.piaoniu.com/activity/778662,2026-08-31
童漠男脱口秀,[苏州]童漠男脱口秀专场《寻找王医生·北下关特别版》丨笑果出品@苏州,苏州,,2026.11.06-11.07 苏州湾大剧院-歌剧厅,,待定,爬虫采集,https://www.piaoniu.com/activity/783111,2026-08-31
毛豆单口喜剧,[苏州]毛豆单口喜剧专场《就差一点》-苏州站,苏州,19:30 苏州第二工人文化宫聚橙剧院,2026.09.11 周五,,待定,爬虫采集,https://www.piaoniu.com/activity/784081,2026-08-31
爱·永恒&mdash;理查德·克莱德曼 新春钢琴,[苏州]爱·永恒&mdash;理查德·克莱德曼2027新春钢琴音乐会苏州站,苏州,19:30 苏州狮山大剧院-大剧场,2027.01.30 周六,,待定,爬虫采集,https://www.piaoniu.com/activity/782849,2026-08-31
天津人艺经典作品·话剧 年苏州站,[苏州]天津人艺经典作品·话剧《日出》2026年苏州站,苏州,19:30 苏州保利大剧院-大剧场,2026.10.06 周二,,待定,爬虫采集,https://www.piaoniu.com/activity/782837,2026-08-31
陕西人艺话剧 年苏州站,[苏州]陕西人艺话剧《平凡的世界》2026年苏州站,苏州,19:30 苏州保利大剧院-大剧场,2026.11.03 周二,,待定,爬虫采集,https://www.piaoniu.com/activity/783610,2026-08-31
豆豆脱口秀,[苏州]豆豆脱口秀专场《算你厉害》丨Standby出品@苏州,苏州,19:30 苏州文化艺术中心-大剧院,2026.09.26 周六,,待定,爬虫采集,https://www.piaoniu.com/activity/784079,2026-08-31
WetMen·俄罗斯型男水舞剧 年苏州站,[苏州]WetMen·俄罗斯型男水舞剧《雨中2:爱的宣言》2026年苏州站,苏州,19:30 苏州保利大剧院-大剧场,2026.10.23 周五,,待定,爬虫采集,https://www.piaoniu.com/activity/783781,2026-08-31
巡展 (苏州站,[苏州]《幻觉博物馆》巡展 (苏州站),苏州,,2026.05.20-10.08 幻觉博物馆(苏州店),,待定,爬虫采集,https://www.piaoniu.com/activity/781010,2026-08-31
无界 苏州交响乐团 - 27音乐季开幕,[苏州]无界 苏州交响乐团2026 - 27音乐季开幕音乐会,苏州,19:30 苏州金鸡湖音乐厅,2026.09.12 周六,,待定,爬虫采集,https://www.piaoniu.com/activity/783885,2026-08-31
美丽人生经典电影,[苏州]美丽人生经典电影音乐会2026年苏州站,苏州,19:30 苏州保利大剧院-大剧场,2026.09.12 周六,,待定,爬虫采集,https://www.piaoniu.com/activity/783869,2026-08-31
乌镇戏剧节青年竞演决赛作品 乌镇三部曲终章 南京首演,[南京]2025乌镇戏剧节青年竞演决赛作品 乌镇三部曲终章《塑料动物园》南京首演,南京,19:30 南京星空剧场,2026.09.12 周六,,待定,爬虫采集,https://www.piaoniu.com/activity/780888,2026-08-31
,[深圳]【9月27日】德国经典儿童科普绘本剧《肚子里的火车站》(深圳星耀剧场X小斑马剧团),深圳,深圳市·天安云谷·星耀剧场,2026.09.27 10:30,,预售中,爬虫采集,https://www.piaoniu.com/activity/783091,2026-08-31
亚森,[北京]亚森「荒漠上行走II」巡演,北京,北京 1919 LIVEHOUSE,2026.09.04 -,,预售中,爬虫采集,https://www.piaoniu.com/activity/782907,2026-08-31
亚森,[上海]亚森「荒漠上行走II」巡演,上海,回响之地·前滩馆,2026.09.13 19:30,,预售中,爬虫采集,https://www.piaoniu.com/activity/782906,2026-08-31
弦上清叙·恭候知音 | 吴门琴派古琴,[苏州]弦上清叙·恭候知音 | 吴门琴派古琴专场音乐会第二期,苏州,苏州文化艺术中心,2026.07.03 -,,待定,爬虫采集,https://www.piaoniu.com/activity/778553,2026-08-31
东方市民,[上海]2026东方市民音乐会：上海城市交响乐团音乐会,上海,东方艺术中心-音乐厅,2026.12.19 10:00,,待定,爬虫采集,https://www.piaoniu.com/activity/780906,2026-08-31
晚高峰,[上海]晚高峰音乐会2：弦上东西丨上海交响乐团音乐季,上海,捷豹上海交响音乐厅-演艺厅,2026.12.16 18:30,,待定,爬虫采集,https://www.piaoniu.com/activity/781999,2026-08-31
大型音乐史诗&mdash;东方红,[北京]大型音乐史诗&mdash;东方红,北京,北京中山音乐堂,2026.12.29 19:30,,预售中,爬虫采集,https://www.piaoniu.com/activity/781496,2026-08-31
新年,[北京]2027新年音乐会,北京,北京中山音乐堂,2026.12.18 19:30,,预售中,爬虫采集,https://www.piaoniu.com/activity/783780,2026-08-31
律吕调阳 --中秋古琴,[北京]律吕调阳 --中秋古琴音乐会,北京,北京中山音乐堂,2026.09.25 19:30,,预售中,爬虫采集,https://www.piaoniu.com/activity/784266,2026-08-31
笑满中秋&mdash;&mdash;相声,[北京]笑满中秋&mdash;&mdash;相声专场晚会,北京,北京中山音乐堂,2026.09.27 19:30,,预售中,爬虫采集,https://www.piaoniu.com/activity/784268,2026-08-31
六十年弦歌&mdash;阿萨德兄弟吉他二重奏,[北京]六十年弦歌&mdash;阿萨德兄弟吉他二重奏音乐会,北京,北京中山音乐堂,2026.11.06 19:30,,预售中,爬虫采集,https://www.piaoniu.com/activity/780544,2026-08-31
新年交响,[北京]2027新年交响音乐会,北京,北京中山音乐堂,2026.12.24 -12.25,,待定,爬虫采集,https://www.piaoniu.com/activity/778076,2026-08-31
最后的莫西干人一-亚历桑德罗印第安音乐品鉴会,[北京]最后的莫西干人一-亚历桑德罗印第安音乐品鉴会,北京,北京中山音乐堂,2026.12.12 19:30,,预售中,爬虫采集,https://www.piaoniu.com/activity/783391,2026-08-31
新年,[北京]2027新年音乐会,北京,北京中山音乐堂,2027.01.10 19:30,,待定,爬虫采集,https://www.piaoniu.com/activity/783394,2026-08-31
童话偶剧,[上海]童话偶剧《巧克力小屋》,上海,,2026.10.06 仙乐斯木偶BOX,,待定,爬虫采集,https://www.piaoniu.com/activity/783459,2026-08-31
武林夜市必看打卡·吉他弹唱民谣之夜live现场,[杭州]武林夜市必看打卡·吉他弹唱民谣之夜live现场演唱会,杭州,,2026.08.29-09.13 浙江省文化馆小剧场(原群艺馆小剧场),,待定,爬虫采集,https://www.piaoniu.com/activity/784549,2026-08-31
音乐剧,[武汉]音乐剧《红莲》,武汉,,2026.09.11-09.12 湖北剧院,,待定,爬虫采集,https://www.piaoniu.com/activity/781500,2026-08-31
俄罗斯国立古典芭蕾舞团,[杭州]俄罗斯国立古典芭蕾舞团《天鹅湖》,杭州,19:30 浙江省人民大会堂,2027.01.01 周五,,待定,爬虫采集,https://www.piaoniu.com/activity/777642,2026-08-31
喜剧,[苏州]喜剧《蒋公的面子》,苏州,19:30 苏州文化艺术中心-大剧院,2026.11.28 周六,,待定,爬虫采集,https://www.piaoniu.com/activity/779257,2026-08-31
,[南昌]《走进芭蕾》,南昌,红谷滩大剧场,2026.09.02 19:30,,预售中,爬虫采集,https://www.piaoniu.com/activity/781712,2026-08-31
阿加莎&bull;克里斯蒂经典悬疑剧 杭州站,[杭州]阿加莎&bull;克里斯蒂经典悬疑剧《无人生还》杭州站,杭州,,2026.09.25-09.26 杭州东坡大剧院,,待定,爬虫采集,https://www.piaoniu.com/activity/776710,2026-08-31
原创音乐剧 镜框版,[北京]原创音乐剧《#0528》镜框版,北京,,2026.11.20-11.21 天桥艺术中心-大剧场,,预售中,爬虫采集,https://www.piaoniu.com/activity/781271,2026-08-31
开心麻花爆笑年度贺岁大戏,[西安]开心麻花爆笑年度贺岁大戏《开心西游·女儿国》,西安,,2026.10.16-10.18 西安人民剧院,,预售中,爬虫采集,https://www.piaoniu.com/activity/780654,2026-08-31
开心麻花实景沉浸剧 赛博朋克|7条故事线|5方阵营|60+任务系统,[南京]开心麻花实景沉浸剧《方橙市大侦探》赛博朋克|7条故事线|5方阵营|60+任务系统,南京,,2026.08.22-09.26 开心麻花老门东沉浸剧场,,待定,爬虫采集,https://www.piaoniu.com/activity/779757,2026-08-31
,[苏州]【魏翔专场】开心麻花惊怂悬疑喜剧《出马》,苏州,,2026.09.11-09.12 苏州开心麻花运河剧场,,待定,爬虫采集,https://www.piaoniu.com/activity/783779,2026-08-31
,[上海]【39.9元秒杀】开心麻花爆笑舞台剧《婿事待发》,上海,开心麻花剧场（上海南翔印象城MEGA店）,2026.09.12 -,,待定,爬虫采集,https://www.piaoniu.com/activity/783353,2026-08-31
开心麻花惊怂爆笑喜剧,[佛山]开心麻花惊怂爆笑喜剧《出马》,佛山,,2026.11.28-11.29 佛山大剧院-大剧场,,待定,爬虫采集,https://www.piaoniu.com/activity/783455,2026-08-31
开心麻花惊悚悬疑沉浸剧 局中局硬核烧脑|多空间穿梭探案|贴脸互动|反转天花板,[南京]开心麻花惊悚悬疑沉浸剧《醉后赢家》局中局硬核烧脑|多空间穿梭探案|贴脸互动|反转天花板,南京,,2026.08.30-9.30 开心麻花老门东沉浸剧场,,待定,爬虫采集,https://www.piaoniu.com/activity/779759,2026-08-31
开心麻花歌舞沉浸剧 纸醉金迷/末日狂欢|观众审判|团建首选,[南京]开心麻花歌舞沉浸剧《芝加哥之夜》纸醉金迷&times;末日狂欢|观众审判|团建首选,南京,,2026.06.26-08.30 开心麻花老门东沉浸剧场,,待定,爬虫采集,https://www.piaoniu.com/activity/779697,2026-08-31
《维也纳宫廷圆舞曲交响乐 青岛新年,[青岛]《维也纳宫廷圆舞曲交响乐2027青岛新年音乐会》青岛站,青岛,青岛城阳开心麻花大剧院,2026.12.28 19:00,,待定,爬虫采集,https://www.piaoniu.com/activity/777874,2026-08-31
开心麻花王牌喜剧,[上海]开心麻花王牌喜剧《乌龙山伯爵》,上海,临港演艺中心,2026.09.12 19:30,,待定,爬虫采集,https://www.piaoniu.com/activity/779791,2026-08-31
卡农·世界经典音乐之旅,[深圳]卡农·世界经典音乐之旅音乐会,深圳,深圳开心麻花红山剧场,2026.09.19 15:00,,待定,爬虫采集,https://www.piaoniu.com/activity/779806,2026-08-31
纪念坂本龙一·精选作品,[深圳]纪念坂本龙一·精选作品音乐会,深圳,深圳开心麻花红山剧场,2026.10.18 15:00,,预售中,爬虫采集,https://www.piaoniu.com/activity/783896,2026-08-31
开心麻花经典爆笑舞台剧,[南京]开心麻花经典爆笑舞台剧《乌龙山伯爵》,南京,,2026.10.04-10.05 江苏紫金大剧院,,待定,爬虫采集,https://www.piaoniu.com/activity/783620,2026-08-31
开心麻花大型贺岁宫廷剧 沉浸版,[北京]开心麻花大型贺岁宫廷剧《甄嬛传》沉浸版,北京,开心麻花A88剧场,2026.08.28 -,,待定,爬虫采集,https://www.piaoniu.com/activity/774162,2026-08-31
开心麻花x盗墓笔记,[杭州]开心麻花x盗墓笔记《雨村笔记2之天梯笔记》,杭州,,2026.08.14-08.23 杭州开心麻花剧场,,待定,爬虫采集,https://www.piaoniu.com/activity/781103,2026-08-31
新中式舞蹈秀 -苏州站,[苏州]新中式舞蹈秀《叹春风》-苏州站,苏州,,2026.09.25-09.27 苏州开心麻花运河剧场,,待定,爬虫采集,https://www.piaoniu.com/activity/784228,2026-08-31
开心麻花首部惊悚爆笑戏剧,[北京]开心麻花首部惊悚爆笑戏剧《开心聊斋·三生沉浸版》,北京,,2026.08.21-09.27 A33剧场,,待定,爬虫采集,https://www.piaoniu.com/activity/774168,2026-08-31
,[上海]【魏你而来】开心麻花惊怂悬疑喜剧《出马》特别版,上海,上海虹桥艺术中心,2026.09.22 -,,待定,爬虫采集,https://www.piaoniu.com/activity/784422,2026-08-31
开心麻花惊怂爆笑贺岁大戏,[北京]开心麻花惊怂爆笑贺岁大戏《出马》,北京,,2026.08.28-10.07 海淀剧院,,待定,爬虫采集,https://www.piaoniu.com/activity/779598,2026-08-31
摇滚之夜超级,[石嘴山]2026「一诺千年 」摇滚之夜超级演唱会,石嘴山,石嘴山体育中心体育场,2026.09.27 19:30,,预售中,爬虫采集,https://www.piaoniu.com/activity/784581,2026-08-31
步惊云脱口秀,[徐州]步惊云脱口秀专场《母老虎》｜三好姐妹@徐州,徐州,19:30 徐州音乐厅-大剧场,2026.10.23 周五,,待定,爬虫采集,https://www.piaoniu.com/activity/782992,2026-08-31
新沂花厅·穿梭次元动漫游戏嘉年华01,[徐州]新沂花厅·穿梭次元动漫游戏嘉年华01,徐州,,2026.10.01-10.02 新沂花厅影城(文博广场西区店),,待定,爬虫采集,https://www.piaoniu.com/activity/783986,2026-08-31
汉努·林图、蔡珂宜与新加坡交响乐团,[长沙]汉努·林图、蔡珂宜与新加坡交响乐团音乐会,长沙,长沙音乐厅湘江大厅,2026.10.20 19:30,,预售中,爬虫采集,https://www.piaoniu.com/activity/777190,2026-08-31
汉努&bull;林图、蔡珂宜与新加坡交响乐团,[深圳]汉努&bull;林图、蔡珂宜与新加坡交响乐团音乐会,深圳,,2026.10.23 深圳音乐厅演奏大厅,,待定,爬虫采集,https://www.piaoniu.com/activity/782955,2026-08-31
芜限青春·芜湖超级,[芜湖]芜限青春·芜湖超级演唱会,芜湖,芜湖奥体中心体育场,2026.10.05 19:30,,预售中,爬虫采集,https://www.piaoniu.com/activity/784733,2026-08-31
EXO PLANET #6 - EXhOrizon [dot] - 首尔站,[首尔]EXO PLANET #6 - EXhOrizon [dot] - 首尔站,首尔,KSPO DOME,2026.11.06 -,,预售中,爬虫采集,https://www.piaoniu.com/activity/783980,2026-08-31
临港少年宫 | 玩库诗乐书画国风儿童剧,[上海]临港少年宫 | 玩库诗乐书画国风儿童剧《诗跃五千年》,上海,临港童梦剧场,2026.09.25 15:00,,待定,爬虫采集,https://www.piaoniu.com/activity/784043,2026-08-31
儿童剧,[上海]儿童剧《神奇的打鼓小猴子》,上海,大零号湾文化艺术中心,2026.09.04 19:00,,待定,爬虫采集,https://www.piaoniu.com/activity/782175,2026-08-31
经典励志儿童剧,[上海]经典励志儿童剧《花木兰》,上海,九棵树未来艺术中心-大剧场,2026.09.13 14:30,,待定,爬虫采集,https://www.piaoniu.com/activity/784311,2026-08-31
临港少年宫 | 玩库全息探险儿童剧,[上海]临港少年宫 | 玩库全息探险儿童剧《地心游记Ⅱ》,上海,临港童梦剧场,2026.10.01 15:00,,待定,爬虫采集,https://www.piaoniu.com/activity/784045,2026-08-31
现场舞会 | 玩库·沉浸式角色扮演儿童剧 -南京路店,[上海]现场舞会 | 玩库·沉浸式角色扮演儿童剧《冰雪女王》-南京路店,上海,黄浦剧场-中剧场,2026.07.19 -,,待定,爬虫采集,https://www.piaoniu.com/activity/778381,2026-08-31
儿童剧,[上海]儿童剧《神奇的打鼓小猴子》,上海,临港演艺中心,2026.09.06 15:00,,待定,爬虫采集,https://www.piaoniu.com/activity/781320,2026-08-31
角色扮演 | 玩库古诗词沉浸式国风儿童剧 - 南京路店,[上海]角色扮演 | 玩库古诗词沉浸式国风儿童剧《诗仙驾到》- 南京路店,上海,黄浦剧场-中剧场,2026.09.12 14:00,,待定,爬虫采集,https://www.piaoniu.com/activity/778378,2026-08-31
手绘光影儿童剧,[上海]手绘光影儿童剧《光影里的诗词歌赋》,上海,14:00 九棵树未来艺术中心-实验剧场,2026.11.07 周六,,待定,爬虫采集,https://www.piaoniu.com/activity/783672,2026-08-31
临港少年宫 | 玩库多媒体轻芭蕾儿童剧,[上海]临港少年宫 | 玩库多媒体轻芭蕾儿童剧《睡美人》,上海,临港童梦剧场,2026.09.13 15:00,,待定,爬虫采集,https://www.piaoniu.com/activity/784040,2026-08-31
儿童剧 第一季：三只小猪/青蛙王子/小红帽,[上海]儿童剧《花花魔盒》第一季：三只小猪/青蛙王子/小红帽,上海,大零号湾文化艺术中心,2026.09.19 14:00,,待定,爬虫采集,https://www.piaoniu.com/activity/780552,2026-08-31
手绘光影儿童剧,[上海]手绘光影儿童剧《光影里的四大名著》,上海,10:30 九棵树未来艺术中心-实验剧场,2026.11.07 周六,,待定,爬虫采集,https://www.piaoniu.com/activity/783669,2026-08-31
上海美术电影制片厂授权儿童剧,[北京]上海美术电影制片厂授权儿童剧《葫芦兄弟》,北京,,2026.10.01-10.02 北京未来剧院,,预售中,爬虫采集,https://www.piaoniu.com/activity/783103,2026-08-31
新剧 ｜小喜鹊儿童剧｜疯狂爆笑｜动物城大探案｜提升宝宝社交力,[北京]2026新剧《兔子警官》｜小喜鹊儿童剧｜疯狂爆笑｜动物城大探案｜提升宝宝社交力,北京,雍和笑逗演艺街-F厅-黑匣子话剧剧场,2026.07.24 -,,待定,爬虫采集,https://www.piaoniu.com/activity/773450,2026-08-31
儿童剧,[北京]儿童剧《演奏家的打击乐》,北京,,2026.08.01-08.31 雍和笑逗演艺街-A厅-魔法艺术剧场,,预售中,爬虫采集,https://www.piaoniu.com/activity/782192,2026-08-31
我是小侦探推理沉浸式儿童剧 柯南二次元经典-开心互动益智|家庭合家欢,[北京]我是小侦探推理沉浸式儿童剧《小小福尔摩斯》柯南二次元经典-开心互动益智|家庭合家欢,北京,,2026.07.24-08.31 雍和笑逗演艺街-B厅-新空间喜剧剧场,,待定,爬虫采集,https://www.piaoniu.com/activity/762421,2026-08-31
欢庆十一大型励志互动儿童剧,[深圳]欢庆十一大型励志互动儿童剧《冰雪奇缘-爱莎的魔法秘密》,深圳,华夏艺术中心,2026.10.06 10:30,,待定,爬虫采集,https://www.piaoniu.com/activity/767131,2026-08-31
山海经传奇神话儿童剧北京站,[北京]《山海奇遇记》山海经传奇神话儿童剧北京站,北京,,2026.07.25-12.19 世纪剧院-小剧场,,待定,爬虫采集,https://www.piaoniu.com/activity/779400,2026-08-31
儿童剧,[北京]儿童剧《山海经里的大怪兽》,北京,红剧场,2026.09.25 10:30,,预售中,爬虫采集,https://www.piaoniu.com/activity/780298,2026-08-31
为人民绽放&mdash;&mdash;国家艺术基金优秀剧目四川展演 儿童剧,[成都]为人民绽放&mdash;&mdash;国家艺术基金优秀剧目四川展演 儿童剧《谜人的三星堆》,成都,东安湖大剧院-大剧场,2026.09.05 -,,待定,爬虫采集,https://www.piaoniu.com/activity/780024,2026-08-31
经典童话励志儿童剧,[北京]《木偶奇遇记》经典童话励志儿童剧,北京,,2026.12.26 世纪剧院-小剧场,,预售中,爬虫采集,https://www.piaoniu.com/activity/780864,2026-08-31
,[深圳]【9月19日】趣味探险互动儿童剧《小红帽》(深圳星耀剧场X小斑马剧团）,深圳,深圳市·天安云谷·星耀剧场,2026.09.19 10:30,,预售中,爬虫采集,https://www.piaoniu.com/activity/783090,2026-08-31
儿童剧,[宁波]儿童剧《小红帽》,宁波,天然舞台·大剧场,2026.09.12 周六,,预售中,爬虫采集,https://www.piaoniu.com/activity/773338,2026-08-31
,[深圳]【9月12日】大型经典奇幻亲子儿童剧《白雪公主》(深圳星耀剧场X小斑马剧团),深圳,深圳市·天安云谷·星耀剧场,2026.09.12 10:30,,预售中,爬虫采集,https://www.piaoniu.com/activity/783088,2026-08-31
经典童话励志儿童剧,[北京]《三只小猪》经典童话励志儿童剧,北京,,2026.10.31 世纪剧院-小剧场,,预售中,爬虫采集,https://www.piaoniu.com/activity/780861,2026-08-31
,[深圳]【9月25日】大型古典神话儿童剧《西游记之大闹天宫》（深圳星耀剧场X小斑马剧团),深圳,深圳市·天安云谷·星耀剧场,2026.09.25 10:30,,预售中,爬虫采集,https://www.piaoniu.com/activity/783094,2026-08-31
儿童剧,[北京]儿童剧《光之国炼金术战士》,北京,,2026.07.24-08.31 雍和笑逗演艺街-F厅-黑匣子话剧剧场,,待定,爬虫采集,https://www.piaoniu.com/activity/774150,2026-08-31
上海夏季儿童亲子,[上海] 2026 上海夏季儿童亲子音乐会,上海,,2026.08.16-09.04 久事·上海商城剧院,,待定,爬虫采集,https://www.piaoniu.com/activity/780904,2026-08-31
北京儿艺--恐龙儿童剧,[北京]北京儿艺--恐龙儿童剧《永远永远爱你》,北京,中国木偶剧院-卡酷剧场,2026.09.05 -,,预售中,爬虫采集,https://www.piaoniu.com/activity/782287,2026-08-31
,[北京]【中秋节专场】北京儿艺诗词风雅系列儿童剧《明月几时有》,北京,,2026.09.24-09.27 五棵松·爱乐汇艺术空间·都市剧场,,预售中,爬虫采集,https://www.piaoniu.com/activity/780306,2026-08-31
平安夜-圣诞节,[深圳]《圣诞快乐·劳伦斯先生》平安夜-圣诞节专场钢琴音乐会,深圳,华夏艺术中心小剧场,2026.12.24 -,,预售中,爬虫采集,https://www.piaoniu.com/activity/775750,2026-08-31
陕西人艺 茅奖系列话剧 &mdash;&mdash;根据陈彦先生同名小说改编,[武汉]陕西人艺 茅奖系列话剧《主角》&mdash;&mdash;根据陈彦先生同名小说改编,武汉,湖北剧院,2026.09.19 -,,预售中,爬虫采集,https://www.piaoniu.com/activity/779733,2026-08-31
潘美辰[回家2.0用心爱你],[上海]潘美辰[回家2.0用心爱你],上海,九棵树未来艺术中心-大剧场,2026.10.05 19:30,,预售中,爬虫采集,https://www.piaoniu.com/activity/783336,2026-08-31
文兆杰,[厦门]文兆杰2026「我怀念的今夜」巡演,厦门,RealLive And Books,2026.09.12 20:00,,待定,爬虫采集,https://www.piaoniu.com/activity/782385,2026-08-31
mdash;&mdash;旷野疗愈之旅,[厦门]《最后的莫西干人》&mdash;&mdash;旷野疗愈之旅,厦门,闽南大戏院-大剧场,2026.11.22 19:30,,待定,爬虫采集,https://www.piaoniu.com/activity/778035,2026-08-31
Pianoboy高至豪流行钢琴,[厦门]「复刻回忆」Pianoboy高至豪流行钢琴音乐会,厦门,19:30 福馆Full House厦门,2026.11.14 周六,,待定,爬虫采集,https://www.piaoniu.com/activity/784342,2026-08-31
经典国风武侠,[厦门]《铁血丹心》《梁祝》经典国风武侠音乐会,厦门,16:30 中影国际影城(海峡两岸店),2026.10.24 周六,,待定,爬虫采集,https://www.piaoniu.com/activity/784442,2026-08-31
致敬阿加莎·外百老汇悬疑名剧,[厦门]致敬阿加莎·外百老汇悬疑名剧《谋杀派对》,厦门,福南大会堂,2026.10.17 14:30,,预售中,爬虫采集,https://www.piaoniu.com/activity/780953,2026-08-31
世界名曲浪漫烛光,[厦门]《卡农》《梦中的婚礼》世界名曲浪漫烛光音乐会,厦门,16:30 中影国际影城(海峡两岸店),2026.10.24 周六,,待定,爬虫采集,https://www.piaoniu.com/activity/784437,2026-08-31
来疯喜剧 | 鲍鲍单口喜剧,[厦门]来疯喜剧 | 鲍鲍单口喜剧专场《鲍鲍SHOW》9月11日 脱口秀 @SM三期店,厦门,19:30 来疯喜剧场(SM店),2026.09.11 周五,,待定,爬虫采集,https://www.piaoniu.com/activity/784162,2026-08-31
年12月23日 爱·永恒&mdash;理查德·克莱德曼 新年钢琴,2026年12月23日 爱·永恒&mdash;理查德·克莱德曼2027新年钢琴音乐会厦门站,,19:30 闽南大戏院-大剧场,2026.12.23 周三,,待定,爬虫采集,https://www.piaoniu.com/activity/782369,2026-08-31
脱友人气选手步惊云脱口秀,[烟台]脱友人气选手步惊云脱口秀专场《母老虎》｜三好姐妹@烟台,烟台,19:30 烟台大剧院,2026.11.01 周日,,待定,爬虫采集,https://www.piaoniu.com/activity/784216,2026-08-31
倪大红、史可、黄澄澄主演话剧,[烟台]倪大红、史可、黄澄澄主演话剧《萃锦园》,烟台,烟台大剧院,2026.09.01 19:30,,预售中,爬虫采集,https://www.piaoniu.com/activity/781503,2026-08-31
斯拉法的下雪秀,[烟台]斯拉法的下雪秀-《Slava'sSnowShow》,烟台,,2026.10.07-10.11 烟台大剧院,,预售中,爬虫采集,https://www.piaoniu.com/activity/780809,2026-08-31
上海方言话剧 明星版,[上海]上海方言话剧 明星版《雷雨》,上海,上海大剧院-大剧场,2026.09.04 -,,待定,爬虫采集,https://www.piaoniu.com/activity/781254,2026-08-31
话剧,[上海]话剧《鳄鱼》,上海,上海大剧院-大剧场,2026.09.11 -,,待定,爬虫采集,https://www.piaoniu.com/activity/778127,2026-08-31
福特纵横 邹城户外乐园青年,[济宁]福特纵横2026邹城户外乐园青年音乐节,济宁,福特纵横户外主题公园,2026.10.02 -,,预售中,爬虫采集,https://www.piaoniu.com/activity/784427,2026-08-31
话剧 -老谭戏剧工作室,[上海]话剧《大唐行·姑苏城外》-老谭戏剧工作室,上海,大零号湾文化艺术中心,2026.09.12 19:30,,待定,爬虫采集,https://www.piaoniu.com/activity/779254,2026-08-31
深圳一带一路国际音乐季山东歌剧舞剧院舞剧,[深圳]2026深圳一带一路国际音乐季山东歌剧舞剧院舞剧《大染坊》,深圳,,2026.10.24-10.25 光明文化艺术中心-大剧场,,待定,爬虫采集,https://www.piaoniu.com/activity/782828,2026-08-31
舞剧 （免费接驳车,[上海]舞剧《大染坊》（免费接驳车）,上海,九棵树未来艺术中心-大剧场,2026.10.17 -,,预售中,爬虫采集,https://www.piaoniu.com/activity/783057,2026-08-31
,[北京][买贵无忧]亲子京剧《大闹天宫》,北京,,2026.08.29-09.26 天乐园大戏楼,,待定,爬虫采集,https://www.piaoniu.com/activity/773676,2026-08-31
正版版权大型儿童魔幻剧,[合肥]正版版权大型儿童魔幻剧《大闹天宫》,合肥,安徽大剧院,2026.10.07 14:30,,预售中,爬虫采集,https://www.piaoniu.com/activity/783609,2026-08-31
,[呼和浩特][内蒙大展]璀璨&mdash;&mdash;16至20世纪典藏珍宝艺术展,呼和浩特,,2026.05.01-10.08 内蒙古博物院,,预售中,爬虫采集,https://www.piaoniu.com/activity/783906,2026-08-31
话剧 &mdash;&mdash;第三期南大戏剧周·南京站,[南京]话剧《失忆症》&mdash;&mdash;第三期南大戏剧周·南京站,南京,江南剧院,2026.09.04 -,,待定,爬虫采集,https://www.piaoniu.com/activity/781332,2026-08-31
MC张天赋 E=MC&sup2;,[马来西亚]MC张天赋2026 E=MC&sup2;演唱会,马来西亚,马来西亚云顶世界 云星剧场,2026.11.21 18:00,,预售中,爬虫采集,https://www.piaoniu.com/activity/784073,2026-08-31
音乐剧 广州站,[广州]音乐剧《秘密花园》广州站,广州,,2026.11.26-11.28 广州蓓蕾剧院,,预售中,爬虫采集,https://www.piaoniu.com/activity/784622,2026-08-31
孟京辉戏剧作品 摇滚音乐剧,[广州]孟京辉戏剧作品 摇滚音乐剧《空中花园谋杀案》,广州,,2026.09.11-09.12 广州友谊剧院,,待定,爬虫采集,https://www.piaoniu.com/activity/783346,2026-08-31
音乐剧,[广州]音乐剧《我的遗愿清单》,广州,广东艺术剧院（原广东演艺中心大剧院）,2026.10.25 周日,,待定,爬虫采集,https://www.piaoniu.com/activity/782140,2026-08-31
俄语原版摇滚音乐剧,[广州]俄语原版摇滚音乐剧《卡拉马佐夫兄弟》,广州,,2026.09.16-09.19 广州大剧院-歌剧厅,,待定,爬虫采集,https://www.piaoniu.com/activity/779304,2026-08-31
原版音乐剧,[广州]原版音乐剧《SIX》,广州,广州大剧院-歌剧厅,2026.10.15 -,,待定,爬虫采集,https://www.piaoniu.com/activity/776637,2026-08-31
音乐剧 （根据电影 改编,[广州]音乐剧《梦断花都》（根据电影《红磨坊》改编）,广州,广州大剧院-歌剧厅,2026.11.17 -,,待定,爬虫采集,https://www.piaoniu.com/activity/782326,2026-08-31
动漫经典音乐作品浪漫烛光,[广州]《天空之城》《龙猫》《千与千寻》动漫经典音乐作品浪漫烛光音乐会广州站,广州,星海音乐厅·交响乐演奏大厅,2026.10.05 20:00,,预售中,爬虫采集,https://www.piaoniu.com/activity/784385,2026-08-31
广州爵士音乐季 大师殿堂 手风琴大师Richard Galliano三重奏,[广州]2026广州爵士音乐季 大师殿堂 手风琴大师Richard Galliano三重奏,广州,星海音乐厅·交响乐演奏大厅,2026.11.19 20:00,,预售中,爬虫采集,https://www.piaoniu.com/activity/784403,2026-08-31
维也纳圆舞曲乐团 广州新年,[广州]维也纳圆舞曲乐团2027广州新年音乐会,广州,星海音乐厅·交响乐演奏大厅,2026.12.26 20:00,,预售中,爬虫采集,https://www.piaoniu.com/activity/784402,2026-08-31
暴雪35周年官方游戏交响,[广州]暴雪35周年官方游戏交响音乐会（Jason Hayes领衔）广州站,广州,广州白云国际会议中心世纪大会堂,2026.11.06 19:30,,待定,爬虫采集,https://www.piaoniu.com/activity/779944,2026-08-31
越剧 &mdash;&mdash; 百越文创第五届越剧优秀剧目邀请展,[杭州]越剧《何文秀》&mdash;&mdash;「百廿流芳」百越文创第五届越剧优秀剧目邀请展,杭州,19:30 蝴蝶剧场（小百花越剧场）,2026.10.12 周一,,待定,爬虫采集,https://www.piaoniu.com/activity/782123,2026-08-31
尹派经典越剧,[上海]尹派经典越剧《何文秀》,上海,云间剧院,2026.09.29 19:00,,待定,爬虫采集,https://www.piaoniu.com/activity/781181,2026-08-31
大戏曲家系列王君安、郑全、毛晓格、俞艾丽主演越剧,[苏州]2026大戏曲家系列王君安、郑全、毛晓格、俞艾丽主演越剧《何文秀》,苏州,19:30 苏州保利大剧院-大剧场,2026.10.05 周一,,待定,爬虫采集,https://www.piaoniu.com/activity/781398,2026-08-31
越剧,[上海]越剧《何文秀》,上海,保利上海城市剧院,2026.09.24 19:30,,待定,爬虫采集,https://www.piaoniu.com/activity/780767,2026-08-31
成何体统,[上海]成何体统,上海,艺海剧院,2026.09.11 -,,待定,爬虫采集,https://www.piaoniu.com/activity/779584,2026-08-31
成何体统真人舞台剧,[西安]成何体统真人舞台剧,西安,陕西广电大剧院,2026.11.15 19:30,,预售中,爬虫采集,https://www.piaoniu.com/activity/783913,2026-08-31
张杰1982开往「未,[杭州]张杰1982开往「未·LIVE」巡回演唱会,杭州,,2026.09.11-09.13 杭州奥体中心主体育场,,预售中,爬虫采集,https://www.piaoniu.com/activity/776639,2026-08-31
孙燕姿,[杭州]孙燕姿《就在日落以后》巡回演唱会,杭州,,2026.10.09/10.11 杭州奥体中心主体育场,,预售中,爬虫采集,https://www.piaoniu.com/activity/754025,2026-08-31
,[杭州]【早鸟9折】天津人艺曹禺经典话剧《雷雨》,杭州,,2026.12.04-12.05 杭州东坡大剧院,,待定,爬虫采集,https://www.piaoniu.com/activity/781942,2026-08-31
大型历史话剧 传承特别场,[上海]大型历史话剧《商鞅》传承特别场,上海,上海话剧艺术中心-艺术剧院,2026.09.13 -,,待定,爬虫采集,https://www.piaoniu.com/activity/783316,2026-08-31
国际戏剧季：中国国家话剧院经典话剧,[北京]2026国际戏剧季：中国国家话剧院经典话剧《死无葬身之地》,北京,,2026.09.03-09.06 国家大剧院-戏剧场,,预售中,爬虫采集,https://www.piaoniu.com/activity/781143,2026-08-31
话剧,[北京]话剧《我们成为的她》,北京,,2026.09.04-09.06 天桥艺术中心-大剧场,,待定,爬虫采集,https://www.piaoniu.com/activity/779671,2026-08-31
老舍经典话剧&mdash; 升级版,[南京]老舍经典话剧&mdash;《茶馆》升级版,南京,,2026.11.21周六19:30 南京文化艺术中心大剧院,,待定,爬虫采集,https://www.piaoniu.com/activity/778165,2026-08-31
话剧,[广州]话剧 《雷雨》,广州,19:30 红线女大剧院,2026.09.04 周五,,待定,爬虫采集,https://www.piaoniu.com/activity/780980,2026-08-31
,【深圳】话剧《雷雨》,,19:30 深圳保利剧院,2026.09.05 周六,,待定,爬虫采集,https://www.piaoniu.com/activity/781931,2026-08-31
纪念曹禺诞辰116周年曹禺经典巨作-话剧,[南京]纪念曹禺诞辰116周年曹禺经典巨作-话剧《雷雨》,南京,南京文化艺术中心大剧院,2026.11.28 19:30,,待定,爬虫采集,https://www.piaoniu.com/activity/778164,2026-08-31
沉浸式悬疑话剧｜高能烧脑｜实景戏剧|三年困局|惊天反转,[上海]《死亡真相》沉浸式悬疑话剧｜高能烧脑｜实景戏剧|三年困局|惊天反转,上海,半笑空间-人广二店,2026.08.04- 08.31,,待定,爬虫采集,https://www.piaoniu.com/activity/780355,2026-08-31
曹禺经典话剧,[扬州]曹禺经典话剧《雷雨》,扬州,19:30 扬州运河大剧院 歌剧厅,2026.09.05 周六,,待定,爬虫采集,https://www.piaoniu.com/activity/779311,2026-08-31
老舍经典话剧 专属版,[郑州]老舍经典话剧《骆驼祥子》专属版巡演,郑州,河南省人民会堂,2026.11.08 19:30,,预售中,爬虫采集,https://www.piaoniu.com/activity/776562,2026-08-31
喜剧之王单口季卡司 | 于渤&How双拼秀 ·西安站 | 喜欢脱口秀 | 合生汇,[西安]喜剧之王单口季卡司 | 于渤&How双拼秀《烙铁人》·西安站 | 喜欢脱口秀 | 合生汇四楼,西安,喜欢脱口秀剧场,2026.09.13 16:30,,预售中,爬虫采集,https://www.piaoniu.com/activity/784492,2026-08-31
全男班现代舞秀 佛山站,[佛山]全男班现代舞秀《无名之辈》佛山站,佛山,,2026.09.12-09.13 佛山市南海影剧院,,待定,爬虫采集,https://www.piaoniu.com/activity/781615,2026-08-31
王栎鑫 不管三七二十一 生日会,[佛山]王栎鑫2026 不管三七二十一 生日会,佛山,佛山国际体育文化演艺中心,2026.09.19 19:00,,预售中,爬虫采集,https://www.piaoniu.com/activity/782279,2026-08-31
朱正廷/颜人中/姚琛/张星特/丁世广/赵让,[佛山][朱正廷/颜人中/姚琛/张星特/丁世广/赵让]7时代·音乐现场-佛山站,佛山,南海体育中心体育场,2026.09.27 17:30,,预售中,爬虫采集,https://www.piaoniu.com/activity/784305,2026-08-31
step.jad依加,[佛山]step.jad依加「NIGHTSTEP夜奔·超感世界」Livehouse巡演,佛山,佛山ALSO LIVE,2026.09.27 19:30,,待定,爬虫采集,https://www.piaoniu.com/activity/783747,2026-08-31
曹禺经典话剧,[佛山]曹禺经典话剧《雷雨》,佛山,19:30 佛山大剧院-大剧场,2026.09.06 周日,,待定,爬虫采集,https://www.piaoniu.com/activity/782981,2026-08-31
,[佛山]《来自三伯爵的请柬》2026音乐会,佛山,佛山琼花大剧院,2026.09.05 19:30,,预售中,爬虫采集,https://www.piaoniu.com/activity/778717,2026-08-31
毕聪钢琴独奏,[佛山]毕聪钢琴独奏音乐会,佛山,19:30 佛山大剧院-大剧场,2026.09.05 周六,,待定,爬虫采集,https://www.piaoniu.com/activity/784171,2026-08-31
琼花）音乐剧 中文版,[佛山]（琼花）音乐剧《阴天》中文版,佛山,,2026.11.07-11.08 佛山琼花大剧院,,待定,爬虫采集,https://www.piaoniu.com/activity/782455,2026-08-31
琼花）周莉亚x韩真·文华大奖舞剧,[佛山]（琼花）周莉亚x韩真·文华大奖舞剧《沙湾往事》,佛山,14:30 佛山琼花大剧院,2026.10.18 周日,,待定,爬虫采集,https://www.piaoniu.com/activity/782460,2026-08-31
理查德·克莱德曼钢琴,[佛山]《爱·永恒》理查德·克莱德曼钢琴音乐会,佛山,20:00 岭南明珠体育馆（训练馆）,2026.12.05 周六,,待定,爬虫采集,https://www.piaoniu.com/activity/782357,2026-08-31
新海诚动漫作品钢琴,[苏州]《你的名字-天气之子》新海诚动漫作品钢琴音乐会,苏州,19:00 苏州第二工人文化宫聚橙剧院,2026.10.17 周六,,待定,爬虫采集,https://www.piaoniu.com/activity/782484,2026-08-31
台偶OST 宝岛季偶像剧主题曲沉浸式,[北京]台偶OST《恶作剧之吻》《流星花园》《我们的纪念》宝岛季偶像剧主题曲沉浸式演唱会,北京,,2026.09.03-09.17 三里屯·爱乐汇艺术空间·时空剧场,,预售中,爬虫采集,https://www.piaoniu.com/activity/779279,2026-08-31
孟京辉导演,[北京]孟京辉导演 《时时刻刻》,北京,,2026.09.03-09.06 北京蜂巢剧场,,预售中,爬虫采集,https://www.piaoniu.com/activity/780359,2026-08-31
孟京辉戏剧作品,[北京]孟京辉戏剧作品《蝴蝶变形记》,北京,北京蜂巢剧场,2026.09.11 -,,预售中,爬虫采集,https://www.piaoniu.com/activity/784202,2026-08-31
孟京辉戏剧作品,[北京]孟京辉戏剧作品《一个无政府主义者的意外死亡》,北京,北京蜂巢剧场,2026.09.17 -,,预售中,爬虫采集,https://www.piaoniu.com/activity/784061,2026-08-31
孟京辉导演,[北京]孟京辉导演《等待戈多》,北京,北京蜂巢剧场,2026.11.12 -,,预售中,爬虫采集,https://www.piaoniu.com/activity/784215,2026-08-31
孟京辉戏剧作品,[北京]孟京辉戏剧作品《狐狸天使》,北京,北京蜂巢剧场,2026.09.25 -,,预售中,爬虫采集,https://www.piaoniu.com/activity/784200,2026-08-31
孟京辉经典戏剧作品,[北京]孟京辉经典戏剧作品《恋爱的犀牛》,北京,北京蜂巢剧场,2026.10.09 -,,预售中,爬虫采集,https://www.piaoniu.com/activity/784201,2026-08-31
爱·永恒&mdash;理查德·克莱德曼 新年钢琴,[兰州]爱·永恒&mdash;理查德·克莱德曼2027新年钢琴音乐会兰州站,兰州,19:30 甘肃大剧院-大剧场,2026.12.17 周四,,待定,爬虫采集,https://www.piaoniu.com/activity/782368,2026-08-31
东映原版动漫舞台剧,[兰州]东映原版动漫舞台剧《屁屁老爹&屁屁侦探&mdash;伟大的联手》,兰州,甘肃大剧院,2026.09.13 16:30,,预售中,爬虫采集,https://www.piaoniu.com/activity/779454,2026-08-31
,[深圳]【粤语专场】江梓浩栋笃笑《廣東佬梓浩》｜快乐共暖@深圳,深圳,19:30 深圳戏院,2026.09.26 周六,,预售中,爬虫采集,https://www.piaoniu.com/activity/784672,2026-08-31
,[广州]【粤语专场】江梓浩栋笃笑《廣東佬梓浩》｜快乐共暖@广州,广州,,2026.08.29-10.03 广州正佳大剧院,,待定,爬虫采集,https://www.piaoniu.com/activity/783007,2026-08-31
最后的莫西干人---亚历桑德罗 印第安音乐品鉴会,最后的莫西干人---亚历桑德罗 印第安音乐品鉴会,,19:30 甘肃黄河剧院,2026.12.06 周日,,待定,爬虫采集,https://www.piaoniu.com/activity/779808,2026-08-31
江西文演·陆川导演作品舞剧 （免费接驳车,[上海]江西文演·陆川导演作品舞剧《天工开物》（免费接驳车）,上海,九棵树未来艺术中心-大剧场,2026.09.25 -,,预售中,爬虫采集,https://www.piaoniu.com/activity/778332,2026-08-31
刚好光遇岛-郝熠然生日,[曼谷]刚好光遇岛-郝熠然生日演唱会,曼谷,BITEC HALL98-99,2026.09.05 19:00,,预售中,爬虫采集,https://www.piaoniu.com/activity/784129,2026-08-31
赵雷 年没有信号北京鸟巢,[北京]赵雷2026年没有信号北京鸟巢演唱会,北京,,2026.09.12-09.13 鸟巢（国家体育场）,,待定,爬虫采集,https://www.piaoniu.com/activity/778547,2026-08-31
9月9日 互动,[南昌]9月9日《一条名叫爱情的狗》互动专场-南昌站(二狗个人专场)|约会推荐|破圈社交,南昌,19:30 南昌保利大剧院,2026.09.09 周三,,待定,爬虫采集,https://www.piaoniu.com/activity/784719,2026-08-31
话剧,[南昌]话剧《平凡的世界》,南昌,南昌保利大剧院,2026.10.14 19:30,,预售中,爬虫采集,https://www.piaoniu.com/activity/781599,2026-08-31
话剧 倪大红、史可、茅子俊领衔主演,[南昌]话剧《萃锦园》倪大红、史可、茅子俊领衔主演,南昌,南昌保利大剧院,2026.09.19 -,,预售中,爬虫采集,https://www.piaoniu.com/activity/781593,2026-08-31
音乐剧,[南昌]音乐剧《蝶变》,南昌,,2026.11.13-11.14 江西艺术中心大剧院,,待定,爬虫采集,https://www.piaoniu.com/activity/781633,2026-08-31
鲁迅原著改编话剧,[南昌]鲁迅原著改编话剧《呐喊1911》,南昌,江西艺术中心,2026.09.19 -,,预售中,爬虫采集,https://www.piaoniu.com/activity/781598,2026-08-31
老舍经典话剧,[南昌]老舍经典话剧《骆驼祥子》,南昌,江西艺术中心,2026.11.27 -,,预售中,爬虫采集,https://www.piaoniu.com/activity/781607,2026-08-31
SLAVA&rsquo; S SNOW SHOW-斯拉法的下雪秀,[北京]SLAVA&rsquo; S SNOW SHOW-斯拉法的下雪秀,北京,,2026.10.14-10.18 二七剧场,,预售中,爬虫采集,https://www.piaoniu.com/activity/778915,2026-08-31
爱·永恒&mdash;理查德·克莱德曼 新年钢琴,[青岛]爱·永恒&mdash;理查德·克莱德曼2027新年钢琴音乐会青岛站,青岛,青岛大剧院歌剧厅,2026.12.27 19:30,,待定,爬虫采集,https://www.piaoniu.com/activity/780917,2026-08-31
李怡然同学,[青岛]「怡然の帽泡time」李怡然同学2026巡演 青岛站,青岛,Downtown Live,2026.11.20 20:00,,预售中,爬虫采集,https://www.piaoniu.com/activity/784487,2026-08-31
沉浸式互动悬疑话剧,[南京]沉浸式互动悬疑话剧《宋美龄耳环丢了》,南京,,2026.09.04-09.06 雨花剧院沉浸式剧场2F,,待定,爬虫采集,https://www.piaoniu.com/activity/782625,2026-08-31
郭富城 ICONIC世界,[郑州]郭富城2026ICONIC世界巡回演唱会,郑州,郑州奥林匹克体育中心-洋河·梦之蓝体育馆,2026.10.03 19:00,,预售中,爬虫采集,https://www.piaoniu.com/activity/782871,2026-08-31
张杰,[郑州][代拍费]张杰演唱会郑州站,郑州,,演出筹备中，时间待定 场馆待定,,预售中,爬虫采集,https://www.piaoniu.com/activity/720420,2026-08-31
邹沛沛,[郑州]2026邹沛沛「Iridis」巡回演唱会,郑州,郑州7LIVEHOUSE+,2026.09.05 19:00,,预售中,爬虫采集,https://www.piaoniu.com/activity/783535,2026-08-31
梓渝,[郑州][代拍费]梓渝2026演唱会,郑州,郑州奥林匹克体育中心 洋河·梦之蓝体育馆,2026.12.31 19:00,,预售中,爬虫采集,https://www.piaoniu.com/activity/772067,2026-08-31
孙燕姿 世界,[郑州][代拍费]孙燕姿《就在日落以后》 世界巡回演唱会,郑州,,演出筹备中，时间待定 场馆待定,,待定,爬虫采集,https://www.piaoniu.com/activity/580416,2026-08-31
布瑞吉 77%,[郑州]布瑞吉202677%巡演,郑州,郑州大剧院 橙空间,2026.09.04 20:00,,预售中,爬虫采集,https://www.piaoniu.com/activity/781782,2026-08-31
年ACC亚洲挑战者杯 篮球锦标赛,[郑州]2026年ACC亚洲挑战者杯 篮球锦标赛,郑州,郑州体育馆,2026.09.11 -,,预售中,爬虫采集,https://www.piaoniu.com/activity/783096,2026-08-31
暗杠 走歌人 专辑,[郑州]暗杠「太阳·月亮·草地」走歌人2026专辑巡唱,郑州,郑州7LIVEHOUSE+,2026.11.15 20:00,,预售中,爬虫采集,https://www.piaoniu.com/activity/784329,2026-08-31
爱·永恒&mdash;理查德·克莱德曼 新年钢琴,[郑州]爱·永恒&mdash;理查德·克莱德曼2027新年钢琴音乐会郑州站,郑州,河南省人民会堂,2026.12.19 19:30,,预售中,爬虫采集,https://www.piaoniu.com/activity/779294,2026-08-31
谭维维 风起八方,[郑州]谭维维《声声世世》风起八方巡演,郑州,河南艺术中心-大剧院,2026.09.27 19:30,,待定,爬虫采集,https://www.piaoniu.com/activity/782695,2026-08-31
,[杭州]【杭州宠物展】【拍照&bull;游戏&bull;社交&bull;沉浸式撸宠与小动物互动】2026宠物博览会&mdash;杭州站,杭州,,全程消费保障，买得放心,,待定,爬虫采集,https://www.piaoniu.com/activity/783739,2026-08-31
重温经典&mdash;四大名著 交响,[北京]重温经典&mdash;四大名著《红楼梦》《西游记》《三国演义》《水浒传》交响演唱会,北京,国图艺术中心,2026.10.02 19:30,,预售中,爬虫采集,https://www.piaoniu.com/activity/784039,2026-08-31
脱友人气选手步惊云脱口秀,[贵阳]脱友人气选手步惊云脱口秀专场《母老虎》｜三好姐妹@贵阳,贵阳,19:30 贵州饭店国际会议中心,2026.11.07 周六,,待定,爬虫采集,https://www.piaoniu.com/activity/784340,2026-08-31
,[杭州]【早鸟7折】奇幻动漫舞台剧《奇妙萌可之魔法歌舞节》,杭州,10:30 杭州东坡大剧院,2026.09.05 周六,,待定,爬虫采集,https://www.piaoniu.com/activity/781940,2026-08-31
奇幻动漫舞台剧,[北京]奇幻动漫舞台剧《奇妙萌可之魔法歌舞节》,北京,北京未来剧院,2026.10.11 10:30,,待定,爬虫采集,https://www.piaoniu.com/activity/783212,2026-08-31
,【深圳】卡农·世界经典名曲·大型交响音乐会 深圳,,20:00 深圳海雅大剧院,2026.11.28 周六,,待定,爬虫采集,https://www.piaoniu.com/activity/782925,2026-08-31
步惊云脱口秀,[深圳]步惊云脱口秀专场《母老虎》｜三好姐妹@深圳,深圳,19:30 深圳大剧院大剧场,2026.09.25 周五,,待定,爬虫采集,https://www.piaoniu.com/activity/780770,2026-08-31
中秋·花好月圆 国乐盛典,[深圳]中秋·花好月圆 国乐盛典音乐会 深圳,深圳,深圳海雅大剧院,2026.09.25 周五,,待定,爬虫采集,https://www.piaoniu.com/activity/782953,2026-08-31
爵士上海 袁娅维TIA RAY SOUL-CIETY,[上海]2026爵士上海 袁娅维TIA RAY SOUL-CIETY专场音乐会,上海,交通银行前滩31演艺中心 · 大剧场,2026.10.31 -,,待定,爬虫采集,https://www.piaoniu.com/activity/783977,2026-08-31
声满庭芳金霏曦比 北京中秋相声,[北京]声满庭芳金霏曦比 北京中秋相声专场,北京,北京世纪剧院,2026.09.26 19:30,,预售中,爬虫采集,https://www.piaoniu.com/activity/776604,2026-08-31
原创古装淮剧,[上海]原创古装淮剧《满庭芳》,上海,上海宛平剧院-大剧场,2026.09.04 19:15,,预售中,爬虫采集,https://www.piaoniu.com/activity/783044,2026-08-31
话剧,[上海]话剧《红玫瑰与白玫瑰》,上海,久事·上海商城剧院,2026.09.12 19:30,,待定,爬虫采集,https://www.piaoniu.com/activity/783958,2026-08-31
,[上海][奇妙嘿夜]烛光音乐会爱乐之城&权力的游戏双主题钢琴&小提琴&大提琴,上海,,2026.08.19-09.13 青春无限音乐厅-上海广场店,,待定,爬虫采集,https://www.piaoniu.com/activity/783809,2026-08-31
,[北京]【交响乐+演唱】百老汇与伦敦西区剧院魅影·悲惨世界·猫经典音乐剧&世界名曲交响音乐会,北京,五棵松·爱乐汇艺术空间·都市剧场,2026.10.18 19:30,,预售中,爬虫采集,https://www.piaoniu.com/activity/782758,2026-08-31
H+美术馆 | 心游万象·无垠&徐震：文明漂移-一种组装技术,[苏州]H+美术馆 | 心游万象·无垠&徐震：文明漂移-一种组装技术,苏州,H+美术馆,2026.11.28 -,,待定,爬虫采集,https://www.piaoniu.com/activity/783808,2026-08-31
,[北京]【完整的感动篇章x20首精选曲目】《天空之城》《菊次郎的夏天》久石让&宫崎骏经典视听音乐会,北京,,2026.08.22-09.19 三里屯·爱乐汇艺术空间-城市演奏厅,,待定,爬虫采集,https://www.piaoniu.com/activity/781530,2026-08-31
东映原版动漫舞台剧,[广州]东映原版动漫舞台剧《屁屁老爹&屁屁侦探&mdash;&mdash;伟大的联手》,广州,广州友谊剧院,2026.09.06 周日,,待定,爬虫采集,https://www.piaoniu.com/activity/780981,2026-08-31
东映原版动漫舞台剧,[西安]东映原版动漫舞台剧《屁屁老爹&屁屁侦探&mdash;&mdash;伟大的联手》,西安,,2026.09.12 陕西广电大剧院,,预售中,爬虫采集,https://www.piaoniu.com/activity/779377,2026-08-31
经典名曲浪漫烛光钢琴,[西安]《坂本龙一&久石让》经典名曲浪漫烛光钢琴音乐会,西安,,2026.08.19-09.19 西安话剧院(新城剧场),,预售中,爬虫采集,https://www.piaoniu.com/activity/782748,2026-08-31
东映原版动漫舞台剧,[杭州]东映原版动漫舞台剧《屁屁老爹&屁屁侦探&mdash;&mdash;伟大的联手》,杭州,杭州运河大剧院·歌剧厅,2026.10.17 周六,,待定,爬虫采集,https://www.piaoniu.com/activity/781884,2026-08-31
东映原版动漫舞台剧,[北京]东映原版动漫舞台剧《屁屁老爹&屁屁侦探&mdash;&mdash;伟大的联手》,北京,,2026.09.25-09.26 北京未来剧院,,预售中,爬虫采集,https://www.piaoniu.com/activity/783102,2026-08-31
皓月英雄&mdash;&mdash;梁皓一&中国电影乐团电影交响,[北京]皓月英雄&mdash;&mdash;梁皓一&中国电影乐团电影交响音乐会,北京,北京保利剧院,2026.09.25 19:30,,预售中,爬虫采集,https://www.piaoniu.com/activity/779920,2026-08-31
跨越200年的时空对话-肖邦&李斯特钢琴之约,[上海]跨越200年的时空对话-肖邦&李斯特钢琴之约,上海,上海长滩音乐厅,2026.09.13 14:00,,待定,爬虫采集,https://www.piaoniu.com/activity/780512,2026-08-31
,[北京]【暑期必看】交响版《天空之城》《龙猫》久石让&宫崎骏经典动漫交响音乐会｜闺蜜出行·拍照打卡·亲子必看,北京,,2026.08.02-09.27 五棵松·爱乐汇艺术空间·都市音乐厅,,待定,爬虫采集,https://www.piaoniu.com/activity/776611,2026-08-31
天空之城·宫崎骏&久石让动漫作品大型交响,[深圳]天空之城·宫崎骏&久石让动漫作品大型交响音乐会 深圳,深圳,20:00 宝安海雅大剧院,2026.10.31 周六,,待定,爬虫采集,https://www.piaoniu.com/activity/782954,2026-08-31
东映原版动漫舞台剧,[北京]东映原版动漫舞台剧《屁屁老爹&屁屁侦探&mdash;&mdash;伟大的联手》,北京,北京剧院,2026.09.19 10:30,,预售中,爬虫采集,https://www.piaoniu.com/activity/781008,2026-08-31
东映原版动漫舞台剧,[深圳]东映原版动漫舞台剧《屁屁侦探&屁屁老爹--伟大的联手》,深圳,10:30 深圳保利剧院,2026.09.05 周六,,待定,爬虫采集,https://www.piaoniu.com/activity/781774,2026-08-31
交响版 & -东方经典协奏曲交响,[北京]交响版《梁祝》&《黄河》-东方经典协奏曲交响音乐会,北京,,2026.07.31-09.26 五棵松·爱乐汇艺术空间·都市音乐厅,,预售中,爬虫采集,https://www.piaoniu.com/activity/779932,2026-08-31
弗兰克·怀德霍恩和他的朋友们,[上海]弗兰克·怀德霍恩和他的朋友们音乐会 Frank Wildhorn & Friends Gala Concert,上海,· 大剧场,2026.11.20-11.21 交通银行前滩31演艺中心,,待定,爬虫采集,https://www.piaoniu.com/activity/779951,2026-08-31
非常林奕华&当然有戏制作 音乐剧 2.0,[上海]非常林奕华&当然有戏制作 音乐剧《有一天我和祝英台去美术馆》2.0,上海,YOUNG剧场·主剧场,2026.09.24 -,,待定,爬虫采集,https://www.piaoniu.com/activity/783197,2026-08-31
9月13日· 黑灯单口喜剧,[无锡]9月13日·《先上车》黑灯单口喜剧专场@无锡站,无锡,19:30 无锡市人民大会堂,2026.09.13 周日,,待定,爬虫采集,https://www.piaoniu.com/activity/783475,2026-08-31
step.jad依加 保利剧院,[无锡]step.jad依加《Nightstep夜奔·巡城礼》2026保利剧院巡演（无锡站）,无锡,19:30 无锡大剧院 歌剧厅,2026.10.10 周六,,待定,爬虫采集,https://www.piaoniu.com/activity/783798,2026-08-31
邱瑞脱口秀,[无锡]邱瑞脱口秀专场《泡沫之下》| 快乐共暖@无锡,无锡,19:30 无锡市人民大会堂,2026.10.02 周五,,待定,爬虫采集,https://www.piaoniu.com/activity/783833,2026-08-31
爱·永恒&mdash;理查德·克莱德曼 新年钢琴,[无锡]爱·永恒&mdash;理查德·克莱德曼2027新年钢琴音乐会无锡站,无锡,19:30 无锡大剧院 歌剧厅,2026.12.20 周日,,待定,爬虫采集,https://www.piaoniu.com/activity/782499,2026-08-31
舞剧 （无锡站,[无锡]舞剧《永不消逝的电波》（无锡站）,无锡,歌剧厅,2026.11.21-11.22 无锡大剧院,,待定,爬虫采集,https://www.piaoniu.com/activity/783613,2026-08-31
舞剧 （无锡站,[无锡]舞剧《永乐未央》（无锡站）,无锡,歌剧厅,2026.10.16-10.17 无锡大剧院,,待定,爬虫采集,https://www.piaoniu.com/activity/783618,2026-08-31
无锡·第十五届蛋黄酥国漫游戏展,[无锡]无锡·第十五届蛋黄酥国漫游戏展,无锡,,2026.10.02-10.03 无锡太湖国际博览中心,,待定,爬虫采集,https://www.piaoniu.com/activity/783984,2026-08-31
享誉世界的男高音歌唱家-王亢独唱,[无锡]享誉世界的男高音歌唱家-王亢独唱音乐会,无锡,无锡交响音乐厅,2026.10.01 19:30,,待定,爬虫采集,https://www.piaoniu.com/activity/781307,2026-08-31
西班牙蜻蜓乐团 心情,[无锡]西班牙蜻蜓乐团 心情音乐会,无锡,19:30 无锡交响音乐厅,2026.09.12 周六,,待定,爬虫采集,https://www.piaoniu.com/activity/783678,2026-08-31
阿尔卑斯的召唤音乐女神拉菲拉·葛罗梅斯大提琴独奏,[无锡]阿尔卑斯的召唤音乐女神拉菲拉·葛罗梅斯大提琴独奏音乐会,无锡,无锡交响音乐厅,2026.09.04 19:30,,待定,爬虫采集,https://www.piaoniu.com/activity/781288,2026-08-31
mdash;&mdash;一段向内行走的音乐书写- 贝多芬晚期钢琴作品,[无锡]《叙事者·孙榆桐》&mdash;&mdash;一段向内行走的音乐书写-2026贝多芬晚期钢琴作品巡演,无锡,无锡交响音乐厅,2026.09.27 19:30,,预售中,爬虫采集,https://www.piaoniu.com/activity/781297,2026-08-31
童漠男脱口秀,[无锡]童漠男脱口秀专场《寻找王医生·北下关特别版》丨笑果出品@无锡,无锡,歌剧厅,2026.09.11-09.12 无锡大剧院,,待定,爬虫采集,https://www.piaoniu.com/activity/782216,2026-08-31
,[无锡]【江阴】曹禺经典话剧《雷雨》,无锡,19:30 江阴大剧院,2026.09.04 周五,,待定,爬虫采集,https://www.piaoniu.com/activity/779322,2026-08-31
我和我的祖国- 红色经典交响演唱,[上海]我和我的祖国-2026红色经典交响演唱音乐会,上海,东方艺术中心-音乐厅,2026.10.01 19:30,,待定,爬虫采集,https://www.piaoniu.com/activity/783684,2026-08-31
张月 生日会,[北京]张月2026生日会,北京,,2026.09.13 北京LIVERSE音宇宙艺术中心,,预售中,爬虫采集,https://www.piaoniu.com/activity/783900,2026-08-31
音乐剧 中文版,[衢州]音乐剧《粉丝来信》中文版,衢州,衢州保利大剧院大剧场,2026.09.05 -,,预售中,爬虫采集,https://www.piaoniu.com/activity/781468,2026-08-31
正版国漫首部2.5次元真人舞台剧 粉丝剧 天津站,[天津]正版国漫首部2.5次元真人舞台剧《一人之下》粉丝剧 天津站,天津,天津滨湖剧院,2026.09.13 14:30,,预售中,爬虫采集,https://www.piaoniu.com/activity/780897,2026-08-31
STAYC 粉丝,[中国台北] STAYC2026粉丝演唱会巡回[STAY CLOSER],中国台北,TICC台北国际会议中心,2026.10.11 17:00,,预售中,爬虫采集,https://www.piaoniu.com/activity/783442,2026-08-31
舞剧,[上海]舞剧《小刀会》,上海,,2026.10.30-11.01 美琪大戏院,,待定,爬虫采集,https://www.piaoniu.com/activity/782726,2026-08-31
纯粹系列 孤弦之歌无伴奏小提琴的独白与狂想 黄滨小提琴独奏会,[广州]纯粹系列 孤弦之歌无伴奏小提琴的独白与狂想 黄滨小提琴独奏会,广州,19:30 广州大剧院实验剧场,2026.10.17 周六,,待定,爬虫采集,https://www.piaoniu.com/activity/784179,2026-08-31
会跑的实景演艺 秀,[西安]会跑的实景演艺《驼铃传奇》秀,西安,,2026.08.28-09.04 西安华夏文旅大剧院,,预售中,爬虫采集,https://www.piaoniu.com/activity/783677,2026-08-31
当代国际戏剧节暨剧荟北京艺术季 · 婺剧,[北京]2026当代国际戏剧节暨剧荟北京艺术季 · 婺剧《三打白骨精》,北京,北京,2026.09.04-09.05 中央歌剧院,,预售中,爬虫采集,https://www.piaoniu.com/activity/784313,2026-08-31
德国大嘴突击队 Creation (Pictures for Dorian) 秋,[上海]德国大嘴突击队《创作（道林·格雷的画像）》Creation (Pictures for Dorian) 2026秋是国际戏剧季Autumn IS,上海,YOUNG剧场·主剧场,2026.10.30 -,,待定,爬虫采集,https://www.piaoniu.com/activity/784088,2026-08-31
9月11日·严值高 单口喜剧,[大庆]9月11日·严值高《握手严和》单口喜剧专场-大庆站,大庆,19:30 大庆歌剧院,2026.09.11 周五,,待定,爬虫采集,https://www.piaoniu.com/activity/784174,2026-08-31
黑匣子手偶剧,[上海]黑匣子手偶剧《莎多佐》,上海,,2026.10.18 仙乐斯木偶BOX,,待定,爬虫采集,https://www.piaoniu.com/activity/783458,2026-08-31
9月25日·严值高 单口喜剧,[沧州]9月25日·严值高《握手严和》单口喜剧专场-沧州站,沧州,19:30 沧州大剧院,2026.09.25 周五,,待定,爬虫采集,https://www.piaoniu.com/activity/784176,2026-08-31
9月24日·严值高 单口喜剧,[天津]9月24日·严值高《握手严和》单口喜剧专场-天津站,天津,19:30 津湾大剧院,2026.09.24 周四,,待定,爬虫采集,https://www.piaoniu.com/activity/784181,2026-08-31
快乐管理猿拼盘演出,[北京]「付航」快乐管理猿拼盘演出,北京,,2026.08.18-10.04 中国木偶剧院-卡酷剧场,,待定,爬虫采集,https://www.piaoniu.com/activity/757301,2026-08-31
京味综艺演出,[北京]《四季北京·茶》京味综艺演出,北京,,2026.08.24-09.30 北京老舍茶馆,,待定,爬虫采集,https://www.piaoniu.com/activity/758402,2026-08-31
世界金奖级大型杂技演出 &mdash;&mdash;现代声光电与传统杂技的美学共,[北京]世界金奖级大型杂技演出《国韵传奇》&mdash;&mdash;现代声光电与传统杂技的美学共鸣,北京,,2026.08.12-09.12 朝阳剧场,,待定,爬虫采集,https://www.piaoniu.com/activity/772599,2026-08-31
三里屯X太古里-精品脱口秀《喜剧,[北京]三里屯X太古里-精品脱口秀《喜剧专场》|每天2点4点7:30演出｜王二狗+即兴喜剧互动秀｜大开心笑果,北京,,2026.08.07-08.31 爱笑喜剧三里屯店1号厅,,待定,爬虫采集,https://www.piaoniu.com/activity/775351,2026-08-31
魔术,[北京]2026魔术专场必看演出，新春遛娃-亲子限定，零距离近景魔术儿童剧,北京,,2026.08.25-09.13 新影联·东环影城(沉浸式3号厅),,预售中,爬虫采集,https://www.piaoniu.com/activity/784230,2026-08-31
沉浸式体验喜剧 互动表演|校服换装|校园教室|角色扮演开心剧场演出,[北京]沉浸式体验喜剧《青春学院》互动表演|校服换装|校园教室|角色扮演开心剧场演出,北京,,2026.08.25-09.30 雍和笑逗演艺街-B厅-新空间喜剧剧场,,待定,爬虫采集,https://www.piaoniu.com/activity/762410,2026-08-31
史依弘领衔主演京剧 - 国际戏剧季,[北京]史依弘领衔主演京剧《锁麟囊》《凤还巢》《醉打山门》《春闺梦》-2026国际戏剧季,北京,国家大剧院&mdash;&mdash;戏剧场,2026.10.23 -,,预售中,爬虫采集,https://www.piaoniu.com/activity/783377,2026-08-31
舞蹈诗剧 &mdash;&mdash;舞绘,[天津]舞蹈诗剧《只此青绿》&mdash;&mdash;舞绘《千里江山图》,天津,,2026.12.31-2027.01.01 天津大剧院-歌剧厅,,预售中,爬虫采集,https://www.piaoniu.com/activity/781555,2026-08-31
舞蹈诗剧 --舞绘,[西安]舞蹈诗剧《只此青绿》--舞绘《千里江山图》,西安,陕西大剧院歌剧厅,2026.12.18 -,,预售中,爬虫采集,https://www.piaoniu.com/activity/772772,2026-08-31
北京天桥艺术中心原创舞蹈诗剧,[西安]北京天桥艺术中心原创舞蹈诗剧《九歌》,西安,,2026.09.26-09.27 陕西大剧院-歌剧厅,,预售中,爬虫采集,https://www.piaoniu.com/activity/776665,2026-08-31
舞蹈诗剧 &mdash;&mdash;舞绘,[北京]舞蹈诗剧《只此青绿》&mdash;&mdash;舞绘《千里江山图》,北京,,2026.10.06-10.11 国家游泳中心-水立方,,预售中,爬虫采集,https://www.piaoniu.com/activity/784155,2026-08-31
舞蹈诗剧 &mdash;&mdash;舞绘千里江山图,[长沙]舞蹈诗剧《只此青绿》&mdash;&mdash;舞绘千里江山图,长沙,长沙梅溪湖国际文化艺术中心大剧院,2026.11.20 -,,预售中,爬虫采集,https://www.piaoniu.com/activity/777318,2026-08-31
舞蹈诗剧 --舞绘,[广州]舞蹈诗剧《只此青绿》--舞绘《千里江山图》,广州,广州白云国际会议中心世纪大会堂,2026.12.04 -,,预售中,爬虫采集,https://www.piaoniu.com/activity/783757,2026-08-31
世界舞蹈剧场 舞蹈诗剧 &mdash;&mdash;舞绘,[南京]2026世界舞蹈剧场 舞蹈诗剧《只此青绿》&mdash;&mdash;舞绘《千里江山图》,南京,,2026.09.24-09.26 江苏大剧院-歌剧厅,,待定,爬虫采集,https://www.piaoniu.com/activity/783580,2026-08-31
舞蹈诗剧 -舞绘,[深圳]舞蹈诗剧《只此青绿》-舞绘《千里江山图》,深圳,,2026.11.27-11.29 深圳滨海艺术中心-歌剧厅,,待定,爬虫采集,https://www.piaoniu.com/activity/782531,2026-08-31
,[上海][暑假特惠]舞蹈诗剧《只此青绿》-舞绘《千里江山图》,上海,交通银行前滩31演艺中心 · 大剧场,2026.10.22 -,,待定,爬虫采集,https://www.piaoniu.com/activity/778618,2026-08-31
乌镇、阿那亚剧场黑马佳作！多媒体舞蹈剧场,[上海]乌镇、阿那亚剧场黑马佳作！多媒体舞蹈剧场《指尖情愫》,上海,上海国际舞蹈中心大剧场,2026.09.12 -,,待定,爬虫采集,https://www.piaoniu.com/activity/781739,2026-08-31
无边线舞蹈季,[上海]2026无边线舞蹈季《百分百英雄》,上海,上海国际舞蹈中心-实验剧场,2026.09.11 -,,待定,爬虫采集,https://www.piaoniu.com/activity/781746,2026-08-31
全男班现代舞蹈秀,[深圳] 全男班现代舞蹈秀《无名之辈》,深圳,,2026.09.09-09.11 深圳蛇口风华大剧院,,待定,爬虫采集,https://www.piaoniu.com/activity/783320,2026-08-31
无边线舞蹈季,[上海]2026无边线舞蹈季《所有可能的身体AP91》,上海,上海国际舞蹈中心-实验剧场,2026.09.05 -,,待定,爬虫采集,https://www.piaoniu.com/activity/781743,2026-08-31
西班牙塞维利亚安东尼奥·安德拉德弗拉门戈舞蹈团 成都站,[卡门]西班牙塞维利亚安东尼奥·安德拉德弗拉门戈舞蹈团《卡门》成都站,卡门,19:30 成都城市音乐厅-歌剧厅,2026.09.27 周日,,待定,爬虫采集,https://www.piaoniu.com/activity/781138,2026-08-31
舞蹈剧场 -我舞·我在现代作品展演,[北京]舞蹈剧场《花园》-我舞·我在现代作品展演,北京,,2026.09.17-09.18 国家大剧院&mdash;&mdash;戏剧场,,预售中,爬虫采集,https://www.piaoniu.com/activity/783108,2026-08-31
安娜·特蕾莎/罗莎舞蹈团,[上海]安娜·特蕾莎&times;罗莎舞蹈团《步上云端》,上海,上海国际舞蹈中心大剧场,2026.10.17 -,,待定,爬虫采集,https://www.piaoniu.com/activity/784161,2026-08-31
大型音乐舞蹈史诗,[北京]大型音乐舞蹈史诗《长征颂歌》,北京,北京展览馆剧场,2026.10.02 19:30,,预售中,爬虫采集,https://www.piaoniu.com/activity/781536,2026-08-31
西班牙塞维利亚安东尼奥·安德拉德弗拉门戈舞蹈团 北京站,[北京]西班牙塞维利亚安东尼奥·安德拉德弗拉门戈舞蹈团《卡门》 北京站,北京,天桥剧场,2026.10.06 -,,预售中,爬虫采集,https://www.piaoniu.com/activity/783760,2026-08-31
安娜·特蕾莎/罗莎舞蹈团,[上海]安娜·特蕾莎&times;罗莎舞蹈团《罗莎舞罗莎》,上海,上海国际舞蹈中心大剧场,2026.10.21 -,,预售中,爬虫采集,https://www.piaoniu.com/activity/784163,2026-08-31
鲁迅原著改编话剧,[西安]鲁迅原著改编话剧《呐喊1911》,西安,,全程消费保障，买得放心,,待定,爬虫采集,https://www.piaoniu.com/activity/782058,2026-08-31
9月3日、9月6日 互动,[西安]9月3日、9月6日《一条名叫爱情的狗》互动专场-西安站(二狗个人专场)|约会推荐|破圈社交,西安,,2026.09.03-09.06 开元大剧院-大剧场,,预售中,爬虫采集,https://www.piaoniu.com/activity/784141,2026-08-31
9月22-23日 互动,[成都]9月22-23日《一条名叫爱情的狗》互动专场-成都站(二狗个人专场)|约会推荐|破圈社交,成都,,2026.09.22-09.23 成都国际剧院(龙湖滨江天街店),,预售中,爬虫采集,https://www.piaoniu.com/activity/784381,2026-08-31
话剧九人民国知识分子戏剧,[合肥]话剧九人民国知识分子戏剧《双枰记》,合肥,包河凤凰剧院,2026.10.10 -,,预售中,爬虫采集,https://www.piaoniu.com/activity/783871,2026-08-31
问月·九歌多媒体融合评弹新唱,[上海]问月·九歌多媒体融合评弹新唱,上海,美琪大戏院,2026.09.27 19:00,,待定,爬虫采集,https://www.piaoniu.com/activity/784298,2026-08-31
话剧九人十五周年演出月· Double Dual,[北京]话剧九人十五周年演出月·《双枰记》Double Dual,北京,,2026.09.19 二七剧场,,预售中,爬虫采集,https://www.piaoniu.com/activity/781557,2026-08-31
话剧九人十五周年演出月· Symmetry Breaking,[北京]话剧九人十五周年演出月·《对称性破缺》 Symmetry Breaking,北京,二七剧场,2026.09.12 19:30,,预售中,爬虫采集,https://www.piaoniu.com/activity/784532,2026-08-31
金润吉 特别场,[武汉]金润吉「金声之年」特别场,武汉,青山·沙丁音乐秀场,2026.09.12 19:00,,预售中,爬虫采集,https://www.piaoniu.com/activity/783001,2026-08-31
金世佳主演话剧,[北京]金世佳主演话剧《诗人之死》,北京,,2026.11.06-11.07 天桥艺术中心&mdash;&mdash;中剧场,,预售中,爬虫采集,https://www.piaoniu.com/activity/783233,2026-08-31
kid脱口秀,[天津]kid脱口秀专场《balance》｜快乐共暖出品@天津,天津,天津光华剧院大剧场,2026.09.19 19:30,,预售中,爬虫采集,https://www.piaoniu.com/activity/783489,2026-08-31
爱·永恒&mdash;&mdash;理查德·克莱德曼 新年钢琴,[天津]爱·永恒&mdash;&mdash;理查德·克莱德曼2027新年钢琴音乐会-天津站,天津,天津大剧院-歌剧厅,2026.12.24 19:30,,预售中,爬虫采集,https://www.piaoniu.com/activity/783645,2026-08-31
天津人民艺术剧院 经典话剧,[天津]天津人民艺术剧院 经典话剧《雷雨》,天津,,2026.09.30-10.03 天津大剧院-歌剧厅,,预售中,爬虫采集,https://www.piaoniu.com/activity/781096,2026-08-31
舞剧,[天津]舞剧《咏春》,天津,,2026.09.25-09.26 天津大剧院-歌剧厅,,预售中,爬虫采集,https://www.piaoniu.com/activity/781094,2026-08-31
俄罗斯芭蕾国家剧院芭蕾舞,[天津]俄罗斯芭蕾国家剧院芭蕾舞《天鹅湖》2026巡演天津站,天津,津湾大剧院,2026.09.29 19:30,,预售中,爬虫采集,https://www.piaoniu.com/activity/777305,2026-08-31
喜剧 南京大学戏剧学科百年纪念版,[北京]喜剧《蒋公的面子》南京大学戏剧学科百年纪念版,北京,,2026.10.16-10.18 天桥艺术中心-中剧场,,预售中,爬虫采集,https://www.piaoniu.com/activity/778532,2026-08-31
,[泰国曼谷][限时下单送周边]BIGBANG 2026-2027 WORLD TOUR &lt; XX : COSMOS &gt; IN BANGKOK,泰国曼谷,曼谷拉加曼加拉国家体育场,2026.11.07 19:00,,预售中,爬虫采集,https://www.piaoniu.com/activity/782500,2026-08-31
,[吉隆坡]BIGBANG 2026-2027 WORLD TOUR &lt; XX : COSMOS &gt; IN KUALA LUMPUR,吉隆坡,TM Stadium Nasional,2027.01.09 00:00,,预售中,爬虫采集,https://www.piaoniu.com/activity/784098,2026-08-31
,[巴黎]BIGBANG 2026-2027 WORLD TOUR &lt; XX : COSMOS &gt; IN PARIS,巴黎,Stade de France,2026.09.19 20:30,,预售中,爬虫采集,https://www.piaoniu.com/activity/783652,2026-08-31
,[东卢瑟福]BIGBANG 2026-2027 WORLD TOUR &lt; XX : COSMOS &gt; IN EAST RUTHERFORD,东卢瑟福,MetLife Stadium 大都会人寿体育场（纽约大都会球场）,2026.09.11 20:00,,预售中,爬虫采集,https://www.piaoniu.com/activity/783650,2026-08-31
,[伦敦]BIGBANG 2026-2027 WORLD TOUR &lt; XX : COSMOS &gt; IN LONDON,伦敦,Tottenham Hotspurs Stadium,2026.09.26 17:00,,预售中,爬虫采集,https://www.piaoniu.com/activity/783661,2026-08-31
BIGBANG 世界,[河内]BIGBANG 2026 世界巡演,河内,,2026.10.24-10.25 越南美亭国家体育场,,预售中,爬虫采集,https://www.piaoniu.com/activity/783335,2026-08-31
BIGBANG 世界,[悉尼]BIGBANG 2026 世界巡演,悉尼,澳大利亚雅高体育场,2026.10.31 17:00,,预售中,爬虫采集,https://www.piaoniu.com/activity/783333,2026-08-31
格哈特与薛颖佳演绎贝多芬丨上海交响乐团音乐季,[上海]格哈特与薛颖佳演绎贝多芬丨上海交响乐团音乐季,上海,捷豹上海交响音乐厅-主厅,2027.05.12 19:30,,待定,爬虫采集,https://www.piaoniu.com/activity/781678,2026-08-31
胡彦斌,[杭州][代拍费]胡彦斌巡回演唱会,杭州,场馆待定,2026.12.29 00:00,,预售中,爬虫采集,https://www.piaoniu.com/activity/773964,2026-08-31
胡维露、罗晨雪领衔主演 昆剧,[苏州]胡维露、罗晨雪领衔主演 昆剧《墙头马上》,苏州,苏州开明大戏院-大剧场,2026.09.25 19:30,,待定,爬虫采集,https://www.piaoniu.com/activity/778191,2026-08-31
泰嗨巅峰,[湖州]2026泰嗨巅峰音乐节,湖州,太湖9号公路·星聚场,2026.09.05 -,,待定,爬虫采集,https://www.piaoniu.com/activity/782373,2026-08-31
舞台剧 （上海话版,[上海]舞台剧《长恨歌》（上海话版）,上海,上海话剧艺术中心-艺术剧院,2026.12.04 -,,待定,爬虫采集,https://www.piaoniu.com/activity/779600,2026-08-31
陶喆/万能青年旅店/沙一汀,[成都][陶喆/万能青年旅店/沙一汀]2026葫芦果音乐节,成都,成都市非物质文化遗产博览园时空韵律草坪及西城事广场,2026.09.26 -,,预售中,爬虫采集,https://www.piaoniu.com/activity/783106,2026-08-31
百老汇原版音乐剧,[上海]百老汇原版音乐剧《长靴皇后》,上海,上海西岸大剧院-大剧场,2026.11.03 -,,待定,爬虫采集,https://www.piaoniu.com/activity/781155,2026-08-31
北方昆曲剧院 -昆曲 -第三届全国小剧场戏剧优秀剧目展演暨江南小剧场秋季演出季,[苏州]北方昆曲剧院 -昆曲《蝴蝶梦》-第三届全国小剧场戏剧优秀剧目展演暨江南小剧场秋季演出季,苏州,19:30 苏州文化艺术中心-大道喜剧院,2026.09.18 周五,,待定,爬虫采集,https://www.piaoniu.com/activity/784000,2026-08-31
第三届全国小剧场戏剧优秀剧目展演暨江南小剧场秋季演出季 郑州市戏剧艺术保护传承发,[苏州]第三届全国小剧场戏剧优秀剧目展演暨江南小剧场秋季演出季 郑州市戏剧艺术保护传承发展中心 豫剧《复活》,苏州,19:30 苏州湾大剧院-戏剧厅,2026.09.16 周三,,待定,爬虫采集,https://www.piaoniu.com/activity/783991,2026-08-31
Fotografiska影像艺术中心通票 | 全馆通票,[上海]Fotografiska影像艺术中心通票 | 全馆通票《滑板的艺术》《北京银矿：档案合辑》,上海,,2025.11.11-2026.12.31 Fotografiska影像艺术中心,,待定,爬虫采集,https://www.piaoniu.com/activity/784209,2026-08-31
武汉楚剧院-小剧场戏剧 -第三届全国小剧场戏剧优秀剧目展演暨江南小剧场秋季演出季,[苏州]武汉楚剧院-小剧场戏剧《药》-第三届全国小剧场戏剧优秀剧目展演暨江南小剧场秋季演出季,苏州,19:30 北部市民中心青橙剧场,2026.09.11 周五,,待定,爬虫采集,https://www.piaoniu.com/activity/783989,2026-08-31
海上雅乐·浙派古筝艺术,[上海]海上雅乐·浙派古筝艺术音乐会,上海,东方艺术中心-演奏厅,2026.09.12 19:45,,待定,爬虫采集,https://www.piaoniu.com/activity/780922,2026-08-31
北京人民艺术剧院话剧,[苏州]北京人民艺术剧院话剧《哈姆雷特》,苏州,,2026.11.06-11.08 苏州文化艺术中心-大剧院,,待定,爬虫采集,https://www.piaoniu.com/activity/783978,2026-08-31
兜好玩艺术剧团·超现实互动黑光木偶剧,[上海]兜好玩艺术剧团·超现实互动黑光木偶剧《海底两万里·深海之光》,上海,虹桥艺术中心,2026.07.18 -,,待定,爬虫采集,https://www.piaoniu.com/activity/779168,2026-08-31
陈粒 十周年,[临沂]陈粒「一粒」十周年巡回演唱会,临沂,临沂奥体公园体育馆,2026.10.24 19:00,,预售中,爬虫采集,https://www.piaoniu.com/activity/775266,2026-08-31
叶麒圣个人,[上海]「未命名」叶麒圣个人音乐会,上海,,2026.10.05-10.06 回响之地·前滩馆,,待定,爬虫采集,https://www.piaoniu.com/activity/782803,2026-08-31
大师之夜・浪漫主义的美与激情 叶甫根尼・米哈伊洛夫钢琴独奏新年,[上海]大师之夜・浪漫主义的美与激情 叶甫根尼・米哈伊洛夫钢琴独奏新年音乐会,上海,凯迪拉克·上海音乐厅-大厅,2026.12.19 19:30,,待定,爬虫采集,https://www.piaoniu.com/activity/771459,2026-08-31
大师之夜· 浪漫主义的美与激情 叶甫根尼·米哈伊洛夫钢琴独奏,[成都]大师之夜· 浪漫主义的美与激情 叶甫根尼·米哈伊洛夫钢琴独奏音乐会,成都,19:30 成都城市音乐厅-音乐厅,2026.12.11 周五,,待定,爬虫采集,https://www.piaoniu.com/activity/781194,2026-08-31
9月6日· 黑灯单口喜剧,[上海]9月6日·《先上车》黑灯单口喜剧专场@上海站,上海,九棵树未来艺术中心-大剧场,2026.09.06 19:30,,待定,爬虫采集,https://www.piaoniu.com/activity/782794,2026-08-31
曹禺经典话剧,[上海]曹禺经典话剧《雷雨》,上海,九棵树未来艺术中心-大剧场,2026.11.07 14:30,,待定,爬虫采集,https://www.piaoniu.com/activity/778330,2026-08-31
话剧九人民国知识分子系列作品 Double Dual,[广州]话剧九人民国知识分子系列作品《双枰记》Double Dual,广州,,2026.10.17-10.18 广东省友谊剧院,,待定,爬虫采集,https://www.piaoniu.com/activity/782335,2026-08-31
英式经典喜剧 （免费接驳车,[上海]英式经典喜剧《飞来横财》（免费接驳车）,上海,九棵树未来艺术中心-大剧场,2026.11.14 14:30,,待定,爬虫采集,https://www.piaoniu.com/activity/781115,2026-08-31
李诚儒、黄宏领衔全明星喜剧 10月首登美琪大戏院,[上海]李诚儒、黄宏领衔全明星喜剧《钦差大臣》10月首登美琪大戏院！,上海,美琪大戏院,2026.10.16 -,,待定,爬虫采集,https://www.piaoniu.com/activity/780307,2026-08-31
门腔沪语脱口秀,[上海]门腔沪语脱口秀专场《有出息》丨Standby出品@上海美琪大戏院,上海,,2026.08.28-09.20 美琪大戏院,,待定,爬虫采集,https://www.piaoniu.com/activity/770559,2026-08-31
邱瑞脱口秀,[上海]邱瑞脱口秀专场《泡沫之下》| 快乐共暖@上海,上海,,2026.09.12-09.13 美琪大戏院,,待定,爬虫采集,https://www.piaoniu.com/activity/783180,2026-08-31
大型经典滑稽戏,[上海]大型经典滑稽戏《七十二家房客》,上海,,2026.09.25-09.26 美琪大戏院,,待定,爬虫采集,https://www.piaoniu.com/activity/780566,2026-08-31
话剧,[上海]话剧《寻她芳踪-张爱玲》,上海,美琪大戏院,2026.09.18 19:30,,待定,爬虫采集,https://www.piaoniu.com/activity/782970,2026-08-31
舞剧,[上海]舞剧《嫦娥》,上海,美琪大戏院,2026.10.10 -,,待定,爬虫采集,https://www.piaoniu.com/activity/782973,2026-08-31
歌剧美影系列&mdash;内敛的浪漫&mdash;&mdash;弦乐家族的中音乐,[上海]歌剧美影系列&mdash;内敛的浪漫&mdash;&mdash;弦乐家族的中音乐器中提琴,上海,美琪大戏院-排练厅,2026.09.23 19:00,,待定,爬虫采集,https://www.piaoniu.com/activity/784301,2026-08-31
歌剧美影系列&mdash;聆听色彩&mdash;&mdash;绘画与音乐,[上海]歌剧美影系列&mdash;聆听色彩&mdash;&mdash;绘画与音乐,上海,美琪大戏院,2026.09.22 19:00,,待定,爬虫采集,https://www.piaoniu.com/activity/784303,2026-08-31
话剧,[上海]话剧《呐喊1911》,上海,美琪大戏院,2026.12.05 -,,待定,爬虫采集,https://www.piaoniu.com/activity/782972,2026-08-31
北京人民艺术剧院 话剧,[上海]北京人民艺术剧院 话剧《哈姆雷特》,上海,,2026.10.21-10.25 美琪大戏院,,待定,爬虫采集,https://www.piaoniu.com/activity/781657,2026-08-31
新 · 国风舞剧,[上海]新 · 国风舞剧《翎衣》,上海,美琪大戏院,2026.10.04 -,,待定,爬虫采集,https://www.piaoniu.com/activity/780920,2026-08-31
沪语话剧,[上海]沪语话剧《谢谢侬爱我》,上海,,2026.09.02-09.06 美琪大戏院,,待定,爬虫采集,https://www.piaoniu.com/activity/782172,2026-08-31
长安大戏院9月6日京剧,[北京]长安大戏院9月6日京剧《锁麟囊》,北京,长安大戏院,2026.09.06 19:30,,预售中,爬虫采集,https://www.piaoniu.com/activity/782549,2026-08-31
长安大戏院9月3日 京剧,[北京]长安大戏院9月3日 京剧《红鬃烈马》,北京,长安大戏院,2026.09.03 19:30,,预售中,爬虫采集,https://www.piaoniu.com/activity/782553,2026-08-31
长安大戏院9月4日京剧,[北京]长安大戏院9月4日京剧《大保国·探皇陵·二进宫》,北京,长安大戏院,2026.09.04 19:30,,预售中,爬虫采集,https://www.piaoniu.com/activity/782552,2026-08-31
长安大戏院9月5日京剧,[北京]长安大戏院9月5日京剧《四郎探母》,北京,长安大戏院,2026.09.05 19:30,,预售中,爬虫采集,https://www.piaoniu.com/activity/782550,2026-08-31
长安大戏院9月9日崔馨月个人京剧,[北京]长安大戏院9月9日崔馨月个人京剧专场《包龙图》（赤桑镇·遇皇后·打龙袍）,北京,长安大戏院,2026.09.09 19:30,,预售中,爬虫采集,https://www.piaoniu.com/activity/782546,2026-08-31
长安大戏院9月8日崔馨月个人京剧,[北京]长安大戏院9月8日崔馨月个人京剧专场《铡美案》《铡判官》,北京,长安大戏院,2026.09.08 19:30,,预售中,爬虫采集,https://www.piaoniu.com/activity/782547,2026-08-31
长安大戏院12月20日,[北京]长安大戏院12月20日《严凤英母团·女驸马 &mdash; 安庆黄梅 原味呈现》,北京,长安大戏院,2026.12.20 19:30,,预售中,爬虫采集,https://www.piaoniu.com/activity/782535,2026-08-31
长安大戏院12月19日,[北京]长安大戏院12月19日《严凤英母团·天仙配 &mdash; 安庆黄梅 原味呈现》,北京,长安大戏院,2026.12.19 19:30,,预售中,爬虫采集,https://www.piaoniu.com/activity/782537,2026-08-31
怡宝中国足球超级联赛武汉三镇足球俱乐部主场赛事,[武汉]2026怡宝中国足球超级联赛武汉三镇足球俱乐部主场赛事,武汉,,2026.03.08-10.24 武汉体育中心主体育场,,待定,爬虫采集,https://www.piaoniu.com/activity/771892,2026-08-31
黄屹/蒂博戴 法式璀璨浪漫夜,[广州]黄屹&times;蒂博戴 法式璀璨浪漫夜,广州,星海音乐厅·交响乐演奏大厅,2026.12.18 20:00,,预售中,爬虫采集,https://www.piaoniu.com/activity/784407,2026-08-31
新加坡交响乐团,[武汉]新加坡交响乐团音乐会,武汉,武汉琴台音乐厅,2026.10.15 19:30,,待定,爬虫采集,https://www.piaoniu.com/activity/783959,2026-08-31
新加坡华艺酝酿·剧场慢煮 Last Luncheon 秋是国际戏剧季Autumn,[上海]新加坡华艺酝酿·剧场慢煮 《最后的午餐肉》 Last Luncheon 2026秋是国际戏剧季Autumn IS,上海,YOUNG剧场·绿匣子,2026.11.06 -,,待定,爬虫采集,https://www.piaoniu.com/activity/784089,2026-08-31
吴曼妮仲凯古典吉他手风琴二重奏·成都站,[成都]吴曼妮仲凯古典吉他手风琴二重奏·成都站,成都,20:00 成都城市音乐厅·室内音乐厅,2026.09.13 周日,,待定,爬虫采集,https://www.piaoniu.com/activity/782966,2026-08-31
于布王 Ubu Roi,[上海]于布王 Ubu Roi,上海,茉莉花剧场,2026.12.16 -,,预售中,爬虫采集,https://www.piaoniu.com/activity/778966,2026-08-31
话剧,[深圳]话剧《农庄馆客人》,深圳,,2026.09.18-09.19 深圳滨海艺术中心-歌剧厅,,待定,爬虫采集,https://www.piaoniu.com/activity/782783,2026-08-31
江苏大剧院戏剧节&mdash;&mdash;北京人民艺术剧院话剧,[南京]2026江苏大剧院戏剧节&mdash;&mdash;北京人民艺术剧院话剧《哈姆雷特》,南京,,2026.10.30-11.01 江苏大剧院--戏剧厅,,待定,爬虫采集,https://www.piaoniu.com/activity/783981,2026-08-31
曹禺经典话剧,[合肥]曹禺经典话剧《雷雨》,合肥,安徽大剧院,2026.09.11 19:30,,待定,爬虫采集,https://www.piaoniu.com/activity/776107,2026-08-31
老舍经典话剧 专属版,[湖州]老舍经典话剧《茶馆》专属版,湖州,19:00 安吉大剧院,2026.09.13 周日,,待定,爬虫采集,https://www.piaoniu.com/activity/778059,2026-08-31
锐锐脱口秀,"[北京]锐锐脱口秀专场《爱,来不来2.0》｜快乐共暖@北京",北京,,2026.08.14-09.03 劲松电影院1号厅,,待定,爬虫采集,https://www.piaoniu.com/activity/781829,2026-08-31
锐锐脱口秀,"[上海]锐锐脱口秀专场《爱,来不来2.0》｜快乐共暖@上海",上海,白玉兰剧场,2026.08.19 -9.13,,待定,爬虫采集,https://www.piaoniu.com/activity/782792,2026-08-31
锐锐脱口秀,"[广州]锐锐脱口秀专场《爱,来不来2.0》｜快乐共暖@广州",广州,19:30 广州平安大戏院,2026.09.11 周五,,待定,爬虫采集,https://www.piaoniu.com/activity/784436,2026-08-31
锐锐脱口秀,"[深圳]锐锐脱口秀专场《爱,来不来2.0》快乐共暖@深圳",深圳,龙岗国际艺术中心--戏剧厅,2026.09.12 周六,,待定,爬虫采集,https://www.piaoniu.com/activity/783673,2026-08-31
丁一滕导演 张维伊、金靖主演 舞台剧,[北京]丁一滕导演 张维伊、金靖主演 舞台剧《看不见的客人》,北京,,2026.10.31-11.01 (通州区)北京艺术中心-戏剧场-国家大剧院分址,,预售中,爬虫采集,https://www.piaoniu.com/activity/783461,2026-08-31
锐锐脱口秀,"[杭州]锐锐脱口秀专场《爱,来不来2.0》｜快乐共暖@杭州",杭州,19:30 杭州演艺·红星剧院,2026.10.23 周五,,待定,爬虫采集,https://www.piaoniu.com/activity/782314,2026-08-31
廿念不忘青曲社苗阜王声合作20周年,[北京] 廿念不忘青曲社苗阜王声合作20周年巡演·北京站,北京,华侨城大剧院(北京),2026.10.24 19:30,,预售中,爬虫采集,https://www.piaoniu.com/activity/784277,2026-08-31
法国尤安·布尔热瓦艺术团,[上海]法国尤安·布尔热瓦艺术团《跌落方间 He Who Falls》,上海,上海国际舞蹈中心大剧场,2026.10.30 -,,待定,爬虫采集,https://www.piaoniu.com/activity/784159,2026-08-31
当代舞,[上海]当代舞《No.60》,上海,上海国际舞蹈中心大剧场,2026.09.05 -,,待定,爬虫采集,https://www.piaoniu.com/activity/781730,2026-08-31
舞剧,[上海]舞剧《天边的红云》,上海,上海国际舞蹈中心大剧场,2026.09.18 -,,待定,爬虫采集,https://www.piaoniu.com/activity/782883,2026-08-31
上海8小时耐力赛,[上海]2026上海8小时耐力赛,上海,上海国际赛车场（上汽国际赛车场）,2026.09.25 -,,预售中,爬虫采集,https://www.piaoniu.com/activity/783969,2026-08-31
CHINA GT中国超级跑车锦标赛,[上海]2026 CHINA GT中国超级跑车锦标赛,上海,上海国际赛车场（上汽国际赛车场）,2026.09.05 -,,待定,爬虫采集,https://www.piaoniu.com/activity/782668,2026-08-31
第二十五届中国上海国际艺术节参演剧目上海交响乐团纪念长征胜利90周年,[上海]第二十五届中国上海国际艺术节参演剧目上海交响乐团纪念长征胜利90周年音乐会,上海,捷豹上海交响音乐厅-主厅,2026.09.30 19:30,,待定,爬虫采集,https://www.piaoniu.com/activity/781439,2026-08-31
理查德·克莱德曼钢琴,[上海]《爱·永恒》理查德·克莱德曼钢琴音乐会-上海站,上海,国家会展中心（上海）虹馆EH,2027.01.01 19:30,,待定,爬虫采集,https://www.piaoniu.com/activity/782493,2026-08-31
德国斯图加特室内乐团 上海,[上海]德国斯图加特室内乐团2026上海音乐会,上海,东方艺术中心-音乐厅,2026.09.10 19:30,,待定,爬虫采集,https://www.piaoniu.com/activity/780758,2026-08-31
世界音乐传奇阿努什卡·香卡 上海,[上海]世界音乐传奇阿努什卡·香卡2026上海音乐会,上海,19:30 东方艺术中心-音乐厅,2026.10.16 周五,,待定,爬虫采集,https://www.piaoniu.com/activity/784011,2026-08-31
,[上海]【跨年专场】2027上海新年跨年音乐会·12月31日专场,上海,,2026.12.31 东方艺术中心-歌剧厅,,待定,爬虫采集,https://www.piaoniu.com/activity/784444,2026-08-31
上海民族乐团,[上海]《国乐咏中华》上海民族乐团音乐会,上海,临港演艺中心,2026.10.30 19:30,,待定,爬虫采集,https://www.piaoniu.com/activity/784654,2026-08-31
国际戏剧季：王珮瑜领衔主演 京剧 (文昭关-刺王僚)／京剧,[北京]2026国际戏剧季：王珮瑜领衔主演 京剧《伍子胥》(文昭关-刺王僚)／京剧《失子惊疯》《失街亭·空城计·斩马谡》,北京,(通州区)北京艺术中心-戏剧场-国家大剧院分址,2026.09.12 -,,预售中,爬虫采集,https://www.piaoniu.com/activity/782307,2026-08-31
柏林剧团 奥利弗·里斯作品 Sarah 秋是国际戏剧季Autumn IS,[上海]柏林剧团 奥利弗·里斯作品 《萨拉》Sarah 2026秋是国际戏剧季Autumn IS,上海,YOUNG剧场·主剧场,2026.12.04 -,,待定,爬虫采集,https://www.piaoniu.com/activity/783582,2026-08-31
Malaise dans la civilisation （加拿大,[上海]《文明及其不满》Malaise dans la civilisation （加拿大）,上海,上海话剧艺术中心 D6空间,2026.09.12 -,,待定,爬虫采集,https://www.piaoniu.com/activity/781750,2026-08-31
The weeknd（威肯）盆栽哥,[泰国曼谷]The weeknd（威肯）盆栽哥2026 《After Hours Til Dawn》巡演,泰国曼谷,曼谷拉加曼加拉国家体育场,2026.10.11 -13,,预售中,爬虫采集,https://www.piaoniu.com/activity/777092,2026-08-31
寻梦古今·山河咏叹｜袁野独唱,[长沙]寻梦古今·山河咏叹｜袁野独唱音乐会,长沙,长沙音乐厅湘江大厅,2026.09.05 19:30,,预售中,爬虫采集,https://www.piaoniu.com/activity/780687,2026-08-31
包河城市之声-寻梦乐九州安徽乐团民族,[合肥]包河城市之声-寻梦乐九州安徽乐团民族音乐会,合肥,包河凤凰剧院,2026.09.26 19:30,,待定,爬虫采集,https://www.piaoniu.com/activity/780772,2026-08-31
中文版 Musical The Brothers Karamazov,[上海]《卡拉马佐夫兄弟》中文版 Musical The Brothers Karamazov,上海,上海西岸大剧院-大剧场,2026.10.15 -,,待定,爬虫采集,https://www.piaoniu.com/activity/782272,2026-08-31
东方市民,[上海]2026东方市民音乐会：神奇的管风琴之旅&mdash;&mdash;马丁·施梅丁管风琴音乐会,上海,东方艺术中心-音乐厅,2026.12.05 10:00,,待定,爬虫采集,https://www.piaoniu.com/activity/779969,2026-08-31
奇幻星光,[合肥]《霍格沃茨之旅》奇幻星光音乐会,合肥,安徽省话剧院,2026.09.26 19:30,,预售中,爬虫采集,https://www.piaoniu.com/activity/783879,2026-08-31
喜剧,[天津]喜剧《蒋公的面子》,天津,,2026.10.10-10.11 天津大剧院-歌剧厅,,预售中,爬虫采集,https://www.piaoniu.com/activity/780377,2026-08-31
百老汇经典摇滚音乐剧 （海德薇）中文版,[天津]百老汇经典摇滚音乐剧《HEDWIG》（海德薇）中文版,天津,,2026.11.20-11.21 天津大剧院-歌剧厅,,预售中,爬虫采集,https://www.piaoniu.com/activity/781092,2026-08-31
贾凡领衔话剧,[天津]|贾凡领衔话剧《桃花扇1912》,天津,天津中华剧院,2026.09.18 19:30,,预售中,爬虫采集,https://www.piaoniu.com/activity/780907,2026-08-31
话剧 中文版陈昊宇主演天津站,[天津]话剧《初步举证》中文版陈昊宇主演天津站,天津,,2026.09.04-09.06 天津大剧院歌剧厅,,待定,爬虫采集,https://www.piaoniu.com/activity/777471,2026-08-31
,[天津][中超联赛]2026天津津门虎主场赛事,天津,泰达足球场,2026.08.15 -,,待定,爬虫采集,https://www.piaoniu.com/activity/783063,2026-08-31
暗杠 走歌人 专辑,[天津]暗杠「太阳·月亮·草地」走歌人2026专辑巡唱,天津,二十年音乐现场MAX,2026.11.28 20:00,,预售中,爬虫采集,https://www.piaoniu.com/activity/784330,2026-08-31
老舍经典话剧 专属版,[天津]老舍经典话剧《茶馆》专属版,天津,,2026.12.17-12.18 津湾大剧院,,预售中,爬虫采集,https://www.piaoniu.com/activity/780383,2026-08-31
徐浩伦和谭湘文、小帕等领衔 全国,[北京]徐浩伦和谭湘文、小帕等领衔《脱口秀和Ta的朋友们3》全国巡演｜笑果出品@北京,北京,,2026.09.04-09.05 北京展览馆剧场,,预售中,爬虫采集,https://www.piaoniu.com/activity/784034,2026-08-31
BFM 徐昱霖个展,[苏州]BFM「都市野人 City Savage」徐昱霖个展,苏州,,2026.06.27-09.13 BFM艺术中心,,待定,爬虫采集,https://www.piaoniu.com/activity/780703,2026-08-31
Reflection·徐丽东个人,[上海]Reflection·徐丽东个人音乐会,上海,,2026.09.19-09.20 上海兰心大戏院,,待定,爬虫采集,https://www.piaoniu.com/activity/779610,2026-08-31
大理州民族文化工作团（大理州白剧团）白剧 第三届全国小剧场戏剧优秀剧目展演·暨江,[苏州]大理州民族文化工作团（大理州白剧团）白剧《簸箕云》第三届全国小剧场戏剧优秀剧目展演·暨江南小剧场秋季演出季,苏州,19:30 苏州保利大剧院-小剧场,2026.09.21 周一,,待定,爬虫采集,https://www.piaoniu.com/activity/783994,2026-08-31
深圳市粤剧团粤剧 第三届全国小剧场戏剧优秀剧目展演·暨江南小剧场秋季演出季,[苏州]深圳市粤剧团粤剧《骷髅叹》第三届全国小剧场戏剧优秀剧目展演·暨江南小剧场秋季演出季,苏州,19:30 苏州保利大剧院-小剧场,2026.09.12 周六,,待定,爬虫采集,https://www.piaoniu.com/activity/783877,2026-08-31
我舞·我在现代作品展演 北京现代舞团现代舞剧,[北京]我舞·我在现代作品展演 北京现代舞团现代舞剧《谈·香·形FRAGRANCE》,北京,,2026.09.12-09.13 (通州区)北京艺术中心-歌剧院-国家大剧院分址,,预售中,爬虫采集,https://www.piaoniu.com/activity/782037,2026-08-31
中央芭蕾舞团经典芭蕾舞剧,[北京]中央芭蕾舞团经典芭蕾舞剧《红色娘子军》,北京,顺义大剧院,2026.09.12 19:30,,预售中,爬虫采集,https://www.piaoniu.com/activity/783380,2026-08-31
杭州OCCE文化交流博览会,[杭州]杭州OCCE文化交流博览会,杭州,,2026.09.25-09.27 港龙悠乐城展览馆,,待定,爬虫采集,https://www.piaoniu.com/activity/783768,2026-08-31
东方市民,[上海]2026东方市民音乐会：海上双钢琴师&mdash;&mdash;小捷杰耶夫与方演双钢琴音乐会,上海,东方艺术中心-音乐厅,2026.11.07 10:00,,待定,爬虫采集,https://www.piaoniu.com/activity/779967,2026-08-31
晚高峰,[上海]晚高峰音乐会3：巴赫的N次方丨上海交响乐团音乐季,上海,捷豹上海交响音乐厅-演艺厅,2027.01.13 18:30,,待定,爬虫采集,https://www.piaoniu.com/activity/781409,2026-08-31
布里奇曼名画奇旅·玩起来的大师艺术展-全球首站,[上海]布里奇曼名画奇旅·玩起来的大师艺术展-全球首站,上海,,2026.06.26-2027.06.30 中华艺术宫,,待定,爬虫采集,https://www.piaoniu.com/activity/784356,2026-08-31
Johnny Depp： 上海边缘形象艺术展,[上海]Johnny Depp：2026上海边缘形象艺术展,上海,,2026.08.15-12.13 上海艺仓美术馆,,待定,爬虫采集,https://www.piaoniu.com/activity/783686,2026-08-31
毛茸茸的我·萌宠治愈系艺术展（太仓站,[苏州]毛茸茸的我·萌宠治愈系艺术展（太仓站）,苏州,,2026.08.01-10.31 太仓后浪艺术中心,,待定,爬虫采集,https://www.piaoniu.com/activity/783734,2026-08-31
波动青年·艺术生活节 ｜不止好逛的艺术梦乐园,[上海]波动青年·艺术生活节 2026｜不止好逛的艺术梦乐园,上海,K11美术馆,2026.09.04-09.06 chi,,待定,爬虫采集,https://www.piaoniu.com/activity/783593,2026-08-31
古埃及文物与数字艺术体验展,[广州]《尼罗河的赠礼》古埃及文物与数字艺术体验展,广州,,2026.02.06-10.11 南越王博物院(王宫展区),,待定,爬虫采集,https://www.piaoniu.com/activity/770371,2026-08-31
湘江国际音乐艺术季(二}北欧极光交响,[长沙站]湘江国际音乐艺术季(二}北欧极光交响音乐会,长沙站,长沙音乐厅,2026.09.04 19:30,,预售中,爬虫采集,https://www.piaoniu.com/activity/780685,2026-08-31
天津人民艺术剧院经典话剧,[西安]天津人民艺术剧院经典话剧《日出》,西安,西安浐灞保利大剧院,2026.09.30 19:30,,预售中,爬虫采集,https://www.piaoniu.com/activity/783771,2026-08-31
塑我此生：贾科梅蒂艺术大展,[上海]塑我此生：贾科梅蒂艺术大展,上海,当季展览,2026.07.17-12.06 上海民生现代美术馆,,待定,爬虫采集,https://www.piaoniu.com/activity/784355,2026-08-31
9.5-6 侯红琴、齐爱云、张涛领衔主演 秦腔,[西安]2026.9.5-6 侯红琴、齐爱云、张涛领衔主演 秦腔《游西湖》,西安,,2026.09.05-09.06 西演SPACE·易俗大剧院,,预售中,爬虫采集,https://www.piaoniu.com/activity/781294,2026-08-31
老舍经典话剧 深圳,[深圳]老舍经典话剧《骆驼祥子》 深圳,深圳,,2026.12.11-12.13 深圳海雅大剧院,,待定,爬虫采集,https://www.piaoniu.com/activity/782952,2026-08-31
老舍经典话剧 -年度京味儿大戏（深圳站,[深圳]老舍经典话剧《茶馆》-年度京味儿大戏（深圳站）,深圳,深圳华夏艺术中心,2026.11.15 周日,,待定,爬虫采集,https://www.piaoniu.com/activity/780536,2026-08-31
梁祝 · 经典名曲,[深圳]梁祝 · 经典名曲音乐会 深圳,深圳,20:00 深圳海雅大剧院,2026.11.07 周六,,待定,爬虫采集,https://www.piaoniu.com/activity/782949,2026-08-31
沉浸魔术 互动魔幻科学物理秀｜雍和时刻｜奇妙夜｜见证奇迹,[北京]沉浸魔术《科学魔术秀》互动魔幻科学物理秀｜雍和时刻｜奇妙夜｜见证奇迹,北京,,2026.07.24-08.31 雍和笑逗演艺街-A厅-魔法艺术剧场,,待定,爬虫采集,https://www.piaoniu.com/activity/772603,2026-08-31
,[上海]【交响+演唱】中秋《月亮代表我的心》纪念邓丽君金曲交响演唱会,上海,东方艺术中心-音乐厅,2026.09.25 19:30,,待定,爬虫采集,https://www.piaoniu.com/activity/775800,2026-08-31
mdash;陈佳 邓丽君经典金曲,[上海]《我只在乎你》&mdash;陈佳 2026 邓丽君经典金曲专场演唱会,上海,上海大宁剧院,2026.12.26 19:30,,待定,爬虫采集,https://www.piaoniu.com/activity/782328,2026-08-31
音乐剧,[台州]音乐剧《她对此感到厌烦》,台州,,2026.10.31-11.01 温岭大剧院,,待定,爬虫采集,https://www.piaoniu.com/activity/781373,2026-08-31
京剧,[台州]京剧专场《尚戏・文武荟》,台州,15:30 温岭大剧院,2026.09.19 周六,,待定,爬虫采集,https://www.piaoniu.com/activity/782999,2026-08-31
话剧,[台州]话剧《呐喊1911》,台州,19:30 温岭大剧院,2026.09.27 周日,,待定,爬虫采集,https://www.piaoniu.com/activity/782064,2026-08-31
悬疑舞台剧,[台州]悬疑舞台剧《六个凶手》,台州,19:30 温岭大剧院-小剧场,2026.09.04 周五,,待定,爬虫采集,https://www.piaoniu.com/activity/782139,2026-08-31
全男班现代舞蹈秀 三门站,[台州]全男班现代舞蹈秀《无名之辈》三门站,台州,19:30 三门剧院,2026.09.04 周五,,待定,爬虫采集,https://www.piaoniu.com/activity/783099,2026-08-31
暗杠 走歌人专辑,[上海]暗杠2026「太阳·月亮·草地」走歌人专辑巡唱,上海,Modern Sky LAB 上海,2026.11.21 20:00,,预售中,爬虫采集,https://www.piaoniu.com/activity/782717,2026-08-31
,[西安]【超燃跨年夜】《加勒比海盗》《Star sky》跨界音乐会,西安,,2026.09.01-12.31 西安话剧院(新城剧场),,预售中,爬虫采集,https://www.piaoniu.com/activity/783763,2026-08-31
年第20届名古屋亚运会:乒乓球-爱知站,[丰田]2026年第20届名古屋亚运会:乒乓球-爱知站,丰田,SKY HALL TOYOTA(日本爱知),2026.09.20 -,,预售中,爬虫采集,https://www.piaoniu.com/activity/780886,2026-08-31
,[杭州]【官方售票】杭州·印象西湖《最忆是杭州》演出,杭州,,2026.08.07-11.09 印象西湖演出,,待定,爬虫采集,https://www.piaoniu.com/activity/770079,2026-08-31
《光与行-苏美玲独唱,[上海]《光与行-苏美玲独唱音乐会》,上海,东方艺术中心-演奏厅,2026.09.03 19:45,,待定,爬虫采集,https://www.piaoniu.com/activity/782795,2026-08-31
单雯领衔 苏民管 民族,[苏州]单雯领衔 苏民管《丝竹江南 中华情韵》民族音乐会,苏州,14:30 苏州湾大剧院-歌剧厅,2026.10.18 周日,,待定,爬虫采集,https://www.piaoniu.com/activity/783987,2026-08-31
,[南京]【二狗推荐】一支麦爆笑互动演艺｜南京每日爆笑脱口秀,南京,,2026.08.03-08.31 南京一支麦小剧场(新街口店),,待定,爬虫采集,https://www.piaoniu.com/activity/782737,2026-08-31
Karencici[与众不同The&nbsp;Loser Tour],[上海]Karencici[与众不同The&nbsp;Loser Tour] 演唱会-上海站,上海,蜚声 PHASE LIVE(上海）,2026.09.12 20:00,,预售中,爬虫采集,https://www.piaoniu.com/activity/783198,2026-08-31
The weeknd（威肯）盆栽哥 亚洲,[吉隆坡]The weeknd（威肯）盆栽哥 2026 《After Hours Til Dawn》亚洲巡演,吉隆坡,Stadium Bukit Jalil(吉隆坡武吉加里尔体育场),2026.11.04 -05,,预售中,爬虫采集,https://www.piaoniu.com/activity/777128,2026-08-31
The weeknd（威肯）盆栽哥 亚洲,[雅加达]The weeknd（威肯）盆栽哥 2026 《After Hours Til Dawn》亚洲巡演,雅加达,Jakarta International Stadium,2026.09.26 -,,预售中,爬虫采集,https://www.piaoniu.com/activity/777129,2026-08-31
The weeknd（威肯）盆栽哥 亚洲,[高阳]The weeknd（威肯）盆栽哥 2026 《After Hours Til Dawn》亚洲巡演,高阳,STADIUM（高阳体育场）,2026.10.07-10.08 GOYANG,,预售中,爬虫采集,https://www.piaoniu.com/activity/777100,2026-08-31
The weeknd（威肯）盆栽哥 亚洲,[东京]The weeknd（威肯）盆栽哥 2026 《After Hours Til Dawn》亚洲巡演,东京,Belluna Dome(贝鲁纳圆顶球场),2026.09.20 17:00,,预售中,爬虫采集,https://www.piaoniu.com/activity/777096,2026-08-31
,[杭州]Jason Derulo THE LAST DANCE China Tour 巡回演唱会,杭州,黄龙体育中心体育馆,2026.09.11 20:00,,预售中,爬虫采集,https://www.piaoniu.com/activity/779632,2026-08-31
The weeknd（威肯）盆栽哥 亚洲,[杭州][代拍费]The weeknd（威肯）盆栽哥 2026 《After Hours Til Dawn》亚洲巡演,杭州,,时间场馆待定 场馆待定,,预售中,爬虫采集,https://www.piaoniu.com/activity/777107,2026-08-31
黄梅戏 -苏州站,[苏州]黄梅戏《红楼梦》-苏州站,苏州,19:30 苏州聚橙尹山湖大剧院,2026.09.26 周六,,待定,爬虫采集,https://www.piaoniu.com/activity/782846,2026-08-31
张信哲/张韶涵/王心凌/ONER,[襄阳][张信哲/张韶涵/王心凌/ONER]缪斯收官之2.0星宇宙,襄阳,襄阳奥林匹克体育中心-体育场,2026.10.17 -,,预售中,爬虫采集,https://www.piaoniu.com/activity/783751,2026-08-31
小糊涂仙幸福时光群星,[衡水]小糊涂仙幸福时光群星演唱会,衡水,衡水奥林匹克体育中心体育场,2026.09.05 19:30,,预售中,爬虫采集,https://www.piaoniu.com/activity/784080,2026-08-31
谭维维 风起八方,[南京]谭维维《声声世世》风起八方巡演,南京,南京保利大剧院-大剧场,2026.10.24 19:30,,预售中,爬虫采集,https://www.piaoniu.com/activity/782801,2026-08-31
谭维维 风起八方,[上海]谭维维《声声世世》风起八方,上海,上海保利大剧院-大剧场,2026.11.28 19:30,,待定,爬虫采集,https://www.piaoniu.com/activity/783848,2026-08-31
中国足协杯云南玉昆主场,[玉溪]2026中国足协杯云南玉昆主场,玉溪,玉溪高原体育运动中心-主体育场,2026.09.02 20:00,,预售中,爬虫采集,https://www.piaoniu.com/activity/784337,2026-08-31
民国悬疑喜剧,[宁波]民国悬疑喜剧《可欲不可囚》,宁波,19:30 慈溪大剧院-大剧场,2026.09.10 周四,,待定,爬虫采集,https://www.piaoniu.com/activity/781326,2026-08-31
,[宁波]【黑塞致艺术家的情诗】音乐剧《纳尔齐斯与歌尔德蒙》-【缪时客出品】,宁波,19:30 天然舞台·大剧场,2026.10.24 周六,,待定,爬虫采集,https://www.piaoniu.com/activity/782134,2026-08-31
正版国漫2.5次元真人舞台剧 第一部,[宁波]正版国漫2.5次元真人舞台剧《一人之下》第一部,宁波,15:30 天然舞台·大剧场,2026.11.01 周日,,待定,爬虫采集,https://www.piaoniu.com/activity/781310,2026-08-31
新喜剧,[宁波]新喜剧专场《回车》丨漫才丨sketch丨即兴喜剧,宁波,19:30 余姚大剧院,2026.09.19 周六,,待定,爬虫采集,https://www.piaoniu.com/activity/783243,2026-08-31
9月5日· 黑灯单口喜剧,[杭州]9月5日·《先上车》黑灯单口喜剧专场@杭州站,杭州,杭州金沙湖大剧院,2026.09.05 周六,,待定,爬虫采集,https://www.piaoniu.com/activity/783476,2026-08-31
第三届钱塘国际戏剧嘉年华 | 音乐剧,[杭州]第三届钱塘国际戏剧嘉年华 | 音乐剧《我的遗愿清单》,杭州,,2026.09.25-09.26 杭州金沙湖大剧院-歌剧厅,,待定,爬虫采集,https://www.piaoniu.com/activity/781638,2026-08-31
第三届钱塘国际戏剧嘉年华 | 上海芭蕾舞团·原创芭蕾舞剧,[杭州]第三届钱塘国际戏剧嘉年华 | 上海芭蕾舞团·原创芭蕾舞剧《白毛女》,杭州,19:30 杭州金沙湖大剧院-歌剧厅,2026.12.29 周二,,待定,爬虫采集,https://www.piaoniu.com/activity/778776,2026-08-31
钱塘 · 听见世界 | 钢琴小提琴唯美经典,[杭州]钱塘 · 听见世界 |《四月是你的谎言》钢琴小提琴唯美经典音乐会,杭州,19:30 杭州金沙湖大剧院-半场·演艺新空间,2026.10.17 周六,,待定,爬虫采集,https://www.piaoniu.com/activity/782176,2026-08-31
钱塘 · 听见世界 | 《MappleZS 原创钢琴,[杭州]钱塘 · 听见世界 | 《MappleZS「星河回响」原创钢琴音乐会》,杭州,19:30 杭州金沙湖大剧院-半场·演艺新空间,2026.10.05 周一,,待定,爬虫采集,https://www.piaoniu.com/activity/777313,2026-08-31
钱塘·听见世界 | 德奥音乐剧女王Pia Douwes个人,[杭州]钱塘·听见世界 | 德奥音乐剧女王Pia Douwes个人音乐会,杭州,19:00 杭州金沙湖大剧院-歌剧厅,2026.09.06 周日,,待定,爬虫采集,https://www.piaoniu.com/activity/781629,2026-08-31
行走世界的波西米亚·德国新四重奏乐团融合爵士,[杭州]行走世界的波西米亚·德国新四重奏乐团融合爵士音乐会,杭州,19:30 浙江音乐厅,2026.09.11 周五,,待定,爬虫采集,https://www.piaoniu.com/activity/782137,2026-08-31
古典新绎话剧,[北京]古典新绎话剧《红楼梦》,北京,,2026.11.15 北京剧院,,预售中,爬虫采集,https://www.piaoniu.com/activity/781984,2026-08-31
新中式美学经典舞台剧,[合肥]新中式美学经典舞台剧《红楼梦》,合肥,合肥大剧院歌剧厅,2026.11.06 19:30,,预售中,爬虫采集,https://www.piaoniu.com/activity/783566,2026-08-31
古典新绎话剧,[合肥]古典新绎话剧《红楼梦》,合肥,安徽大剧院,2026.11.21 19:30,,预售中,爬虫采集,https://www.piaoniu.com/activity/779452,2026-08-31
走遍世界的波西米亚-德国新四重奏爵士乐团,[西安]走遍世界的波西米亚-德国新四重奏爵士乐团音乐会（30周年纪念版）,西安,西安浐灞保利大剧院,2026.09.17 19:30,,预售中,爬虫采集,https://www.piaoniu.com/activity/782302,2026-08-31
WetMen·俄罗斯型男水舞剧,[长沙]WetMen·俄罗斯型男水舞剧《雨中2:爱的宣言》,长沙,19:30 长沙梅溪湖国际文化艺术中心大剧院,2026.10.12 周一,,待定,爬虫采集,https://www.piaoniu.com/activity/782465,2026-08-31
WetMen·俄罗斯型男水舞剧,[杭州]WetMen·俄罗斯型男水舞剧《雨中2：爱的宣言》,杭州,19:30 杭州临平大剧院,2026.10.31 周六,,待定,爬虫采集,https://www.piaoniu.com/activity/780868,2026-08-31
乱世迷局 | 玩库沉浸式悬疑喜剧,[上海]乱世迷局 | 玩库沉浸式悬疑喜剧《崇祯十七年》,上海,黄浦剧场-中剧场,2026.08.22 -,,待定,爬虫采集,https://www.piaoniu.com/activity/778846,2026-08-31
东映原版动漫大型舞台剧 北京站,[北京]东映原版动漫大型舞台剧《屁屁侦探之怪盗U对怪盗U》北京站,北京,天桥艺术中心&mdash;&mdash;中剧场,2026.09.05 15:00,,预售中,爬虫采集,https://www.piaoniu.com/activity/784044,2026-08-31
一个人的古典&mdash;&mdash;巴拉蒂演绎巴赫无伴奏小提琴奏鸣曲与组曲（,[上海]一个人的古典&mdash;&mdash;巴拉蒂演绎巴赫无伴奏小提琴奏鸣曲与组曲（091926）,上海,上海大剧院-中剧场,2026.09.19 19:30,,待定,爬虫采集,https://www.piaoniu.com/activity/781857,2026-08-31
中文原创音乐剧,[北京]中文原创音乐剧《简·爱》,北京,,2026.10.05-10.06 天桥艺术中心&mdash;&mdash;中剧场,,预售中,爬虫采集,https://www.piaoniu.com/activity/783236,2026-08-31
上海越剧院·越剧 【 艺彩江南·保利江苏大区名家名剧演出季】,[苏州]上海越剧院·越剧《红楼梦》 【2026艺彩江南·保利江苏大区名家名剧演出季】,苏州,19:30 常熟大剧院,2026.11.03 周二,,待定,爬虫采集,https://www.piaoniu.com/activity/781401,2026-08-31
,[西安]【浪漫跨年夜】《爱乐之城》经典名曲浪漫烛光钢琴音乐会,西安,,2026.09.01-12.31 西安话剧院(新城剧场),,预售中,爬虫采集,https://www.piaoniu.com/activity/783765,2026-08-31
侯明昊,[郑州]侯明昊《属于我们的&hellip;》巡回演唱会,郑州,郑州奥林匹克体育中心 洋河·梦之蓝体育馆,2026.10.31 18:30,,预售中,爬虫采集,https://www.piaoniu.com/activity/782371,2026-08-31
维也纳宫廷圆舞曲交响乐,[烟台]维也纳宫廷圆舞曲交响乐巡演·烟台站2027维也纳之声新年音乐会,烟台,烟台大剧院,2026.12.27 19:30,,待定,爬虫采集,https://www.piaoniu.com/activity/777799,2026-08-31
新中式美学经典话剧 焕新版,[烟台]新中式美学经典话剧《红楼梦》焕新版,烟台,烟台大剧院,2026.09.04 19:30,,待定,爬虫采集,https://www.piaoniu.com/activity/782106,2026-08-31
首部真人互动非遗皮影戏,[上海]首部真人互动非遗皮影戏《大闹天宫》,上海,保利上海城市剧院,2026.12.06 10:30,,待定,爬虫采集,https://www.piaoniu.com/activity/783257,2026-08-31
XR沉浸式体验展,[合肥]《大闹天宫》XR沉浸式体验展,合肥,,2026.07.01-2027.01.31 安徽省美术馆,,预售中,爬虫采集,https://www.piaoniu.com/activity/780746,2026-08-31
法国大提琴家卡米尔·托马斯独奏,[武汉]法国大提琴家卡米尔·托马斯独奏音乐会,武汉,武汉琴台音乐厅,2026.10.17 19:30,,待定,爬虫采集,https://www.piaoniu.com/activity/783962,2026-08-31
沪剧,[上海]沪剧《大雷雨》,上海,云间剧院,2026.10.25 14:30,,待定,爬虫采集,https://www.piaoniu.com/activity/783093,2026-08-31
天津人艺版 曹禺经典话剧,[长沙]天津人艺版 曹禺经典话剧《日出》,长沙,长沙梅溪湖国际文化艺术中心大剧院,2026.10.20 19:30,,预售中,爬虫采集,https://www.piaoniu.com/activity/783072,2026-08-31
天津人艺版 曹禺经典话剧,[长沙]天津人艺版 曹禺经典话剧《原野》,长沙,长沙梅溪湖国际文化艺术中心大剧院,2026.10.28 19:30,,预售中,爬虫采集,https://www.piaoniu.com/activity/783075,2026-08-31
Charlie Puth-断眉-查理·普斯: Whatever's Clever,[杭州]Charlie Puth-断眉-查理·普斯: Whatever's Clever! World Tour,杭州,黄龙体育中心体育场,2026.10.25 19:30,,预售中,爬虫采集,https://www.piaoniu.com/activity/783318,2026-08-31
北国风光&mdash;西贝柳斯与肖邦钢琴三重奏作品,[武汉]北国风光&mdash;西贝柳斯与肖邦钢琴三重奏作品音乐会,武汉,武汉琴台音乐厅,2026.12.05 19:30,,预售中,爬虫采集,https://www.piaoniu.com/activity/779242,2026-08-31
1+1&ge;2浩洋室内乐 理性的狂欢 勃拉姆斯钢琴三重奏作品,[杭州]1+1&ge;2浩洋室内乐 理性的狂欢 勃拉姆斯钢琴三重奏作品音乐会,杭州,19:30 杭州大剧院(音乐厅),2026.10.17 周六,,预售中,爬虫采集,https://www.piaoniu.com/activity/771975,2026-08-31
菲洛卡利亚坐标系-中外乐曲重奏,[西安]菲洛卡利亚坐标系-中外乐曲重奏音乐会,西安,陕西广电大剧院,2026.12.19 19:30,,预售中,爬虫采集,https://www.piaoniu.com/activity/782756,2026-08-31
纪念肖斯塔科维奇诞辰120周年森·三重奏,[西安]纪念肖斯塔科维奇诞辰120周年森·三重奏音乐会,西安,西安浐灞保利大剧院,2026.09.26 19:30,,预售中,爬虫采集,https://www.piaoniu.com/activity/779650,2026-08-31
意大利雷纳多三重奏,[上海]意大利雷纳多三重奏,上海,保利上海城市剧院,2026.11.15 15:00,,待定,爬虫采集,https://www.piaoniu.com/activity/782583,2026-08-31
原创音乐剧 镜框版,[西安]原创音乐剧《#0528》镜框版,西安,,2026.12.05-12.06 陕西大剧院-歌剧厅,,预售中,爬虫采集,https://www.piaoniu.com/activity/784395,2026-08-31
原创大型交响乐,[北京]原创大型交响乐《地球的红飘带》,北京,国家大剧院&mdash;&mdash;音乐厅,2026.09.12 19:30,,预售中,爬虫采集,https://www.piaoniu.com/activity/782572,2026-08-31
音乐剧 中文版,[北京]音乐剧《卡拉马佐夫兄弟》中文版,北京,(通州区)北京艺术中心-戏剧场-国家大剧院分址,2026.11.21 -,,预售中,爬虫采集,https://www.piaoniu.com/activity/782304,2026-08-31
俄语原版摇滚音乐剧,[北京]俄语原版摇滚音乐剧《卡拉马佐夫兄弟》,北京,,2026.09.10-09.13 天桥艺术中心&mdash;&mdash;中剧场,,预售中,爬虫采集,https://www.piaoniu.com/activity/782548,2026-08-31
苏州芭蕾舞团原创芭蕾舞剧,[苏州]苏州芭蕾舞团原创芭蕾舞剧《壮丽的云》,苏州,19:30 苏州文化艺术中心-大剧院,2026.09.08 周二,,待定,爬虫采集,https://www.piaoniu.com/activity/782405,2026-08-31
爵士天后Karen Souza凯伦·索萨丝绒爵色时,[杭州]爵士天后Karen Souza凯伦·索萨丝绒爵色时2026演唱会,杭州,浙话艺术剧院,2026.10.25 19:30,,待定,爬虫采集,https://www.piaoniu.com/activity/777332,2026-08-31
亚洲U17暨U15青少年羽毛球锦标赛,[成都]2026亚洲U17暨U15青少年羽毛球锦标赛,成都,成都温江区体育馆,2026.09.08 -,,预售中,爬虫采集,https://www.piaoniu.com/activity/784429,2026-08-31
老舍经典话剧,[合肥]老舍经典话剧《骆驼祥子》,合肥,安徽大剧院,2026.11.01 19:30,,预售中,爬虫采集,https://www.piaoniu.com/activity/781433,2026-08-31
老舍经典话剧,[杭州]老舍经典话剧《骆驼祥子》,杭州,杭州东坡大剧院,2026.10.06 -,,待定,爬虫采集,https://www.piaoniu.com/activity/777404,2026-08-31
,[衢州]【常山大剧院】老舍经典话剧《骆驼祥子》专属版巡演 常山站,衢州,常山大剧院,2026.09.19 19:00,,待定,爬虫采集,https://www.piaoniu.com/activity/781462,2026-08-31
老舍经典话剧 专属版,[衢州]老舍经典话剧《骆驼祥子》专属版巡演 衢州站,衢州,衢州保利大剧院大剧场,2026.09.18 19:00,,待定,爬虫采集,https://www.piaoniu.com/activity/781461,2026-08-31
老舍经典话剧,[西安]老舍经典话剧《骆驼祥子》,西安,西安人民剧院,2026.11.13 -,,预售中,爬虫采集,https://www.piaoniu.com/activity/775561,2026-08-31
未来大师：浮生若梦&mdash;&mdash;汪月含早期钢琴独奏,[上海]未来大师：浮生若梦&mdash;&mdash;汪月含早期钢琴独奏音乐会,上海,东方艺术中心-演奏厅,2026.09.04 19:45,,预售中,爬虫采集,https://www.piaoniu.com/activity/769620,2026-08-31
国际当代舞大师赫法什·谢克特口碑力作,[西安]国际当代舞大师赫法什·谢克特口碑力作《盗梦剧场》,西安,,2026.10.30-10.31 陕西大剧院-歌剧厅,,预售中,爬虫采集,https://www.piaoniu.com/activity/783915,2026-08-31
,[宁波]【2026茧·声演出季】斯拉法的下雪秀-Slava's Snow Show,宁波,,2026.09.24-09.27 宁波文化广场大剧院,,待定,爬虫采集,https://www.piaoniu.com/activity/776488,2026-08-31
悬疑剧,[上海]悬疑剧《深渊》,上海,,2026.08.28-09.06 上海话剧艺术中心-艺术剧院,,待定,爬虫采集,https://www.piaoniu.com/activity/777427,2026-08-31
大型历史话剧,[上海]大型历史话剧《商鞅》,上海,上海话剧艺术中心-艺术剧院,2026.09.12 -,,待定,爬虫采集,https://www.piaoniu.com/activity/763780,2026-08-31
原创话剧,[上海]原创话剧《大清相国》,上海,上海话剧艺术中心-艺术剧院,2026.10.16 -,,待定,爬虫采集,https://www.piaoniu.com/activity/779588,2026-08-31
盛世长歌 传世经典作品钢琴,[杭州]盛世长歌《我和我的祖国》传世经典作品钢琴音乐会,杭州,19:30 浙江省文化馆小剧场(原群艺馆小剧场),2026.10.01 周四,,待定,爬虫采集,https://www.piaoniu.com/activity/784411,2026-08-31
古典流行钢琴,[杭州]《贝多芬G大调奏鸣曲》古典流行钢琴音乐会,杭州,19:30 浙江省文化馆小剧场(原群艺馆小剧场),2026.09.04 周五,,待定,爬虫采集,https://www.piaoniu.com/activity/782403,2026-08-31
交响乐 超燃震撼版武侠/仙侠作品主题,[杭州]交响乐《铁血丹心/刀剑如梦》超燃震撼版武侠/仙侠作品主题音乐会,杭州,浙江省文化馆小剧场(原群艺馆小剧场),2026.10.24 19:30,,待定,爬虫采集,https://www.piaoniu.com/activity/780860,2026-08-31
,[杭州]【钱塘戏社】越剧陆锦花版《情探》,杭州,13:30 浙江省文化馆小剧场(原群艺馆小剧场),2026.10.18 周日,,待定,爬虫采集,https://www.piaoniu.com/activity/781385,2026-08-31
,[杭州]【钱塘戏社】越剧《珍珠塔》,杭州,13:30 浙江省文化馆小剧场(原群艺馆小剧场),2026.09.13 周日,,待定,爬虫采集,https://www.piaoniu.com/activity/782388,2026-08-31
武侠作品主题,[杭州]《铁血丹心/沧海一声笑》武侠作品主题音乐会,杭州,15:00 浙江省文化馆小剧场(原群艺馆小剧场),2026.09.06 周日,,待定,爬虫采集,https://www.piaoniu.com/activity/783655,2026-08-31
,[上海]《来自三伯爵的请柬》音乐会,上海,,2026.09.02-09.03 上海文化广场主剧场,,待定,爬虫采集,https://www.piaoniu.com/activity/776774,2026-08-31
step.jad依加 保利剧院,[昆山]step.jad依加《Nightstep夜奔·巡城礼》2026保利剧院巡演,昆山,19:30 昆山文化艺术中心大剧场,2026.09.12 周六,,待定,爬虫采集,https://www.piaoniu.com/activity/783795,2026-08-31
陆川导演作品 舞剧,[杭州]陆川导演作品 舞剧《天工开物》,杭州,,2026.09.30-10.01 杭州大剧院-歌剧院,,待定,爬虫采集,https://www.piaoniu.com/activity/780362,2026-08-31
拉美爵士天后凯伦·索萨丝绒爵色时,[广州]拉美爵士天后凯伦·索萨丝绒爵色时2026巡演（广州站）,广州,星海音乐厅（交响乐演奏厅）,2026.11.01 15:00,,预售中,爬虫采集,https://www.piaoniu.com/activity/778450,2026-08-31
,[杭州]【限时8折】全女班温情治愈音乐剧《最美的一天》5周年巡演版,杭州,15:00 杭州东坡大剧院,2026.09.06 周日,,待定,爬虫采集,https://www.piaoniu.com/activity/782076,2026-08-31
40Fingers&mdash;意大利指弹天团世界,[上海]40Fingers&mdash;意大利指弹天团世界巡演 上海站,上海,东方艺术中心-音乐厅,2026.11.06 19:30,,待定,爬虫采集,https://www.piaoniu.com/activity/781141,2026-08-31
惊悚喜剧｜悬疑话剧｜沉浸式小剧场进阶版｜密室体验感｜多重反转｜惊天真相,[上海]《天黑请闭眼》|惊悚喜剧｜悬疑话剧｜沉浸式小剧场进阶版｜密室体验感｜多重反转｜惊天真相,上海,,2026.08.20-08.31 半笑空间-外滩店1号剧场,,待定,爬虫采集,https://www.piaoniu.com/activity/780356,2026-08-31
老舍经典话剧 专属版,[湖州]老舍经典话剧《茶馆》专属版,湖州,19:30 湖州大剧院,2026.09.18 周五,,待定,爬虫采集,https://www.piaoniu.com/activity/778051,2026-08-31
老舍经典话剧 专属版,[上海]老舍经典话剧《茶馆》专属版,上海,云间剧院,2026.11.28 19:30,,待定,爬虫采集,https://www.piaoniu.com/activity/774986,2026-08-31
DramaKids·抓马亲子·欢乐互动童话剧,[上海]DramaKids·抓马亲子·欢乐互动童话剧《三只小猪 Three little pigs》,上海,上海兰心大戏院,2026.10.18 10:30,,预售中,爬虫采集,https://www.piaoniu.com/activity/783753,2026-08-31
越剧 （尹袁版）&mdash;&mdash; 百越文创第五届越剧优秀剧目邀请展,[杭州]越剧《红楼梦》（尹袁版）&mdash;&mdash;「百廿流芳」百越文创第五届越剧优秀剧目邀请展,杭州,19:30 蝴蝶剧场（小百花越剧场）,2026.10.31 周六,,待定,爬虫采集,https://www.piaoniu.com/activity/781379,2026-08-31
今夜星光灿烂&mdash;&mdash;阿格里奇/文格洛夫/伊瑟利斯领衔室内乐,[上海]今夜星光灿烂&mdash;&mdash;阿格里奇/文格洛夫/伊瑟利斯领衔室内乐音乐节,上海,,2026.10.24-10.25 东方艺术中心-音乐厅,,待定,爬虫采集,https://www.piaoniu.com/activity/782979,2026-08-31
广州超级草莓,[广州]2026广州超级草莓音乐节,广州,,2026.09.25-27 南沙音乐秀场,,预售中,爬虫采集,https://www.piaoniu.com/activity/784019,2026-08-31
周末,[南京]周末音乐会&mdash; 欧洲音乐巡礼室内音乐会,南京,14:30 江苏大剧院-音乐厅,2026.09.12 周六,,待定,爬虫采集,https://www.piaoniu.com/activity/779292,2026-08-31
月亮代表我的心&mdash;&mdash;邓丽君经典作品演唱交响,[北京]月亮代表我的心&mdash;&mdash;邓丽君经典作品演唱交响音乐会,北京,国图艺术中心,2026.09.25 19:30,,预售中,爬虫采集,https://www.piaoniu.com/activity/782762,2026-08-31
step.jad依加,[南京]step.jad依加「NIGHTSTEP夜奔·超感世界」2026Livehouse巡演,南京,南京稻香演艺中心,2026.10.05 19:30,,预售中,爬虫采集,https://www.piaoniu.com/activity/783524,2026-08-31
啾啾咩咩DD秀 邓典D.D,[北京]啾啾咩咩DD秀 邓典D.D.巡演,北京,蛙厂RMMF·北京798店,2026.09.04 20:00,,预售中,爬虫采集,https://www.piaoniu.com/activity/783170,2026-08-31
笑点喜剧脱口秀｜吴优。库里领衔｜西安爆笑拼盘秀｜周六沉浸式交友互动,[西安]笑点喜剧脱口秀｜吴优。库里领衔｜西安爆笑拼盘秀｜周六沉浸式交友互动专场,西安,,2026.07.31-08.31 笑点喜剧脱口秀小剧场,,待定,爬虫采集,https://www.piaoniu.com/activity/725482,2026-08-31
东方经典交响,[武汉]《梁祝》东方经典交响音乐会，全曲完整演奏。,武汉,武汉琴台音乐厅,2026.10.04 19:30,,待定,爬虫采集,https://www.piaoniu.com/activity/783953,2026-08-31
凝光漱石一-武怀琛古琴,[西安]凝光漱石一-武怀琛古琴专场国风演奏会,西安,陕西大剧院&mdash;戏剧厅,2026.10.11 19:30,,预售中,爬虫采集,https://www.piaoniu.com/activity/782733,2026-08-31
天下第一团- 张大升瓯剧折子戏,[上海]天下第一团-《武・升》张大升瓯剧折子戏专场,上海,宛平剧院-小剧场,2026.09.11 19:15,,预售中,爬虫采集,https://www.piaoniu.com/activity/777667,2026-08-31
法语音乐剧 武汉站,[武汉]法语音乐剧《茶花女》武汉站,武汉,武汉琴台大剧院,2026.11.13 -,,待定,爬虫采集,https://www.piaoniu.com/activity/783942,2026-08-31
舞剧 26年武汉站,[武汉]舞剧《永不消逝的电波》26年武汉站,武汉,,2026.12.11-12.13 武汉琴台大剧院,,待定,爬虫采集,https://www.piaoniu.com/activity/781161,2026-08-31
西班牙塞维利亚安东尼奥·安德拉德弗拉门戈舞蹈团 北京站,[北京]西班牙塞维利亚安东尼奥·安德拉德弗拉门戈舞蹈团《卡门》 北京站,北京,,2026.10.06-10.07 天桥剧场,,预售中,爬虫采集,https://www.piaoniu.com/activity/784042,2026-08-31
法国艺术启蒙魔术剧 中文版,[北京]法国艺术启蒙魔术剧《美术馆奇妙夜·星夜》中文版,北京,,2026.09.12-09.13 北京未来剧院,,预售中,爬虫采集,https://www.piaoniu.com/activity/778652,2026-08-31
青春偶像剧主题曲,[北京]《恶作剧之吻》《流星花园》青春偶像剧主题曲演唱会,北京,五棵松·爱乐汇艺术空间·都市剧场,2026.09.19 19:30,,预售中,爬虫采集,https://www.piaoniu.com/activity/779856,2026-08-31
沉浸式互动亲子科学剧,[北京]沉浸式互动亲子科学剧《数学秀》,北京,,2026.09.26-09.27 天桥剧场,,预售中,爬虫采集,https://www.piaoniu.com/activity/783267,2026-08-31
国家大剧院与北京舞蹈学院新版经典民族舞剧,[北京]国家大剧院与北京舞蹈学院新版经典民族舞剧《铁道游击队》,北京,,2026.09.29-10.03 国家大剧院&mdash;&mdash;歌剧院,,预售中,爬虫采集,https://www.piaoniu.com/activity/782301,2026-08-31
话剧 ｜林溪儿戏剧作品,[北京]话剧《杂物间里的麦克白》｜林溪儿戏剧作品,北京,,2026.09.11-09.13 天桥艺术中心&mdash;&mdash;小剧场,,预售中,爬虫采集,https://www.piaoniu.com/activity/779487,2026-08-31
儿童探案传奇剧 北京站,[北京]儿童探案传奇剧《密不透风的化妆间》北京站,北京,,2026.09.30-10.05 国家大剧院&mdash;&mdash;小剧场,,预售中,爬虫采集,https://www.piaoniu.com/activity/782551,2026-08-31
大型谍战舞台剧,[广州]大型谍战舞台剧《夜行者》,广州,,2026.09.26-09.27 广州白云国际会议中心世纪大会堂,,待定,爬虫采集,https://www.piaoniu.com/activity/782877,2026-08-31
,【广州】维也纳宫廷圆舞曲2027新年音乐会,,广州白云国际会议中心世纪大会堂,2026.12.31 19:30/22:30,,待定,爬虫采集,https://www.piaoniu.com/activity/780795,2026-08-31
粤剧,[广州]粤剧《决战之燎原》,广州,,2026.10.05-10.06 广州白云国际会议中心世纪大会堂,,待定,爬虫采集,https://www.piaoniu.com/activity/783344,2026-08-31
爱乐之城&bull;海上钢琴师&bull;我心永恒唯美浪漫世界名曲经典,[南京]爱乐之城&bull;海上钢琴师&bull;我心永恒唯美浪漫世界名曲经典音乐会（巡演南京站）,南京,19:30 幸福蓝海国际影城荔枝广场店1号厅,2026.09.26 周六,,待定,爬虫采集,https://www.piaoniu.com/activity/779289,2026-08-31
小帕、小四爷等领衔脱友3,[上海]小帕、小四爷等领衔脱友3巡演｜笑果出品@上海,上海,上汽上海文化广场,2026.09.12 -,,待定,爬虫采集,https://www.piaoniu.com/activity/784347,2026-08-31
第八届中外城市交响乐团长沙峰会 狂想与哲思交响,[长沙]2026第八届中外城市交响乐团长沙峰会 狂想与哲思交响音乐会,长沙,19:30 长沙音乐厅湘江大厅,2026.10.15 周四,,待定,爬虫采集,https://www.piaoniu.com/activity/783419,2026-08-31
王越脱口秀,[长沙]王越脱口秀专场《短发》丨 Standby 出品@长沙,长沙,16:00 长沙梅溪湖国际文化艺术中心大剧院,2026.10.04 周日,,待定,爬虫采集,https://www.piaoniu.com/activity/784676,2026-08-31
维也纳皇家交响乐团 新年,[长沙]维也纳皇家交响乐团2027新年音乐会-长沙站,长沙,19:30 长沙音乐厅-湘江大厅,2026.12.27 周日,,待定,爬虫采集,https://www.piaoniu.com/activity/779450,2026-08-31
英国 BBC 正版授权亲子互动舞台剧 时间： .09.1,[长沙]英国 BBC 正版授权亲子互动舞台剧《布鲁伊的大宝藏》 时间：2026.09.1,长沙,长沙梅溪湖国际文化艺术中心大剧院,2026.09.13 周日,,待定,爬虫采集,https://www.piaoniu.com/activity/781844,2026-08-31
原创音乐剧,[长沙]原创音乐剧《她的海》,长沙,,2026.10.16-10.17 长沙梅溪湖国际文化艺术中心大剧院,,待定,爬虫采集,https://www.piaoniu.com/activity/781084,2026-08-31
音乐剧 长沙站,音乐剧《红莲》长沙站,,,2026.10.10-10.11 长沙梅溪湖国际文化艺术中心大剧院,,待定,爬虫采集,https://www.piaoniu.com/activity/781079,2026-08-31
朱凯源小提琴独奏,[上海]朱凯源小提琴独奏音乐会,上海,凯迪拉克·上海音乐厅-大厅,2026.09.04 19:30,,待定,爬虫采集,https://www.piaoniu.com/activity/781968,2026-08-31
,[上海]【玲珑国乐】乐养仲秋&mdash;&mdash;音乐疗愈现场,上海,凯迪拉克·上海音乐厅-音乐立方,2026.09.27 14:00,,待定,爬虫采集,https://www.piaoniu.com/activity/767760,2026-08-31
邂逅巴赫&mdash;丹尼尔・洛扎科维奇小提琴独奏,[上海]邂逅巴赫&mdash;丹尼尔・洛扎科维奇小提琴独奏音乐会,上海,凯迪拉克·上海音乐厅-大厅,2026.09.11 19:30,,待定,爬虫采集,https://www.piaoniu.com/activity/781778,2026-08-31
南方回响-Marcin Dylla(马钦·迪拉)古典吉他演奏,[上海]南方回响-Marcin Dylla(马钦·迪拉)古典吉他演奏音乐会,上海,东方艺术中心-音乐厅,2026.09.04 19:30,,待定,爬虫采集,https://www.piaoniu.com/activity/781966,2026-08-31
本杰明·格罗夫纳钢琴独奏,[上海]本杰明·格罗夫纳钢琴独奏音乐会,上海,凯迪拉克·上海音乐厅-大厅,2026.10.03 19:30,,待定,爬虫采集,https://www.piaoniu.com/activity/782793,2026-08-31
双钢琴,[上海]《双琴对韵：跨越时空的变奏》双钢琴音乐会,上海,凯迪拉克·上海音乐厅-音乐立方,2026.10.31 19:30,,待定,爬虫采集,https://www.piaoniu.com/activity/780182,2026-08-31
基里尔·格斯坦钢琴独奏,[上海]基里尔·格斯坦钢琴独奏音乐会,上海,凯迪拉克·上海音乐厅-大厅,2026.09.21 19:30,,待定,爬虫采集,https://www.piaoniu.com/activity/781626,2026-08-31
弦咏浪漫&mdash;&mdash;卡米尔·托马斯与朱利安·博考大提琴与钢琴,[上海]弦咏浪漫&mdash;&mdash;卡米尔·托马斯与朱利安·博考大提琴与钢琴音乐会,上海,凯迪拉克·上海音乐厅-大厅,2026.10.11 15:30,,待定,爬虫采集,https://www.piaoniu.com/activity/783017,2026-08-31
八音小课堂-滴答进行曲,[上海]八音小课堂-滴答进行曲,上海,凯迪拉克·上海音乐厅-音乐立方,2026.12.20 09:30,,待定,爬虫采集,https://www.piaoniu.com/activity/780169,2026-08-31
八音小课堂-骄傲大将军,[上海]八音小课堂-骄傲大将军,上海,凯迪拉克·上海音乐厅-音乐立方,2026.11.15 09:30,,预售中,爬虫采集,https://www.piaoniu.com/activity/780160,2026-08-31
八音小课堂-跳跳变王子,[上海]八音小课堂-跳跳变王子,上海,凯迪拉克·上海音乐厅-音乐立方,2026.10.18 09:30,,待定,爬虫采集,https://www.piaoniu.com/activity/780165,2026-08-31
英国大秀·金刚王国·巨兽觉醒 世界,[广州]英国大秀·金刚王国·巨兽觉醒2026世界巡演·广州站,广州,,2026.9.25-9.26 广州花都东风体育馆,,待定,爬虫采集,https://www.piaoniu.com/activity/781060,2026-08-31
凡人修仙传动画视听,[合肥]凡人修仙传动画视听音乐会,合肥,安徽百戏城大剧院杂技剧场,2026.09.12 19:30,,待定,爬虫采集,https://www.piaoniu.com/activity/779482,2026-08-31
,[合肥]《倩女幽魂之烬火》OST音乐会,合肥,安徽百戏城大剧院杂技剧场,2026.09.19 19:30,,预售中,爬虫采集,https://www.piaoniu.com/activity/783501,2026-08-31
舞台剧 2.0版本再出发,[合肥]舞台剧《倩女幽魂之兰若浮生》2.0版本再出发,合肥,2027.01.01 安徽大剧院,2026.12.31 -,,预售中,爬虫采集,https://www.piaoniu.com/activity/783496,2026-08-31
老舍经典话剧 专属版,[合肥]老舍经典话剧《茶馆》专属版,合肥,安徽大剧院,2026.11.22 19:30,,预售中,爬虫采集,https://www.piaoniu.com/activity/781431,2026-08-31
大型国风诗词大会儿童舞台剧,[合肥]大型国风诗词大会儿童舞台剧《李白的长安》,合肥,安徽大剧院,2026.09.12 10:30,,预售中,爬虫采集,https://www.piaoniu.com/activity/783887,2026-08-31
世界经典音乐之旅,[合肥]《卡农 Canon in D》世界经典音乐之旅音乐会,合肥,安徽大剧院,2026.10.07 19:30,,预售中,爬虫采集,https://www.piaoniu.com/activity/781721,2026-08-31
摇滚交响民族融合,[合肥]《水云托起的英雄》摇滚交响民族融合音乐会,合肥,安徽百戏城大剧院,2026.10.17 19:30,,预售中,爬虫采集,https://www.piaoniu.com/activity/783881,2026-08-31
传世经典民族交响,[合肥]《四大名著》传世经典民族交响音乐会,合肥,安徽大剧院,2026.09.30 19:30,,预售中,爬虫采集,https://www.piaoniu.com/activity/783612,2026-08-31
奥地利维也纳之声交响乐团访华23周年纪念,[合肥]奥地利维也纳之声交响乐团访华23周年纪念专场2027新年音乐会,合肥,安徽大剧院,2026.12.27 19:30,,预售中,爬虫采集,https://www.piaoniu.com/activity/783565,2026-08-31
正版国漫首部2.5次元真人舞台剧 第一部,[合肥]正版国漫首部2.5次元真人舞台剧《一人之下》第一部,合肥,安徽大剧院,2026.11.08 15:30,,预售中,爬虫采集,https://www.piaoniu.com/activity/782431,2026-08-31
经典永流传&mdash;&mdash;致敬中国古典四大名著民族室内,[合肥]经典永流传&mdash;&mdash;致敬中国古典四大名著民族室内音乐会,合肥,安徽大剧院,2026.09.30 19:30,,待定,爬虫采集,https://www.piaoniu.com/activity/780475,2026-08-31
Pianoboy高至豪流行钢琴,[合肥]「复刻回忆」Pianoboy高至豪流行钢琴音乐会,合肥,安徽大剧院,2026.11.20 19:30,,预售中,爬虫采集,https://www.piaoniu.com/activity/778114,2026-08-31
曹禺经典话剧,[合肥]曹禺经典话剧《雷雨》,合肥,安徽大剧院,2026.11.13 -,,预售中,爬虫采集,https://www.piaoniu.com/activity/781435,2026-08-31
茜拉继续说爱我Keep on Loving Me,[杭州]茜拉继续说爱我Keep on Loving Me 2026巡演杭州站,杭州,SoFun Live 杭州,2026.09.11 20:00,,预售中,爬虫采集,https://www.piaoniu.com/activity/783712,2026-08-31
10月10日·唐香玉单口喜剧,[杭州]10月10日·唐香玉单口喜剧专场《糖》杭州站,杭州,19:30 杭州剧院,2026.10.10 周六,,待定,爬虫采集,https://www.piaoniu.com/activity/783807,2026-08-31
东方经典交响,[上海]《梁祝》东方经典交响音乐会,上海,东方艺术中心-音乐厅,2026.09.27 19:30,,待定,爬虫采集,https://www.piaoniu.com/activity/782471,2026-08-31
维京格尔·奥拉夫松钢琴独奏,[上海]维京格尔·奥拉夫松钢琴独奏音乐会,上海,19:30 东方艺术中心-音乐厅,2026.11.05 周四,,待定,爬虫采集,https://www.piaoniu.com/activity/784013,2026-08-31
上海儿童视听交响,[上海]2026上海儿童视听交响音乐会&mdash;演唱版,上海,东方艺术中心-音乐厅,2026.10.18 14:00,,待定,爬虫采集,https://www.piaoniu.com/activity/784415,2026-08-31
卡蒂雅·布尼亚季什维莉钢琴独奏,[上海]卡蒂雅·布尼亚季什维莉钢琴独奏音乐会,上海,东方艺术中心-音乐厅,2026.11.15 19:30,,待定,爬虫采集,https://www.piaoniu.com/activity/783921,2026-08-31
莉莉亚·齐柏丝坦钢琴独奏,[上海]莉莉亚·齐柏丝坦钢琴独奏音乐会,上海,19:30 东方艺术中心-音乐厅,2026.10.17 周六,,预售中,爬虫采集,https://www.piaoniu.com/activity/772526,2026-08-31
爱的喜悦&mdash;&mdash;女高音安吉拉·乔治乌独唱,[上海]爱的喜悦&mdash;&mdash;女高音安吉拉·乔治乌独唱音乐会,上海,19:30 东方艺术中心-音乐厅,2026.11.04 周三,,待定,爬虫采集,https://www.piaoniu.com/activity/781985,2026-08-31
女高音安娜·奈瑞贝科,[上海]女高音安娜·奈瑞贝科音乐会,上海,,2026.10.13-10.15 东方艺术中心-音乐厅,,待定,爬虫采集,https://www.piaoniu.com/activity/782199,2026-08-31
维也纳之声-金秋交响,[上海]维也纳之声-金秋交响音乐会,上海,东方艺术中心-音乐厅,2026.10.03 19:30,,待定,爬虫采集,https://www.piaoniu.com/activity/781649,2026-08-31
维也纳圆舞曲之夜- 交响,[上海]维也纳圆舞曲之夜-2026交响音乐会,上海,东方艺术中心-音乐厅,2026.10.04 19:30,,待定,爬虫采集,https://www.piaoniu.com/activity/784417,2026-08-31
曹禺经典话剧,[苏州]曹禺经典话剧《雷雨》,苏州,19:30 苏州独墅湖影剧院,2026.09.25 周五,,待定,爬虫采集,https://www.piaoniu.com/activity/781014,2026-08-31
三国演义亲子系列舞台剧之,[苏州]三国演义亲子系列舞台剧之《赤壁之战》,苏州,苏州独墅湖影剧院,2026.09.19 周六,,待定,爬虫采集,https://www.piaoniu.com/activity/779781,2026-08-31
〖韩宜珈京昆,[上海]〖韩宜珈京昆专场〗|昆剧折子戏《玉簪记·琴挑》《浣纱记.寄子》《铁冠图·刺虎》京剧《乾坤福寿镜》,上海,上海兰心大戏院,2026.09.11 -,,待定,爬虫采集,https://www.piaoniu.com/activity/780001,2026-08-31
系列&mdash;&mdash;周乐净大提琴独奏,[上海]「百人百场未来大师」系列&mdash;&mdash;周乐净大提琴独奏音乐会,上海,九棵树未来艺术中心-小剧场,2026.09.13 15:00,,待定,爬虫采集,https://www.piaoniu.com/activity/784009,2026-08-31
,[上海]《重返未来：1999》音乐会 众声漫游夜,上海,,2026.10.03-04 上海体育馆,,待定,爬虫采集,https://www.piaoniu.com/activity/780784,2026-08-31
大型历史话剧 （免费接驳车,[上海]大型历史话剧《商鞅》（免费接驳车）,上海,九棵树未来艺术中心-大剧场,2026.10.01 19:30,,待定,爬虫采集,https://www.piaoniu.com/activity/779368,2026-08-31
手提箱迷你剧场 -触感实验室,[上海]手提箱迷你剧场《小星球》-触感实验室,上海,九棵树未来艺术中心-小剧场,2026.10.01 10:30,,待定,爬虫采集,https://www.piaoniu.com/activity/780800,2026-08-31
经典名曲,[北京]《坂本龙一终曲·未来》经典名曲音乐会,北京,北京剧院,2026.12.19 19:30,,预售中,爬虫采集,https://www.piaoniu.com/activity/783223,2026-08-31
中国篮协未来杯国际篮球挑战赛,[北京]2026中国篮协未来杯国际篮球挑战赛,北京,首钢冰球馆,2026.09.01 -,,预售中,爬虫采集,https://www.piaoniu.com/activity/784271,2026-08-31
未来大师：巴赫/苏轼跨时空的邂逅&mdash;&mdash;匡俊宏吉他独奏,[上海]未来大师：巴赫&times;苏轼跨时空的邂逅&mdash;&mdash;匡俊宏吉他独奏音乐会,上海,东方艺术中心-演奏厅,2026.12.05 19:45,,待定,爬虫采集,https://www.piaoniu.com/activity/769630,2026-08-31
英国BBC正版授权亲子互动舞台剧,[北京]英国BBC正版授权亲子互动舞台剧《布鲁伊的大宝藏》,北京,北京未来剧院,2026.09.18 -,,预售中,爬虫采集,https://www.piaoniu.com/activity/779919,2026-08-31
10月11日· 黑灯单口喜剧,[广州]10月11日·《先上车》黑灯单口喜剧专场@广州站,广州,19:30 广州蓓蕾剧院,2026.10.11 周日,,待定,爬虫采集,https://www.piaoniu.com/activity/784064,2026-08-31
姚晨领衔主演话剧,[广州]姚晨领衔主演话剧《非穷尽列举》,广州,,2026.09.30-10.02 广州大剧院-歌剧厅,,待定,爬虫采集,https://www.piaoniu.com/activity/784497,2026-08-31
粤语话剧,[广州]粤语话剧《二湾大街》,广州,,2026.10.09-10.11 广州大剧院实验剧场,,待定,爬虫采集,https://www.piaoniu.com/activity/784180,2026-08-31
粤语话剧,[广州]粤语话剧《别来无恙》,广州,,2026.10.23-10.24 广州大剧院实验剧场,,待定,爬虫采集,https://www.piaoniu.com/activity/784182,2026-08-31
悬疑女王阿加莎·克里斯蒂传世巨著 （小说结尾版,[广州]悬疑女王阿加莎·克里斯蒂传世巨著《无人生还》（小说结尾版）,广州,广东艺术剧院（原广东演艺中心大剧院）,2026.09.05 -,,预售中,爬虫采集,https://www.piaoniu.com/activity/779945,2026-08-31
,[北京]【中秋国庆专场】「我和我的祖国·友谊地久天长」传世经典作品音乐会,北京,,2026.09.25-10.02 五棵松·爱乐汇艺术空间·都市音乐厅,,预售中,爬虫采集,https://www.piaoniu.com/activity/783105,2026-08-31
佟睿睿导演作品·舞剧,[广州]佟睿睿导演作品·舞剧《龟兹》,广州,广州大剧院歌剧厅,2026.09.04 -,,待定,爬虫采集,https://www.piaoniu.com/activity/780239,2026-08-31
《音乐剧明星,[北京]《音乐剧明星音乐会&mdash;百老汇皇后专场》 Stars Gala-Broadway Queens,北京,天桥艺术中心&mdash;&mdash;大剧场,2026.09.18 -,,预售中,爬虫采集,https://www.piaoniu.com/activity/783777,2026-08-31
廿念不忘青曲社苗阜王声合作20周年,[上海]廿念不忘青曲社苗阜王声合作20周年巡演·上海站,上海,上海大宁剧院,2026.12.19 19:30,,待定,爬虫采集,https://www.piaoniu.com/activity/780347,2026-08-31
轧轧闹猛笑哈哈&mdash;&mdash;滑稽名家新秀精品演出,[上海]轧轧闹猛笑哈哈&mdash;&mdash;滑稽名家新秀精品演出,上海,保利上海城市剧院,2026.09.05 14:00,,待定,爬虫采集,https://www.piaoniu.com/activity/780766,2026-08-31
小喜鹊剧场金曲,[北京]小喜鹊剧场金曲演唱会,北京,,2026.07.21-08.31 雍和笑逗演艺街-F厅-黑匣子话剧剧场,,待定,爬虫采集,https://www.piaoniu.com/activity/762400,2026-08-31
,[苏州]【剧在周市】澳大利亚亲子互动剧《泡泡宇航员》,苏州,14:30 昆山周市文化艺术中心,2026.10.17 周六,,待定,爬虫采集,https://www.piaoniu.com/activity/778025,2026-08-31
阿加莎·克里斯蒂经典喜剧,[上海]阿加莎·克里斯蒂经典喜剧《蛛网》,上海,人民大舞台,2026.10.31 -,,待定,爬虫采集,https://www.piaoniu.com/activity/784144,2026-08-31
京剧,[上海]《尚戏・文武荟》京剧专场,上海,人民大舞台,2026.09.20 19:30,,待定,爬虫采集,https://www.piaoniu.com/activity/783262,2026-08-31
音乐剧,[上海]音乐剧《摇滚浮士德》,上海,人民大舞台,2026.10.04 -,,待定,爬虫采集,https://www.piaoniu.com/activity/784062,2026-08-31
,[上海]【人民广场脱口秀】【魔脱喜剧】 限量特惠 周一至周日每天三场丨爆笑精品秀解压脱口秀喜剧大会,上海,魔脱喜剧脱口秀-人民广场店,2026.08.10- 08.23,,待定,爬虫采集,https://www.piaoniu.com/activity/782736,2026-08-31
诺贝尔奖得主韩江同名小说改编 舞蹈剧场 口碑返场,[上海]诺贝尔奖得主韩江同名小说改编 舞蹈剧场《素食者》口碑返场,上海,YOUNG剧场·主剧场,2026.09.04 -,,待定,爬虫采集,https://www.piaoniu.com/activity/780133,2026-08-31
音乐剧,[泉州]音乐剧《六个说谎的大学生》,泉州,,2026.09.12-09.13 泉州大剧院-歌剧厅,,待定,爬虫采集,https://www.piaoniu.com/activity/784188,2026-08-31
浙里有戏 全省传统戏曲演出季丨浙江青年演员戏曲中秋晚会,[杭州]浙里有戏2026全省传统戏曲演出季丨浙江青年演员戏曲中秋晚会,杭州,19:30 浙江胜利剧院,2026.09.17 周四,,待定,爬虫采集,https://www.piaoniu.com/activity/784546,2026-08-31
京剧,[杭州]京剧《锁麟囊》,杭州,19:30 浙江胜利剧院,2026.09.05 周六,,待定,爬虫采集,https://www.piaoniu.com/activity/782343,2026-08-31
曹云金 听云轩相声,[鞍山]曹云金《万象更新》听云轩相声专场@鞍山站,鞍山,19:30 鞍山大剧院,2026.12.25 周五,,待定,爬虫采集,https://www.piaoniu.com/activity/784052,2026-08-31
,[苏州]【剧在周市】贾旭明郭威领衔主演相声大会《旭日东升》,苏州,19:30 昆山周市文化艺术中心,2026.09.25 周五,,待定,爬虫采集,https://www.piaoniu.com/activity/782336,2026-08-31
嘻哈包袱铺相声剧场&mdash;五棵松剧场,[北京]嘻哈包袱铺相声剧场&mdash;五棵松剧场,北京,,2026.07.30-08.31 嘻哈包袱铺五棵松剧场,,预售中,爬虫采集,https://www.piaoniu.com/activity/781399,2026-08-31
,[北京][免服务费]德云社相声大会&mdash;&mdash;北京学院路德云社,北京,,2026.08.27-09.06 德云社学院路剧场,,待定,爬虫采集,https://www.piaoniu.com/activity/758271,2026-08-31
嘻哈壹笑堂相声大会,[苏州]嘻哈壹笑堂相声大会,苏州,,2026.08.22-09.26 嘻哈壹笑堂,,待定,爬虫采集,https://www.piaoniu.com/activity/783873,2026-08-31
,[北京][免服务费]德云社相声大会&mdash;&mdash;天桥德云社剧场,北京,,2026.08.27-09.06 天桥德云社剧场,,待定,爬虫采集,https://www.piaoniu.com/activity/731878,2026-08-31
Charlie Puth-断眉-查理·普斯: Whatever's Clever,[上海]Charlie Puth-断眉-查理·普斯: Whatever's Clever! World Tour,上海,,2026.10.31-11.01 虹口足球场,,预售中,爬虫采集,https://www.piaoniu.com/activity/775302,2026-08-31
歌者归来超级歌会（中秋特别场,[上海]歌者归来超级歌会（中秋特别场）,上海,上海上汽浦东足球场,2026.09.25 19:00,,预售中,爬虫采集,https://www.piaoniu.com/activity/782496,2026-08-31
中国足协杯 北京国安主场赛事,[北京]2026中国足协杯 北京国安主场赛事,北京,工人体育场,2026.09.01 19:35,,待定,爬虫采集,https://www.piaoniu.com/activity/784321,2026-08-31
Bruno Mars The Romantic Tour-埼玉站,Bruno Mars The Romantic Tour-埼玉站,,Belluna Dome(贝鲁纳圆顶球场),2027.01.15 -,,预售中,爬虫采集,https://www.piaoniu.com/activity/783270,2026-08-31
中国网球公开赛-工作日专区,[北京]2026中国网球公开赛-工作日专区,北京,国家网球中心·首创钻石球场,2026.09.30 -,,待定,爬虫采集,https://www.piaoniu.com/activity/782948,2026-08-31
,[苏州]【剧在周市·惠民专场】宋代美学《梦回红楼》民乐演奏会,苏州,19:30 昆山周市文化艺术中心,2026.10.24 周六,,待定,爬虫采集,https://www.piaoniu.com/activity/783627,2026-08-31
老舍传世经典话剧 传承版,[上海]老舍传世经典话剧《茶馆》传承版,上海,大零号湾文化艺术中心,2026.09.20 19:30,,待定,爬虫采集,https://www.piaoniu.com/activity/782538,2026-08-31
加拿大原版全场互动亲子剧,[上海]加拿大原版全场互动亲子剧《你是演奏家2》,上海,大零号湾文化艺术中心,2026.10.18 15:00,,待定,爬虫采集,https://www.piaoniu.com/activity/784658,2026-08-31
滑稽舞台剧,[上海]滑稽舞台剧《72国房客》,上海,大零号湾文化艺术中心,2026.09.25 -,,待定,爬虫采集,https://www.piaoniu.com/activity/779861,2026-08-31
古谱诗词,[上海]古谱诗词音乐会《能不忆江南》,上海,大零号湾文化艺术中心,2026.09.06 19:30,,待定,爬虫采集,https://www.piaoniu.com/activity/783460,2026-08-31
致敬 发行30周年,[上海]致敬《乐满哈瓦那》发行30周年音乐会,上海,大零号湾文化艺术中心,2026.09.13 19:00,,待定,爬虫采集,https://www.piaoniu.com/activity/783920,2026-08-31
快乐共暖脱口秀朋友季｜继业、侯智元、菜菜等｜快乐共暖@上海,[上海]快乐共暖脱口秀朋友季｜继业、侯智元、菜菜等｜快乐共暖@上海,上海,大零号湾文化艺术中心,2026.09.05 19:30,,待定,爬虫采集,https://www.piaoniu.com/activity/783232,2026-08-31
永不消失的黑水城&mdash;&mdash;沉浸式文博大展,[上海]永不消失的黑水城&mdash;&mdash;沉浸式文博大展,上海,ROOM 拉法耶文化艺术中心,2026.07.18-10.07 ALIGHT,,待定,爬虫采集,https://www.piaoniu.com/activity/782333,2026-08-31
巴里·道格拉斯与爱尔兰室内乐团,[上海]巴里·道格拉斯与爱尔兰室内乐团音乐会,上海,大零号湾文化艺术中心,2026.09.27 19:30,,待定,爬虫采集,https://www.piaoniu.com/activity/781941,2026-08-31
,"[滁州]【HI,LIVE】唐香玉单口喜剧专场《糖》天长站",滁州,19:30 天长文化艺术中心大剧院,2026.09.26 周六,,待定,爬虫采集,https://www.piaoniu.com/activity/784085,2026-08-31
,[苏州]【剧在周市】京剧专场《尚戏・文武荟》,苏州,15:00 昆山周市文化艺术中心,2026.10.11 周日,,待定,爬虫采集,https://www.piaoniu.com/activity/783995,2026-08-31
王越脱口秀,[北京]王越脱口秀专场《短发》丨Standby出品@北京,北京,北京展览馆剧场,2026.09.25 19:30,,预售中,爬虫采集,https://www.piaoniu.com/activity/784297,2026-08-31
爱·永恒&mdash;理查德·克莱德曼 新年钢琴,[北京]爱·永恒&mdash;理查德·克莱德曼2027新年钢琴音乐会,北京,北京展览馆剧场,2026.12.25 19:30,,预售中,爬虫采集,https://www.piaoniu.com/activity/782492,2026-08-31
话剧,[北京]话剧《桃花扇1912》,北京,北京展览馆剧场,2026.09.19 19:30,,预售中,爬虫采集,https://www.piaoniu.com/activity/779897,2026-08-31
俄罗斯国立古典芭蕾舞团,[北京]俄罗斯国立古典芭蕾舞团《天鹅湖》,北京,北京展览馆剧场,2026.12.26 19:30,,预售中,爬虫采集,https://www.piaoniu.com/activity/782338,2026-08-31
陕西人艺话剧,[北京]陕西人艺话剧《主角》,北京,北京展览馆剧场,2026.11.06 -,,预售中,爬虫采集,https://www.piaoniu.com/activity/783773,2026-08-31
婺剧,[北京]婺剧《三打白骨精》,北京,北京展览馆剧场,2026.09.08 19:30,,预售中,爬虫采集,https://www.piaoniu.com/activity/784525,2026-08-31
童漠男脱口秀,[北京]童漠男脱口秀专场《寻找王医生·北下关特别版》丨笑果出品@北京,北京,,2026.10.22-11.15 北京展览馆剧场,,预售中,爬虫采集,https://www.piaoniu.com/activity/782938,2026-08-31
全球经典华语大型综艺秀·上海站,[上海]「同一个梦想 同一首歌」全球经典华语大型综艺秀·上海站,上海,上海兰心大戏院,2026.08.06 -,,待定,爬虫采集,https://www.piaoniu.com/activity/780099,2026-08-31
8月28日丨高晓攀脱口秀互动,[北京]8月28日丨高晓攀脱口秀互动专场 《笑发财了》丨磁场喜剧&南锣鼓巷,北京,,2026.08.28-09.04 磁场剧场NT剧场,,预售中,爬虫采集,https://www.piaoniu.com/activity/784276,2026-08-31
10月1日·唐香玉单口喜剧,[扬州]10月1日·唐香玉单口喜剧专场《糖》扬州站,扬州,19:30 扬州运河大剧院 歌剧厅,2026.10.01 周四,,待定,爬虫采集,https://www.piaoniu.com/activity/783811,2026-08-31
9月19日丨小雪单口喜剧,[北京]9月19日丨小雪单口喜剧专场《生而为人》丨脱口秀和Ta的朋友们人气卡司丨磁场喜剧,北京,磁场剧场NT剧场,2026.09.19 19:30,,预售中,爬虫采集,https://www.piaoniu.com/activity/784280,2026-08-31
春奈露娜,[中国香港]春奈露娜 LIVE TOUR 2026 &quot;Phases of the Moon&quot; 香港站,中国香港,Portal,2026.09.26 19:30,,待定,爬虫采集,https://www.piaoniu.com/activity/779049,2026-08-31
,[重庆][演出延期！]新裤子2026北海怪兽·浪潮来临的时候 巡回演唱会,重庆,华熙生物·润百颜ECM中心,2026.09.05 19:30,,待定,爬虫采集,https://www.piaoniu.com/activity/778262,2026-08-31
回春丹大把时间璀璨 拉阔,[西安]回春丹大把时间璀璨2026拉阔演唱会,西安,汉长安城未央宫国家考古遗址公园,2026.09.12 18:18,,待定,爬虫采集,https://www.piaoniu.com/activity/784605,2026-08-31
一息春风&mdash; 动画国漫,[上海]一息春风&mdash;《剑来》动画国漫音乐会,上海,上海大剧院-大剧场,2026.09.19 14:30,,待定,爬虫采集,https://www.piaoniu.com/activity/784539,2026-08-31
肖斯塔科维奇交响曲全集&mdash;&mdash;瓦莱里·捷杰耶夫与马林斯基交响,[上海]肖斯塔科维奇交响曲全集&mdash;&mdash;瓦莱里·捷杰耶夫与马林斯基交响乐团,上海,上海大歌剧院,2026.10.23 -,,待定,爬虫采集,https://www.piaoniu.com/activity/782224,2026-08-31
原版音乐剧 四十周年上海告别季,[上海]原版音乐剧《剧院魅影》四十周年上海告别季,上海,上海大剧院-大剧场,2026.12.15 -,,待定,爬虫采集,https://www.piaoniu.com/activity/784257,2026-08-31
暗黑摇滚音乐剧,[上海]暗黑摇滚音乐剧《跑步机Treadmill》,上海,上海大剧院-中剧场,2026.09.04 -,,待定,爬虫采集,https://www.piaoniu.com/activity/783076,2026-08-31
话剧 第五届长三角城市戏剧季,[上海]话剧《长安十二时辰》第五届长三角城市戏剧季,上海,黄浦文化中心-大上海剧场,2026.11.07 -,,待定,爬虫采集,https://www.piaoniu.com/activity/783423,2026-08-31
暴雪35周年官方游戏交响,[深圳]暴雪35周年官方游戏交响音乐会（Jason Hayes领衔）深圳站,深圳,19:30 南山文体中心剧院-大剧院,2026.11.08 周日,,待定,爬虫采集,https://www.piaoniu.com/activity/780806,2026-08-31
敦煌：英雄列传,[苏州]敦煌：英雄列传,苏州,13:30 漕湖文体中心多功能剧院,2026.10.24 周六,,待定,爬虫采集,https://www.piaoniu.com/activity/781742,2026-08-31
楚风汉韵一弹拔国乐,[武汉]楚风汉韵一弹拔国乐音乐会（Z）,武汉,武汉琴台音乐厅,2026.10.31 19:30,,待定,爬虫采集,https://www.piaoniu.com/activity/783954,2026-08-31
中外经典名曲交响,[武汉]中外经典名曲交响音乐会（Z）,武汉,武汉琴台音乐厅,2026.11.08 19:30,,待定,爬虫采集,https://www.piaoniu.com/activity/783999,2026-08-31
王越脱口秀,[武汉]王越脱口秀专场《短发》丨Standby出品@武汉,武汉,19:30 湖北剧院,2026.10.11 周日,,待定,爬虫采集,https://www.piaoniu.com/activity/784679,2026-08-31
莫斯科大剧院芭蕾舞团,[北京]莫斯科大剧院芭蕾舞团《精品芭蕾荟萃》,北京,,2026.10.07-10.08 国家大剧院&mdash;&mdash;歌剧院,,预售中,爬虫采集,https://www.piaoniu.com/activity/783595,2026-08-31
莫斯科大剧院芭蕾舞团,[北京]莫斯科大剧院芭蕾舞团《天鹅湖》,北京,,2026.10.10-10.11 国家大剧院&mdash;&mdash;歌剧院,,预售中,爬虫采集,https://www.piaoniu.com/activity/783604,2026-08-31
国潮经典 遇见 -新国风,[南京]国潮经典《沧海一声笑》遇见《一生所爱》-新国风音乐会,南京,19:30 南京太阳宫剧场,2026.10.06 周二,,待定,爬虫采集,https://www.piaoniu.com/activity/784092,2026-08-31
暗杠 走歌人专辑,[南京]暗杠2026「太阳·月亮·草地」走歌人专辑巡唱,南京,1701 LIVEHOUSE MAX,2026.11.20 20:00,,预售中,爬虫采集,https://www.piaoniu.com/activity/782681,2026-08-31
庞博脱口秀,[南京]庞博脱口秀专场,南京,南京保利大剧院大剧场,2026.09.04 -,,待定,爬虫采集,https://www.piaoniu.com/activity/783840,2026-08-31
维也纳皇家爱乐乐团新年,[南京]维也纳皇家爱乐乐团新年音乐会,南京,19:30 南京保利大剧院大剧场,2026.12.29 周二,,待定,爬虫采集,https://www.piaoniu.com/activity/782166,2026-08-31
最后的莫西干人---印第安演奏家亚历桑德罗旷野之声,[南京]最后的莫西干人---印第安演奏家亚历桑德罗旷野之声音乐会,南京,南京文化艺术中心-大剧场,2026.11.07 19:30,,待定,爬虫采集,https://www.piaoniu.com/activity/781360,2026-08-31
文润建邺·艺美生活· 周末,[南京]文润建邺·艺美生活·2026周末音乐会·美丽人生-经典电影音乐会,南京,19:30 南京保利大剧院大剧场,2026.09.13 周日,,待定,爬虫采集,https://www.piaoniu.com/activity/777437,2026-08-31
世界舞蹈剧场&mdash;&mdash;韩真&周莉亚导演作品 舞剧,[南京]2026世界舞蹈剧场&mdash;&mdash;韩真&周莉亚导演作品 舞剧《咏春》,南京,,2026.09.11-09.12 江苏大剧院-歌剧厅,,待定,爬虫采集,https://www.piaoniu.com/activity/782000,2026-08-31
交响,[南京]《传说之下》交响音乐会 UNDERTALE: The Determination Symphony,南京,,2026.09.30-10.01 南京保利大剧院大剧场,,待定,爬虫采集,https://www.piaoniu.com/activity/783013,2026-08-31
队长YoungCaptain [I Am What I Am] World To,[吉隆坡]队长YoungCaptain [I Am What I Am] World Tour,吉隆坡,Unifi Arena,2026.11.07 20:00,,预售中,爬虫采集,https://www.piaoniu.com/activity/783619,2026-08-31
中美男篮对抗赛 I 星耀龙江篮球巅峰汇,[哈尔滨] 中美男篮对抗赛 I 星耀龙江篮球巅峰汇,哈尔滨,黑龙江大学体育馆,2026.09.05 19:00,,预售中,爬虫采集,https://www.piaoniu.com/activity/784752,2026-08-31
声动华语 巅峰唱匠经典,[衢州]2026声动华语 巅峰唱匠经典演唱会,衢州,衢州市体育中心体育场,2026.11.21 19:00,,预售中,爬虫采集,https://www.piaoniu.com/activity/784745,2026-08-31
李柱延 首场粉丝见面会,[中国香港]李柱延2026首场粉丝见面会,中国香港,安盛创梦馆 Go Park AXA Dreamland,2026.09.05 18:00,,待定,爬虫采集,https://www.piaoniu.com/activity/783055,2026-08-31
NCT WISH 二周年粉丝见面会&lt;六位王子都想娶我?&gt;,[中国台北]NCT WISH 二周年粉丝见面会&lt;六位王子都想娶我?&gt;,中国台北,NTSU Arena (Linkou Arena),2026.09.05 13:30,,待定,爬虫采集,https://www.piaoniu.com/activity/784051,2026-08-31
佐佐木李子 Sasaki Rico ~香港·李好~ Hong Kong Fanm,[中国香港]佐佐木李子 Sasaki Rico 2026~香港·李好~ Hong Kong Fanmeeting,中国香港,TIDES,2026.11.21 14:30,,待定,爬虫采集,https://www.piaoniu.com/activity/784434,2026-08-31
刘旸教主单口喜剧,[苏州]刘旸教主单口喜剧专场《身心俱疲》 | Standby出品 @苏州,苏州,,2026.09.04-09.05 苏州湾大剧院-歌剧厅,,待定,爬虫采集,https://www.piaoniu.com/activity/782206,2026-08-31
唐香玉单口喜剧,[苏州]唐香玉单口喜剧专场《糖》&mdash;&mdash;「山下有梗」十一喜剧季,苏州,19:30 苏州狮山大剧院-大剧场,2026.10.02 周五,,待定,爬虫采集,https://www.piaoniu.com/activity/784055,2026-08-31
邱瑞脱口秀,[苏州]邱瑞脱口秀专场《泡沫之下》&mdash;&mdash;「山下有梗」十一喜剧季,苏州,19:30 苏州狮山大剧院-大剧场,2026.10.03 周六,,待定,爬虫采集,https://www.piaoniu.com/activity/783825,2026-08-31
DOH KYUNG SOO都暻秀 CONCERT TOUR [DAY OFF],[中国澳门]2026-2027 DOH KYUNG SOO都暻秀 CONCERT TOUR [DAY OFF],中国澳门,澳门新濠影汇综艺馆,2026.10.17 -,,预售中,爬虫采集,https://www.piaoniu.com/activity/784754,2026-08-31
余隆、卡瓦科斯与上海交响乐团演绎科恩戈尔德与马勒,[上海]余隆、卡瓦科斯与上海交响乐团演绎科恩戈尔德与马勒,上海,捷豹上海交响音乐厅-主厅,2027.06.18 19:30,,待定,爬虫采集,https://www.piaoniu.com/activity/782926,2026-08-31
魏春荣、邵峥领衔主演北方昆曲剧院 昆曲,[深圳]魏春荣、邵峥领衔主演北方昆曲剧院 昆曲《狮吼记》,深圳,光明文化艺术中心-大剧场,2026.10.31 19:30,,预售中,爬虫采集,https://www.piaoniu.com/activity/778422,2026-08-31
克里斯蒂安·布莱克肖钢琴独奏,[北京]克里斯蒂安·布莱克肖钢琴独奏音乐会,北京,北京音乐厅,2026.09.04 19:30,,待定,爬虫采集,https://www.piaoniu.com/activity/776544,2026-08-31
克里斯蒂安·齐默尔曼钢琴独奏,[西安]克里斯蒂安·齐默尔曼钢琴独奏音乐会,西安,,2026.11.13-11.14 西安音乐厅-交响大厅,,预售中,爬虫采集,https://www.piaoniu.com/activity/783775,2026-08-31
安天旭钢琴独奏,[长沙]安天旭钢琴独奏音乐会,长沙,长沙音乐厅湘江大厅,2026.10.04 19:30,,预售中,爬虫采集,https://www.piaoniu.com/activity/782811,2026-08-31
璀璨号角安德烈·朱弗莱迪与北京交响乐团,[北京]璀璨号角安德烈·朱弗莱迪与北京交响乐团音乐会,北京,国家大剧院&mdash;&mdash;音乐厅,2026.09.13 19:30,,预售中,爬虫采集,https://www.piaoniu.com/activity/784234,2026-08-31
安特耶·魏特哈斯演绎巴赫无伴奏小提琴奏鸣曲与组曲全本,[西安]安特耶·魏特哈斯演绎巴赫无伴奏小提琴奏鸣曲与组曲全本,西安,西安音乐厅-交响大厅,2026.10.31 19:30,,预售中,爬虫采集,https://www.piaoniu.com/activity/781521,2026-08-31
安东尼奥·帕帕诺与伦敦交响乐团,[北京] 安东尼奥·帕帕诺与伦敦交响乐团音乐会&mdash;2026醇·萃古典,北京,,2026.09.16-09.18 国家大剧院&mdash;&mdash;音乐厅,,待定,爬虫采集,https://www.piaoniu.com/activity/782153,2026-08-31
西班牙塞维利亚安东尼奥·安德拉德弗拉门戈舞蹈团 广州站,[广州]西班牙塞维利亚安东尼奥·安德拉德弗拉门戈舞蹈团《卡门》 广州站,广州,20:00 星海音乐厅（交响乐演奏厅）,2026.10.04 周日,,待定,爬虫采集,https://www.piaoniu.com/activity/780364,2026-08-31
名家名团系列- 安东尼·帕帕诺爵士、刘晓禹和伦敦交响乐团,[南京]2026名家名团系列- 安东尼·帕帕诺爵士、刘晓禹和伦敦交响乐团音乐会,南京,19:30 江苏大剧院-音乐厅,2026.09.20 周日,,待定,爬虫采集,https://www.piaoniu.com/activity/778506,2026-08-31
东映原版动漫舞台剧,[上海]东映原版动漫舞台剧《屁屁侦探之怪盗U对怪盗U》,上海,上海虹桥艺术中心,2026.09.19 10:30,,待定,爬虫采集,https://www.piaoniu.com/activity/780174,2026-08-31
暗杠 走歌人 专辑,[成都]暗杠「太阳·月亮·草地」走歌人2026专辑巡唱 成都站,成都,20:00 成都 不歪LIVE(Pro厅）,2026.11.13 周五,,待定,爬虫采集,https://www.piaoniu.com/activity/784351,2026-08-31
,[成都]【中外名家名团】爱·永恒&mdash;理查德·克莱德曼2027新年钢琴音乐会成都站,成都,19:30 成都城市音乐厅-歌剧厅,2026.12.29 周二,,待定,爬虫采集,https://www.piaoniu.com/activity/783940,2026-08-31
暴雪35周年官方游戏交响,[成都]暴雪35周年官方游戏交响音乐会（Jason Hayes领衔）成都站,成都,19:30 成都城市音乐厅-歌剧厅,2026.11.13 周五,,待定,爬虫采集,https://www.piaoniu.com/activity/780802,2026-08-31
正版国漫2.5次元舞台剧,[武汉]正版国漫2.5次元舞台剧《狐妖小红娘·第一部》,武汉,15:30 湖北剧院,2026.09.06 周日,,待定,爬虫采集,https://www.piaoniu.com/activity/781498,2026-08-31
正版国漫2.5次元舞台剧,[北京]正版国漫2.5次元舞台剧《狐妖小红娘第一部 升级版》,北京,北京幸福东方剧院,2026.11.28 14:30,,预售中,爬虫采集,https://www.piaoniu.com/activity/783205,2026-08-31
,[上海]《神奇的打鼓小猴子》,上海,云间剧院,2026.09.05 14:30,,待定,爬虫采集,https://www.piaoniu.com/activity/781741,2026-08-31
维也纳施特劳斯乐团 新年,[长沙]维也纳施特劳斯乐团2027新年音乐会,长沙,长沙音乐厅湘江大厅,2027.01.03 19:30,,预售中,爬虫采集,https://www.piaoniu.com/activity/778844,2026-08-31
老舍经典话剧 专属版,[西安]老舍经典话剧《茶馆》专属版,西安,,2026.12.25-12.27 西安人民剧院,,预售中,爬虫采集,https://www.piaoniu.com/activity/781758,2026-08-31
浪漫烛光,[西安]《请回答1988》《鬼怪》浪漫烛光音乐会,西安,,2026.08.19-09.19 西安话剧院(新城剧场),,预售中,爬虫采集,https://www.piaoniu.com/activity/782750,2026-08-31
流行金曲,[西安]《我们的爱》《告白气球》流行金曲音乐会,西安,,2026.08.19-09.19 西安话剧院(新城剧场),,预售中,爬虫采集,https://www.piaoniu.com/activity/782753,2026-08-31
曹禺经典话剧,[西安]曹禺经典话剧《雷雨》,西安,,2026.12.18-12.19 西安人民剧院,,预售中,爬虫采集,https://www.piaoniu.com/activity/782740,2026-08-31
《亚尼克·瑞约爵士勃拉姆斯四重奏,[上海]《亚尼克·瑞约爵士勃拉姆斯四重奏音乐会》,上海,上海保利大剧院-大剧场,2026.10.31 19:30,,待定,爬虫采集,https://www.piaoniu.com/activity/784447,2026-08-31
文润建邺·艺美生活· ·保利周末,[南京]文润建邺·艺美生活·2026·保利周末音乐会·《亚尼克·瑞约爵士勃拉姆斯四重奏音乐会》,南京,19:30 南京保利大剧院-金色音乐厅,2026.10.30 周五,,待定,爬虫采集,https://www.piaoniu.com/activity/782916,2026-08-31
《钢琴演奏家米娅·佩尼克个人独奏,[苏州]《钢琴演奏家米娅·佩尼克个人独奏音乐会》,苏州,19:30 太仓大剧院,2026.09.20 周日,,待定,爬虫采集,https://www.piaoniu.com/activity/783085,2026-08-31
李宁·中国羽毛球大师赛,[深圳]2026李宁·中国羽毛球大师赛,深圳,深圳市体育中心体育馆（主馆）,2026.09.01 -,,待定,爬虫采集,https://www.piaoniu.com/activity/784018,2026-08-31
粤剧,[深圳]粤剧《白蛇传·情》,深圳,19:30 深圳·鹭湖艺术中心 大剧场,2026.09.26 周六,,待定,爬虫采集,https://www.piaoniu.com/activity/783656,2026-08-31
喜剧,[深圳]喜剧《蒋公的面子》,深圳,深圳滨海艺术中心-歌剧厅,2026.09.12 -,,待定,爬虫采集,https://www.piaoniu.com/activity/779120,2026-08-31
欢庆十一大型励志互动儿童剧,[深圳]欢庆十一大型励志互动儿童剧《冰雪奇缘-爱莎的魔法秘密》,深圳,10:30 深圳华夏艺术中心,2026.10.06 周二,,待定,爬虫采集,https://www.piaoniu.com/activity/780533,2026-08-31
中国歌剧舞剧院 舞剧,[成都]中国歌剧舞剧院 舞剧《垂虹别意·唐寅》,成都,,2026.09.18-09.19 中演·成都大剧院-大剧场,,待定,爬虫采集,https://www.piaoniu.com/activity/779823,2026-08-31
凡人修仙传动画视听,[成都]凡人修仙传动画视听音乐会,成都,四川大剧院 大剧场,2026.11.07 周六,,待定,爬虫采集,https://www.piaoniu.com/activity/779819,2026-08-31
英文原版音乐剧,[成都]英文原版音乐剧《剧院魅影》,成都,,2026.09.16-09.20 中演·成都大剧院,,待定,爬虫采集,https://www.piaoniu.com/activity/779225,2026-08-31
,[成都]【2026成都中演音乐剧节】英文原版音乐剧《SIX》,成都,,2026.11.19-11.22 中演·成都大剧院-大剧场,,待定,爬虫采集,https://www.piaoniu.com/activity/779407,2026-08-31
笑吧脱口秀｜周二新人开放麦｜新人新梗新段子,[合肥]笑吧脱口秀｜周二新人开放麦｜新人新梗新段子,合肥,笑吧喜剧空间(脱口秀剧场),2026.09.01 -,,预售中,爬虫采集,https://www.piaoniu.com/activity/784569,2026-08-31
舞剧,[苏州]舞剧《永乐未央》,苏州,,2026.09.26-09.27 苏州狮山大剧院-大剧场,,待定,爬虫采集,https://www.piaoniu.com/activity/779025,2026-08-31
舞剧,[上海]舞剧《牡丹亭》,上海,上海文化广场·主剧场,2026.10.16 -,,待定,爬虫采集,https://www.piaoniu.com/activity/783623,2026-08-31
舞剧,[上海]舞剧《沙湾往事》,上海,上海保利大剧院-大剧场,2026.09.05 -,,待定,爬虫采集,https://www.piaoniu.com/activity/779668,2026-08-31
俄罗斯芭蕾国家剧院芭蕾舞剧,[上海]俄罗斯芭蕾国家剧院芭蕾舞剧《天鹅湖》,上海,久事·上海商城剧院,2026.10.06 -,,预售中,爬虫采集,https://www.piaoniu.com/activity/777903,2026-08-31
舞剧,[杭州]舞剧《咏春》,杭州,,2026.09.30-10.01 杭州运河大剧院-歌剧厅,,待定,爬虫采集,https://www.piaoniu.com/activity/780369,2026-08-31
舞剧,[上海]舞剧《海的一半》,上海,上海保利大剧院-大剧场,2026.09.11 -,,待定,爬虫采集,https://www.piaoniu.com/activity/781123,2026-08-31
舞剧,[上海]舞剧《骑兵》,上海,上海保利大剧院-大剧场,2026.11.11 19:30,,待定,爬虫采集,https://www.piaoniu.com/activity/784158,2026-08-31
大型原创舞剧,[苏州]大型原创舞剧《沙湾往事》,苏州,19:30 苏州湾大剧院-歌剧厅,2026.09.02 周三,,待定,爬虫采集,https://www.piaoniu.com/activity/781955,2026-08-31
周莉亚x韩真首部作品·文华大奖舞剧,[长沙]周莉亚x韩真首部作品·文华大奖舞剧《沙湾往事》,长沙,19:30 长沙梅溪湖国际文化艺术中心大剧院,2026.09.18 周五,,待定,爬虫采集,https://www.piaoniu.com/activity/783588,2026-08-31
舞剧,[苏州]舞剧《咏春》,苏州,,2026.09.18-09.19 苏州湾大剧院-歌剧厅,,待定,爬虫采集,https://www.piaoniu.com/activity/780898,2026-08-31
,[上海][奇妙嘿夜]烛光音乐会海上钢琴师爱乐之城加勒比海盗曲目钢琴&小提琴,上海,,2026.08.16-09.13 青春无限音乐厅-上海广场店,,待定,爬虫采集,https://www.piaoniu.com/activity/783589,2026-08-31
童话木偶剧 -特惠场,[上海]童话木偶剧《丑小鸭》-特惠场,上海,仙乐斯木偶剧场,2026.09.12 10:00,,待定,爬虫采集,https://www.piaoniu.com/activity/784295,2026-08-31
杭州大剧院管风琴系列VOL.62从巴赫到新世界：管风琴的交响幻想马丁·施梅丁独奏,[杭州]杭州大剧院管风琴系列VOL.62从巴赫到新世界：管风琴的交响幻想马丁·施梅丁独奏音乐会,杭州,19:30 杭州大剧院-音乐厅,2026.09.25 周五,,待定,爬虫采集,https://www.piaoniu.com/activity/781185,2026-08-31
丁嘉滢携手长笛之王帕胡德,[广州]丁嘉滢携手长笛之王帕胡德,广州,星海音乐厅·交响乐演奏大厅,2027.01.10 20:00,,预售中,爬虫采集,https://www.piaoniu.com/activity/784397,2026-08-31
古典梦幻传奇越剧,[上海]古典梦幻传奇越剧《蝶海情》,上海,云间剧院,2026.09.30 19:00,,待定,爬虫采集,https://www.piaoniu.com/activity/781184,2026-08-31
国话戏剧数字院线展映季,[合肥]《英雄时代》-2026国话戏剧数字院线展映季,合肥,包河凤凰剧院,2026.09.02 19:30,,预售中,爬虫采集,https://www.piaoniu.com/activity/783614,2026-08-31
包河城市之声-柴可夫斯基的钢琴日记鲁超钢琴独奏,[合肥]包河城市之声-柴可夫斯基的钢琴日记鲁超钢琴独奏音乐会,合肥,包河凤凰剧院,2026.09.12 19:30,,待定,爬虫采集,https://www.piaoniu.com/activity/779485,2026-08-31
国话戏剧数字院线展映季,[合肥]《赵氏孤儿》-2026国话戏剧数字院线展映季,合肥,包河凤凰剧院,2026.09.04 19:30,,待定,爬虫采集,https://www.piaoniu.com/activity/783029,2026-08-31
9月12日上海DTP娃展小尺寸,[上海]9月12日上海DTP娃展小尺寸专场,上海,10:30 光明商业集团7楼大会堂,2026.09.12 周六,,待定,爬虫采集,https://www.piaoniu.com/activity/784350,2026-08-31
国家京剧院大运河·国粹行杭州站,[杭州]国家京剧院大运河·国粹行杭州站《大闹天宫》,杭州,19:30 杭州运河大剧院·歌剧厅,2026.10.31 周六,,待定,爬虫采集,https://www.piaoniu.com/activity/783237,2026-08-31
姚城好戏精品戏剧季 婺剧,[宁波]2026姚城好戏精品戏剧季 婺剧《三打白骨精》,宁波,19:00 余姚大剧院,2026.11.08 周日,,待定,爬虫采集,https://www.piaoniu.com/activity/784545,2026-08-31
致敬阿加莎·外百老汇悬疑名剧,[宁波]致敬阿加莎·外百老汇悬疑名剧《谋杀派对》,宁波,19:30 天然舞台·大剧场,2026.11.07 周六,,待定,爬虫采集,https://www.piaoniu.com/activity/782132,2026-08-31
话剧,[宁波]话剧《呐喊1911》,宁波,19:30 余姚大剧院,2026.10.02 周五,,待定,爬虫采集,https://www.piaoniu.com/activity/783242,2026-08-31
英文原版音乐剧 武汉站,[武汉]英文原版音乐剧《剧院魅影》武汉站,武汉,,2026.08.26-09.05 武汉琴台大剧院,,待定,爬虫采集,https://www.piaoniu.com/activity/773385,2026-08-31
